employee_code,full_name,email,phone_number,phone_number_display,date_of_birth,date_of_birth_display,department_code,job_title_code,manager_employee_code,employment_status,hired_on,hired_on_display,terminated_on,terminated_on_display,notes
vmk0001,Dương Bảo Thư,duongbaothu.0001@vinamilk.test,0321234567,0321 234 567,1965-01-01,01/01/1965,board,chief_executive_officer,,active,2012-01-01,01/01/2012,,,Dữ liệu nhân sự tổng hợp phục vụ kiểm thử tải.
vmk0002,Nguyễn Trọng Mai,nguyentrongmai.0002@vinamilk.test,0331242486,0331 242 486,1986-09-07,07/09/1986,human_resources,department_manager,,active,2013-06-12,12/06/2013,,,Dữ liệu nhân sự tổng hợp phục vụ kiểm thử tải.
vmk0003,Dương Công Thảo,duongcongthao.0003@vinamilk.test,0341250405,0341 250 405,1976-06-20,20/06/1976,finance,department_manager,,active,2014-11-23,23/11/2014,,,Dữ liệu nhân sự tổng hợp phục vụ kiểm thử tải.
vmk0004,Võ Gia Trung,vogiatrung.0004@vinamilk.test,0351258324,0351 258 324,1965-07-03,03/07/1965,procurement,department_manager,,active,2015-04-09,09/04/2015,,,Dữ liệu nhân sự tổng hợp phục vụ kiểm thử tải.
vmk0005,Phạm Bảo Tuấn,phambaotuan.0005@vinamilk.test,0361266243,0361 266 243,1984-04-15,15/04/1984,quality_assurance,department_manager,,active,2016-09-20,20/09/2016,,,Dữ liệu nhân sự tổng hợp phục vụ kiểm thử tải.
vmk0006,Tạ Văn Hạnh,tavanhanh.0006@vinamilk.test,0371274162,0371 274 162,1971-02-09,09/02/1971,research_development,department_manager,,active,2017-02-06,06/02/2017,,,Dữ liệu nhân sự tổng hợp phục vụ kiểm thử tải.
vmk0007,Dương Thị Nam,duongthinam.0007@vinamilk.test,0381282081,0381 282 081,1988-06-17,17/06/1988,supply_chain,department_manager,,active,2018-07-17,17/07/2018,,,Dữ liệu nhân sự tổng hợp phục vụ kiểm thử tải.
vmk0008,Lê Hữu Hoa,lehuuhoa.0008@vinamilk.test,0391290000,0391 290 000,1969-01-29,29/01/1969,warehouse_raw,department_manager,,active,2019-12-03,03/12/2019,,,Dữ liệu nhân sự tổng hợp phục vụ kiểm thử tải.
vmk0009,Võ Thị Thư,vothithu.0009@vinamilk.test,0561297919,0561 297 919,1988-12-26,26/12/1988,warehouse_finished,department_manager,,active,2020-05-14,14/05/2020,,,Dữ liệu nhân sự tổng hợp phục vụ kiểm thử tải.
vmk0010,Đỗ Văn My,dovanmy.0010@vinamilk.test,0581305838,0581 305 838,1966-01-22,22/01/1966,production_fresh_milk,factory_manager,,active,2021-10-25,25/10/2021,,,Dữ liệu nhân sự tổng hợp phục vụ kiểm thử tải.
vmk0011,Huỳnh Quang Thảo,huynhquangthao.0011@vinamilk.test,0701313757,0701 313 757,1985-11-07,07/11/1985,production_yogurt,factory_manager,,active,2022-03-11,11/03/2022,,,Dữ liệu nhân sự tổng hợp phục vụ kiểm thử tải.
vmk0012,Mai Trọng Duy,maitrongduy.0012@vinamilk.test,0761321676,0761 321 676,2000-04-16,16/04/2000,production_powder,factory_manager,,active,2023-08-22,22/08/2023,,,Dữ liệu nhân sự tổng hợp phục vụ kiểm thử tải.
vmk0013,Trịnh Tuấn Duy,trinhtuanduy.0013@vinamilk.test,0771329595,0771 329 595,1979-01-18,18/01/1979,production_beverage,factory_manager,,active,2024-01-08,08/01/2024,,,Dữ liệu nhân sự tổng hợp phục vụ kiểm thử tải.
vmk0014,Hồ Công Hà,hocongha.0014@vinamilk.test,0781337514,0781 337 514,1981-09-03,03/09/1981,maintenance,department_manager,,active,2012-06-19,19/06/2012,,,Dữ liệu nhân sự tổng hợp phục vụ kiểm thử tải.
vmk0015,Đặng Phương Giang,dangphuonggiang.0015@vinamilk.test,0791345433,0791 345 433,1990-12-08,08/12/1990,laboratory,department_manager,,active,2013-11-05,05/11/2013,,,Dữ liệu nhân sự tổng hợp phục vụ kiểm thử tải.
vmk0016,Dương Bảo Minh,duongbaominh.0016@vinamilk.test,0811353352,0811 353 352,1977-04-23,23/04/1977,sales,department_manager,,active,2014-04-16,16/04/2014,,,Dữ liệu nhân sự tổng hợp phục vụ kiểm thử tải.
vmk0017,Hồ Kim Việt,hokimviet.0017@vinamilk.test,0821361271,0821 361 271,1985-03-11,11/03/1985,marketing,department_manager,,active,2015-09-02,02/09/2015,,,Dữ liệu nhân sự tổng hợp phục vụ kiểm thử tải.
vmk0018,Ngô Thanh Khoa,ngothanhkhoa.0018@vinamilk.test,0831369190,0831 369 190,1969-04-06,06/04/1969,information_technology,department_manager,,active,2016-02-13,13/02/2016,,,Dữ liệu nhân sự tổng hợp phục vụ kiểm thử tải.
vmk0019,Bùi Trọng Nhân,buitrongnhan.0019@vinamilk.test,0841377109,0841 377 109,1975-02-07,07/02/1975,safety_environment,department_manager,,active,2017-07-24,24/07/2017,,,Dữ liệu nhân sự tổng hợp phục vụ kiểm thử tải.
vmk0020,Trịnh Thị Minh,trinhthiminh.0020@vinamilk.test,0851385028,0851 385 028,1981-07-29,29/07/1981,planning,department_manager,,active,2018-12-10,10/12/2018,,,Dữ liệu nhân sự tổng hợp phục vụ kiểm thử tải.
vmk0021,Hồ Quang Sơn,hoquangson.0021@vinamilk.test,0861392947,0861 392 947,1998-05-18,18/05/1998,human_resources,production_operator,vmk0002,active,2019-05-21,21/05/2019,,,Dữ liệu nhân sự tổng hợp phục vụ kiểm thử tải.
vmk0022,Ngô Hữu Ngọc,ngohuungoc.0022@vinamilk.test,0881400866,0881 400 866,1967-02-11,11/02/1967,warehouse_finished,warehouse_supervisor,vmk0009,active,2020-10-07,07/10/2020,,,Dữ liệu nhân sự tổng hợp phục vụ kiểm thử tải.
vmk0023,Đỗ Mạnh Duy,domanhduy.0023@vinamilk.test,0891408785,0891 408 785,1983-06-22,22/06/1983,sales,supply_chain_specialist,vmk0016,active,2021-03-18,18/03/2021,,,Dữ liệu nhân sự tổng hợp phục vụ kiểm thử tải.
vmk0024,Huỳnh Hoài Thành,huynhhoaithanh.0024@vinamilk.test,0901416704,0901 416 704,1988-07-24,24/07/1988,finance,software_engineer,vmk0003,active,2022-08-04,04/08/2022,,,Dữ liệu nhân sự tổng hợp phục vụ kiểm thử tải.
vmk0025,Huỳnh Xuân Thành,huynhxuanthanh.0025@vinamilk.test,0911424623,0911 424 623,2004-11-08,08/11/2004,production_fresh_milk,production_operator,vmk0010,active,2023-01-15,15/01/2023,,,Dữ liệu nhân sự tổng hợp phục vụ kiểm thử tải.
vmk0026,Phạm Thùy Nga,phamthuynga.0026@vinamilk.test,0931432542,0931 432 542,1968-08-17,17/08/1968,marketing,marketing_specialist,vmk0017,active,2024-06-01,01/06/2024,,,Dữ liệu nhân sự tổng hợp phục vụ kiểm thử tải.
vmk0027,Đặng Kim Yến,dangkimyen.0027@vinamilk.test,0941440461,0941 440 461,1991-02-24,24/02/1991,quality_assurance,food_engineer,vmk0005,active,2012-11-12,12/11/2012,,,Dữ liệu nhân sự tổng hợp phục vụ kiểm thử tải.
vmk0028,Huỳnh Đình Thủy,huynhdinhthuy.0028@vinamilk.test,0961448380,0961 448 380,1974-07-16,16/07/1974,production_powder,packaging_operator,vmk0012,active,2013-04-23,23/04/2013,,,Dữ liệu nhân sự tổng hợp phục vụ kiểm thử tải.
vmk0029,Đỗ Hồng Hải,dohonghai.0029@vinamilk.test,0971456299,0971 456 299,1969-12-13,13/12/1969,safety_environment,production_planner,vmk0019,active,2014-09-09,09/09/2014,,,Dữ liệu nhân sự tổng hợp phục vụ kiểm thử tải.
vmk0030,Ngô Trọng Quyên,ngotrongquyen.0030@vinamilk.test,0981464218,0981 464 218,1983-02-06,06/02/1983,research_development,sales_specialist,vmk0006,active,2015-02-20,20/02/2015,,,Dữ liệu nhân sự tổng hợp phục vụ kiểm thử tải.
vmk0031,Đặng Công Nhân,dangcongnhan.0031@vinamilk.test,0991472137,0991 472 137,1978-09-20,20/09/1978,production_beverage,food_engineer,vmk0013,active,2016-07-06,06/07/2016,,,Dữ liệu nhân sự tổng hợp phục vụ kiểm thử tải.
vmk0032,Đinh Xuân Thu,dinhxuanthu.0032@vinamilk.test,0321480056,0321 480 056,1972-11-18,18/11/1972,planning,administrative_staff,vmk0020,active,2017-12-17,17/12/2017,,,Dữ liệu nhân sự tổng hợp phục vụ kiểm thử tải.
vmk0033,Võ Diệu Tuấn,vodieutuan.0033@vinamilk.test,0331487975,0331 487 975,1987-05-21,21/05/1987,supply_chain,packaging_operator,vmk0007,active,2018-05-03,03/05/2018,,,Dữ liệu nhân sự tổng hợp phục vụ kiểm thử tải.
vmk0034,Ngô Công Thư,ngocongthu.0034@vinamilk.test,0341495894,0341 495 894,1981-07-19,19/07/1981,maintenance,maintenance_technician,vmk0014,active,2019-10-14,14/10/2019,,,Dữ liệu nhân sự tổng hợp phục vụ kiểm thử tải.
vmk0035,Đặng Minh Quyên,dangminhquyen.0035@vinamilk.test,0351503813,0351 503 813,1994-10-20,20/10/1994,board,supply_chain_specialist,vmk0001,active,2020-03-25,25/03/2020,,,Dữ liệu nhân sự tổng hợp phục vụ kiểm thử tải.
vmk0036,Đỗ Phương Thịnh,dophuongthinh.0036@vinamilk.test,0361511732,0361 511 732,1990-04-07,07/04/1990,warehouse_raw,warehouse_keeper,vmk0008,active,2021-08-11,11/08/2021,,,Dữ liệu nhân sự tổng hợp phục vụ kiểm thử tải.
vmk0037,Đinh Hồng Phúc,dinhhongphuc.0037@vinamilk.test,0371519651,0371 519 651,2003-06-01,01/06/2003,laboratory,food_engineer,vmk0015,active,2022-01-22,22/01/2022,,,Dữ liệu nhân sự tổng hợp phục vụ kiểm thử tải.
vmk0038,Võ Đình Hạnh,vodinhhanh.0038@vinamilk.test,0381527570,0381 527 570,1998-12-06,06/12/1998,human_resources,warehouse_keeper,vmk0002,active,2023-06-08,08/06/2023,,,Dữ liệu nhân sự tổng hợp phục vụ kiểm thử tải.
vmk0039,Lê Thùy Tiến,lethuytien.0039@vinamilk.test,0391535489,0391 535 489,1993-02-03,03/02/1993,warehouse_finished,warehouse_keeper,vmk0009,active,2024-11-19,19/11/2024,,,Dữ liệu nhân sự tổng hợp phục vụ kiểm thử tải.
vmk0040,Trịnh Gia Nhân,trinhgianhan.0040@vinamilk.test,0561543408,0561 543 408,1991-04-20,20/04/1991,marketing,laboratory_technician,vmk0017,active,2012-04-05,05/04/2012,,,Dữ liệu nhân sự tổng hợp phục vụ kiểm thử tải.
vmk0041,Bùi Phương Phương,buiphuongphuong.0041@vinamilk.test,0581551327,0581 551 327,1972-06-05,05/06/1972,procurement,human_resources_specialist,vmk0004,active,2013-09-16,16/09/2013,,,Dữ liệu nhân sự tổng hợp phục vụ kiểm thử tải.
vmk0042,Trần Văn Hiền,tranvanhien.0042@vinamilk.test,0701559246,0701 559 246,1983-06-15,15/06/1983,production_yogurt,production_supervisor,vmk0011,active,2014-02-02,02/02/2014,,,Dữ liệu nhân sự tổng hợp phục vụ kiểm thử tải.
vmk0043,Đinh Phương Thư,dinhphuongthu.0043@vinamilk.test,0761567165,0761 567 165,1997-04-07,07/04/1997,information_technology,system_administrator,vmk0018,active,2015-07-13,13/07/2015,,,Dữ liệu nhân sự tổng hợp phục vụ kiểm thử tải.
vmk0044,Đinh Quang Hải,dinhquanghai.0044@vinamilk.test,0771575084,0771 575 084,1979-11-04,04/11/1979,quality_assurance,laboratory_technician,vmk0005,active,2016-12-24,24/12/2016,,,Dữ liệu nhân sự tổng hợp phục vụ kiểm thử tải.
vmk0045,Phạm Diệu Nga,phamdieunga.0045@vinamilk.test,0781583003,0781 583 003,1991-05-25,25/05/1991,production_powder,production_supervisor,vmk0012,active,2017-05-10,10/05/2017,,,Dữ liệu nhân sự tổng hợp phục vụ kiểm thử tải.
vmk0046,Mai Văn Linh,maivanlinh.0046@vinamilk.test,0791590922,0791 590 922,1973-11-24,24/11/1973,safety_environment,procurement_specialist,vmk0019,active,2018-10-21,21/10/2018,,,Dữ liệu nhân sự tổng hợp phục vụ kiểm thử tải.
vmk0047,Bùi Xuân Hà,buixuanha.0047@vinamilk.test,0811598841,0811 598 841,1985-06-14,14/06/1985,research_development,sales_specialist,vmk0006,active,2019-03-07,07/03/2019,,,Dữ liệu nhân sự tổng hợp phục vụ kiểm thử tải.
vmk0048,Ngô Văn Tú,ngovantu.0048@vinamilk.test,0821606760,0821 606 760,1968-01-11,11/01/1968,production_beverage,production_supervisor,vmk0013,active,2020-08-18,18/08/2020,,,Dữ liệu nhân sự tổng hợp phục vụ kiểm thử tải.
vmk0049,Phan Khánh Uyên,phankhanhuyen.0049@vinamilk.test,0831614679,0831 614 679,1979-06-08,08/06/1979,planning,production_planner,vmk0020,active,2021-01-04,04/01/2021,,,Dữ liệu nhân sự tổng hợp phục vụ kiểm thử tải.
vmk0050,Dương Đình Linh,duongdinhlinh.0050@vinamilk.test,0841622598,0841 622 598,2001-07-16,16/07/2001,supply_chain,sales_specialist,vmk0007,active,2022-06-15,15/06/2022,,,Dữ liệu nhân sự tổng hợp phục vụ kiểm thử tải.
vmk0051,Đỗ Phương Dũng,dophuongdung.0051@vinamilk.test,0851630517,0851 630 517,1987-05-06,06/05/1987,maintenance,maintenance_technician,vmk0014,active,2023-11-01,01/11/2023,,,Dữ liệu nhân sự tổng hợp phục vụ kiểm thử tải.
vmk0052,Tạ Phương Linh,taphuonglinh.0052@vinamilk.test,0861638436,0861 638 436,1997-06-29,29/06/1997,board,food_engineer,vmk0001,active,2024-04-12,12/04/2024,,,Dữ liệu nhân sự tổng hợp phục vụ kiểm thử tải.
vmk0053,Lý Phương My,lyphuongmy.0053@vinamilk.test,0881646355,0881 646 355,1992-06-30,30/06/1992,warehouse_finished,warehouse_keeper,vmk0009,active,2012-09-23,23/09/2012,,,Dữ liệu nhân sự tổng hợp phục vụ kiểm thử tải.
vmk0054,Bùi Bảo Quang,buibaoquang.0054@vinamilk.test,0891654274,0891 654 274,1969-12-27,27/12/1969,sales,system_administrator,vmk0016,active,2013-02-09,09/02/2013,,,Dữ liệu nhân sự tổng hợp phục vụ kiểm thử tải.
vmk0055,Hoàng Ngọc Thảo,hoangngocthao.0055@vinamilk.test,0901662193,0901 662 193,1968-05-23,23/05/1968,finance,forklift_operator,vmk0003,active,2014-07-20,20/07/2014,,,Dữ liệu nhân sự tổng hợp phục vụ kiểm thử tải.
vmk0056,Nguyễn Tuấn Phúc,nguyentuanphuc.0056@vinamilk.test,0911670112,0911 670 112,1971-12-13,13/12/1971,production_fresh_milk,production_operator,vmk0010,active,2015-12-06,06/12/2015,,,Dữ liệu nhân sự tổng hợp phục vụ kiểm thử tải.
vmk0057,Mai Thùy Ngọc,maithuyngoc.0057@vinamilk.test,0931678031,0931 678 031,1977-08-30,30/08/1977,marketing,maintenance_engineer,vmk0017,active,2016-05-17,17/05/2016,,,Dữ liệu nhân sự tổng hợp phục vụ kiểm thử tải.
vmk0058,Trần Tuấn Hoàng,trantuanhoang.0058@vinamilk.test,0941685950,0941 685 950,1984-06-03,03/06/1984,procurement,warehouse_supervisor,vmk0004,active,2017-10-03,03/10/2017,,,Dữ liệu nhân sự tổng hợp phục vụ kiểm thử tải.
vmk0059,Trần Thị Minh,tranthiminh.0059@vinamilk.test,0961693869,0961 693 869,1990-06-26,26/06/1990,production_yogurt,packaging_operator,vmk0011,active,2018-03-14,14/03/2018,,,Dữ liệu nhân sự tổng hợp phục vụ kiểm thử tải.
vmk0060,Vũ Diệu Long,vudieulong.0060@vinamilk.test,0971701788,0971 701 788,1998-02-14,14/02/1998,information_technology,software_engineer,vmk0018,active,2019-08-25,25/08/2019,,,Dữ liệu nhân sự tổng hợp phục vụ kiểm thử tải.
vmk0061,Nguyễn Khánh Nga,nguyenkhanhnga.0061@vinamilk.test,0981709707,0981 709 707,1969-11-01,01/11/1969,quality_assurance,laboratory_technician,vmk0005,active,2020-01-11,11/01/2020,,,Dữ liệu nhân sự tổng hợp phục vụ kiểm thử tải.
vmk0062,Mai Khánh Đức,maikhanhduc.0062@vinamilk.test,0991717626,0991 717 626,1979-06-28,28/06/1979,production_powder,production_operator,vmk0012,active,2021-06-22,22/06/2021,,,Dữ liệu nhân sự tổng hợp phục vụ kiểm thử tải.
vmk0063,Vũ Minh Đạt,vuminhdat.0063@vinamilk.test,0321725545,0321 725 545,1994-01-06,06/01/1994,safety_environment,supply_chain_specialist,vmk0019,active,2022-11-08,08/11/2022,,,Dữ liệu nhân sự tổng hợp phục vụ kiểm thử tải.
vmk0064,Bùi Xuân Nhi,buixuannhi.0064@vinamilk.test,0331733464,0331 733 464,2001-01-22,22/01/2001,research_development,software_engineer,vmk0006,active,2023-04-19,19/04/2023,,,Dữ liệu nhân sự tổng hợp phục vụ kiểm thử tải.
vmk0065,Huỳnh Tuấn Tâm,huynhtuantam.0065@vinamilk.test,0341741383,0341 741 383,1977-03-16,16/03/1977,production_beverage,production_supervisor,vmk0013,active,2024-09-05,05/09/2024,,,Dữ liệu nhân sự tổng hợp phục vụ kiểm thử tải.
vmk0066,Võ Công Huyền,voconghuyen.0066@vinamilk.test,0351749302,0351 749 302,1976-02-16,16/02/1976,board,maintenance_engineer,vmk0001,active,2012-02-16,16/02/2012,,,Dữ liệu nhân sự tổng hợp phục vụ kiểm thử tải.
vmk0067,Tạ Nhật Hạnh,tanhathanh.0067@vinamilk.test,0361757221,0361 757 221,1992-12-19,19/12/1992,warehouse_raw,warehouse_keeper,vmk0008,active,2013-07-02,02/07/2013,,,Dữ liệu nhân sự tổng hợp phục vụ kiểm thử tải.
vmk0068,Ngô Quang Vinh,ngoquangvinh.0068@vinamilk.test,0371765140,0371 765 140,1979-11-07,07/11/1979,laboratory,laboratory_technician,vmk0015,active,2014-12-13,13/12/2014,,,Dữ liệu nhân sự tổng hợp phục vụ kiểm thử tải.
vmk0069,Trần Minh Dũng,tranminhdung.0069@vinamilk.test,0381773059,0381 773 059,1981-07-28,28/07/1981,human_resources,packaging_operator,vmk0002,active,2015-05-24,24/05/2015,,,Dữ liệu nhân sự tổng hợp phục vụ kiểm thử tải.
vmk0070,Đặng Thùy Dũng,dangthuydung.0070@vinamilk.test,0391780978,0391 780 978,1974-12-07,07/12/1974,warehouse_finished,warehouse_supervisor,vmk0009,active,2016-10-10,10/10/2016,,,Dữ liệu nhân sự tổng hợp phục vụ kiểm thử tải.
vmk0071,Đỗ Tuấn Nhi,dotuannhi.0071@vinamilk.test,0561788897,0561 788 897,1977-02-05,05/02/1977,sales,production_operator,vmk0016,active,2017-03-21,21/03/2017,,,Dữ liệu nhân sự tổng hợp phục vụ kiểm thử tải.
vmk0072,Hồ Hồng Sơn,hohongson.0072@vinamilk.test,0581796816,0581 796 816,1973-07-18,18/07/1973,finance,food_engineer,vmk0003,active,2018-08-07,07/08/2018,,,Dữ liệu nhân sự tổng hợp phục vụ kiểm thử tải.
vmk0073,Phan Anh Sơn,phananhson.0073@vinamilk.test,0701804735,0701 804 735,1975-12-02,02/12/1975,production_fresh_milk,production_operator,vmk0010,active,2019-01-18,18/01/2019,,,Dữ liệu nhân sự tổng hợp phục vụ kiểm thử tải.
vmk0074,Lý Gia Nam,lygianam.0074@vinamilk.test,0761812654,0761 812 654,1975-12-04,04/12/1975,marketing,quality_engineer,vmk0017,active,2020-06-04,04/06/2020,,,Dữ liệu nhân sự tổng hợp phục vụ kiểm thử tải.
vmk0075,Lê Tuấn Quyên,letuanquyen.0075@vinamilk.test,0771820573,0771 820 573,1975-08-25,25/08/1975,procurement,maintenance_technician,vmk0004,active,2021-11-15,15/11/2021,,,Dữ liệu nhân sự tổng hợp phục vụ kiểm thử tải.
vmk0076,Ngô Hữu Quang,ngohuuquang.0076@vinamilk.test,0781828492,0781 828 492,1981-11-02,02/11/1981,production_yogurt,food_engineer,vmk0011,active,2022-04-01,01/04/2022,,,Dữ liệu nhân sự tổng hợp phục vụ kiểm thử tải.
vmk0077,Lê Khánh Quân,lekhanhquan.0077@vinamilk.test,0791836411,0791 836 411,1984-11-01,01/11/1984,information_technology,system_administrator,vmk0018,active,2023-09-12,12/09/2023,,,Dữ liệu nhân sự tổng hợp phục vụ kiểm thử tải.
vmk0078,Trần Thanh Hạnh,tranthanhhanh.0078@vinamilk.test,0811844330,0811 844 330,1988-07-22,22/07/1988,quality_assurance,food_engineer,vmk0005,active,2024-02-23,23/02/2024,,,Dữ liệu nhân sự tổng hợp phục vụ kiểm thử tải.
vmk0079,Trịnh Hữu Sơn,trinhhuuson.0079@vinamilk.test,0821852249,0821 852 249,1973-07-06,06/07/1973,production_beverage,packaging_operator,vmk0013,active,2012-07-09,09/07/2012,,,Dữ liệu nhân sự tổng hợp phục vụ kiểm thử tải.
vmk0080,Hồ Phương Thịnh,hophuongthinh.0080@vinamilk.test,0831860168,0831 860 168,1974-07-29,29/07/1974,planning,food_engineer,vmk0020,active,2013-12-20,20/12/2013,,,Dữ liệu nhân sự tổng hợp phục vụ kiểm thử tải.
vmk0081,Ngô Phương Phúc,ngophuongphuc.0081@vinamilk.test,0841868087,0841 868 087,1975-06-23,23/06/1975,supply_chain,packaging_operator,vmk0007,active,2014-05-06,06/05/2014,,,Dữ liệu nhân sự tổng hợp phục vụ kiểm thử tải.
vmk0082,Hoàng Mạnh Thủy,hoangmanhthuy.0082@vinamilk.test,0851876006,0851 876 006,1983-02-01,01/02/1983,maintenance,maintenance_technician,vmk0014,active,2015-10-17,17/10/2015,,,Dữ liệu nhân sự tổng hợp phục vụ kiểm thử tải.
vmk0083,Phan Ngọc Duy,phanngocduy.0083@vinamilk.test,0861883925,0861 883 925,1984-11-20,20/11/1984,board,warehouse_keeper,vmk0001,active,2016-03-03,03/03/2016,,,Dữ liệu nhân sự tổng hợp phục vụ kiểm thử tải.
vmk0084,Hồ Mạnh Huyền,homanhhuyen.0084@vinamilk.test,0881891844,0881 891 844,1999-01-16,16/01/1999,warehouse_raw,warehouse_supervisor,vmk0008,active,2017-08-14,14/08/2017,,,Dữ liệu nhân sự tổng hợp phục vụ kiểm thử tải.
vmk0085,Bùi Thùy Sơn,buithuyson.0085@vinamilk.test,0891899763,0891 899 763,1997-10-28,28/10/1997,laboratory,food_engineer,vmk0015,active,2018-01-25,25/01/2018,,,Dữ liệu nhân sự tổng hợp phục vụ kiểm thử tải.
vmk0086,Lê Hồng Minh,lehongminh.0086@vinamilk.test,0901907682,0901 907 682,1985-09-18,18/09/1985,human_resources,laboratory_technician,vmk0002,active,2019-06-11,11/06/2019,,,Dữ liệu nhân sự tổng hợp phục vụ kiểm thử tải.
vmk0087,Nguyễn Hữu Quang,nguyenhuuquang.0087@vinamilk.test,0911915601,0911 915 601,1972-11-14,14/11/1972,warehouse_finished,forklift_operator,vmk0009,active,2020-11-22,22/11/2020,,,Dữ liệu nhân sự tổng hợp phục vụ kiểm thử tải.
vmk0088,Hồ Thanh Linh,hothanhlinh.0088@vinamilk.test,0931923520,0931 923 520,1976-03-04,04/03/1976,sales,payroll_specialist,vmk0016,active,2021-04-08,08/04/2021,,,Dữ liệu nhân sự tổng hợp phục vụ kiểm thử tải.
vmk0089,Lê Thị Nam,lethinam.0089@vinamilk.test,0941931439,0941 931 439,1966-06-21,21/06/1966,finance,quality_engineer,vmk0003,active,2022-09-19,19/09/2022,,,Dữ liệu nhân sự tổng hợp phục vụ kiểm thử tải.
vmk0090,Trần Tuấn Hải,trantuanhai.0090@vinamilk.test,0961939358,0961 939 358,1969-11-19,19/11/1969,production_fresh_milk,packaging_operator,vmk0010,active,2023-02-05,05/02/2023,,,Dữ liệu nhân sự tổng hợp phục vụ kiểm thử tải.
vmk0091,Vũ Bảo Chi,vubaochi.0091@vinamilk.test,0971947277,0971 947 277,2005-07-08,08/07/2005,marketing,system_administrator,vmk0017,active,2024-07-16,16/07/2024,,,Dữ liệu nhân sự tổng hợp phục vụ kiểm thử tải.
vmk0092,Trịnh Thùy Hiếu,trinhthuyhieu.0092@vinamilk.test,0981955196,0981 955 196,1993-03-24,24/03/1993,quality_assurance,food_engineer,vmk0005,active,2012-12-02,02/12/2012,,,Dữ liệu nhân sự tổng hợp phục vụ kiểm thử tải.
vmk0093,Hoàng Đình Hùng,hoangdinhhung.0093@vinamilk.test,0991963115,0991 963 115,1986-01-29,29/01/1986,production_powder,production_operator,vmk0012,active,2013-05-13,13/05/2013,,,Dữ liệu nhân sự tổng hợp phục vụ kiểm thử tải.
vmk0094,Dương Anh Tú,duonganhtu.0094@vinamilk.test,0321971034,0321 971 034,1977-01-25,25/01/1977,safety_environment,quality_manager,vmk0019,active,2014-10-24,24/10/2014,,,Dữ liệu nhân sự tổng hợp phục vụ kiểm thử tải.
vmk0095,Lê Phương Hiếu,lephuonghieu.0095@vinamilk.test,0331978953,0331 978 953,1975-02-13,13/02/1975,research_development,marketing_specialist,vmk0006,active,2015-03-10,10/03/2015,,,Dữ liệu nhân sự tổng hợp phục vụ kiểm thử tải.
vmk0096,Dương Xuân Tiến,duongxuantien.0096@vinamilk.test,0341986872,0341 986 872,1972-10-30,30/10/1972,production_beverage,packaging_operator,vmk0013,active,2016-08-21,21/08/2016,,,Dữ liệu nhân sự tổng hợp phục vụ kiểm thử tải.
vmk0097,Phạm Anh Vinh,phamanhvinh.0097@vinamilk.test,0351994791,0351 994 791,1971-04-19,19/04/1971,planning,software_engineer,vmk0020,active,2017-01-07,07/01/2017,,,Dữ liệu nhân sự tổng hợp phục vụ kiểm thử tải.
vmk0098,Bùi Kim Hiếu,buikimhieu.0098@vinamilk.test,0362002710,0362 002 710,1975-09-22,22/09/1975,supply_chain,system_administrator,vmk0007,active,2018-06-18,18/06/2018,,,Dữ liệu nhân sự tổng hợp phục vụ kiểm thử tải.
vmk0099,Dương Khánh Giang,duongkhanhgiang.0099@vinamilk.test,0372010629,0372 010 629,1989-09-05,05/09/1989,maintenance,maintenance_engineer,vmk0014,active,2019-11-04,04/11/2019,,,Dữ liệu nhân sự tổng hợp phục vụ kiểm thử tải.
vmk0100,Phạm Anh Nhân,phamanhnhan.0100@vinamilk.test,0382018548,0382 018 548,1986-01-29,29/01/1986,board,financial_analyst,vmk0001,active,2020-04-15,15/04/2020,,,Dữ liệu nhân sự tổng hợp phục vụ kiểm thử tải.
vmk0101,Mai Phương Dũng,maiphuongdung.0101@vinamilk.test,0392026467,0392 026 467,1967-10-10,10/10/1967,warehouse_raw,warehouse_supervisor,vmk0008,active,2021-09-01,01/09/2021,,,Dữ liệu nhân sự tổng hợp phục vụ kiểm thử tải.
vmk0102,Mai Bảo Thư,maibaothu.0102@vinamilk.test,0562034386,0562 034 386,2003-06-05,05/06/2003,laboratory,food_engineer,vmk0015,active,2022-02-12,12/02/2022,,,Dữ liệu nhân sự tổng hợp phục vụ kiểm thử tải.
vmk0103,Tạ Hoài Lâm,tahoailam.0103@vinamilk.test,0582042305,0582 042 305,1986-04-23,23/04/1986,human_resources,laboratory_technician,vmk0002,active,2023-07-23,23/07/2023,,,Dữ liệu nhân sự tổng hợp phục vụ kiểm thử tải.
vmk0104,Nguyễn Thanh Thảo,nguyenthanhthao.0104@vinamilk.test,0702050224,0702 050 224,1975-06-01,01/06/1975,warehouse_finished,warehouse_supervisor,vmk0009,active,2024-12-09,09/12/2024,,,Dữ liệu nhân sự tổng hợp phục vụ kiểm thử tải.
vmk0105,Trần Quang Hùng,tranquanghung.0105@vinamilk.test,0762058143,0762 058 143,1986-10-02,02/10/1986,marketing,quality_engineer,vmk0017,active,2012-05-20,20/05/2012,,,Dữ liệu nhân sự tổng hợp phục vụ kiểm thử tải.
vmk0106,Vũ Nhật Đức,vunhatduc.0106@vinamilk.test,0772066062,0772 066 062,1965-02-01,01/02/1965,procurement,production_supervisor,vmk0004,active,2013-10-06,06/10/2013,,,Dữ liệu nhân sự tổng hợp phục vụ kiểm thử tải.
vmk0107,Võ Quang Bình,voquangbinh.0107@vinamilk.test,0782073981,0782 073 981,1984-12-14,14/12/1984,production_yogurt,production_supervisor,vmk0011,active,2014-03-17,17/03/2014,,,Dữ liệu nhân sự tổng hợp phục vụ kiểm thử tải.
vmk0108,Võ Xuân My,voxuanmy.0108@vinamilk.test,0792081900,0792 081 900,1971-01-30,30/01/1971,information_technology,software_engineer,vmk0018,active,2015-08-03,03/08/2015,,,Dữ liệu nhân sự tổng hợp phục vụ kiểm thử tải.
vmk0109,Võ Thị Phúc,vothiphuc.0109@vinamilk.test,0812089819,0812 089 819,1993-12-02,02/12/1993,quality_assurance,quality_engineer,vmk0005,active,2016-01-14,14/01/2016,,,Dữ liệu nhân sự tổng hợp phục vụ kiểm thử tải.
vmk0110,Đỗ Công Hải,doconghai.0110@vinamilk.test,0822097738,0822 097 738,1983-07-25,25/07/1983,production_powder,food_engineer,vmk0012,active,2017-06-25,25/06/2017,,,Dữ liệu nhân sự tổng hợp phục vụ kiểm thử tải.
vmk0111,Trịnh Minh Hà,trinhminhha.0111@vinamilk.test,0832105657,0832 105 657,1982-12-14,14/12/1982,safety_environment,packaging_operator,vmk0019,active,2018-11-11,11/11/2018,,,Dữ liệu nhân sự tổng hợp phục vụ kiểm thử tải.
vmk0112,Trịnh Gia Hiếu,trinhgiahieu.0112@vinamilk.test,0842113576,0842 113 576,1975-05-12,12/05/1975,research_development,marketing_specialist,vmk0006,active,2019-04-22,22/04/2019,,,Dữ liệu nhân sự tổng hợp phục vụ kiểm thử tải.
vmk0113,Đặng Thùy Minh,dangthuyminh.0113@vinamilk.test,0852121495,0852 121 495,1981-05-05,05/05/1981,production_beverage,food_engineer,vmk0013,active,2020-09-08,08/09/2020,,,Dữ liệu nhân sự tổng hợp phục vụ kiểm thử tải.
vmk0114,Đặng Khánh Thịnh,dangkhanhthinh.0114@vinamilk.test,0862129414,0862 129 414,1974-04-15,15/04/1974,planning,software_engineer,vmk0020,active,2021-02-19,19/02/2021,,,Dữ liệu nhân sự tổng hợp phục vụ kiểm thử tải.
vmk0115,Hoàng Hoài Thảo,hoanghoaithao.0115@vinamilk.test,0882137333,0882 137 333,1987-01-10,10/01/1987,supply_chain,payroll_specialist,vmk0007,active,2022-07-05,05/07/2022,,,Dữ liệu nhân sự tổng hợp phục vụ kiểm thử tải.
vmk0116,Đặng Phương Vinh,dangphuongvinh.0116@vinamilk.test,0892145252,0892 145 252,2000-10-29,29/10/2000,maintenance,maintenance_technician,vmk0014,active,2023-12-16,16/12/2023,,,Dữ liệu nhân sự tổng hợp phục vụ kiểm thử tải.
vmk0117,Võ Xuân Chi,voxuanchi.0117@vinamilk.test,0902153171,0902 153 171,2000-01-02,02/01/2000,board,software_engineer,vmk0001,active,2024-05-02,02/05/2024,,,Dữ liệu nhân sự tổng hợp phục vụ kiểm thử tải.
vmk0118,Phạm Hoài Châu,phamhoaichau.0118@vinamilk.test,0912161090,0912 161 090,1970-03-09,09/03/1970,warehouse_finished,warehouse_supervisor,vmk0009,active,2012-10-13,13/10/2012,,,Dữ liệu nhân sự tổng hợp phục vụ kiểm thử tải.
vmk0119,Dương Quang Thu,duongquangthu.0119@vinamilk.test,0932169009,0932 169 009,1984-05-23,23/05/1984,sales,laboratory_technician,vmk0016,active,2013-03-24,24/03/2013,,,Dữ liệu nhân sự tổng hợp phục vụ kiểm thử tải.
vmk0120,Lý Diệu Việt,lydieuviet.0120@vinamilk.test,0942176928,0942 176 928,1984-10-04,04/10/1984,finance,quality_engineer,vmk0003,active,2014-08-10,10/08/2014,,,Dữ liệu nhân sự tổng hợp phục vụ kiểm thử tải.
vmk0121,Ngô Nhật Thu,ngonhatthu.0121@vinamilk.test,0962184847,0962 184 847,1970-01-26,26/01/1970,production_fresh_milk,production_operator,vmk0010,active,2015-01-21,21/01/2015,,,Dữ liệu nhân sự tổng hợp phục vụ kiểm thử tải.
vmk0122,Bùi Thị Nga,buithinga.0122@vinamilk.test,0972192766,0972 192 766,1980-09-20,20/09/1980,marketing,supply_chain_specialist,vmk0017,active,2016-06-07,07/06/2016,,,Dữ liệu nhân sự tổng hợp phục vụ kiểm thử tải.
vmk0123,Bùi Gia Trung,buigiatrung.0123@vinamilk.test,0982200685,0982 200 685,1994-01-27,27/01/1994,procurement,warehouse_supervisor,vmk0004,active,2017-11-18,18/11/2017,,,Dữ liệu nhân sự tổng hợp phục vụ kiểm thử tải.
vmk0124,Đặng Văn Lâm,dangvanlam.0124@vinamilk.test,0992208604,0992 208 604,1987-06-02,02/06/1987,production_yogurt,production_supervisor,vmk0011,active,2018-04-04,04/04/2018,,,Dữ liệu nhân sự tổng hợp phục vụ kiểm thử tải.
vmk0125,Phạm Công Uyên,phamconguyen.0125@vinamilk.test,0322216523,0322 216 523,1973-11-20,20/11/1973,information_technology,system_administrator,vmk0018,active,2019-09-15,15/09/2019,,,Dữ liệu nhân sự tổng hợp phục vụ kiểm thử tải.
vmk0126,Phan Minh Bình,phanminhbinh.0126@vinamilk.test,0332224442,0332 224 442,1967-10-15,15/10/1967,quality_assurance,quality_engineer,vmk0005,active,2020-02-01,01/02/2020,,,Dữ liệu nhân sự tổng hợp phục vụ kiểm thử tải.
vmk0127,Lê Minh Phong,leminhphong.0127@vinamilk.test,0342232361,0342 232 361,1999-12-03,03/12/1999,production_powder,food_engineer,vmk0012,active,2021-07-12,12/07/2021,,,Dữ liệu nhân sự tổng hợp phục vụ kiểm thử tải.
vmk0128,Lý Hữu Mai,lyhuumai.0128@vinamilk.test,0352240280,0352 240 280,1999-12-26,26/12/1999,safety_environment,marketing_specialist,vmk0019,active,2022-12-23,23/12/2022,,,Dữ liệu nhân sự tổng hợp phục vụ kiểm thử tải.
vmk0129,Phạm Công Vinh,phamcongvinh.0129@vinamilk.test,0362248199,0362 248 199,1996-02-28,28/02/1996,research_development,quality_manager,vmk0006,active,2023-05-09,09/05/2023,,,Dữ liệu nhân sự tổng hợp phục vụ kiểm thử tải.
vmk0130,Ngô Tuấn Huy,ngotuanhuy.0130@vinamilk.test,0372256118,0372 256 118,2002-12-16,16/12/2002,production_beverage,food_engineer,vmk0013,active,2024-10-20,20/10/2024,,,Dữ liệu nhân sự tổng hợp phục vụ kiểm thử tải.
vmk0131,Nguyễn Khánh Trang,nguyenkhanhtrang.0131@vinamilk.test,0382264037,0382 264 037,1982-07-09,09/07/1982,board,sales_specialist,vmk0001,active,2012-03-06,06/03/2012,,,Dữ liệu nhân sự tổng hợp phục vụ kiểm thử tải.
vmk0132,Lê Kim Phương,lekimphuong.0132@vinamilk.test,0392271956,0392 271 956,1987-08-31,31/08/1987,warehouse_raw,warehouse_keeper,vmk0008,active,2013-08-17,17/08/2013,,,Dữ liệu nhân sự tổng hợp phục vụ kiểm thử tải.
vmk0133,Đỗ Trọng Thủy,dotrongthuy.0133@vinamilk.test,0562279875,0562 279 875,1974-05-02,02/05/1974,laboratory,laboratory_technician,vmk0015,active,2014-01-03,03/01/2014,,,Dữ liệu nhân sự tổng hợp phục vụ kiểm thử tải.
vmk0134,Bùi Anh Chi,buianhchi.0134@vinamilk.test,0582287794,0582 287 794,1992-10-29,29/10/1992,human_resources,packaging_operator,vmk0002,active,2015-06-14,14/06/2015,,,Dữ liệu nhân sự tổng hợp phục vụ kiểm thử tải.
vmk0135,Hoàng Gia Nhi,hoanggianhi.0135@vinamilk.test,0702295713,0702 295 713,1988-10-03,03/10/1988,warehouse_finished,warehouse_keeper,vmk0009,active,2016-11-25,25/11/2016,,,Dữ liệu nhân sự tổng hợp phục vụ kiểm thử tải.
vmk0136,Tạ Thị Sơn,tathison.0136@vinamilk.test,0762303632,0762 303 632,1978-07-22,22/07/1978,sales,human_resources_specialist,vmk0016,active,2017-04-11,11/04/2017,,,Dữ liệu nhân sự tổng hợp phục vụ kiểm thử tải.
vmk0137,Huỳnh Thùy Quang,huynhthuyquang.0137@vinamilk.test,0772311551,0772 311 551,1984-01-28,28/01/1984,finance,production_planner,vmk0003,active,2018-09-22,22/09/2018,,,Dữ liệu nhân sự tổng hợp phục vụ kiểm thử tải.
vmk0138,Trịnh Đức Khánh,trinhduckhanh.0138@vinamilk.test,0782319470,0782 319 470,1974-07-20,20/07/1974,production_fresh_milk,packaging_operator,vmk0010,active,2019-02-08,08/02/2019,,,Dữ liệu nhân sự tổng hợp phục vụ kiểm thử tải.
vmk0139,Mai Thùy Thủy,maithuythuy.0139@vinamilk.test,0792327389,0792 327 389,1990-10-13,13/10/1990,marketing,quality_engineer,vmk0017,active,2020-07-19,19/07/2020,,,Dữ liệu nhân sự tổng hợp phục vụ kiểm thử tải.
vmk0140,Hoàng Gia Sơn,hoanggiason.0140@vinamilk.test,0812335308,0812 335 308,1981-04-22,22/04/1981,procurement,production_supervisor,vmk0004,active,2021-12-05,05/12/2021,,,Dữ liệu nhân sự tổng hợp phục vụ kiểm thử tải.
vmk0141,Vũ Thanh Hoa,vuthanhhoa.0141@vinamilk.test,0822343227,0822 343 227,1968-08-16,16/08/1968,production_yogurt,packaging_operator,vmk0011,active,2022-05-16,16/05/2022,,,Dữ liệu nhân sự tổng hợp phục vụ kiểm thử tải.
vmk0142,Ngô Phương Tâm,ngophuongtam.0142@vinamilk.test,0832351146,0832 351 146,1965-07-24,24/07/1965,information_technology,system_administrator,vmk0018,active,2023-10-02,02/10/2023,,,Dữ liệu nhân sự tổng hợp phục vụ kiểm thử tải.
vmk0143,Dương Bảo Trang,duongbaotrang.0143@vinamilk.test,0842359065,0842 359 065,1995-03-05,05/03/1995,quality_assurance,food_engineer,vmk0005,active,2024-03-13,13/03/2024,,,Dữ liệu nhân sự tổng hợp phục vụ kiểm thử tải.
vmk0144,Đinh Trọng Uyên,dinhtronguyen.0144@vinamilk.test,0852366984,0852 366 984,1982-04-07,07/04/1982,production_beverage,food_engineer,vmk0013,active,2012-08-24,24/08/2012,,,Dữ liệu nhân sự tổng hợp phục vụ kiểm thử tải.
vmk0145,Lý Thùy Ngân,lythuyngan.0145@vinamilk.test,0862374903,0862 374 903,1994-05-24,24/05/1994,planning,procurement_specialist,vmk0020,active,2013-01-10,10/01/2013,,,Dữ liệu nhân sự tổng hợp phục vụ kiểm thử tải.
vmk0146,Trịnh Minh Sơn,trinhminhson.0146@vinamilk.test,0882382822,0882 382 822,1993-01-24,24/01/1993,supply_chain,laboratory_technician,vmk0007,active,2014-06-21,21/06/2014,,,Dữ liệu nhân sự tổng hợp phục vụ kiểm thử tải.
vmk0147,Phạm Công Hạnh,phamconghanh.0147@vinamilk.test,0892390741,0892 390 741,1976-09-10,10/09/1976,maintenance,maintenance_technician,vmk0014,active,2015-11-07,07/11/2015,,,Dữ liệu nhân sự tổng hợp phục vụ kiểm thử tải.
vmk0148,Lê Gia Minh,legiaminh.0148@vinamilk.test,0902398660,0902 398 660,1989-02-02,02/02/1989,board,maintenance_engineer,vmk0001,active,2016-04-18,18/04/2016,,,Dữ liệu nhân sự tổng hợp phục vụ kiểm thử tải.
vmk0149,Lê Khánh Nam,lekhanhnam.0149@vinamilk.test,0912406579,0912 406 579,1983-09-16,16/09/1983,warehouse_raw,forklift_operator,vmk0008,active,2017-09-04,04/09/2017,,,Dữ liệu nhân sự tổng hợp phục vụ kiểm thử tải.
vmk0150,Tạ Thanh Quân,tathanhquan.0150@vinamilk.test,0932414498,0932 414 498,1999-03-16,16/03/1999,laboratory,quality_engineer,vmk0015,active,2018-02-15,15/02/2018,,,Dữ liệu nhân sự tổng hợp phục vụ kiểm thử tải.
vmk0151,Võ Anh Thu,voanhthu.0151@vinamilk.test,0942422417,0942 422 417,1968-10-23,23/10/1968,human_resources,human_resources_specialist,vmk0002,active,2019-07-01,01/07/2019,,,Dữ liệu nhân sự tổng hợp phục vụ kiểm thử tải.
vmk0152,Hồ Phương Châu,hophuongchau.0152@vinamilk.test,0962430336,0962 430 336,1975-06-07,07/06/1975,warehouse_finished,forklift_operator,vmk0009,active,2020-12-12,12/12/2020,,,Dữ liệu nhân sự tổng hợp phục vụ kiểm thử tải.
vmk0153,Lê Trọng Tâm,letrongtam.0153@vinamilk.test,0972438255,0972 438 255,1997-05-11,11/05/1997,sales,warehouse_keeper,vmk0016,active,2021-05-23,23/05/2021,,,Dữ liệu nhân sự tổng hợp phục vụ kiểm thử tải.
vmk0154,Đặng Đình Tuấn,dangdinhtuan.0154@vinamilk.test,0982446174,0982 446 174,1981-01-23,23/01/1981,finance,accountant,vmk0003,active,2022-10-09,09/10/2022,,,Dữ liệu nhân sự tổng hợp phục vụ kiểm thử tải.
vmk0155,Trần Quang Chi,tranquangchi.0155@vinamilk.test,0992454093,0992 454 093,1965-12-06,06/12/1965,production_fresh_milk,packaging_operator,vmk0010,active,2023-03-20,20/03/2023,,,Dữ liệu nhân sự tổng hợp phục vụ kiểm thử tải.
vmk0156,Đỗ Quang Khoa,doquangkhoa.0156@vinamilk.test,0322462012,0322 462 012,1997-11-14,14/11/1997,marketing,production_supervisor,vmk0017,active,2024-08-06,06/08/2024,,,Dữ liệu nhân sự tổng hợp phục vụ kiểm thử tải.
vmk0157,Trịnh Quang Giang,trinhquanggiang.0157@vinamilk.test,0332469931,0332 469 931,1977-12-04,04/12/1977,quality_assurance,laboratory_technician,vmk0005,active,2012-01-17,17/01/2012,,,Dữ liệu nhân sự tổng hợp phục vụ kiểm thử tải.
vmk0158,Phan Nhật Tuấn,phannhattuan.0158@vinamilk.test,0342477850,0342 477 850,1992-04-11,11/04/1992,production_powder,packaging_operator,vmk0012,active,2013-06-03,03/06/2013,,,Dữ liệu nhân sự tổng hợp phục vụ kiểm thử tải.
vmk0159,Dương Hoài Lan,duonghoailan.0159@vinamilk.test,0352485769,0352 485 769,1980-05-17,17/05/1980,safety_environment,human_resources_specialist,vmk0019,active,2014-11-14,14/11/2014,,,Dữ liệu nhân sự tổng hợp phục vụ kiểm thử tải.
vmk0160,Mai Phương Hùng,maiphuonghung.0160@vinamilk.test,0362493688,0362 493 688,1986-11-30,30/11/1986,research_development,marketing_specialist,vmk0006,active,2015-04-25,25/04/2015,,,Dữ liệu nhân sự tổng hợp phục vụ kiểm thử tải.
vmk0161,Dương Tuấn Quyên,duongtuanquyen.0161@vinamilk.test,0372501607,0372 501 607,1997-02-08,08/02/1997,production_beverage,food_engineer,vmk0013,active,2016-09-11,11/09/2016,,,Dữ liệu nhân sự tổng hợp phục vụ kiểm thử tải.
vmk0162,Võ Tuấn Quân,votuanquan.0162@vinamilk.test,0382509526,0382 509 526,1972-12-27,27/12/1972,planning,administrative_staff,vmk0020,active,2017-02-22,22/02/2017,,,Dữ liệu nhân sự tổng hợp phục vụ kiểm thử tải.
vmk0163,Bùi Khánh Thành,buikhanhthanh.0163@vinamilk.test,0392517445,0392 517 445,1996-07-21,21/07/1996,supply_chain,software_engineer,vmk0007,active,2018-07-08,08/07/2018,,,Dữ liệu nhân sự tổng hợp phục vụ kiểm thử tải.
vmk0164,Đinh Công Chi,dinhcongchi.0164@vinamilk.test,0562525364,0562 525 364,1987-03-14,14/03/1987,maintenance,maintenance_technician,vmk0014,active,2019-12-19,19/12/2019,,,Dữ liệu nhân sự tổng hợp phục vụ kiểm thử tải.
vmk0165,Đỗ Gia Hạnh,dogiahanh.0165@vinamilk.test,0582533283,0582 533 283,1973-03-31,31/03/1973,board,system_administrator,vmk0001,active,2020-05-05,05/05/2020,,,Dữ liệu nhân sự tổng hợp phục vụ kiểm thử tải.
vmk0166,Bùi Đức Trí,buiductri.0166@vinamilk.test,0702541202,0702 541 202,1973-09-15,15/09/1973,warehouse_raw,warehouse_supervisor,vmk0008,active,2021-10-16,16/10/2021,,,Dữ liệu nhân sự tổng hợp phục vụ kiểm thử tải.
vmk0167,Trần Hồng Nhân,tranhongnhan.0167@vinamilk.test,0762549121,0762 549 121,1999-10-18,18/10/1999,laboratory,laboratory_technician,vmk0015,active,2022-03-02,02/03/2022,,,Dữ liệu nhân sự tổng hợp phục vụ kiểm thử tải.
vmk0168,Võ Phương Thư,vophuongthu.0168@vinamilk.test,0772557040,0772 557 040,1970-11-29,29/11/1970,human_resources,sales_specialist,vmk0002,active,2023-08-13,13/08/2023,,,Dữ liệu nhân sự tổng hợp phục vụ kiểm thử tải.
vmk0169,Phan Minh Tú,phanminhtu.0169@vinamilk.test,0782564959,0782 564 959,1993-09-11,11/09/1993,warehouse_finished,warehouse_keeper,vmk0009,active,2024-01-24,24/01/2024,,,Dữ liệu nhân sự tổng hợp phục vụ kiểm thử tải.
vmk0170,Lý Phương Việt,lyphuongviet.0170@vinamilk.test,0792572878,0792 572 878,1978-07-11,11/07/1978,marketing,procurement_specialist,vmk0017,active,2012-06-10,10/06/2012,,,Dữ liệu nhân sự tổng hợp phục vụ kiểm thử tải.
vmk0171,Bùi Khánh Phúc,buikhanhphuc.0171@vinamilk.test,0812580797,0812 580 797,1975-01-21,21/01/1975,procurement,financial_analyst,vmk0004,active,2013-11-21,21/11/2013,,,Dữ liệu nhân sự tổng hợp phục vụ kiểm thử tải.
vmk0172,Trịnh Thanh Mai,trinhthanhmai.0172@vinamilk.test,0822588716,0822 588 716,1983-01-16,16/01/1983,production_yogurt,production_operator,vmk0011,active,2014-04-07,07/04/2014,,,Dữ liệu nhân sự tổng hợp phục vụ kiểm thử tải.
vmk0173,Nguyễn Thị Huy,nguyenthihuy.0173@vinamilk.test,0832596635,0832 596 635,1997-05-24,24/05/1997,information_technology,software_engineer,vmk0018,active,2015-09-18,18/09/2015,,,Dữ liệu nhân sự tổng hợp phục vụ kiểm thử tải.
vmk0174,Tạ Thị Thảo,tathithao.0174@vinamilk.test,0842604554,0842 604 554,1976-01-27,27/01/1976,quality_assurance,quality_engineer,vmk0005,active,2016-02-04,04/02/2016,,,Dữ liệu nhân sự tổng hợp phục vụ kiểm thử tải.
vmk0175,Đỗ Thanh Hiếu,dothanhhieu.0175@vinamilk.test,0852612473,0852 612 473,1973-02-28,28/02/1973,production_powder,food_engineer,vmk0012,active,2017-07-15,15/07/2017,,,Dữ liệu nhân sự tổng hợp phục vụ kiểm thử tải.
vmk0176,Trịnh Văn Bình,trinhvanbinh.0176@vinamilk.test,0862620392,0862 620 392,1987-10-23,23/10/1987,safety_environment,sales_specialist,vmk0019,active,2018-12-01,01/12/2018,,,Dữ liệu nhân sự tổng hợp phục vụ kiểm thử tải.
vmk0177,Trần Công Phương,trancongphuong.0177@vinamilk.test,0882628311,0882 628 311,1999-04-13,13/04/1999,research_development,warehouse_supervisor,vmk0006,active,2019-05-12,12/05/2019,,,Dữ liệu nhân sự tổng hợp phục vụ kiểm thử tải.
vmk0178,Phạm Mạnh Hiền,phammanhhien.0178@vinamilk.test,0892636230,0892 636 230,1983-10-07,07/10/1983,production_beverage,production_operator,vmk0013,active,2020-10-23,23/10/2020,,,Dữ liệu nhân sự tổng hợp phục vụ kiểm thử tải.
vmk0179,Trần Thị Hoa,tranthihoa.0179@vinamilk.test,0902644149,0902 644 149,1967-07-25,25/07/1967,planning,sales_specialist,vmk0020,active,2021-03-09,09/03/2021,,,Dữ liệu nhân sự tổng hợp phục vụ kiểm thử tải.
vmk0180,Tạ Tuấn Quang,tatuanquang.0180@vinamilk.test,0912652068,0912 652 068,2001-03-25,25/03/2001,supply_chain,administrative_staff,vmk0007,active,2022-08-20,20/08/2022,,,Dữ liệu nhân sự tổng hợp phục vụ kiểm thử tải.
vmk0181,Lý Đình Việt,lydinhviet.0181@vinamilk.test,0932659987,0932 659 987,1985-12-30,30/12/1985,maintenance,maintenance_engineer,vmk0014,active,2023-01-06,06/01/2023,,,Dữ liệu nhân sự tổng hợp phục vụ kiểm thử tải.
vmk0182,Trịnh Bảo Nhi,trinhbaonhi.0182@vinamilk.test,0942667906,0942 667 906,1992-02-06,06/02/1992,board,system_administrator,vmk0001,active,2024-06-17,17/06/2024,,,Dữ liệu nhân sự tổng hợp phục vụ kiểm thử tải.
vmk0183,Vũ Mạnh My,vumanhmy.0183@vinamilk.test,0962675825,0962 675 825,1972-02-04,04/02/1972,warehouse_finished,warehouse_keeper,vmk0009,active,2012-11-03,03/11/2012,,,Dữ liệu nhân sự tổng hợp phục vụ kiểm thử tải.
vmk0184,Đỗ Thùy Khoa,dothuykhoa.0184@vinamilk.test,0972683744,0972 683 744,1965-07-06,06/07/1965,sales,administrative_staff,vmk0016,active,2013-04-14,14/04/2013,,,Dữ liệu nhân sự tổng hợp phục vụ kiểm thử tải.
vmk0185,Đặng Anh Quang,danganhquang.0185@vinamilk.test,0982691663,0982 691 663,1987-07-06,06/07/1987,finance,warehouse_keeper,vmk0003,active,2014-09-25,25/09/2014,,,Dữ liệu nhân sự tổng hợp phục vụ kiểm thử tải.
vmk0186,Phạm Hoài Hải,phamhoaihai.0186@vinamilk.test,0992699582,0992 699 582,1993-09-26,26/09/1993,production_fresh_milk,packaging_operator,vmk0010,active,2015-02-11,11/02/2015,,,Dữ liệu nhân sự tổng hợp phục vụ kiểm thử tải.
vmk0187,Huỳnh Hoài Thịnh,huynhhoaithinh.0187@vinamilk.test,0322707501,0322 707 501,1971-01-24,24/01/1971,marketing,marketing_specialist,vmk0017,active,2016-07-22,22/07/2016,,,Dữ liệu nhân sự tổng hợp phục vụ kiểm thử tải.
vmk0188,Huỳnh Thanh Trang,huynhthanhtrang.0188@vinamilk.test,0332715420,0332 715 420,1966-11-25,25/11/1966,procurement,research_specialist,vmk0004,active,2017-12-08,08/12/2017,,,Dữ liệu nhân sự tổng hợp phục vụ kiểm thử tải.
vmk0189,Bùi Bảo Huy,buibaohuy.0189@vinamilk.test,0342723339,0342 723 339,1972-03-12,12/03/1972,production_yogurt,production_operator,vmk0011,active,2018-05-19,19/05/2018,,,Dữ liệu nhân sự tổng hợp phục vụ kiểm thử tải.
vmk0190,Trịnh Diệu Uyên,trinhdieuuyen.0190@vinamilk.test,0352731258,0352 731 258,1982-03-27,27/03/1982,information_technology,system_administrator,vmk0018,active,2019-10-05,05/10/2019,,,Dữ liệu nhân sự tổng hợp phục vụ kiểm thử tải.
vmk0191,Lý Diệu Tú,lydieutu.0191@vinamilk.test,0362739177,0362 739 177,1991-11-21,21/11/1991,quality_assurance,food_engineer,vmk0005,active,2020-03-16,16/03/2020,,,Dữ liệu nhân sự tổng hợp phục vụ kiểm thử tải.
vmk0192,Nguyễn Gia Lâm,nguyengialam.0192@vinamilk.test,0372747096,0372 747 096,1977-07-15,15/07/1977,production_powder,packaging_operator,vmk0012,active,2021-08-02,02/08/2021,,,Dữ liệu nhân sự tổng hợp phục vụ kiểm thử tải.
vmk0193,Lê Hồng Thủy,lehongthuy.0193@vinamilk.test,0382755015,0382 755 015,1990-03-17,17/03/1990,safety_environment,administrative_staff,vmk0019,active,2022-01-13,13/01/2022,,,Dữ liệu nhân sự tổng hợp phục vụ kiểm thử tải.
vmk0194,Lý Minh Bình,lyminhbinh.0194@vinamilk.test,0392762934,0392 762 934,1980-02-04,04/02/1980,research_development,maintenance_technician,vmk0006,active,2023-06-24,24/06/2023,,,Dữ liệu nhân sự tổng hợp phục vụ kiểm thử tải.
vmk0195,Đinh Trọng Đạt,dinhtrongdat.0195@vinamilk.test,0562770853,0562 770 853,1985-03-23,23/03/1985,production_beverage,production_supervisor,vmk0013,active,2024-11-10,10/11/2024,,,Dữ liệu nhân sự tổng hợp phục vụ kiểm thử tải.
vmk0196,Huỳnh Văn Quyên,huynhvanquyen.0196@vinamilk.test,0582778772,0582 778 772,1973-02-21,21/02/1973,board,payroll_specialist,vmk0001,active,2012-04-21,21/04/2012,,,Dữ liệu nhân sự tổng hợp phục vụ kiểm thử tải.
vmk0197,Lê Ngọc Châu,lengocchau.0197@vinamilk.test,0702786691,0702 786 691,1980-03-21,21/03/1980,warehouse_raw,warehouse_supervisor,vmk0008,active,2013-09-07,07/09/2013,,,Dữ liệu nhân sự tổng hợp phục vụ kiểm thử tải.
vmk0198,Lê Minh Sơn,leminhson.0198@vinamilk.test,0762794610,0762 794 610,1971-01-26,26/01/1971,laboratory,food_engineer,vmk0015,active,2014-02-18,18/02/2014,,,Dữ liệu nhân sự tổng hợp phục vụ kiểm thử tải.
vmk0199,Lê Công Trí,lecongtri.0199@vinamilk.test,0772802529,0772 802 529,1966-12-28,28/12/1966,human_resources,procurement_specialist,vmk0002,active,2015-07-04,04/07/2015,,,Dữ liệu nhân sự tổng hợp phục vụ kiểm thử tải.
vmk0200,Lê Hoài Hoàng,lehoaihoang.0200@vinamilk.test,0782810448,0782 810 448,1967-04-08,08/04/1967,warehouse_finished,forklift_operator,vmk0009,active,2016-12-15,15/12/2016,,,Dữ liệu nhân sự tổng hợp phục vụ kiểm thử tải.
vmk0201,Tạ Trọng Thảo,tatrongthao.0201@vinamilk.test,0792818367,0792 818 367,1975-08-23,23/08/1975,sales,food_engineer,vmk0016,active,2017-05-01,01/05/2017,,,Dữ liệu nhân sự tổng hợp phục vụ kiểm thử tải.
vmk0202,Đỗ Quang Hoàng,doquanghoang.0202@vinamilk.test,0812826286,0812 826 286,1993-05-24,24/05/1993,finance,marketing_specialist,vmk0003,active,2018-10-12,12/10/2018,,,Dữ liệu nhân sự tổng hợp phục vụ kiểm thử tải.
vmk0203,Phạm Hữu Anh,phamhuuanh.0203@vinamilk.test,0822834205,0822 834 205,1997-08-19,19/08/1997,production_fresh_milk,packaging_operator,vmk0010,active,2019-03-23,23/03/2019,,,Dữ liệu nhân sự tổng hợp phục vụ kiểm thử tải.
vmk0204,Võ Công Châu,vocongchau.0204@vinamilk.test,0832842124,0832 842 124,1966-07-17,17/07/1966,marketing,marketing_specialist,vmk0017,active,2020-08-09,09/08/2020,,,Dữ liệu nhân sự tổng hợp phục vụ kiểm thử tải.
vmk0205,Trịnh Hữu Khoa,trinhhuukhoa.0205@vinamilk.test,0842850043,0842 850 043,1973-09-28,28/09/1973,procurement,marketing_specialist,vmk0004,active,2021-01-20,20/01/2021,,,Dữ liệu nhân sự tổng hợp phục vụ kiểm thử tải.
vmk0206,Dương Phương Trung,duongphuongtrung.0206@vinamilk.test,0852857962,0852 857 962,1993-05-25,25/05/1993,production_yogurt,food_engineer,vmk0011,active,2022-06-06,06/06/2022,,,Dữ liệu nhân sự tổng hợp phục vụ kiểm thử tải.
vmk0207,Nguyễn Mạnh Phúc,nguyenmanhphuc.0207@vinamilk.test,0862865881,0862 865 881,1975-07-03,03/07/1975,information_technology,system_administrator,vmk0018,active,2023-11-17,17/11/2023,,,Dữ liệu nhân sự tổng hợp phục vụ kiểm thử tải.
vmk0208,Vũ Hữu Quân,vuhuuquan.0208@vinamilk.test,0882873800,0882 873 800,1997-07-21,21/07/1997,quality_assurance,laboratory_technician,vmk0005,active,2024-04-03,03/04/2024,,,Dữ liệu nhân sự tổng hợp phục vụ kiểm thử tải.
vmk0209,Đinh Thị Uyên,dinhthiuyen.0209@vinamilk.test,0892881719,0892 881 719,1989-07-07,07/07/1989,production_beverage,production_operator,vmk0013,active,2012-09-14,14/09/2012,,,Dữ liệu nhân sự tổng hợp phục vụ kiểm thử tải.
vmk0210,Trần Mạnh Thư,tranmanhthu.0210@vinamilk.test,0902889638,0902 889 638,1973-07-19,19/07/1973,planning,warehouse_keeper,vmk0020,active,2013-02-25,25/02/2013,,,Dữ liệu nhân sự tổng hợp phục vụ kiểm thử tải.
vmk0211,Trịnh Khánh An,trinhkhanhan.0211@vinamilk.test,0912897557,0912 897 557,1978-03-24,24/03/1978,supply_chain,maintenance_technician,vmk0007,active,2014-07-11,11/07/2014,,,Dữ liệu nhân sự tổng hợp phục vụ kiểm thử tải.
vmk0212,Phan Hoài Quyên,phanhoaiquyen.0212@vinamilk.test,0932905476,0932 905 476,1989-03-13,13/03/1989,maintenance,maintenance_technician,vmk0014,active,2015-12-22,22/12/2015,,,Dữ liệu nhân sự tổng hợp phục vụ kiểm thử tải.
vmk0213,Ngô Công Yến,ngocongyen.0213@vinamilk.test,0942913395,0942 913 395,1992-06-19,19/06/1992,board,payroll_specialist,vmk0001,active,2016-05-08,08/05/2016,,,Dữ liệu nhân sự tổng hợp phục vụ kiểm thử tải.
vmk0214,Vũ Công Bình,vucongbinh.0214@vinamilk.test,0962921314,0962 921 314,1989-09-19,19/09/1989,warehouse_raw,forklift_operator,vmk0008,active,2017-10-19,19/10/2017,,,Dữ liệu nhân sự tổng hợp phục vụ kiểm thử tải.
vmk0215,Đinh Văn Thư,dinhvanthu.0215@vinamilk.test,0972929233,0972 929 233,1996-09-13,13/09/1996,laboratory,quality_engineer,vmk0015,active,2018-03-05,05/03/2018,,,Dữ liệu nhân sự tổng hợp phục vụ kiểm thử tải.
vmk0216,Phạm Ngọc Phúc,phamngocphuc.0216@vinamilk.test,0982937152,0982 937 152,1975-02-24,24/02/1975,human_resources,laboratory_technician,vmk0002,active,2019-08-16,16/08/2019,,,Dữ liệu nhân sự tổng hợp phục vụ kiểm thử tải.
vmk0217,Tạ Bảo Trí,tabaotri.0217@vinamilk.test,0992945071,0992 945 071,1985-07-03,03/07/1985,warehouse_finished,warehouse_supervisor,vmk0009,active,2020-01-02,02/01/2020,,,Dữ liệu nhân sự tổng hợp phục vụ kiểm thử tải.
vmk0218,Phan Phương Vinh,phanphuongvinh.0218@vinamilk.test,0322952990,0322 952 990,1979-03-06,06/03/1979,sales,administrative_staff,vmk0016,active,2021-06-13,13/06/2021,,,Dữ liệu nhân sự tổng hợp phục vụ kiểm thử tải.
vmk0219,Nguyễn Đức An,nguyenducan.0219@vinamilk.test,0332960909,0332 960 909,1983-06-04,04/06/1983,finance,financial_analyst,vmk0003,active,2022-11-24,24/11/2022,,,Dữ liệu nhân sự tổng hợp phục vụ kiểm thử tải.
vmk0220,Lê Quang Tuấn,lequangtuan.0220@vinamilk.test,0342968828,0342 968 828,2001-02-12,12/02/2001,production_fresh_milk,food_engineer,vmk0010,active,2023-04-10,10/04/2023,,,Dữ liệu nhân sự tổng hợp phục vụ kiểm thử tải.
vmk0221,Lê Minh Tiến,leminhtien.0221@vinamilk.test,0352976747,0352 976 747,1978-07-06,06/07/1978,marketing,human_resources_specialist,vmk0017,active,2024-09-21,21/09/2024,,,Dữ liệu nhân sự tổng hợp phục vụ kiểm thử tải.
vmk0222,Ngô Tuấn Hạnh,ngotuanhanh.0222@vinamilk.test,0362984666,0362 984 666,1983-07-25,25/07/1983,quality_assurance,laboratory_technician,vmk0005,active,2012-02-07,07/02/2012,,,Dữ liệu nhân sự tổng hợp phục vụ kiểm thử tải.
vmk0223,Ngô Mạnh Phúc,ngomanhphuc.0223@vinamilk.test,0372992585,0372 992 585,1982-11-14,14/11/1982,production_powder,production_operator,vmk0012,active,2013-07-18,18/07/2013,,,Dữ liệu nhân sự tổng hợp phục vụ kiểm thử tải.
vmk0224,Dương Khánh Trí,duongkhanhtri.0224@vinamilk.test,0383000504,0383 000 504,1979-01-14,14/01/1979,safety_environment,packaging_operator,vmk0019,active,2014-12-04,04/12/2014,,,Dữ liệu nhân sự tổng hợp phục vụ kiểm thử tải.
vmk0225,Bùi Minh Dũng,buiminhdung.0225@vinamilk.test,0393008423,0393 008 423,1966-02-11,11/02/1966,research_development,quality_manager,vmk0006,active,2015-05-15,15/05/2015,,,Dữ liệu nhân sự tổng hợp phục vụ kiểm thử tải.
vmk0226,Đinh Hoài Quyên,dinhhoaiquyen.0226@vinamilk.test,0563016342,0563 016 342,1983-04-24,24/04/1983,production_beverage,packaging_operator,vmk0013,active,2016-10-01,01/10/2016,,,Dữ liệu nhân sự tổng hợp phục vụ kiểm thử tải.
vmk0227,Võ Thùy Duy,vothuyduy.0227@vinamilk.test,0583024261,0583 024 261,1975-04-26,26/04/1975,planning,quality_manager,vmk0020,active,2017-03-12,12/03/2017,,,Dữ liệu nhân sự tổng hợp phục vụ kiểm thử tải.
vmk0228,Bùi Xuân Long,buixuanlong.0228@vinamilk.test,0703032180,0703 032 180,1967-09-19,19/09/1967,supply_chain,safety_specialist,vmk0007,active,2018-08-23,23/08/2018,,,Dữ liệu nhân sự tổng hợp phục vụ kiểm thử tải.
vmk0229,Đinh Xuân Hải,dinhxuanhai.0229@vinamilk.test,0763040099,0763 040 099,1972-11-26,26/11/1972,maintenance,maintenance_technician,vmk0014,active,2019-01-09,09/01/2019,,,Dữ liệu nhân sự tổng hợp phục vụ kiểm thử tải.
vmk0230,Ngô Phương Thu,ngophuongthu.0230@vinamilk.test,0773048018,0773 048 018,1984-04-02,02/04/1984,board,financial_analyst,vmk0001,active,2020-06-20,20/06/2020,,,Dữ liệu nhân sự tổng hợp phục vụ kiểm thử tải.
vmk0231,Tạ Hồng An,tahongan.0231@vinamilk.test,0783055937,0783 055 937,1979-03-07,07/03/1979,warehouse_raw,forklift_operator,vmk0008,active,2021-11-06,06/11/2021,,,Dữ liệu nhân sự tổng hợp phục vụ kiểm thử tải.
vmk0232,Huỳnh Hồng Tâm,huynhhongtam.0232@vinamilk.test,0793063856,0793 063 856,1983-01-12,12/01/1983,laboratory,quality_engineer,vmk0015,active,2022-04-17,17/04/2022,,,Dữ liệu nhân sự tổng hợp phục vụ kiểm thử tải.
vmk0233,Nguyễn Văn Phúc,nguyenvanphuc.0233@vinamilk.test,0813071775,0813 071 775,1992-02-29,29/02/1992,human_resources,quality_manager,vmk0002,active,2023-09-03,03/09/2023,,,Dữ liệu nhân sự tổng hợp phục vụ kiểm thử tải.
vmk0234,Bùi Khánh Huy,buikhanhhuy.0234@vinamilk.test,0823079694,0823 079 694,1999-09-27,27/09/1999,warehouse_finished,forklift_operator,vmk0009,active,2024-02-14,14/02/2024,,,Dữ liệu nhân sự tổng hợp phục vụ kiểm thử tải.
vmk0235,Trịnh Công Khoa,trinhcongkhoa.0235@vinamilk.test,0833087613,0833 087 613,1983-01-15,15/01/1983,marketing,payroll_specialist,vmk0017,active,2012-07-25,25/07/2012,,,Dữ liệu nhân sự tổng hợp phục vụ kiểm thử tải.
vmk0236,Huỳnh Quang Phúc,huynhquangphuc.0236@vinamilk.test,0843095532,0843 095 532,1985-05-13,13/05/1985,procurement,accountant,vmk0004,active,2013-12-11,11/12/2013,,,Dữ liệu nhân sự tổng hợp phục vụ kiểm thử tải.
vmk0237,Hoàng Gia Anh,hoanggiaanh.0237@vinamilk.test,0853103451,0853 103 451,1965-03-31,31/03/1965,production_yogurt,packaging_operator,vmk0011,active,2014-05-22,22/05/2014,,,Dữ liệu nhân sự tổng hợp phục vụ kiểm thử tải.
vmk0238,Đặng Khánh Hạnh,dangkhanhhanh.0238@vinamilk.test,0863111370,0863 111 370,1991-05-24,24/05/1991,information_technology,system_administrator,vmk0018,active,2015-10-08,08/10/2015,,,Dữ liệu nhân sự tổng hợp phục vụ kiểm thử tải.
vmk0239,Hoàng Hồng Thảo,hoanghongthao.0239@vinamilk.test,0883119289,0883 119 289,1977-02-04,04/02/1977,quality_assurance,laboratory_technician,vmk0005,active,2016-03-19,19/03/2016,,,Dữ liệu nhân sự tổng hợp phục vụ kiểm thử tải.
vmk0240,Ngô Anh Duy,ngoanhduy.0240@vinamilk.test,0893127208,0893 127 208,1992-06-14,14/06/1992,production_powder,production_supervisor,vmk0012,active,2017-08-05,05/08/2017,,,Dữ liệu nhân sự tổng hợp phục vụ kiểm thử tải.
vmk0241,Hoàng Kim Đạt,hoangkimdat.0241@vinamilk.test,0903135127,0903 135 127,1982-04-10,10/04/1982,safety_environment,accountant,vmk0019,active,2018-01-16,16/01/2018,,,Dữ liệu nhân sự tổng hợp phục vụ kiểm thử tải.
vmk0242,Lý Ngọc Huyền,lyngochuyen.0242@vinamilk.test,0913143046,0913 143 046,1982-03-26,26/03/1982,research_development,production_planner,vmk0006,active,2019-06-02,02/06/2019,,,Dữ liệu nhân sự tổng hợp phục vụ kiểm thử tải.
vmk0243,Nguyễn Bảo Tiến,nguyenbaotien.0243@vinamilk.test,0933150965,0933 150 965,1986-02-20,20/02/1986,production_beverage,food_engineer,vmk0013,active,2020-11-13,13/11/2020,,,Dữ liệu nhân sự tổng hợp phục vụ kiểm thử tải.
vmk0244,Lý Hoài Uyên,lyhoaiuyen.0244@vinamilk.test,0943158884,0943 158 884,1984-12-03,03/12/1984,planning,production_planner,vmk0020,active,2021-04-24,24/04/2021,,,Dữ liệu nhân sự tổng hợp phục vụ kiểm thử tải.
vmk0245,Bùi Đức Thủy,buiducthuy.0245@vinamilk.test,0963166803,0963 166 803,1975-12-17,17/12/1975,supply_chain,quality_engineer,vmk0007,active,2022-09-10,10/09/2022,,,Dữ liệu nhân sự tổng hợp phục vụ kiểm thử tải.
vmk0246,Hồ Khánh Thủy,hokhanhthuy.0246@vinamilk.test,0973174722,0973 174 722,1978-01-24,24/01/1978,maintenance,maintenance_technician,vmk0014,active,2023-02-21,21/02/2023,,,Dữ liệu nhân sự tổng hợp phục vụ kiểm thử tải.
vmk0247,Mai Kim An,maikiman.0247@vinamilk.test,0983182641,0983 182 641,1984-09-28,28/09/1984,board,maintenance_technician,vmk0001,active,2024-07-07,07/07/2024,,,Dữ liệu nhân sự tổng hợp phục vụ kiểm thử tải.
vmk0248,Võ Văn Khoa,vovankhoa.0248@vinamilk.test,0993190560,0993 190 560,1986-10-19,19/10/1986,warehouse_finished,forklift_operator,vmk0009,active,2012-12-18,18/12/2012,,,Dữ liệu nhân sự tổng hợp phục vụ kiểm thử tải.
vmk0249,Đặng Minh Quang,dangminhquang.0249@vinamilk.test,0323198479,0323 198 479,1972-01-20,20/01/1972,sales,forklift_operator,vmk0016,active,2013-05-04,04/05/2013,,,Dữ liệu nhân sự tổng hợp phục vụ kiểm thử tải.
vmk0250,Lý Phương Minh,lyphuongminh.0250@vinamilk.test,0333206398,0333 206 398,1991-03-18,18/03/1991,finance,production_planner,vmk0003,active,2014-10-15,15/10/2014,,,Dữ liệu nhân sự tổng hợp phục vụ kiểm thử tải.
vmk0251,Lê Diệu Hoa,ledieuhoa.0251@vinamilk.test,0343214317,0343 214 317,1981-08-31,31/08/1981,production_fresh_milk,production_supervisor,vmk0010,active,2015-03-01,01/03/2015,,,Dữ liệu nhân sự tổng hợp phục vụ kiểm thử tải.
vmk0252,Trần Xuân Nhi,tranxuannhi.0252@vinamilk.test,0353222236,0353 222 236,1995-04-26,26/04/1995,marketing,procurement_specialist,vmk0017,active,2016-08-12,12/08/2016,,,Dữ liệu nhân sự tổng hợp phục vụ kiểm thử tải.
vmk0253,Vũ Công Long,vuconglong.0253@vinamilk.test,0363230155,0363 230 155,1978-10-08,08/10/1978,procurement,food_engineer,vmk0004,active,2017-01-23,23/01/2017,,,Dữ liệu nhân sự tổng hợp phục vụ kiểm thử tải.
vmk0254,Lê Nhật Nhi,lenhatnhi.0254@vinamilk.test,0373238074,0373 238 074,1992-09-27,27/09/1992,production_yogurt,production_operator,vmk0011,active,2018-06-09,09/06/2018,,,Dữ liệu nhân sự tổng hợp phục vụ kiểm thử tải.
vmk0255,Tạ Công Trí,tacongtri.0255@vinamilk.test,0383245993,0383 245 993,1975-10-25,25/10/1975,information_technology,system_administrator,vmk0018,active,2019-11-20,20/11/2019,,,Dữ liệu nhân sự tổng hợp phục vụ kiểm thử tải.
vmk0256,Dương Thị Trung,duongthitrung.0256@vinamilk.test,0393253912,0393 253 912,1978-11-14,14/11/1978,quality_assurance,food_engineer,vmk0005,active,2020-04-06,06/04/2020,,,Dữ liệu nhân sự tổng hợp phục vụ kiểm thử tải.
vmk0257,Võ Trọng Đạt,votrongdat.0257@vinamilk.test,0563261831,0563 261 831,1979-10-02,02/10/1979,production_powder,production_operator,vmk0012,active,2021-09-17,17/09/2021,,,Dữ liệu nhân sự tổng hợp phục vụ kiểm thử tải.
vmk0258,Bùi Mạnh Khánh,buimanhkhanh.0258@vinamilk.test,0583269750,0583 269 750,1986-02-07,07/02/1986,safety_environment,maintenance_engineer,vmk0019,active,2022-02-03,03/02/2022,,,Dữ liệu nhân sự tổng hợp phục vụ kiểm thử tải.
vmk0259,Lê Mạnh Hoa,lemanhhoa.0259@vinamilk.test,0703277669,0703 277 669,1965-01-13,13/01/1965,research_development,warehouse_supervisor,vmk0006,active,2023-07-14,14/07/2023,,,Dữ liệu nhân sự tổng hợp phục vụ kiểm thử tải.
vmk0260,Huỳnh Đình Tuấn,huynhdinhtuan.0260@vinamilk.test,0763285588,0763 285 588,1996-10-04,04/10/1996,production_beverage,packaging_operator,vmk0013,active,2024-12-25,25/12/2024,,,Dữ liệu nhân sự tổng hợp phục vụ kiểm thử tải.
vmk0261,Dương Đình Hạnh,duongdinhhanh.0261@vinamilk.test,0773293507,0773 293 507,1965-05-05,05/05/1965,board,laboratory_technician,vmk0001,active,2012-05-11,11/05/2012,,,Dữ liệu nhân sự tổng hợp phục vụ kiểm thử tải.
vmk0262,Huỳnh Thanh Châu,huynhthanhchau.0262@vinamilk.test,0783301426,0783 301 426,1986-03-15,15/03/1986,warehouse_raw,warehouse_keeper,vmk0008,active,2013-10-22,22/10/2013,,,Dữ liệu nhân sự tổng hợp phục vụ kiểm thử tải.
vmk0263,Võ Đình Giang,vodinhgiang.0263@vinamilk.test,0793309345,0793 309 345,1969-12-04,04/12/1969,laboratory,food_engineer,vmk0015,active,2014-03-08,08/03/2014,,,Dữ liệu nhân sự tổng hợp phục vụ kiểm thử tải.
vmk0264,Dương Khánh Uyên,duongkhanhuyen.0264@vinamilk.test,0813317264,0813 317 264,1989-01-26,26/01/1989,human_resources,payroll_specialist,vmk0002,active,2015-08-19,19/08/2015,,,Dữ liệu nhân sự tổng hợp phục vụ kiểm thử tải.
vmk0265,Trần Trọng Khánh,trantrongkhanh.0265@vinamilk.test,0823325183,0823 325 183,1977-07-19,19/07/1977,warehouse_finished,warehouse_supervisor,vmk0009,active,2016-01-05,05/01/2016,,,Dữ liệu nhân sự tổng hợp phục vụ kiểm thử tải.
vmk0266,Trịnh Gia Quân,trinhgiaquan.0266@vinamilk.test,0833333102,0833 333 102,1990-10-22,22/10/1990,sales,software_engineer,vmk0016,active,2017-06-16,16/06/2017,,,Dữ liệu nhân sự tổng hợp phục vụ kiểm thử tải.
vmk0267,Trần Khánh An,trankhanhan.0267@vinamilk.test,0843341021,0843 341 021,1998-01-02,02/01/1998,finance,maintenance_technician,vmk0003,active,2018-11-02,02/11/2018,,,Dữ liệu nhân sự tổng hợp phục vụ kiểm thử tải.
vmk0268,Vũ Minh Lan,vuminhlan.0268@vinamilk.test,0853348940,0853 348 940,1985-01-01,01/01/1985,production_fresh_milk,packaging_operator,vmk0010,active,2019-04-13,13/04/2019,,,Dữ liệu nhân sự tổng hợp phục vụ kiểm thử tải.
vmk0269,Bùi Xuân Thủy,buixuanthuy.0269@vinamilk.test,0863356859,0863 356 859,1965-01-19,19/01/1965,marketing,food_engineer,vmk0017,active,2020-09-24,24/09/2020,,,Dữ liệu nhân sự tổng hợp phục vụ kiểm thử tải.
vmk0270,Võ Quang Huyền,voquanghuyen.0270@vinamilk.test,0883364778,0883 364 778,1966-03-28,28/03/1966,procurement,quality_manager,vmk0004,active,2021-02-10,10/02/2021,,,Dữ liệu nhân sự tổng hợp phục vụ kiểm thử tải.
vmk0271,Ngô Khánh Long,ngokhanhlong.0271@vinamilk.test,0893372697,0893 372 697,2004-06-26,26/06/2004,production_yogurt,packaging_operator,vmk0011,active,2022-07-21,21/07/2022,,,Dữ liệu nhân sự tổng hợp phục vụ kiểm thử tải.
vmk0272,Hồ Thị Uyên,hothiuyen.0272@vinamilk.test,0903380616,0903 380 616,1987-01-22,22/01/1987,information_technology,system_administrator,vmk0018,active,2023-12-07,07/12/2023,,,Dữ liệu nhân sự tổng hợp phục vụ kiểm thử tải.
vmk0273,Võ Gia Ngân,vogiangan.0273@vinamilk.test,0913388535,0913 388 535,1986-09-10,10/09/1986,quality_assurance,quality_engineer,vmk0005,active,2024-05-18,18/05/2024,,,Dữ liệu nhân sự tổng hợp phục vụ kiểm thử tải.
vmk0274,Dương Gia Chi,duonggiachi.0274@vinamilk.test,0933396454,0933 396 454,1991-11-26,26/11/1991,production_beverage,food_engineer,vmk0013,active,2012-10-04,04/10/2012,,,Dữ liệu nhân sự tổng hợp phục vụ kiểm thử tải.
vmk0275,Lý Thanh Dũng,lythanhdung.0275@vinamilk.test,0943404373,0943 404 373,1986-03-02,02/03/1986,planning,payroll_specialist,vmk0020,active,2013-03-15,15/03/2013,,,Dữ liệu nhân sự tổng hợp phục vụ kiểm thử tải.
vmk0276,Nguyễn Công Hùng,nguyenconghung.0276@vinamilk.test,0963412292,0963 412 292,1989-07-11,11/07/1989,supply_chain,procurement_specialist,vmk0007,active,2014-08-01,01/08/2014,,,Dữ liệu nhân sự tổng hợp phục vụ kiểm thử tải.
vmk0277,Nguyễn Quang Nam,nguyenquangnam.0277@vinamilk.test,0973420211,0973 420 211,1990-11-10,10/11/1990,maintenance,maintenance_engineer,vmk0014,active,2015-01-12,12/01/2015,,,Dữ liệu nhân sự tổng hợp phục vụ kiểm thử tải.
vmk0278,Lý Hồng Chi,lyhongchi.0278@vinamilk.test,0983428130,0983 428 130,1978-07-02,02/07/1978,board,accountant,vmk0001,active,2016-06-23,23/06/2016,,,Dữ liệu nhân sự tổng hợp phục vụ kiểm thử tải.
vmk0279,Hoàng Đức Yến,hoangducyen.0279@vinamilk.test,0993436049,0993 436 049,1997-03-04,04/03/1997,warehouse_raw,warehouse_keeper,vmk0008,active,2017-11-09,09/11/2017,,,Dữ liệu nhân sự tổng hợp phục vụ kiểm thử tải.
vmk0280,Ngô Văn Phương,ngovanphuong.0280@vinamilk.test,0323443968,0323 443 968,1977-05-25,25/05/1977,laboratory,quality_engineer,vmk0015,active,2018-04-20,20/04/2018,,,Dữ liệu nhân sự tổng hợp phục vụ kiểm thử tải.
vmk0281,Tạ Thị Thịnh,tathithinh.0281@vinamilk.test,0333451887,0333 451 887,1983-03-18,18/03/1983,human_resources,financial_analyst,vmk0002,active,2019-09-06,06/09/2019,,,Dữ liệu nhân sự tổng hợp phục vụ kiểm thử tải.
vmk0282,Lê Kim Tiến,lekimtien.0282@vinamilk.test,0343459806,0343 459 806,1967-12-08,08/12/1967,warehouse_finished,forklift_operator,vmk0009,active,2020-02-17,17/02/2020,,,Dữ liệu nhân sự tổng hợp phục vụ kiểm thử tải.
vmk0283,Đặng Hữu My,danghuumy.0283@vinamilk.test,0353467725,0353 467 725,1995-09-05,05/09/1995,sales,sales_specialist,vmk0016,active,2021-07-03,03/07/2021,,,Dữ liệu nhân sự tổng hợp phục vụ kiểm thử tải.
vmk0284,Lê Ngọc Vinh,lengocvinh.0284@vinamilk.test,0363475644,0363 475 644,1987-11-10,10/11/1987,finance,financial_analyst,vmk0003,active,2022-12-14,14/12/2022,,,Dữ liệu nhân sự tổng hợp phục vụ kiểm thử tải.
vmk0285,Đỗ Minh Linh,dominhlinh.0285@vinamilk.test,0373483563,0373 483 563,1982-01-28,28/01/1982,production_fresh_milk,packaging_operator,vmk0010,active,2023-05-25,25/05/2023,,,Dữ liệu nhân sự tổng hợp phục vụ kiểm thử tải.
vmk0286,Dương Thanh Nam,duongthanhnam.0286@vinamilk.test,0383491482,0383 491 482,2002-11-25,25/11/2002,marketing,safety_specialist,vmk0017,active,2024-10-11,11/10/2024,,,Dữ liệu nhân sự tổng hợp phục vụ kiểm thử tải.
vmk0287,Ngô Ngọc Thảo,ngongocthao.0287@vinamilk.test,0393499401,0393 499 401,1970-11-29,29/11/1970,quality_assurance,quality_engineer,vmk0005,active,2012-03-22,22/03/2012,,,Dữ liệu nhân sự tổng hợp phục vụ kiểm thử tải.
vmk0288,Đỗ Nhật Hoàng,donhathoang.0288@vinamilk.test,0563507320,0563 507 320,1975-06-20,20/06/1975,production_powder,food_engineer,vmk0012,active,2013-08-08,08/08/2013,,,Dữ liệu nhân sự tổng hợp phục vụ kiểm thử tải.
vmk0289,Bùi Văn Châu,buivanchau.0289@vinamilk.test,0583515239,0583 515 239,1968-02-06,06/02/1968,safety_environment,supply_chain_specialist,vmk0019,active,2014-01-19,19/01/2014,,,Dữ liệu nhân sự tổng hợp phục vụ kiểm thử tải.
vmk0290,Dương Công Sơn,duongcongson.0290@vinamilk.test,0703523158,0703 523 158,1972-05-23,23/05/1972,research_development,maintenance_engineer,vmk0006,active,2015-06-05,05/06/2015,,,Dữ liệu nhân sự tổng hợp phục vụ kiểm thử tải.
vmk0291,Vũ Thị Khánh,vuthikhanh.0291@vinamilk.test,0763531077,0763 531 077,1985-07-20,20/07/1985,production_beverage,packaging_operator,vmk0013,active,2016-11-16,16/11/2016,,,Dữ liệu nhân sự tổng hợp phục vụ kiểm thử tải.
vmk0292,Tạ Hồng Thịnh,tahongthinh.0292@vinamilk.test,0773538996,0773 538 996,1972-02-03,03/02/1972,planning,financial_analyst,vmk0020,active,2017-04-02,02/04/2017,,,Dữ liệu nhân sự tổng hợp phục vụ kiểm thử tải.
vmk0293,Bùi Trọng Hải,buitronghai.0293@vinamilk.test,0783546915,0783 546 915,1976-09-08,08/09/1976,supply_chain,software_engineer,vmk0007,active,2018-09-13,13/09/2018,,,Dữ liệu nhân sự tổng hợp phục vụ kiểm thử tải.
vmk0294,Dương Khánh Đức,duongkhanhduc.0294@vinamilk.test,0793554834,0793 554 834,1991-03-13,13/03/1991,maintenance,maintenance_engineer,vmk0014,active,2019-02-24,24/02/2019,,,Dữ liệu nhân sự tổng hợp phục vụ kiểm thử tải.
vmk0295,Phạm Xuân Phương,phamxuanphuong.0295@vinamilk.test,0813562753,0813 562 753,1997-12-20,20/12/1997,board,safety_specialist,vmk0001,active,2020-07-10,10/07/2020,,,Dữ liệu nhân sự tổng hợp phục vụ kiểm thử tải.
vmk0296,Lý Khánh Châu,lykhanhchau.0296@vinamilk.test,0823570672,0823 570 672,1969-09-26,26/09/1969,warehouse_raw,forklift_operator,vmk0008,active,2021-12-21,21/12/2021,,,Dữ liệu nhân sự tổng hợp phục vụ kiểm thử tải.
vmk0297,Đặng Đức Anh,dangducanh.0297@vinamilk.test,0833578591,0833 578 591,1968-10-20,20/10/1968,laboratory,food_engineer,vmk0015,active,2022-05-07,07/05/2022,,,Dữ liệu nhân sự tổng hợp phục vụ kiểm thử tải.
vmk0298,Trịnh Xuân Thủy,trinhxuanthuy.0298@vinamilk.test,0843586510,0843 586 510,1999-03-10,10/03/1999,human_resources,human_resources_specialist,vmk0002,active,2023-10-18,18/10/2023,,,Dữ liệu nhân sự tổng hợp phục vụ kiểm thử tải.
vmk0299,Võ Ngọc Lâm,vongoclam.0299@vinamilk.test,0853594429,0853 594 429,2003-02-25,25/02/2003,warehouse_finished,warehouse_supervisor,vmk0009,active,2024-03-04,04/03/2024,,,Dữ liệu nhân sự tổng hợp phục vụ kiểm thử tải.
vmk0300,Trịnh Anh Quang,trinhanhquang.0300@vinamilk.test,0863602348,0863 602 348,1990-04-19,19/04/1990,marketing,software_engineer,vmk0017,active,2012-08-15,15/08/2012,,,Dữ liệu nhân sự tổng hợp phục vụ kiểm thử tải.
vmk0301,Hồ Hoài Hùng,hohoaihung.0301@vinamilk.test,0883610267,0883 610 267,1989-01-07,07/01/1989,procurement,maintenance_technician,vmk0004,active,2013-01-01,01/01/2013,,,Dữ liệu nhân sự tổng hợp phục vụ kiểm thử tải.
vmk0302,Dương Công Trung,duongcongtrung.0302@vinamilk.test,0893618186,0893 618 186,1981-06-23,23/06/1981,production_yogurt,production_supervisor,vmk0011,active,2014-06-12,12/06/2014,,,Dữ liệu nhân sự tổng hợp phục vụ kiểm thử tải.
vmk0303,Phan Thanh Nga,phanthanhnga.0303@vinamilk.test,0903626105,0903 626 105,1966-07-08,08/07/1966,information_technology,software_engineer,vmk0018,active,2015-11-23,23/11/2015,,,Dữ liệu nhân sự tổng hợp phục vụ kiểm thử tải.
vmk0304,Nguyễn Bảo Vinh,nguyenbaovinh.0304@vinamilk.test,0913634024,0913 634 024,1980-02-05,05/02/1980,quality_assurance,laboratory_technician,vmk0005,active,2016-04-09,09/04/2016,,,Dữ liệu nhân sự tổng hợp phục vụ kiểm thử tải.
vmk0305,Ngô Ngọc Thịnh,ngongocthinh.0305@vinamilk.test,0933641943,0933 641 943,1994-03-17,17/03/1994,production_powder,food_engineer,vmk0012,active,2017-09-20,20/09/2017,,,Dữ liệu nhân sự tổng hợp phục vụ kiểm thử tải.
vmk0306,Đỗ Khánh Cường,dokhanhcuong.0306@vinamilk.test,0943649862,0943 649 862,1979-01-23,23/01/1979,safety_environment,supply_chain_specialist,vmk0019,active,2018-02-06,06/02/2018,,,Dữ liệu nhân sự tổng hợp phục vụ kiểm thử tải.
vmk0307,Phạm Thị Vinh,phamthivinh.0307@vinamilk.test,0963657781,0963 657 781,1985-04-13,13/04/1985,research_development,accountant,vmk0006,active,2019-07-17,17/07/2019,,,Dữ liệu nhân sự tổng hợp phục vụ kiểm thử tải.
vmk0308,Lê Hữu Lan,lehuulan.0308@vinamilk.test,0973665700,0973 665 700,1984-09-26,26/09/1984,production_beverage,food_engineer,vmk0013,active,2020-12-03,03/12/2020,,,Dữ liệu nhân sự tổng hợp phục vụ kiểm thử tải.
vmk0309,Lý Đức Vinh,lyducvinh.0309@vinamilk.test,0983673619,0983 673 619,1967-03-02,02/03/1967,planning,system_administrator,vmk0020,active,2021-05-14,14/05/2021,,,Dữ liệu nhân sự tổng hợp phục vụ kiểm thử tải.
vmk0310,Tạ Đức An,taducan.0310@vinamilk.test,0993681538,0993 681 538,1975-04-06,06/04/1975,supply_chain,administrative_staff,vmk0007,active,2022-10-25,25/10/2022,,,Dữ liệu nhân sự tổng hợp phục vụ kiểm thử tải.
vmk0311,Huỳnh Tuấn Ngọc,huynhtuanngoc.0311@vinamilk.test,0323689457,0323 689 457,1974-02-13,13/02/1974,maintenance,maintenance_technician,vmk0014,active,2023-03-11,11/03/2023,,,Dữ liệu nhân sự tổng hợp phục vụ kiểm thử tải.
vmk0312,Đỗ Văn Hải,dovanhai.0312@vinamilk.test,0333697376,0333 697 376,2003-10-09,09/10/2003,board,warehouse_supervisor,vmk0001,active,2024-08-22,22/08/2024,,,Dữ liệu nhân sự tổng hợp phục vụ kiểm thử tải.
vmk0313,Bùi Khánh Huyền,buikhanhhuyen.0313@vinamilk.test,0343705295,0343 705 295,1967-07-18,18/07/1967,warehouse_finished,warehouse_keeper,vmk0009,active,2012-01-08,08/01/2012,,,Dữ liệu nhân sự tổng hợp phục vụ kiểm thử tải.
vmk0314,Dương Phương Quang,duongphuongquang.0314@vinamilk.test,0353713214,0353 713 214,1988-02-23,23/02/1988,sales,sales_specialist,vmk0016,active,2013-06-19,19/06/2013,,,Dữ liệu nhân sự tổng hợp phục vụ kiểm thử tải.
vmk0315,Hoàng Khánh Hiền,hoangkhanhhien.0315@vinamilk.test,0363721133,0363 721 133,1989-07-04,04/07/1989,finance,software_engineer,vmk0003,active,2014-11-05,05/11/2014,,,Dữ liệu nhân sự tổng hợp phục vụ kiểm thử tải.
vmk0316,Lý Xuân Tâm,lyxuantam.0316@vinamilk.test,0373729052,0373 729 052,1981-04-18,18/04/1981,production_fresh_milk,food_engineer,vmk0010,active,2015-04-16,16/04/2015,,,Dữ liệu nhân sự tổng hợp phục vụ kiểm thử tải.
vmk0317,Huỳnh Trọng Lan,huynhtronglan.0317@vinamilk.test,0383736971,0383 736 971,1981-03-08,08/03/1981,marketing,research_specialist,vmk0017,active,2016-09-02,02/09/2016,,,Dữ liệu nhân sự tổng hợp phục vụ kiểm thử tải.
vmk0318,Võ Ngọc Nhân,vongocnhan.0318@vinamilk.test,0393744890,0393 744 890,1979-12-15,15/12/1979,procurement,warehouse_supervisor,vmk0004,active,2017-02-13,13/02/2017,,,Dữ liệu nhân sự tổng hợp phục vụ kiểm thử tải.
vmk0319,Đinh Nhật Nhân,dinhnhatnhan.0319@vinamilk.test,0563752809,0563 752 809,1996-02-13,13/02/1996,production_yogurt,production_supervisor,vmk0011,active,2018-07-24,24/07/2018,,,Dữ liệu nhân sự tổng hợp phục vụ kiểm thử tải.
vmk0320,Lý Diệu Tiến,lydieutien.0320@vinamilk.test,0583760728,0583 760 728,1973-02-18,18/02/1973,information_technology,system_administrator,vmk0018,active,2019-12-10,10/12/2019,,,Dữ liệu nhân sự tổng hợp phục vụ kiểm thử tải.
vmk0321,Võ Ngọc Ngân,vongocngan.0321@vinamilk.test,0703768647,0703 768 647,1986-08-24,24/08/1986,quality_assurance,food_engineer,vmk0005,active,2020-05-21,21/05/2020,,,Dữ liệu nhân sự tổng hợp phục vụ kiểm thử tải.
vmk0322,Lý Thị Hạnh,lythihanh.0322@vinamilk.test,0763776566,0763 776 566,1985-08-22,22/08/1985,production_powder,food_engineer,vmk0012,active,2021-10-07,07/10/2021,,,Dữ liệu nhân sự tổng hợp phục vụ kiểm thử tải.
vmk0323,Lê Thị Chi,lethichi.0323@vinamilk.test,0773784485,0773 784 485,1966-08-26,26/08/1966,safety_environment,supply_chain_specialist,vmk0019,active,2022-03-18,18/03/2022,,,Dữ liệu nhân sự tổng hợp phục vụ kiểm thử tải.
vmk0324,Trịnh Đức Hạnh,trinhduchanh.0324@vinamilk.test,0783792404,0783 792 404,1986-04-06,06/04/1986,research_development,production_supervisor,vmk0006,active,2023-08-04,04/08/2023,,,Dữ liệu nhân sự tổng hợp phục vụ kiểm thử tải.
vmk0325,Đặng Minh Vinh,dangminhvinh.0325@vinamilk.test,0793800323,0793 800 323,1971-10-03,03/10/1971,production_beverage,production_supervisor,vmk0013,active,2024-01-15,15/01/2024,,,Dữ liệu nhân sự tổng hợp phục vụ kiểm thử tải.
vmk0326,Trần Thùy Hoàng,tranthuyhoang.0326@vinamilk.test,0813808242,0813 808 242,1981-01-16,16/01/1981,board,marketing_specialist,vmk0001,active,2012-06-01,01/06/2012,,,Dữ liệu nhân sự tổng hợp phục vụ kiểm thử tải.
vmk0327,Tạ Khánh Mai,takhanhmai.0327@vinamilk.test,0823816161,0823 816 161,1965-03-19,19/03/1965,warehouse_raw,warehouse_keeper,vmk0008,active,2013-11-12,12/11/2013,,,Dữ liệu nhân sự tổng hợp phục vụ kiểm thử tải.
vmk0328,Nguyễn Minh Linh,nguyenminhlinh.0328@vinamilk.test,0833824080,0833 824 080,1978-08-18,18/08/1978,laboratory,food_engineer,vmk0015,active,2014-04-23,23/04/2014,,,Dữ liệu nhân sự tổng hợp phục vụ kiểm thử tải.
vmk0329,Lê Đức Lâm,leduclam.0329@vinamilk.test,0843831999,0843 831 999,1982-09-01,01/09/1982,human_resources,laboratory_technician,vmk0002,active,2015-09-09,09/09/2015,,,Dữ liệu nhân sự tổng hợp phục vụ kiểm thử tải.
vmk0330,Đặng Trọng Nhân,dangtrongnhan.0330@vinamilk.test,0853839918,0853 839 918,1973-03-11,11/03/1973,warehouse_finished,forklift_operator,vmk0009,active,2016-02-20,20/02/2016,,,Dữ liệu nhân sự tổng hợp phục vụ kiểm thử tải.
vmk0331,Phạm Kim Minh,phamkimminh.0331@vinamilk.test,0863847837,0863 847 837,1976-01-19,19/01/1976,sales,warehouse_keeper,vmk0016,active,2017-07-06,06/07/2017,,,Dữ liệu nhân sự tổng hợp phục vụ kiểm thử tải.
vmk0332,Hoàng Nhật Khánh,hoangnhatkhanh.0332@vinamilk.test,0883855756,0883 855 756,1985-01-20,20/01/1985,finance,quality_manager,vmk0003,active,2018-12-17,17/12/2018,,,Dữ liệu nhân sự tổng hợp phục vụ kiểm thử tải.
vmk0333,Phan Hồng Anh,phanhonganh.0333@vinamilk.test,0893863675,0893 863 675,1968-06-06,06/06/1968,production_fresh_milk,production_operator,vmk0010,active,2019-05-03,03/05/2019,,,Dữ liệu nhân sự tổng hợp phục vụ kiểm thử tải.
vmk0334,Trịnh Bảo Thư,trinhbaothu.0334@vinamilk.test,0903871594,0903 871 594,1967-11-03,03/11/1967,marketing,system_administrator,vmk0017,active,2020-10-14,14/10/2020,,,Dữ liệu nhân sự tổng hợp phục vụ kiểm thử tải.
vmk0335,Ngô Công My,ngocongmy.0335@vinamilk.test,0913879513,0913 879 513,1981-04-06,06/04/1981,procurement,production_supervisor,vmk0004,active,2021-03-25,25/03/2021,,,Dữ liệu nhân sự tổng hợp phục vụ kiểm thử tải.
vmk0336,Ngô Công Tú,ngocongtu.0336@vinamilk.test,0933887432,0933 887 432,1979-04-19,19/04/1979,production_yogurt,production_supervisor,vmk0011,active,2022-08-11,11/08/2022,,,Dữ liệu nhân sự tổng hợp phục vụ kiểm thử tải.
vmk0337,Vũ Thanh Bình,vuthanhbinh.0337@vinamilk.test,0943895351,0943 895 351,1998-12-06,06/12/1998,information_technology,software_engineer,vmk0018,active,2023-01-22,22/01/2023,,,Dữ liệu nhân sự tổng hợp phục vụ kiểm thử tải.
vmk0338,Đặng Đức Phương,dangducphuong.0338@vinamilk.test,0963903270,0963 903 270,1979-01-07,07/01/1979,quality_assurance,quality_engineer,vmk0005,active,2024-06-08,08/06/2024,,,Dữ liệu nhân sự tổng hợp phục vụ kiểm thử tải.
vmk0339,Bùi Hoài Nga,buihoainga.0339@vinamilk.test,0973911189,0973 911 189,1971-09-14,14/09/1971,production_beverage,food_engineer,vmk0013,active,2012-11-19,19/11/2012,,,Dữ liệu nhân sự tổng hợp phục vụ kiểm thử tải.
vmk0340,Vũ Diệu Sơn,vudieuson.0340@vinamilk.test,0983919108,0983 919 108,1992-04-06,06/04/1992,planning,software_engineer,vmk0020,active,2013-04-05,05/04/2013,,,Dữ liệu nhân sự tổng hợp phục vụ kiểm thử tải.
vmk0341,Tạ Thanh Cường,tathanhcuong.0341@vinamilk.test,0993927027,0993 927 027,1979-11-20,20/11/1979,supply_chain,food_engineer,vmk0007,active,2014-09-16,16/09/2014,,,Dữ liệu nhân sự tổng hợp phục vụ kiểm thử tải.
vmk0342,Nguyễn Kim Trí,nguyenkimtri.0342@vinamilk.test,0323934946,0323 934 946,1977-06-16,16/06/1977,maintenance,maintenance_engineer,vmk0014,active,2015-02-02,02/02/2015,,,Dữ liệu nhân sự tổng hợp phục vụ kiểm thử tải.
vmk0343,Bùi Hữu Yến,buihuuyen.0343@vinamilk.test,0333942865,0333 942 865,1969-09-08,08/09/1969,board,forklift_operator,vmk0001,active,2016-07-13,13/07/2016,,,Dữ liệu nhân sự tổng hợp phục vụ kiểm thử tải.
vmk0344,Lê Hoài My,lehoaimy.0344@vinamilk.test,0343950784,0343 950 784,1986-02-05,05/02/1986,warehouse_raw,warehouse_supervisor,vmk0008,active,2017-12-24,24/12/2017,,,Dữ liệu nhân sự tổng hợp phục vụ kiểm thử tải.
vmk0345,Trần Hồng Huyền,tranhonghuyen.0345@vinamilk.test,0353958703,0353 958 703,1998-05-24,24/05/1998,laboratory,food_engineer,vmk0015,active,2018-05-10,10/05/2018,,,Dữ liệu nhân sự tổng hợp phục vụ kiểm thử tải.
vmk0346,Lê Văn Thịnh,levanthinh.0346@vinamilk.test,0363966622,0363 966 622,1973-07-24,24/07/1973,human_resources,safety_specialist,vmk0002,active,2019-10-21,21/10/2019,,,Dữ liệu nhân sự tổng hợp phục vụ kiểm thử tải.
vmk0347,Đỗ Phương Phúc,dophuongphuc.0347@vinamilk.test,0373974541,0373 974 541,1993-06-17,17/06/1993,warehouse_finished,warehouse_keeper,vmk0009,active,2020-03-07,07/03/2020,,,Dữ liệu nhân sự tổng hợp phục vụ kiểm thử tải.
vmk0348,Hồ Diệu Quyên,hodieuquyen.0348@vinamilk.test,0383982460,0383 982 460,1994-06-05,05/06/1994,sales,quality_manager,vmk0016,active,2021-08-18,18/08/2021,,,Dữ liệu nhân sự tổng hợp phục vụ kiểm thử tải.
vmk0349,Ngô Kim Tiến,ngokimtien.0349@vinamilk.test,0393990379,0393 990 379,1981-04-15,15/04/1981,finance,maintenance_engineer,vmk0003,active,2022-01-04,04/01/2022,,,Dữ liệu nhân sự tổng hợp phục vụ kiểm thử tải.
vmk0350,Đinh Diệu Thành,dinhdieuthanh.0350@vinamilk.test,0563998298,0563 998 298,1966-09-12,12/09/1966,production_fresh_milk,production_operator,vmk0010,active,2023-06-15,15/06/2023,,,Dữ liệu nhân sự tổng hợp phục vụ kiểm thử tải.
vmk0351,Dương Đình Phong,duongdinhphong.0351@vinamilk.test,0584006217,0584 006 217,1981-05-07,07/05/1981,marketing,warehouse_keeper,vmk0017,active,2024-11-01,01/11/2024,,,Dữ liệu nhân sự tổng hợp phục vụ kiểm thử tải.
vmk0352,Ngô Quang Quyên,ngoquangquyen.0352@vinamilk.test,0704014136,0704 014 136,1991-11-24,24/11/1991,quality_assurance,laboratory_technician,vmk0005,active,2012-04-12,12/04/2012,,,Dữ liệu nhân sự tổng hợp phục vụ kiểm thử tải.
vmk0353,Vũ Xuân Nhân,vuxuannhan.0353@vinamilk.test,0764022055,0764 022 055,1976-06-16,16/06/1976,production_powder,packaging_operator,vmk0012,active,2013-09-23,23/09/2013,,,Dữ liệu nhân sự tổng hợp phục vụ kiểm thử tải.
vmk0354,Mai Quang Tâm,maiquangtam.0354@vinamilk.test,0774029974,0774 029 974,1965-12-22,22/12/1965,safety_environment,system_administrator,vmk0019,active,2014-02-09,09/02/2014,,,Dữ liệu nhân sự tổng hợp phục vụ kiểm thử tải.
vmk0355,Bùi Tuấn Linh,buituanlinh.0355@vinamilk.test,0784037893,0784 037 893,1990-10-08,08/10/1990,research_development,laboratory_technician,vmk0006,active,2015-07-20,20/07/2015,,,Dữ liệu nhân sự tổng hợp phục vụ kiểm thử tải.
vmk0356,Võ Ngọc Tiến,vongoctien.0356@vinamilk.test,0794045812,0794 045 812,1993-07-20,20/07/1993,production_beverage,food_engineer,vmk0013,active,2016-12-06,06/12/2016,,,Dữ liệu nhân sự tổng hợp phục vụ kiểm thử tải.
vmk0357,Nguyễn Diệu Hiền,nguyendieuhien.0357@vinamilk.test,0814053731,0814 053 731,1983-09-28,28/09/1983,planning,financial_analyst,vmk0020,active,2017-05-17,17/05/2017,,,Dữ liệu nhân sự tổng hợp phục vụ kiểm thử tải.
vmk0358,Võ Mạnh Anh,vomanhanh.0358@vinamilk.test,0824061650,0824 061 650,1981-10-07,07/10/1981,supply_chain,maintenance_technician,vmk0007,active,2018-10-03,03/10/2018,,,Dữ liệu nhân sự tổng hợp phục vụ kiểm thử tải.
vmk0359,Huỳnh Hoài Tuấn,huynhhoaituan.0359@vinamilk.test,0834069569,0834 069 569,1980-01-17,17/01/1980,maintenance,maintenance_engineer,vmk0014,active,2019-03-14,14/03/2019,,,Dữ liệu nhân sự tổng hợp phục vụ kiểm thử tải.
vmk0360,Nguyễn Anh Việt,nguyenanhviet.0360@vinamilk.test,0844077488,0844 077 488,1992-12-20,20/12/1992,board,maintenance_technician,vmk0001,active,2020-08-25,25/08/2020,,,Dữ liệu nhân sự tổng hợp phục vụ kiểm thử tải.
vmk0361,Tạ Trọng Dũng,tatrongdung.0361@vinamilk.test,0854085407,0854 085 407,1974-04-14,14/04/1974,warehouse_raw,warehouse_keeper,vmk0008,active,2021-01-11,11/01/2021,,,Dữ liệu nhân sự tổng hợp phục vụ kiểm thử tải.
vmk0362,Ngô Trọng Ngọc,ngotrongngoc.0362@vinamilk.test,0864093326,0864 093 326,1975-12-10,10/12/1975,laboratory,food_engineer,vmk0015,active,2022-06-22,22/06/2022,,,Dữ liệu nhân sự tổng hợp phục vụ kiểm thử tải.
vmk0363,Ngô Thanh Hiền,ngothanhhien.0363@vinamilk.test,0884101245,0884 101 245,1969-07-13,13/07/1969,human_resources,packaging_operator,vmk0002,active,2023-11-08,08/11/2023,,,Dữ liệu nhân sự tổng hợp phục vụ kiểm thử tải.
vmk0364,Bùi Phương Quân,buiphuongquan.0364@vinamilk.test,0894109164,0894 109 164,1988-08-25,25/08/1988,warehouse_finished,warehouse_keeper,vmk0009,active,2024-04-19,19/04/2024,,,Dữ liệu nhân sự tổng hợp phục vụ kiểm thử tải.
vmk0365,Hoàng Diệu Quyên,hoangdieuquyen.0365@vinamilk.test,0904117083,0904 117 083,1992-02-25,25/02/1992,marketing,human_resources_specialist,vmk0017,active,2012-09-05,05/09/2012,,,Dữ liệu nhân sự tổng hợp phục vụ kiểm thử tải.
vmk0366,Trần Tuấn Hiền,trantuanhien.0366@vinamilk.test,0914125002,0914 125 002,1985-03-24,24/03/1985,procurement,quality_manager,vmk0004,active,2013-02-16,16/02/2013,,,Dữ liệu nhân sự tổng hợp phục vụ kiểm thử tải.
vmk0367,Bùi Khánh Trang,buikhanhtrang.0367@vinamilk.test,0934132921,0934 132 921,1993-05-02,02/05/1993,production_yogurt,food_engineer,vmk0011,active,2014-07-02,02/07/2014,,,Dữ liệu nhân sự tổng hợp phục vụ kiểm thử tải.
vmk0368,Tạ Hoài Hiền,tahoaihien.0368@vinamilk.test,0944140840,0944 140 840,1980-12-26,26/12/1980,information_technology,system_administrator,vmk0018,active,2015-12-13,13/12/2015,,,Dữ liệu nhân sự tổng hợp phục vụ kiểm thử tải.
vmk0369,Đặng Trọng Hiền,dangtronghien.0369@vinamilk.test,0964148759,0964 148 759,1995-12-16,16/12/1995,quality_assurance,laboratory_technician,vmk0005,active,2016-05-24,24/05/2016,,,Dữ liệu nhân sự tổng hợp phục vụ kiểm thử tải.
vmk0370,Đặng Trọng Hiếu,dangtronghieu.0370@vinamilk.test,0974156678,0974 156 678,1967-06-01,01/06/1967,production_powder,production_operator,vmk0012,active,2017-10-10,10/10/2017,,,Dữ liệu nhân sự tổng hợp phục vụ kiểm thử tải.
vmk0371,Huỳnh Kim Hà,huynhkimha.0371@vinamilk.test,0984164597,0984 164 597,1992-02-11,11/02/1992,safety_environment,quality_engineer,vmk0019,active,2018-03-21,21/03/2018,,,Dữ liệu nhân sự tổng hợp phục vụ kiểm thử tải.
vmk0372,Đặng Công Hiền,dangconghien.0372@vinamilk.test,0994172516,0994 172 516,1993-05-11,11/05/1993,research_development,food_engineer,vmk0006,active,2019-08-07,07/08/2019,,,Dữ liệu nhân sự tổng hợp phục vụ kiểm thử tải.
vmk0373,Nguyễn Anh Thu,nguyenanhthu.0373@vinamilk.test,0324180435,0324 180 435,1990-10-21,21/10/1990,production_beverage,production_supervisor,vmk0013,active,2020-01-18,18/01/2020,,,Dữ liệu nhân sự tổng hợp phục vụ kiểm thử tải.
vmk0374,Tạ Phương Giang,taphuonggiang.0374@vinamilk.test,0334188354,0334 188 354,1983-03-15,15/03/1983,planning,warehouse_keeper,vmk0020,active,2021-06-04,04/06/2021,,,Dữ liệu nhân sự tổng hợp phục vụ kiểm thử tải.
vmk0375,Phan Khánh Thảo,phankhanhthao.0375@vinamilk.test,0344196273,0344 196 273,1979-04-12,12/04/1979,supply_chain,accountant,vmk0007,active,2022-11-15,15/11/2022,,,Dữ liệu nhân sự tổng hợp phục vụ kiểm thử tải.
vmk0376,Hoàng Thanh Nam,hoangthanhnam.0376@vinamilk.test,0354204192,0354 204 192,1965-01-24,24/01/1965,maintenance,maintenance_engineer,vmk0014,active,2023-04-01,01/04/2023,,,Dữ liệu nhân sự tổng hợp phục vụ kiểm thử tải.
vmk0377,Trần Thị Đức,tranthiduc.0377@vinamilk.test,0364212111,0364 212 111,1986-01-25,25/01/1986,board,system_administrator,vmk0001,active,2024-09-12,12/09/2024,,,Dữ liệu nhân sự tổng hợp phục vụ kiểm thử tải.
vmk0378,Ngô Diệu Vinh,ngodieuvinh.0378@vinamilk.test,0374220030,0374 220 030,1977-07-20,20/07/1977,warehouse_finished,forklift_operator,vmk0009,active,2012-02-23,23/02/2012,,,Dữ liệu nhân sự tổng hợp phục vụ kiểm thử tải.
vmk0379,Phan Hữu Mai,phanhuumai.0379@vinamilk.test,0384227949,0384 227 949,1981-05-23,23/05/1981,sales,software_engineer,vmk0016,active,2013-07-09,09/07/2013,,,Dữ liệu nhân sự tổng hợp phục vụ kiểm thử tải.
vmk0380,Đinh Mạnh Vinh,dinhmanhvinh.0380@vinamilk.test,0394235868,0394 235 868,1965-11-09,09/11/1965,finance,sales_specialist,vmk0003,active,2014-12-20,20/12/2014,,,Dữ liệu nhân sự tổng hợp phục vụ kiểm thử tải.
vmk0381,Vũ Bảo An,vubaoan.0381@vinamilk.test,0564243787,0564 243 787,1988-03-05,05/03/1988,production_fresh_milk,production_supervisor,vmk0010,active,2015-05-06,06/05/2015,,,Dữ liệu nhân sự tổng hợp phục vụ kiểm thử tải.
vmk0382,Bùi Kim Thành,buikimthanh.0382@vinamilk.test,0584251706,0584 251 706,1979-12-01,01/12/1979,marketing,maintenance_technician,vmk0017,active,2016-10-17,17/10/2016,,,Dữ liệu nhân sự tổng hợp phục vụ kiểm thử tải.
vmk0383,Mai Diệu Long,maidieulong.0383@vinamilk.test,0704259625,0704 259 625,1978-05-31,31/05/1978,procurement,administrative_staff,vmk0004,active,2017-03-03,03/03/2017,,,Dữ liệu nhân sự tổng hợp phục vụ kiểm thử tải.
vmk0384,Nguyễn Kim Nhân,nguyenkimnhan.0384@vinamilk.test,0764267544,0764 267 544,1969-07-06,06/07/1969,production_yogurt,packaging_operator,vmk0011,active,2018-08-14,14/08/2018,,,Dữ liệu nhân sự tổng hợp phục vụ kiểm thử tải.
vmk0385,Đặng Trọng Quang,dangtrongquang.0385@vinamilk.test,0774275463,0774 275 463,1994-10-12,12/10/1994,information_technology,system_administrator,vmk0018,active,2019-01-25,25/01/2019,,,Dữ liệu nhân sự tổng hợp phục vụ kiểm thử tải.
vmk0386,Phạm Diệu Dũng,phamdieudung.0386@vinamilk.test,0784283382,0784 283 382,1999-11-22,22/11/1999,quality_assurance,food_engineer,vmk0005,active,2020-06-11,11/06/2020,,,Dữ liệu nhân sự tổng hợp phục vụ kiểm thử tải.
vmk0387,Vũ Gia Tiến,vugiatien.0387@vinamilk.test,0794291301,0794 291 301,1972-04-13,13/04/1972,production_powder,production_operator,vmk0012,active,2021-11-22,22/11/2021,,,Dữ liệu nhân sự tổng hợp phục vụ kiểm thử tải.
vmk0388,Phạm Quang Giang,phamquanggiang.0388@vinamilk.test,0814299220,0814 299 220,1991-04-09,09/04/1991,safety_environment,payroll_specialist,vmk0019,active,2022-04-08,08/04/2022,,,Dữ liệu nhân sự tổng hợp phục vụ kiểm thử tải.
vmk0389,Đỗ Công Long,doconglong.0389@vinamilk.test,0824307139,0824 307 139,1989-06-24,24/06/1989,research_development,quality_manager,vmk0006,active,2023-09-19,19/09/2023,,,Dữ liệu nhân sự tổng hợp phục vụ kiểm thử tải.
vmk0390,Lê Thị Châu,lethichau.0390@vinamilk.test,0834315058,0834 315 058,1973-11-11,11/11/1973,production_beverage,production_operator,vmk0013,active,2024-02-05,05/02/2024,,,Dữ liệu nhân sự tổng hợp phục vụ kiểm thử tải.
vmk0391,Đỗ Hoài Đức,dohoaiduc.0391@vinamilk.test,0844322977,0844 322 977,1972-07-19,19/07/1972,board,payroll_specialist,vmk0001,active,2012-07-16,16/07/2012,,,Dữ liệu nhân sự tổng hợp phục vụ kiểm thử tải.
vmk0392,Đinh Kim Quyên,dinhkimquyen.0392@vinamilk.test,0854330896,0854 330 896,1970-08-10,10/08/1970,warehouse_raw,warehouse_supervisor,vmk0008,active,2013-12-02,02/12/2013,,,Dữ liệu nhân sự tổng hợp phục vụ kiểm thử tải.
vmk0393,Lê Trọng Dũng,letrongdung.0393@vinamilk.test,0864338815,0864 338 815,1995-06-21,21/06/1995,laboratory,food_engineer,vmk0015,active,2014-05-13,13/05/2014,,,Dữ liệu nhân sự tổng hợp phục vụ kiểm thử tải.
vmk0394,Tạ Thị Phương,tathiphuong.0394@vinamilk.test,0884346734,0884 346 734,1987-01-18,18/01/1987,human_resources,administrative_staff,vmk0002,active,2015-10-24,24/10/2015,,,Dữ liệu nhân sự tổng hợp phục vụ kiểm thử tải.
vmk0395,Hồ Quang Hoàng,hoquanghoang.0395@vinamilk.test,0894354653,0894 354 653,1977-12-16,16/12/1977,warehouse_finished,forklift_operator,vmk0009,active,2016-03-10,10/03/2016,,,Dữ liệu nhân sự tổng hợp phục vụ kiểm thử tải.
vmk0396,Phan Nhật Tâm,phannhattam.0396@vinamilk.test,0904362572,0904 362 572,1973-10-14,14/10/1973,sales,production_operator,vmk0016,active,2017-08-21,21/08/2017,,,Dữ liệu nhân sự tổng hợp phục vụ kiểm thử tải.
vmk0397,Huỳnh Ngọc Vinh,huynhngocvinh.0397@vinamilk.test,0914370491,0914 370 491,1971-07-03,03/07/1971,finance,administrative_staff,vmk0003,active,2018-01-07,07/01/2018,,,Dữ liệu nhân sự tổng hợp phục vụ kiểm thử tải.
vmk0398,Bùi Mạnh Quyên,buimanhquyen.0398@vinamilk.test,0934378410,0934 378 410,1967-03-07,07/03/1967,production_fresh_milk,production_supervisor,vmk0010,active,2019-06-18,18/06/2019,,,Dữ liệu nhân sự tổng hợp phục vụ kiểm thử tải.
vmk0399,Lý Đình Phương,lydinhphuong.0399@vinamilk.test,0944386329,0944 386 329,1965-12-13,13/12/1965,marketing,production_supervisor,vmk0017,active,2020-11-04,04/11/2020,,,Dữ liệu nhân sự tổng hợp phục vụ kiểm thử tải.
vmk0400,Lê Tuấn Huyền,letuanhuyen.0400@vinamilk.test,0964394248,0964 394 248,2001-05-13,13/05/2001,procurement,food_engineer,vmk0004,active,2021-04-15,15/04/2021,,,Dữ liệu nhân sự tổng hợp phục vụ kiểm thử tải.
vmk0401,Tạ Trọng Huyền,tatronghuyen.0401@vinamilk.test,0974402167,0974 402 167,1989-08-21,21/08/1989,production_yogurt,food_engineer,vmk0011,active,2022-09-01,01/09/2022,,,Dữ liệu nhân sự tổng hợp phục vụ kiểm thử tải.
vmk0402,Vũ Hoài Anh,vuhoaianh.0402@vinamilk.test,0984410086,0984 410 086,1993-09-02,02/09/1993,information_technology,system_administrator,vmk0018,active,2023-02-12,12/02/2023,,,Dữ liệu nhân sự tổng hợp phục vụ kiểm thử tải.
vmk0403,Nguyễn Khánh Cường,nguyenkhanhcuong.0403@vinamilk.test,0994418005,0994 418 005,1995-03-12,12/03/1995,quality_assurance,food_engineer,vmk0005,active,2024-07-23,23/07/2024,,,Dữ liệu nhân sự tổng hợp phục vụ kiểm thử tải.
vmk0404,Trần Anh Phương,trananhphuong.0404@vinamilk.test,0324425924,0324 425 924,1990-05-22,22/05/1990,production_beverage,production_operator,vmk0013,active,2012-12-09,09/12/2012,,,Dữ liệu nhân sự tổng hợp phục vụ kiểm thử tải.
vmk0405,Đỗ Hữu Nam,dohuunam.0405@vinamilk.test,0334433843,0334 433 843,1974-02-23,23/02/1974,planning,warehouse_supervisor,vmk0020,active,2013-05-20,20/05/2013,,,Dữ liệu nhân sự tổng hợp phục vụ kiểm thử tải.
vmk0406,Đinh Khánh Nam,dinhkhanhnam.0406@vinamilk.test,0344441762,0344 441 762,1978-10-23,23/10/1978,supply_chain,supply_chain_specialist,vmk0007,active,2014-10-06,06/10/2014,,,Dữ liệu nhân sự tổng hợp phục vụ kiểm thử tải.
vmk0407,Hoàng Công Dũng,hoangcongdung.0407@vinamilk.test,0354449681,0354 449 681,1974-09-13,13/09/1974,maintenance,maintenance_technician,vmk0014,active,2015-03-17,17/03/2015,,,Dữ liệu nhân sự tổng hợp phục vụ kiểm thử tải.
vmk0408,Mai Văn Khánh,maivankhanh.0408@vinamilk.test,0364457600,0364 457 600,1989-02-21,21/02/1989,board,procurement_specialist,vmk0001,active,2016-08-03,03/08/2016,,,Dữ liệu nhân sự tổng hợp phục vụ kiểm thử tải.
vmk0409,Nguyễn Quang Trang,nguyenquangtrang.0409@vinamilk.test,0374465519,0374 465 519,1995-04-18,18/04/1995,warehouse_raw,warehouse_supervisor,vmk0008,active,2017-01-14,14/01/2017,,,Dữ liệu nhân sự tổng hợp phục vụ kiểm thử tải.
vmk0410,Phan Nhật Yến,phannhatyen.0410@vinamilk.test,0384473438,0384 473 438,1997-05-24,24/05/1997,laboratory,quality_engineer,vmk0015,active,2018-06-25,25/06/2018,,,Dữ liệu nhân sự tổng hợp phục vụ kiểm thử tải.
vmk0411,Dương Công Thành,duongcongthanh.0411@vinamilk.test,0394481357,0394 481 357,1970-05-21,21/05/1970,human_resources,packaging_operator,vmk0002,active,2019-11-11,11/11/2019,,,Dữ liệu nhân sự tổng hợp phục vụ kiểm thử tải.
vmk0412,Huỳnh Hoài Lan,huynhhoailan.0412@vinamilk.test,0564489276,0564 489 276,1997-02-03,03/02/1997,warehouse_finished,forklift_operator,vmk0009,active,2020-04-22,22/04/2020,,,Dữ liệu nhân sự tổng hợp phục vụ kiểm thử tải.
vmk0413,Mai Kim Nhân,maikimnhan.0413@vinamilk.test,0584497195,0584 497 195,1999-11-07,07/11/1999,sales,supply_chain_specialist,vmk0016,active,2021-09-08,08/09/2021,,,Dữ liệu nhân sự tổng hợp phục vụ kiểm thử tải.
vmk0414,Lý Hồng Mai,lyhongmai.0414@vinamilk.test,0704505114,0704 505 114,1996-07-12,12/07/1996,finance,sales_specialist,vmk0003,active,2022-02-19,19/02/2022,,,Dữ liệu nhân sự tổng hợp phục vụ kiểm thử tải.
vmk0415,Hoàng Ngọc Việt,hoangngocviet.0415@vinamilk.test,0764513033,0764 513 033,1988-05-30,30/05/1988,production_fresh_milk,packaging_operator,vmk0010,active,2023-07-05,05/07/2023,,,Dữ liệu nhân sự tổng hợp phục vụ kiểm thử tải.
vmk0416,Phạm Mạnh Quân,phammanhquan.0416@vinamilk.test,0774520952,0774 520 952,1983-09-19,19/09/1983,marketing,research_specialist,vmk0017,active,2024-12-16,16/12/2024,,,Dữ liệu nhân sự tổng hợp phục vụ kiểm thử tải.
vmk0417,Phạm Hoài Hoàng,phamhoaihoang.0417@vinamilk.test,0784528871,0784 528 871,1978-12-25,25/12/1978,quality_assurance,laboratory_technician,vmk0005,active,2012-05-02,02/05/2012,,,Dữ liệu nhân sự tổng hợp phục vụ kiểm thử tải.
vmk0418,Vũ Nhật Ngọc,vunhatngoc.0418@vinamilk.test,0794536790,0794 536 790,1986-12-21,21/12/1986,production_powder,production_operator,vmk0012,active,2013-10-13,13/10/2013,,,Dữ liệu nhân sự tổng hợp phục vụ kiểm thử tải.
vmk0419,Dương Anh Tiến,duonganhtien.0419@vinamilk.test,0814544709,0814 544 709,1971-07-31,31/07/1971,safety_environment,packaging_operator,vmk0019,active,2014-03-24,24/03/2014,,,Dữ liệu nhân sự tổng hợp phục vụ kiểm thử tải.
vmk0420,Đinh Anh Đạt,dinhanhdat.0420@vinamilk.test,0824552628,0824 552 628,1984-05-22,22/05/1984,research_development,warehouse_keeper,vmk0006,active,2015-08-10,10/08/2015,,,Dữ liệu nhân sự tổng hợp phục vụ kiểm thử tải.
vmk0421,Ngô Khánh Ngân,ngokhanhngan.0421@vinamilk.test,0834560547,0834 560 547,1980-06-01,01/06/1980,production_beverage,packaging_operator,vmk0013,active,2016-01-21,21/01/2016,,,Dữ liệu nhân sự tổng hợp phục vụ kiểm thử tải.
vmk0422,Đinh Văn Hải,dinhvanhai.0422@vinamilk.test,0844568466,0844 568 466,1968-06-13,13/06/1968,planning,production_operator,vmk0020,active,2017-06-07,07/06/2017,,,Dữ liệu nhân sự tổng hợp phục vụ kiểm thử tải.
vmk0423,Ngô Khánh Tâm,ngokhanhtam.0423@vinamilk.test,0854576385,0854 576 385,2000-04-21,21/04/2000,supply_chain,quality_engineer,vmk0007,active,2018-11-18,18/11/2018,,,Dữ liệu nhân sự tổng hợp phục vụ kiểm thử tải.
vmk0424,Ngô Thùy Tuấn,ngothuytuan.0424@vinamilk.test,0864584304,0864 584 304,1999-03-25,25/03/1999,maintenance,maintenance_engineer,vmk0014,active,2019-04-04,04/04/2019,,,Dữ liệu nhân sự tổng hợp phục vụ kiểm thử tải.
vmk0425,Đỗ Thanh Nhi,dothanhnhi.0425@vinamilk.test,0884592223,0884 592 223,1995-04-14,14/04/1995,board,warehouse_supervisor,vmk0001,active,2020-09-15,15/09/2020,,,Dữ liệu nhân sự tổng hợp phục vụ kiểm thử tải.
vmk0426,Trịnh Đình Khánh,trinhdinhkhanh.0426@vinamilk.test,0894600142,0894 600 142,2000-08-29,29/08/2000,warehouse_raw,warehouse_keeper,vmk0008,active,2021-02-01,01/02/2021,,,Dữ liệu nhân sự tổng hợp phục vụ kiểm thử tải.
vmk0427,Bùi Văn An,buivanan.0427@vinamilk.test,0904608061,0904 608 061,1990-11-06,06/11/1990,laboratory,laboratory_technician,vmk0015,active,2022-07-12,12/07/2022,,,Dữ liệu nhân sự tổng hợp phục vụ kiểm thử tải.
vmk0428,Võ Kim Chi,vokimchi.0428@vinamilk.test,0914615980,0914 615 980,2002-11-21,21/11/2002,human_resources,laboratory_technician,vmk0002,active,2023-12-23,23/12/2023,,,Dữ liệu nhân sự tổng hợp phục vụ kiểm thử tải.
vmk0429,Đỗ Ngọc Huy,dongochuy.0429@vinamilk.test,0934623899,0934 623 899,1981-07-12,12/07/1981,warehouse_finished,warehouse_supervisor,vmk0009,active,2024-05-09,09/05/2024,,,Dữ liệu nhân sự tổng hợp phục vụ kiểm thử tải.
vmk0430,Đỗ Đình Nam,dodinhnam.0430@vinamilk.test,0944631818,0944 631 818,1968-02-06,06/02/1968,marketing,administrative_staff,vmk0017,active,2012-10-20,20/10/2012,,,Dữ liệu nhân sự tổng hợp phục vụ kiểm thử tải.
vmk0431,Bùi Thùy My,buithuymy.0431@vinamilk.test,0964639737,0964 639 737,1993-06-17,17/06/1993,procurement,system_administrator,vmk0004,active,2013-03-06,06/03/2013,,,Dữ liệu nhân sự tổng hợp phục vụ kiểm thử tải.
vmk0432,Dương Hoài My,duonghoaimy.0432@vinamilk.test,0974647656,0974 647 656,1979-05-17,17/05/1979,production_yogurt,production_supervisor,vmk0011,active,2014-08-17,17/08/2014,,,Dữ liệu nhân sự tổng hợp phục vụ kiểm thử tải.
vmk0433,Nguyễn Tuấn Nga,nguyentuannga.0433@vinamilk.test,0984655575,0984 655 575,1984-10-24,24/10/1984,information_technology,software_engineer,vmk0018,active,2015-01-03,03/01/2015,,,Dữ liệu nhân sự tổng hợp phục vụ kiểm thử tải.
vmk0434,Ngô Nhật Trang,ngonhattrang.0434@vinamilk.test,0994663494,0994 663 494,1986-08-06,06/08/1986,quality_assurance,food_engineer,vmk0005,active,2016-06-14,14/06/2016,,,Dữ liệu nhân sự tổng hợp phục vụ kiểm thử tải.
vmk0435,Mai Minh Uyên,maiminhuyen.0435@vinamilk.test,0324671413,0324 671 413,1986-08-22,22/08/1986,production_powder,packaging_operator,vmk0012,active,2017-11-25,25/11/2017,,,Dữ liệu nhân sự tổng hợp phục vụ kiểm thử tải.
vmk0436,Võ Nhật Huyền,vonhathuyen.0436@vinamilk.test,0334679332,0334 679 332,1977-03-29,29/03/1977,safety_environment,sales_specialist,vmk0019,active,2018-04-11,11/04/2018,,,Dữ liệu nhân sự tổng hợp phục vụ kiểm thử tải.
vmk0437,Hoàng Anh Đạt,hoanganhdat.0437@vinamilk.test,0344687251,0344 687 251,1979-06-23,23/06/1979,research_development,forklift_operator,vmk0006,active,2019-09-22,22/09/2019,,,Dữ liệu nhân sự tổng hợp phục vụ kiểm thử tải.
vmk0438,Dương Nhật Nam,duongnhatnam.0438@vinamilk.test,0354695170,0354 695 170,1977-07-25,25/07/1977,production_beverage,food_engineer,vmk0013,active,2020-02-08,08/02/2020,,,Dữ liệu nhân sự tổng hợp phục vụ kiểm thử tải.
vmk0439,Lê Văn Hạnh,levanhanh.0439@vinamilk.test,0364703089,0364 703 089,1978-12-07,07/12/1978,planning,accountant,vmk0020,active,2021-07-19,19/07/2021,,,Dữ liệu nhân sự tổng hợp phục vụ kiểm thử tải.
vmk0440,Lê Minh My,leminhmy.0440@vinamilk.test,0374711008,0374 711 008,1979-12-03,03/12/1979,supply_chain,safety_specialist,vmk0007,active,2022-12-05,05/12/2022,,,Dữ liệu nhân sự tổng hợp phục vụ kiểm thử tải.
vmk0441,Trịnh Gia Khánh,trinhgiakhanh.0441@vinamilk.test,0384718927,0384 718 927,1976-10-14,14/10/1976,maintenance,maintenance_technician,vmk0014,active,2023-05-16,16/05/2023,,,Dữ liệu nhân sự tổng hợp phục vụ kiểm thử tải.
vmk0442,Đỗ Thị Hiền,dothihien.0442@vinamilk.test,0394726846,0394 726 846,1965-01-30,30/01/1965,board,food_engineer,vmk0001,active,2024-10-02,02/10/2024,,,Dữ liệu nhân sự tổng hợp phục vụ kiểm thử tải.
vmk0443,Nguyễn Hồng Uyên,nguyenhonguyen.0443@vinamilk.test,0564734765,0564 734 765,1971-08-04,04/08/1971,warehouse_finished,forklift_operator,vmk0009,active,2012-03-13,13/03/2012,,,Dữ liệu nhân sự tổng hợp phục vụ kiểm thử tải.
vmk0444,Đặng Ngọc Phúc,dangngocphuc.0444@vinamilk.test,0584742684,0584 742 684,1977-11-22,22/11/1977,sales,software_engineer,vmk0016,active,2013-08-24,24/08/2013,,,Dữ liệu nhân sự tổng hợp phục vụ kiểm thử tải.
vmk0445,Đặng Hữu Hà,danghuuha.0445@vinamilk.test,0704750603,0704 750 603,1973-07-14,14/07/1973,finance,sales_specialist,vmk0003,active,2014-01-10,10/01/2014,,,Dữ liệu nhân sự tổng hợp phục vụ kiểm thử tải.
vmk0446,Huỳnh Bảo Hoa,huynhbaohoa.0446@vinamilk.test,0764758522,0764 758 522,1969-03-16,16/03/1969,production_fresh_milk,food_engineer,vmk0010,active,2015-06-21,21/06/2015,,,Dữ liệu nhân sự tổng hợp phục vụ kiểm thử tải.
vmk0447,Hồ Thanh Mai,hothanhmai.0447@vinamilk.test,0774766441,0774 766 441,1987-04-10,10/04/1987,marketing,financial_analyst,vmk0017,active,2016-11-07,07/11/2016,,,Dữ liệu nhân sự tổng hợp phục vụ kiểm thử tải.
vmk0448,Đỗ Đình Tâm,dodinhtam.0448@vinamilk.test,0784774360,0784 774 360,1985-06-06,06/06/1985,procurement,software_engineer,vmk0004,active,2017-04-18,18/04/2017,,,Dữ liệu nhân sự tổng hợp phục vụ kiểm thử tải.
vmk0449,Hồ Trọng Lâm,hotronglam.0449@vinamilk.test,0794782279,0794 782 279,1973-12-25,25/12/1973,production_yogurt,production_supervisor,vmk0011,active,2018-09-04,04/09/2018,,,Dữ liệu nhân sự tổng hợp phục vụ kiểm thử tải.
vmk0450,Võ Thị Duy,vothiduy.0450@vinamilk.test,0814790198,0814 790 198,1981-11-29,29/11/1981,information_technology,system_administrator,vmk0018,active,2019-02-15,15/02/2019,,,Dữ liệu nhân sự tổng hợp phục vụ kiểm thử tải.
vmk0451,Trần Đức Nhân,tranducnhan.0451@vinamilk.test,0824798117,0824 798 117,1972-02-04,04/02/1972,quality_assurance,laboratory_technician,vmk0005,active,2020-07-01,01/07/2020,,,Dữ liệu nhân sự tổng hợp phục vụ kiểm thử tải.
vmk0452,Tạ Hoài Ngân,tahoaingan.0452@vinamilk.test,0834806036,0834 806 036,1967-09-22,22/09/1967,production_powder,packaging_operator,vmk0012,active,2021-12-12,12/12/2021,,,Dữ liệu nhân sự tổng hợp phục vụ kiểm thử tải.
vmk0453,Võ Khánh Yến,vokhanhyen.0453@vinamilk.test,0844813955,0844 813 955,1995-07-27,27/07/1995,safety_environment,production_operator,vmk0019,active,2022-05-23,23/05/2022,,,Dữ liệu nhân sự tổng hợp phục vụ kiểm thử tải.
vmk0454,Phạm Phương Tâm,phamphuongtam.0454@vinamilk.test,0854821874,0854 821 874,2001-03-20,20/03/2001,research_development,system_administrator,vmk0006,active,2023-10-09,09/10/2023,,,Dữ liệu nhân sự tổng hợp phục vụ kiểm thử tải.
vmk0455,Phạm Tuấn Khoa,phamtuankhoa.0455@vinamilk.test,0864829793,0864 829 793,1998-11-18,18/11/1998,production_beverage,packaging_operator,vmk0013,active,2024-03-20,20/03/2024,,,Dữ liệu nhân sự tổng hợp phục vụ kiểm thử tải.
vmk0456,Đinh Quang Nhân,dinhquangnhan.0456@vinamilk.test,0884837712,0884 837 712,1974-05-09,09/05/1974,board,safety_specialist,vmk0001,active,2012-08-06,06/08/2012,,,Dữ liệu nhân sự tổng hợp phục vụ kiểm thử tải.
vmk0457,Tạ Văn Phương,tavanphuong.0457@vinamilk.test,0894845631,0894 845 631,1966-09-11,11/09/1966,warehouse_raw,warehouse_supervisor,vmk0008,active,2013-01-17,17/01/2013,,,Dữ liệu nhân sự tổng hợp phục vụ kiểm thử tải.
vmk0458,Đinh Xuân Quân,dinhxuanquan.0458@vinamilk.test,0904853550,0904 853 550,1975-03-18,18/03/1975,laboratory,quality_engineer,vmk0015,active,2014-06-03,03/06/2014,,,Dữ liệu nhân sự tổng hợp phục vụ kiểm thử tải.
vmk0459,Huỳnh Nhật Linh,huynhnhatlinh.0459@vinamilk.test,0914861469,0914 861 469,1967-12-27,27/12/1967,human_resources,packaging_operator,vmk0002,active,2015-11-14,14/11/2015,,,Dữ liệu nhân sự tổng hợp phục vụ kiểm thử tải.
vmk0460,Tạ Văn Nam,tavannam.0460@vinamilk.test,0934869388,0934 869 388,1988-12-23,23/12/1988,warehouse_finished,forklift_operator,vmk0009,active,2016-04-25,25/04/2016,,,Dữ liệu nhân sự tổng hợp phục vụ kiểm thử tải.
vmk0461,Đặng Hồng Dũng,danghongdung.0461@vinamilk.test,0944877307,0944 877 307,1981-02-02,02/02/1981,sales,quality_engineer,vmk0016,active,2017-09-11,11/09/2017,,,Dữ liệu nhân sự tổng hợp phục vụ kiểm thử tải.
vmk0462,Phan Mạnh Mai,phanmanhmai.0462@vinamilk.test,0964885226,0964 885 226,1979-05-03,03/05/1979,finance,financial_analyst,vmk0003,active,2018-02-22,22/02/2018,,,Dữ liệu nhân sự tổng hợp phục vụ kiểm thử tải.
vmk0463,Ngô Anh Tú,ngoanhtu.0463@vinamilk.test,0974893145,0974 893 145,1975-11-11,11/11/1975,production_fresh_milk,production_supervisor,vmk0010,active,2019-07-08,08/07/2019,,,Dữ liệu nhân sự tổng hợp phục vụ kiểm thử tải.
vmk0464,Hoàng Trọng Thủy,hoangtrongthuy.0464@vinamilk.test,0984901064,0984 901 064,1980-05-11,11/05/1980,marketing,financial_analyst,vmk0017,active,2020-12-19,19/12/2020,,,Dữ liệu nhân sự tổng hợp phục vụ kiểm thử tải.
vmk0465,Đinh Thanh Huy,dinhthanhhuy.0465@vinamilk.test,0994908983,0994 908 983,1979-09-13,13/09/1979,procurement,accountant,vmk0004,active,2021-05-05,05/05/2021,,,Dữ liệu nhân sự tổng hợp phục vụ kiểm thử tải.
vmk0466,Lê Văn Hiền,levanhien.0466@vinamilk.test,0324916902,0324 916 902,1979-05-01,01/05/1979,production_yogurt,food_engineer,vmk0011,active,2022-10-16,16/10/2022,,,Dữ liệu nhân sự tổng hợp phục vụ kiểm thử tải.
vmk0467,Hồ Bảo Quyên,hobaoquyen.0467@vinamilk.test,0334924821,0334 924 821,1986-06-13,13/06/1986,information_technology,system_administrator,vmk0018,active,2023-03-02,02/03/2023,,,Dữ liệu nhân sự tổng hợp phục vụ kiểm thử tải.
vmk0468,Dương Gia Nhân,duonggianhan.0468@vinamilk.test,0344932740,0344 932 740,1977-07-10,10/07/1977,quality_assurance,quality_engineer,vmk0005,active,2024-08-13,13/08/2024,,,Dữ liệu nhân sự tổng hợp phục vụ kiểm thử tải.
vmk0469,Huỳnh Hoài Sơn,huynhhoaison.0469@vinamilk.test,0354940659,0354 940 659,1968-01-14,14/01/1968,production_beverage,production_operator,vmk0013,active,2012-01-24,24/01/2012,,,Dữ liệu nhân sự tổng hợp phục vụ kiểm thử tải.
vmk0470,Đinh Anh Mai,dinhanhmai.0470@vinamilk.test,0364948578,0364 948 578,1966-08-23,23/08/1966,planning,production_operator,vmk0020,active,2013-06-10,10/06/2013,,,Dữ liệu nhân sự tổng hợp phục vụ kiểm thử tải.
vmk0471,Lý Minh Hiếu,lyminhhieu.0471@vinamilk.test,0374956497,0374 956 497,1982-01-10,10/01/1982,supply_chain,forklift_operator,vmk0007,active,2014-11-21,21/11/2014,,,Dữ liệu nhân sự tổng hợp phục vụ kiểm thử tải.
vmk0472,Lê Đức Minh,leducminh.0472@vinamilk.test,0384964416,0384 964 416,1980-11-07,07/11/1980,maintenance,maintenance_technician,vmk0014,active,2015-04-07,07/04/2015,,,Dữ liệu nhân sự tổng hợp phục vụ kiểm thử tải.
vmk0473,Hoàng Thùy Thư,hoangthuythu.0473@vinamilk.test,0394972335,0394 972 335,1983-02-22,22/02/1983,board,supply_chain_specialist,vmk0001,active,2016-09-18,18/09/2016,,,Dữ liệu nhân sự tổng hợp phục vụ kiểm thử tải.
vmk0474,Ngô Thanh My,ngothanhmy.0474@vinamilk.test,0564980254,0564 980 254,1991-10-19,19/10/1991,warehouse_raw,forklift_operator,vmk0008,active,2017-02-04,04/02/2017,,,Dữ liệu nhân sự tổng hợp phục vụ kiểm thử tải.
vmk0475,Đinh Nhật Tiến,dinhnhattien.0475@vinamilk.test,0584988173,0584 988 173,1971-07-15,15/07/1971,laboratory,food_engineer,vmk0015,active,2018-07-15,15/07/2018,,,Dữ liệu nhân sự tổng hợp phục vụ kiểm thử tải.
vmk0476,Tạ Diệu Hải,tadieuhai.0476@vinamilk.test,0704996092,0704 996 092,2000-07-09,09/07/2000,human_resources,laboratory_technician,vmk0002,active,2019-12-01,01/12/2019,,,Dữ liệu nhân sự tổng hợp phục vụ kiểm thử tải.
vmk0477,Võ Đình Châu,vodinhchau.0477@vinamilk.test,0765004011,0765 004 011,1973-08-15,15/08/1973,warehouse_finished,forklift_operator,vmk0009,active,2020-05-12,12/05/2020,,,Dữ liệu nhân sự tổng hợp phục vụ kiểm thử tải.
vmk0478,Lý Thùy Quyên,lythuyquyen.0478@vinamilk.test,0775011930,0775 011 930,1983-08-28,28/08/1983,sales,procurement_specialist,vmk0016,active,2021-10-23,23/10/2021,,,Dữ liệu nhân sự tổng hợp phục vụ kiểm thử tải.
vmk0479,Huỳnh Hoài Đạt,huynhhoaidat.0479@vinamilk.test,0785019849,0785 019 849,1983-03-18,18/03/1983,finance,financial_analyst,vmk0003,active,2022-03-09,09/03/2022,,,Dữ liệu nhân sự tổng hợp phục vụ kiểm thử tải.
vmk0480,Vũ Thanh Nhi,vuthanhnhi.0480@vinamilk.test,0795027768,0795 027 768,1988-04-01,01/04/1988,production_fresh_milk,food_engineer,vmk0010,active,2023-08-20,20/08/2023,,,Dữ liệu nhân sự tổng hợp phục vụ kiểm thử tải.
vmk0481,Dương Mạnh Ngọc,duongmanhngoc.0481@vinamilk.test,0815035687,0815 035 687,1994-12-02,02/12/1994,marketing,quality_manager,vmk0017,active,2024-01-06,06/01/2024,,,Dữ liệu nhân sự tổng hợp phục vụ kiểm thử tải.
vmk0482,Lý Đình Hoàng,lydinhhoang.0482@vinamilk.test,0825043606,0825 043 606,1994-06-17,17/06/1994,quality_assurance,laboratory_technician,vmk0005,active,2012-06-17,17/06/2012,,,Dữ liệu nhân sự tổng hợp phục vụ kiểm thử tải.
vmk0483,Huỳnh Diệu Tú,huynhdieutu.0483@vinamilk.test,0835051525,0835 051 525,1991-08-19,19/08/1991,production_powder,production_supervisor,vmk0012,active,2013-11-03,03/11/2013,,,Dữ liệu nhân sự tổng hợp phục vụ kiểm thử tải.
vmk0484,Phan Bảo Châu,phanbaochau.0484@vinamilk.test,0845059444,0845 059 444,1987-08-13,13/08/1987,safety_environment,procurement_specialist,vmk0019,active,2014-04-14,14/04/2014,,,Dữ liệu nhân sự tổng hợp phục vụ kiểm thử tải.
vmk0485,Mai Minh Thủy,maiminhthuy.0485@vinamilk.test,0855067363,0855 067 363,1983-10-30,30/10/1983,research_development,laboratory_technician,vmk0006,active,2015-09-25,25/09/2015,,,Dữ liệu nhân sự tổng hợp phục vụ kiểm thử tải.
vmk0486,Bùi Thanh Tú,buithanhtu.0486@vinamilk.test,0865075282,0865 075 282,1983-01-27,27/01/1983,production_beverage,packaging_operator,vmk0013,active,2016-02-11,11/02/2016,,,Dữ liệu nhân sự tổng hợp phục vụ kiểm thử tải.
vmk0487,Đinh Hữu Nhân,dinhhuunhan.0487@vinamilk.test,0885083201,0885 083 201,1997-06-12,12/06/1997,planning,research_specialist,vmk0020,active,2017-07-22,22/07/2017,,,Dữ liệu nhân sự tổng hợp phục vụ kiểm thử tải.
vmk0488,Trần Thùy Hoa,tranthuyhoa.0488@vinamilk.test,0895091120,0895 091 120,1994-02-13,13/02/1994,supply_chain,system_administrator,vmk0007,active,2018-12-08,08/12/2018,,,Dữ liệu nhân sự tổng hợp phục vụ kiểm thử tải.
vmk0489,Huỳnh Phương Long,huynhphuonglong.0489@vinamilk.test,0905099039,0905 099 039,1994-12-27,27/12/1994,maintenance,maintenance_technician,vmk0014,active,2019-05-19,19/05/2019,,,Dữ liệu nhân sự tổng hợp phục vụ kiểm thử tải.
vmk0490,Dương Bảo Thịnh,duongbaothinh.0490@vinamilk.test,0915106958,0915 106 958,1994-02-09,09/02/1994,board,safety_specialist,vmk0001,active,2020-10-05,05/10/2020,,,Dữ liệu nhân sự tổng hợp phục vụ kiểm thử tải.
vmk0491,Lý Nhật Hoa,lynhathoa.0491@vinamilk.test,0935114877,0935 114 877,1968-01-04,04/01/1968,warehouse_raw,warehouse_keeper,vmk0008,active,2021-03-16,16/03/2021,,,Dữ liệu nhân sự tổng hợp phục vụ kiểm thử tải.
vmk0492,Huỳnh Quang Hải,huynhquanghai.0492@vinamilk.test,0945122796,0945 122 796,2001-03-10,10/03/2001,laboratory,laboratory_technician,vmk0015,active,2022-08-02,02/08/2022,,,Dữ liệu nhân sự tổng hợp phục vụ kiểm thử tải.
vmk0493,Hoàng Thị Thủy,hoangthithuy.0493@vinamilk.test,0965130715,0965 130 715,1982-08-10,10/08/1982,human_resources,safety_specialist,vmk0002,active,2023-01-13,13/01/2023,,,Dữ liệu nhân sự tổng hợp phục vụ kiểm thử tải.
vmk0494,Tạ Thùy Nhi,tathuynhi.0494@vinamilk.test,0975138634,0975 138 634,1993-10-18,18/10/1993,warehouse_finished,forklift_operator,vmk0009,active,2024-06-24,24/06/2024,,,Dữ liệu nhân sự tổng hợp phục vụ kiểm thử tải.
vmk0495,Huỳnh Đức Quân,huynhducquan.0495@vinamilk.test,0985146553,0985 146 553,1985-11-30,30/11/1985,marketing,accountant,vmk0017,active,2012-11-10,10/11/2012,,,Dữ liệu nhân sự tổng hợp phục vụ kiểm thử tải.
vmk0496,Võ Đình Tú,vodinhtu.0496@vinamilk.test,0995154472,0995 154 472,1970-01-08,08/01/1970,procurement,administrative_staff,vmk0004,active,2013-04-21,21/04/2013,,,Dữ liệu nhân sự tổng hợp phục vụ kiểm thử tải.
vmk0497,Vũ Thùy Trang,vuthuytrang.0497@vinamilk.test,0325162391,0325 162 391,1977-07-14,14/07/1977,production_yogurt,food_engineer,vmk0011,active,2014-09-07,07/09/2014,,,Dữ liệu nhân sự tổng hợp phục vụ kiểm thử tải.
vmk0498,Huỳnh Đức Nga,huynhducnga.0498@vinamilk.test,0335170310,0335 170 310,1975-07-16,16/07/1975,information_technology,software_engineer,vmk0018,active,2015-02-18,18/02/2015,,,Dữ liệu nhân sự tổng hợp phục vụ kiểm thử tải.
vmk0499,Vũ Xuân Sơn,vuxuanson.0499@vinamilk.test,0345178229,0345 178 229,1973-04-15,15/04/1973,quality_assurance,food_engineer,vmk0005,active,2016-07-04,04/07/2016,,,Dữ liệu nhân sự tổng hợp phục vụ kiểm thử tải.
vmk0500,Tạ Tuấn Thảo,tatuanthao.0500@vinamilk.test,0355186148,0355 186 148,1983-01-05,05/01/1983,production_powder,food_engineer,vmk0012,active,2017-12-15,15/12/2017,,,Dữ liệu nhân sự tổng hợp phục vụ kiểm thử tải.
vmk0501,Trần Phương Dũng,tranphuongdung.0501@vinamilk.test,0365194067,0365 194 067,1993-12-10,10/12/1993,safety_environment,maintenance_technician,vmk0019,active,2018-05-01,01/05/2018,,,Dữ liệu nhân sự tổng hợp phục vụ kiểm thử tải.
vmk0502,Đỗ Hồng Giang,dohonggiang.0502@vinamilk.test,0375201986,0375 201 986,1977-01-07,07/01/1977,research_development,human_resources_specialist,vmk0006,active,2019-10-12,12/10/2019,,,Dữ liệu nhân sự tổng hợp phục vụ kiểm thử tải.
vmk0503,Huỳnh Nhật Huyền,huynhnhathuyen.0503@vinamilk.test,0385209905,0385 209 905,1979-07-13,13/07/1979,production_beverage,production_operator,vmk0013,active,2020-03-23,23/03/2020,,,Dữ liệu nhân sự tổng hợp phục vụ kiểm thử tải.
vmk0504,Nguyễn Bảo An,nguyenbaoan.0504@vinamilk.test,0395217824,0395 217 824,1984-04-28,28/04/1984,planning,warehouse_keeper,vmk0020,active,2021-08-09,09/08/2021,,,Dữ liệu nhân sự tổng hợp phục vụ kiểm thử tải.
vmk0505,Đặng Thùy Thư,dangthuythu.0505@vinamilk.test,0565225743,0565 225 743,1996-07-17,17/07/1996,supply_chain,software_engineer,vmk0007,active,2022-01-20,20/01/2022,,,Dữ liệu nhân sự tổng hợp phục vụ kiểm thử tải.
vmk0506,Tạ Trọng Vinh,tatrongvinh.0506@vinamilk.test,0585233662,0585 233 662,1997-11-14,14/11/1997,maintenance,maintenance_engineer,vmk0014,active,2023-06-06,06/06/2023,,,Dữ liệu nhân sự tổng hợp phục vụ kiểm thử tải.
vmk0507,Trịnh Trọng Huy,trinhtronghuy.0507@vinamilk.test,0705241581,0705 241 581,2005-05-29,29/05/2005,board,warehouse_keeper,vmk0001,active,2024-11-17,17/11/2024,,,Dữ liệu nhân sự tổng hợp phục vụ kiểm thử tải.
vmk0508,Lê Quang Hoa,lequanghoa.0508@vinamilk.test,0765249500,0765 249 500,1987-01-24,24/01/1987,warehouse_finished,warehouse_supervisor,vmk0009,active,2012-04-03,03/04/2012,,,Dữ liệu nhân sự tổng hợp phục vụ kiểm thử tải.
vmk0509,Hoàng Ngọc Phương,hoangngocphuong.0509@vinamilk.test,0775257419,0775 257 419,1987-07-25,25/07/1987,sales,research_specialist,vmk0016,active,2013-09-14,14/09/2013,,,Dữ liệu nhân sự tổng hợp phục vụ kiểm thử tải.
vmk0510,Lê Mạnh Hùng,lemanhhung.0510@vinamilk.test,0785265338,0785 265 338,1973-02-07,07/02/1973,finance,production_operator,vmk0003,active,2014-02-25,25/02/2014,,,Dữ liệu nhân sự tổng hợp phục vụ kiểm thử tải.
vmk0511,Mai Thị Việt,maithiviet.0511@vinamilk.test,0795273257,0795 273 257,1996-02-18,18/02/1996,production_fresh_milk,production_operator,vmk0010,active,2015-07-11,11/07/2015,,,Dữ liệu nhân sự tổng hợp phục vụ kiểm thử tải.
vmk0512,Lê Bảo Nga,lebaonga.0512@vinamilk.test,0815281176,0815 281 176,1968-06-29,29/06/1968,marketing,human_resources_specialist,vmk0017,active,2016-12-22,22/12/2016,,,Dữ liệu nhân sự tổng hợp phục vụ kiểm thử tải.
vmk0513,Bùi Bảo An,buibaoan.0513@vinamilk.test,0825289095,0825 289 095,1970-12-11,11/12/1970,procurement,warehouse_keeper,vmk0004,active,2017-05-08,08/05/2017,,,Dữ liệu nhân sự tổng hợp phục vụ kiểm thử tải.
vmk0514,Huỳnh Thị Hùng,huynhthihung.0514@vinamilk.test,0835297014,0835 297 014,1989-05-02,02/05/1989,production_yogurt,food_engineer,vmk0011,active,2018-10-19,19/10/2018,,,Dữ liệu nhân sự tổng hợp phục vụ kiểm thử tải.
vmk0515,Ngô Hữu Nhi,ngohuunhi.0515@vinamilk.test,0845304933,0845 304 933,1967-02-02,02/02/1967,information_technology,software_engineer,vmk0018,active,2019-03-05,05/03/2019,,,Dữ liệu nhân sự tổng hợp phục vụ kiểm thử tải.
vmk0516,Phạm Mạnh Thảo,phammanhthao.0516@vinamilk.test,0855312852,0855 312 852,1994-03-03,03/03/1994,quality_assurance,quality_engineer,vmk0005,active,2020-08-16,16/08/2020,,,Dữ liệu nhân sự tổng hợp phục vụ kiểm thử tải.
vmk0517,Đinh Đình Thủy,dinhdinhthuy.0517@vinamilk.test,0865320771,0865 320 771,1979-03-19,19/03/1979,production_powder,packaging_operator,vmk0012,active,2021-01-02,02/01/2021,,,Dữ liệu nhân sự tổng hợp phục vụ kiểm thử tải.
vmk0518,Bùi Hồng Thu,buihongthu.0518@vinamilk.test,0885328690,0885 328 690,1970-05-22,22/05/1970,safety_environment,packaging_operator,vmk0019,active,2022-06-13,13/06/2022,,,Dữ liệu nhân sự tổng hợp phục vụ kiểm thử tải.
vmk0519,Phạm Diệu An,phamdieuan.0519@vinamilk.test,0895336609,0895 336 609,1989-09-22,22/09/1989,research_development,payroll_specialist,vmk0006,active,2023-11-24,24/11/2023,,,Dữ liệu nhân sự tổng hợp phục vụ kiểm thử tải.
vmk0520,Bùi Đình Khoa,buidinhkhoa.0520@vinamilk.test,0905344528,0905 344 528,1991-03-07,07/03/1991,production_beverage,production_operator,vmk0013,active,2024-04-10,10/04/2024,,,Dữ liệu nhân sự tổng hợp phục vụ kiểm thử tải.
vmk0521,Vũ Thùy Khánh,vuthuykhanh.0521@vinamilk.test,0915352447,0915 352 447,1974-06-19,19/06/1974,board,quality_engineer,vmk0001,active,2012-09-21,21/09/2012,,,Dữ liệu nhân sự tổng hợp phục vụ kiểm thử tải.
vmk0522,Vũ Thùy An,vuthuyan.0522@vinamilk.test,0935360366,0935 360 366,1972-04-28,28/04/1972,warehouse_raw,warehouse_supervisor,vmk0008,active,2013-02-07,07/02/2013,,,Dữ liệu nhân sự tổng hợp phục vụ kiểm thử tải.
vmk0523,Phan Tuấn Hiếu,phantuanhieu.0523@vinamilk.test,0945368285,0945 368 285,1989-03-18,18/03/1989,laboratory,quality_engineer,vmk0015,active,2014-07-18,18/07/2014,,,Dữ liệu nhân sự tổng hợp phục vụ kiểm thử tải.
vmk0524,Võ Đức Hiếu,voduchieu.0524@vinamilk.test,0965376204,0965 376 204,1977-11-07,07/11/1977,human_resources,laboratory_technician,vmk0002,active,2015-12-04,04/12/2015,,,Dữ liệu nhân sự tổng hợp phục vụ kiểm thử tải.
vmk0525,Đỗ Ngọc Hải,dongochai.0525@vinamilk.test,0975384123,0975 384 123,1980-06-07,07/06/1980,warehouse_finished,forklift_operator,vmk0009,active,2016-05-15,15/05/2016,,,Dữ liệu nhân sự tổng hợp phục vụ kiểm thử tải.
vmk0526,Hoàng Minh Thu,hoangminhthu.0526@vinamilk.test,0985392042,0985 392 042,1984-09-09,09/09/1984,sales,food_engineer,vmk0016,active,2017-10-01,01/10/2017,,,Dữ liệu nhân sự tổng hợp phục vụ kiểm thử tải.
vmk0527,Trần Nhật Cường,trannhatcuong.0527@vinamilk.test,0995399961,0995 399 961,1966-01-10,10/01/1966,finance,warehouse_supervisor,vmk0003,active,2018-03-12,12/03/2018,,,Dữ liệu nhân sự tổng hợp phục vụ kiểm thử tải.
vmk0528,Trịnh Mạnh Việt,trinhmanhviet.0528@vinamilk.test,0325407880,0325 407 880,1994-10-25,25/10/1994,production_fresh_milk,production_operator,vmk0010,active,2019-08-23,23/08/2019,,,Dữ liệu nhân sự tổng hợp phục vụ kiểm thử tải.
vmk0529,Hồ Ngọc Quang,hongocquang.0529@vinamilk.test,0335415799,0335 415 799,1972-03-10,10/03/1972,marketing,payroll_specialist,vmk0017,active,2020-01-09,09/01/2020,,,Dữ liệu nhân sự tổng hợp phục vụ kiểm thử tải.
vmk0530,Đinh Công Nam,dinhcongnam.0530@vinamilk.test,0345423718,0345 423 718,1971-03-02,02/03/1971,procurement,warehouse_supervisor,vmk0004,active,2021-06-20,20/06/2021,,,Dữ liệu nhân sự tổng hợp phục vụ kiểm thử tải.
vmk0531,Hồ Hoài Thủy,hohoaithuy.0531@vinamilk.test,0355431637,0355 431 637,1979-04-28,28/04/1979,production_yogurt,production_operator,vmk0011,active,2022-11-06,06/11/2022,,,Dữ liệu nhân sự tổng hợp phục vụ kiểm thử tải.
vmk0532,Lý Đức Uyên,lyducuyen.0532@vinamilk.test,0365439556,0365 439 556,1994-02-22,22/02/1994,information_technology,software_engineer,vmk0018,active,2023-04-17,17/04/2023,,,Dữ liệu nhân sự tổng hợp phục vụ kiểm thử tải.
vmk0533,Đỗ Bảo Bình,dobaobinh.0533@vinamilk.test,0375447475,0375 447 475,1997-08-13,13/08/1997,quality_assurance,food_engineer,vmk0005,active,2024-09-03,03/09/2024,,,Dữ liệu nhân sự tổng hợp phục vụ kiểm thử tải.
vmk0534,Lý Kim Uyên,lykimuyen.0534@vinamilk.test,0385455394,0385 455 394,1988-06-24,24/06/1988,production_beverage,production_supervisor,vmk0013,active,2012-02-14,14/02/2012,,,Dữ liệu nhân sự tổng hợp phục vụ kiểm thử tải.
vmk0535,Mai Thùy Quang,maithuyquang.0535@vinamilk.test,0395463313,0395 463 313,1990-01-02,02/01/1990,planning,accountant,vmk0020,active,2013-07-25,25/07/2013,,,Dữ liệu nhân sự tổng hợp phục vụ kiểm thử tải.
vmk0536,Trần Thanh Cường,tranthanhcuong.0536@vinamilk.test,0565471232,0565 471 232,1968-03-27,27/03/1968,supply_chain,sales_specialist,vmk0007,active,2014-12-11,11/12/2014,,,Dữ liệu nhân sự tổng hợp phục vụ kiểm thử tải.
vmk0537,Đặng Bảo Nga,dangbaonga.0537@vinamilk.test,0585479151,0585 479 151,1990-11-10,10/11/1990,maintenance,maintenance_technician,vmk0014,active,2015-05-22,22/05/2015,,,Dữ liệu nhân sự tổng hợp phục vụ kiểm thử tải.
vmk0538,Nguyễn Trọng Hùng,nguyentronghung.0538@vinamilk.test,0705487070,0705 487 070,1991-04-22,22/04/1991,board,production_operator,vmk0001,active,2016-10-08,08/10/2016,,,Dữ liệu nhân sự tổng hợp phục vụ kiểm thử tải.
vmk0539,Bùi Gia Thịnh,buigiathinh.0539@vinamilk.test,0765494989,0765 494 989,1997-04-05,05/04/1997,warehouse_raw,warehouse_supervisor,vmk0008,active,2017-03-19,19/03/2017,,,Dữ liệu nhân sự tổng hợp phục vụ kiểm thử tải.
vmk0540,Vũ Phương Phương,vuphuongphuong.0540@vinamilk.test,0775502908,0775 502 908,1975-12-28,28/12/1975,laboratory,food_engineer,vmk0015,active,2018-08-05,05/08/2018,,,Dữ liệu nhân sự tổng hợp phục vụ kiểm thử tải.
vmk0541,Vũ Tuấn Tiến,vutuantien.0541@vinamilk.test,0785510827,0785 510 827,1994-07-28,28/07/1994,human_resources,production_operator,vmk0002,active,2019-01-16,16/01/2019,,,Dữ liệu nhân sự tổng hợp phục vụ kiểm thử tải.
vmk0542,Tạ Kim Anh,takimanh.0542@vinamilk.test,0795518746,0795 518 746,1982-07-19,19/07/1982,warehouse_finished,warehouse_supervisor,vmk0009,active,2020-06-02,02/06/2020,,,Dữ liệu nhân sự tổng hợp phục vụ kiểm thử tải.
vmk0543,Đỗ Thanh An,dothanhan.0543@vinamilk.test,0815526665,0815 526 665,1978-06-08,08/06/1978,sales,system_administrator,vmk0016,active,2021-11-13,13/11/2021,,,Dữ liệu nhân sự tổng hợp phục vụ kiểm thử tải.
vmk0544,Mai Diệu Mai,maidieumai.0544@vinamilk.test,0825534584,0825 534 584,1983-04-13,13/04/1983,finance,food_engineer,vmk0003,active,2022-04-24,24/04/2022,,,Dữ liệu nhân sự tổng hợp phục vụ kiểm thử tải.
vmk0545,Bùi Văn Đạt,buivandat.0545@vinamilk.test,0835542503,0835 542 503,1999-04-22,22/04/1999,production_fresh_milk,packaging_operator,vmk0010,active,2023-09-10,10/09/2023,,,Dữ liệu nhân sự tổng hợp phục vụ kiểm thử tải.
vmk0546,Hoàng Mạnh Thảo,hoangmanhthao.0546@vinamilk.test,0845550422,0845 550 422,1973-07-04,04/07/1973,marketing,financial_analyst,vmk0017,active,2024-02-21,21/02/2024,,,Dữ liệu nhân sự tổng hợp phục vụ kiểm thử tải.
vmk0547,Tạ Xuân Linh,taxuanlinh.0547@vinamilk.test,0855558341,0855 558 341,1967-09-22,22/09/1967,quality_assurance,quality_engineer,vmk0005,active,2012-07-07,07/07/2012,,,Dữ liệu nhân sự tổng hợp phục vụ kiểm thử tải.
vmk0548,Phạm Phương Hùng,phamphuonghung.0548@vinamilk.test,0865566260,0865 566 260,1965-12-13,13/12/1965,production_powder,production_supervisor,vmk0012,active,2013-12-18,18/12/2013,,,Dữ liệu nhân sự tổng hợp phục vụ kiểm thử tải.
vmk0549,Phan Bảo Lan,phanbaolan.0549@vinamilk.test,0885574179,0885 574 179,1968-04-14,14/04/1968,safety_environment,software_engineer,vmk0019,active,2014-05-04,04/05/2014,,,Dữ liệu nhân sự tổng hợp phục vụ kiểm thử tải.
vmk0550,Dương Phương Quân,duongphuongquan.0550@vinamilk.test,0895582098,0895 582 098,1965-09-01,01/09/1965,research_development,sales_specialist,vmk0006,active,2015-10-15,15/10/2015,,,Dữ liệu nhân sự tổng hợp phục vụ kiểm thử tải.
vmk0551,Mai Xuân Thịnh,maixuanthinh.0551@vinamilk.test,0905590017,0905 590 017,1983-11-06,06/11/1983,production_beverage,food_engineer,vmk0013,on_leave,2016-03-01,01/03/2016,,,Dữ liệu nhân sự tổng hợp phục vụ kiểm thử tải.
vmk0552,Lý Đức Mai,lyducmai.0552@vinamilk.test,0915597936,0915 597 936,1970-02-23,23/02/1970,planning,production_planner,vmk0020,on_leave,2017-08-12,12/08/2017,,,Dữ liệu nhân sự tổng hợp phục vụ kiểm thử tải.
vmk0553,Trần Anh Hùng,trananhhung.0553@vinamilk.test,0935605855,0935 605 855,1977-03-01,01/03/1977,supply_chain,software_engineer,vmk0007,on_leave,2018-01-23,23/01/2018,,,Dữ liệu nhân sự tổng hợp phục vụ kiểm thử tải.
vmk0554,Vũ Hoài Lâm,vuhoailam.0554@vinamilk.test,0945613774,0945 613 774,1966-07-01,01/07/1966,maintenance,maintenance_technician,vmk0014,on_leave,2019-06-09,09/06/2019,,,Dữ liệu nhân sự tổng hợp phục vụ kiểm thử tải.
vmk0555,Đặng Hồng Tâm,danghongtam.0555@vinamilk.test,0965621693,0965 621 693,1966-04-26,26/04/1966,board,software_engineer,vmk0001,on_leave,2020-11-20,20/11/2020,,,Dữ liệu nhân sự tổng hợp phục vụ kiểm thử tải.
vmk0556,Mai Bảo Hạnh,maibaohanh.0556@vinamilk.test,0975629612,0975 629 612,1983-11-18,18/11/1983,warehouse_raw,forklift_operator,vmk0008,on_leave,2021-04-06,06/04/2021,,,Dữ liệu nhân sự tổng hợp phục vụ kiểm thử tải.
vmk0557,Hồ Phương Việt,hophuongviet.0557@vinamilk.test,0985637531,0985 637 531,1986-10-07,07/10/1986,laboratory,food_engineer,vmk0015,on_leave,2022-09-17,17/09/2022,,,Dữ liệu nhân sự tổng hợp phục vụ kiểm thử tải.
vmk0558,Trịnh Đình Châu,trinhdinhchau.0558@vinamilk.test,0995645450,0995 645 450,1973-04-28,28/04/1973,human_resources,quality_engineer,vmk0002,on_leave,2023-02-03,03/02/2023,,,Dữ liệu nhân sự tổng hợp phục vụ kiểm thử tải.
vmk0559,Mai Khánh Nhân,maikhanhnhan.0559@vinamilk.test,0325653369,0325 653 369,1976-11-11,11/11/1976,warehouse_finished,warehouse_supervisor,vmk0009,on_leave,2024-07-14,14/07/2024,,,Dữ liệu nhân sự tổng hợp phục vụ kiểm thử tải.
vmk0560,Nguyễn Kim My,nguyenkimmy.0560@vinamilk.test,0335661288,0335 661 288,1971-11-23,23/11/1971,marketing,packaging_operator,vmk0017,on_leave,2012-12-25,25/12/2012,,,Dữ liệu nhân sự tổng hợp phục vụ kiểm thử tải.
vmk0561,Hoàng Ngọc Tú,hoangngoctu.0561@vinamilk.test,0345669207,0345 669 207,1993-10-29,29/10/1993,procurement,laboratory_technician,vmk0004,on_leave,2013-05-11,11/05/2013,,,Dữ liệu nhân sự tổng hợp phục vụ kiểm thử tải.
vmk0562,Bùi Tuấn Uyên,buituanuyen.0562@vinamilk.test,0355677126,0355 677 126,1977-04-11,11/04/1977,production_yogurt,packaging_operator,vmk0011,on_leave,2014-10-22,22/10/2014,,,Dữ liệu nhân sự tổng hợp phục vụ kiểm thử tải.
vmk0563,Võ Tuấn Đạt,votuandat.0563@vinamilk.test,0365685045,0365 685 045,1984-05-29,29/05/1984,information_technology,software_engineer,vmk0018,on_leave,2015-03-08,08/03/2015,,,Dữ liệu nhân sự tổng hợp phục vụ kiểm thử tải.
vmk0564,Võ Thị Uyên,vothiuyen.0564@vinamilk.test,0375692964,0375 692 964,1996-09-24,24/09/1996,quality_assurance,quality_engineer,vmk0005,on_leave,2016-08-19,19/08/2016,,,Dữ liệu nhân sự tổng hợp phục vụ kiểm thử tải.
vmk0565,Đinh Công Linh,dinhconglinh.0565@vinamilk.test,0385700883,0385 700 883,1982-09-08,08/09/1982,production_powder,food_engineer,vmk0012,on_leave,2017-01-05,05/01/2017,,,Dữ liệu nhân sự tổng hợp phục vụ kiểm thử tải.
vmk0566,Vũ Văn Khánh,vuvankhanh.0566@vinamilk.test,0395708802,0395 708 802,1981-10-24,24/10/1981,safety_environment,system_administrator,vmk0019,on_leave,2018-06-16,16/06/2018,,,Dữ liệu nhân sự tổng hợp phục vụ kiểm thử tải.
vmk0567,Nguyễn Xuân Đạt,nguyenxuandat.0567@vinamilk.test,0565716721,0565 716 721,1969-06-28,28/06/1969,research_development,production_operator,vmk0006,on_leave,2019-11-02,02/11/2019,,,Dữ liệu nhân sự tổng hợp phục vụ kiểm thử tải.
vmk0568,Phạm Đình Hiếu,phamdinhhieu.0568@vinamilk.test,0585724640,0585 724 640,1992-08-07,07/08/1992,production_beverage,production_operator,vmk0013,on_leave,2020-04-13,13/04/2020,,,Dữ liệu nhân sự tổng hợp phục vụ kiểm thử tải.
vmk0569,Vũ Kim Vinh,vukimvinh.0569@vinamilk.test,0705732559,0705 732 559,2002-07-16,16/07/2002,planning,software_engineer,vmk0020,on_leave,2021-09-24,24/09/2021,,,Dữ liệu nhân sự tổng hợp phục vụ kiểm thử tải.
vmk0570,Mai Đình Bình,maidinhbinh.0570@vinamilk.test,0765740478,0765 740 478,1981-10-20,20/10/1981,supply_chain,forklift_operator,vmk0007,on_leave,2022-02-10,10/02/2022,,,Dữ liệu nhân sự tổng hợp phục vụ kiểm thử tải.
vmk0571,Vũ Gia Lâm,vugialam.0571@vinamilk.test,0775748397,0775 748 397,1995-01-26,26/01/1995,maintenance,maintenance_technician,vmk0014,inactive,2023-07-21,21/07/2023,,,Dữ liệu nhân sự tổng hợp phục vụ kiểm thử tải.
vmk0572,Bùi Diệu Hiền,buidieuhien.0572@vinamilk.test,0785756316,0785 756 316,1974-08-31,31/08/1974,board,administrative_staff,vmk0001,inactive,2024-12-07,07/12/2024,,,Dữ liệu nhân sự tổng hợp phục vụ kiểm thử tải.
vmk0573,Lê Gia Nhi,legianhi.0573@vinamilk.test,0795764235,0795 764 235,1969-05-28,28/05/1969,warehouse_finished,forklift_operator,vmk0009,inactive,2012-05-18,18/05/2012,,,Dữ liệu nhân sự tổng hợp phục vụ kiểm thử tải.
vmk0574,Lê Quang Khánh,lequangkhanh.0574@vinamilk.test,0815772154,0815 772 154,1993-02-28,28/02/1993,sales,administrative_staff,vmk0016,inactive,2013-10-04,04/10/2013,,,Dữ liệu nhân sự tổng hợp phục vụ kiểm thử tải.
vmk0575,Mai Quang Anh,maiquanganh.0575@vinamilk.test,0825780073,0825 780 073,1991-01-05,05/01/1991,finance,quality_engineer,vmk0003,inactive,2014-03-15,15/03/2014,,,Dữ liệu nhân sự tổng hợp phục vụ kiểm thử tải.
vmk0576,Đinh Diệu Mai,dinhdieumai.0576@vinamilk.test,0835787992,0835 787 992,1984-10-31,31/10/1984,production_fresh_milk,packaging_operator,vmk0010,inactive,2015-08-01,01/08/2015,,,Dữ liệu nhân sự tổng hợp phục vụ kiểm thử tải.
vmk0577,Đinh Tuấn Chi,dinhtuanchi.0577@vinamilk.test,0845795911,0845 795 911,1967-02-14,14/02/1967,marketing,production_operator,vmk0017,inactive,2016-01-12,12/01/2016,,,Dữ liệu nhân sự tổng hợp phục vụ kiểm thử tải.
vmk0578,Lê Thị Lan,lethilan.0578@vinamilk.test,0855803830,0855 803 830,1995-01-03,03/01/1995,procurement,warehouse_keeper,vmk0004,inactive,2017-06-23,23/06/2017,,,Dữ liệu nhân sự tổng hợp phục vụ kiểm thử tải.
vmk0579,Đỗ Gia Phúc,dogiaphuc.0579@vinamilk.test,0865811749,0865 811 749,1982-05-01,01/05/1982,production_yogurt,production_operator,vmk0011,inactive,2018-11-09,09/11/2018,,,Dữ liệu nhân sự tổng hợp phục vụ kiểm thử tải.
vmk0580,Hoàng Phương Duy,hoangphuongduy.0580@vinamilk.test,0885819668,0885 819 668,1994-06-04,04/06/1994,information_technology,software_engineer,vmk0018,inactive,2019-04-20,20/04/2019,,,Dữ liệu nhân sự tổng hợp phục vụ kiểm thử tải.
vmk0581,Võ Trọng Nhi,votrongnhi.0581@vinamilk.test,0895827587,0895 827 587,1992-03-21,21/03/1992,quality_assurance,quality_engineer,vmk0005,inactive,2020-09-06,06/09/2020,,,Dữ liệu nhân sự tổng hợp phục vụ kiểm thử tải.
vmk0582,Trịnh Công Thư,trinhcongthu.0582@vinamilk.test,0905835506,0905 835 506,1978-10-09,09/10/1978,production_powder,packaging_operator,vmk0012,inactive,2021-02-17,17/02/2021,,,Dữ liệu nhân sự tổng hợp phục vụ kiểm thử tải.
vmk0583,Hoàng Hữu Mai,hoanghuumai.0583@vinamilk.test,0915843425,0915 843 425,1981-06-13,13/06/1981,safety_environment,forklift_operator,vmk0019,inactive,2022-07-03,03/07/2022,,,Dữ liệu nhân sự tổng hợp phục vụ kiểm thử tải.
vmk0584,Lý Hoài Trang,lyhoaitrang.0584@vinamilk.test,0935851344,0935 851 344,1991-08-06,06/08/1991,research_development,payroll_specialist,vmk0006,inactive,2023-12-14,14/12/2023,,,Dữ liệu nhân sự tổng hợp phục vụ kiểm thử tải.
vmk0585,Đinh Mạnh Nam,dinhmanhnam.0585@vinamilk.test,0945859263,0945 859 263,2000-11-09,09/11/2000,production_beverage,food_engineer,vmk0013,inactive,2024-05-25,25/05/2024,,,Dữ liệu nhân sự tổng hợp phục vụ kiểm thử tải.
vmk0586,Mai Thanh Phúc,maithanhphuc.0586@vinamilk.test,0965867182,0965 867 182,1993-03-30,30/03/1993,board,production_operator,vmk0001,inactive,2012-10-11,11/10/2012,,,Dữ liệu nhân sự tổng hợp phục vụ kiểm thử tải.
vmk0587,Võ Phương Vinh,vophuongvinh.0587@vinamilk.test,0975875101,0975 875 101,1977-07-11,11/07/1977,warehouse_raw,warehouse_supervisor,vmk0008,inactive,2013-03-22,22/03/2013,,,Dữ liệu nhân sự tổng hợp phục vụ kiểm thử tải.
vmk0588,Hồ Mạnh Tuấn,homanhtuan.0588@vinamilk.test,0985883020,0985 883 020,1987-05-13,13/05/1987,laboratory,food_engineer,vmk0015,inactive,2014-08-08,08/08/2014,,,Dữ liệu nhân sự tổng hợp phục vụ kiểm thử tải.
vmk0589,Phan Hoài Anh,phanhoaianh.0589@vinamilk.test,0995890939,0995 890 939,1988-10-20,20/10/1988,human_resources,packaging_operator,vmk0002,inactive,2015-01-19,19/01/2015,,,Dữ liệu nhân sự tổng hợp phục vụ kiểm thử tải.
vmk0590,Tạ Quang Bình,taquangbinh.0590@vinamilk.test,0325898858,0325 898 858,1966-03-30,30/03/1966,warehouse_finished,warehouse_keeper,vmk0009,inactive,2016-06-05,05/06/2016,,,Dữ liệu nhân sự tổng hợp phục vụ kiểm thử tải.
vmk0591,Bùi Diệu Thảo,buidieuthao.0591@vinamilk.test,0335906777,0335 906 777,1992-08-29,29/08/1992,sales,forklift_operator,vmk0016,terminated,2017-11-16,16/11/2017,2025-03-15,15/03/2025,Dữ liệu nhân sự tổng hợp phục vụ kiểm thử tải.
vmk0592,Võ Thị Thu,vothithu.0592@vinamilk.test,0345914696,0345 914 696,1981-10-25,25/10/1981,finance,safety_specialist,vmk0003,terminated,2018-04-02,02/04/2018,2025-04-15,15/04/2025,Dữ liệu nhân sự tổng hợp phục vụ kiểm thử tải.
vmk0593,Hồ Đình Thu,hodinhthu.0593@vinamilk.test,0355922615,0355 922 615,1991-07-27,27/07/1991,production_fresh_milk,food_engineer,vmk0010,terminated,2019-09-13,13/09/2019,2025-05-15,15/05/2025,Dữ liệu nhân sự tổng hợp phục vụ kiểm thử tải.
vmk0594,Võ Minh Hải,vominhhai.0594@vinamilk.test,0365930534,0365 930 534,1967-12-30,30/12/1967,marketing,human_resources_specialist,vmk0017,terminated,2020-02-24,24/02/2020,2025-06-15,15/06/2025,Dữ liệu nhân sự tổng hợp phục vụ kiểm thử tải.
vmk0595,Dương Văn Huyền,duongvanhuyen.0595@vinamilk.test,0375938453,0375 938 453,1977-05-04,04/05/1977,procurement,safety_specialist,vmk0004,terminated,2021-07-10,10/07/2021,2025-07-15,15/07/2025,Dữ liệu nhân sự tổng hợp phục vụ kiểm thử tải.
vmk0596,Đinh Gia Tuấn,dinhgiatuan.0596@vinamilk.test,0385946372,0385 946 372,1994-01-14,14/01/1994,production_yogurt,production_supervisor,vmk0011,terminated,2022-12-21,21/12/2022,2025-08-15,15/08/2025,Dữ liệu nhân sự tổng hợp phục vụ kiểm thử tải.
vmk0597,Hồ Trọng Thành,hotrongthanh.0597@vinamilk.test,0395954291,0395 954 291,1975-08-21,21/08/1975,information_technology,system_administrator,vmk0018,terminated,2023-05-07,07/05/2023,2025-09-15,15/09/2025,Dữ liệu nhân sự tổng hợp phục vụ kiểm thử tải.
vmk0598,Trịnh Thanh Minh,trinhthanhminh.0598@vinamilk.test,0565962210,0565 962 210,1993-08-11,11/08/1993,quality_assurance,food_engineer,vmk0005,terminated,2024-10-18,18/10/2024,2025-10-15,15/10/2025,Dữ liệu nhân sự tổng hợp phục vụ kiểm thử tải.
vmk0599,Hoàng Bảo Hùng,hoangbaohung.0599@vinamilk.test,0585970129,0585 970 129,1977-12-26,26/12/1977,production_beverage,production_supervisor,vmk0013,terminated,2012-03-04,04/03/2012,2025-11-15,15/11/2025,Dữ liệu nhân sự tổng hợp phục vụ kiểm thử tải.
vmk0600,Đặng Khánh Đức,dangkhanhduc.0600@vinamilk.test,0705978048,0705 978 048,1969-01-05,05/01/1969,planning,warehouse_supervisor,vmk0020,terminated,2013-08-15,15/08/2013,2025-12-15,15/12/2025,Dữ liệu nhân sự tổng hợp phục vụ kiểm thử tải.
