bom_line_code,bom_code,version_number,line_number,material_item_code,unit_code,quantity_per_base,scrap_percent,notes
bom_fg_0001_line_01,bom_fg_0001,1,1,rm_0001,litre,30,0.5,Định mức nguyên liệu đã phê duyệt theo mẻ chuẩn.
bom_fg_0001_line_02,bom_fg_0001,1,2,rm_0018,kg,59,1.0,Định mức nguyên liệu đã phê duyệt theo mẻ chuẩn.
bom_fg_0001_line_03,bom_fg_0001,1,3,rm_0035,litre,88,1.5,Định mức nguyên liệu đã phê duyệt theo mẻ chuẩn.
bom_fg_0001_line_04,bom_fg_0001,1,4,rm_0052,piece,117,2.0,Định mức nguyên liệu đã phê duyệt theo mẻ chuẩn.
bom_fg_0001_line_05,bom_fg_0001,1,5,rm_0069,kg,146,0.0,Định mức nguyên liệu đã phê duyệt theo mẻ chuẩn.
bom_fg_0002_line_01,bom_fg_0002,1,1,rm_0006,kg,43,0.5,Định mức nguyên liệu đã phê duyệt theo mẻ chuẩn.
bom_fg_0002_line_02,bom_fg_0002,1,2,rm_0023,kg,72,1.0,Định mức nguyên liệu đã phê duyệt theo mẻ chuẩn.
bom_fg_0002_line_03,bom_fg_0002,1,3,rm_0040,kg,101,1.5,Định mức nguyên liệu đã phê duyệt theo mẻ chuẩn.
bom_fg_0002_line_04,bom_fg_0002,1,4,rm_0057,piece,130,2.0,Định mức nguyên liệu đã phê duyệt theo mẻ chuẩn.
bom_fg_0002_line_05,bom_fg_0002,1,5,rm_0074,kg,159,0.0,Định mức nguyên liệu đã phê duyệt theo mẻ chuẩn.
bom_fg_0003_line_01,bom_fg_0003,1,1,rm_0011,kg,56,0.5,Định mức nguyên liệu đã phê duyệt theo mẻ chuẩn.
bom_fg_0003_line_02,bom_fg_0003,1,2,rm_0028,kg,85,1.0,Định mức nguyên liệu đã phê duyệt theo mẻ chuẩn.
bom_fg_0003_line_03,bom_fg_0003,1,3,rm_0045,kg,114,1.5,Định mức nguyên liệu đã phê duyệt theo mẻ chuẩn.
bom_fg_0003_line_04,bom_fg_0003,1,4,rm_0062,piece,143,2.0,Định mức nguyên liệu đã phê duyệt theo mẻ chuẩn.
bom_fg_0003_line_05,bom_fg_0003,1,5,rm_0079,kg,172,0.0,Định mức nguyên liệu đã phê duyệt theo mẻ chuẩn.
bom_fg_0004_line_01,bom_fg_0004,1,1,rm_0016,kg,69,0.5,Định mức nguyên liệu đã phê duyệt theo mẻ chuẩn.
bom_fg_0004_line_02,bom_fg_0004,1,2,rm_0033,litre,98,1.0,Định mức nguyên liệu đã phê duyệt theo mẻ chuẩn.
bom_fg_0004_line_03,bom_fg_0004,1,3,rm_0050,piece,127,1.5,Định mức nguyên liệu đã phê duyệt theo mẻ chuẩn.
bom_fg_0004_line_04,bom_fg_0004,1,4,rm_0067,kg,156,2.0,Định mức nguyên liệu đã phê duyệt theo mẻ chuẩn.
bom_fg_0004_line_05,bom_fg_0004,1,5,rm_0084,kg,185,0.0,Định mức nguyên liệu đã phê duyệt theo mẻ chuẩn.
bom_fg_0005_line_01,bom_fg_0005,1,1,rm_0021,kg,82,0.5,Định mức nguyên liệu đã phê duyệt theo mẻ chuẩn.
bom_fg_0005_line_02,bom_fg_0005,1,2,rm_0038,litre,111,1.0,Định mức nguyên liệu đã phê duyệt theo mẻ chuẩn.
bom_fg_0005_line_03,bom_fg_0005,1,3,rm_0055,piece,140,1.5,Định mức nguyên liệu đã phê duyệt theo mẻ chuẩn.
bom_fg_0005_line_04,bom_fg_0005,1,4,rm_0072,litre,169,2.0,Định mức nguyên liệu đã phê duyệt theo mẻ chuẩn.
bom_fg_0005_line_05,bom_fg_0005,1,5,rm_0089,kg,198,0.0,Định mức nguyên liệu đã phê duyệt theo mẻ chuẩn.
bom_fg_0006_line_01,bom_fg_0006,1,1,rm_0026,kg,95,0.5,Định mức nguyên liệu đã phê duyệt theo mẻ chuẩn.
bom_fg_0006_line_02,bom_fg_0006,1,2,rm_0043,kg,124,1.0,Định mức nguyên liệu đã phê duyệt theo mẻ chuẩn.
bom_fg_0006_line_03,bom_fg_0006,1,3,rm_0060,piece,153,1.5,Định mức nguyên liệu đã phê duyệt theo mẻ chuẩn.
bom_fg_0006_line_04,bom_fg_0006,1,4,rm_0077,litre,182,2.0,Định mức nguyên liệu đã phê duyệt theo mẻ chuẩn.
bom_fg_0006_line_05,bom_fg_0006,1,5,rm_0094,kg,211,0.0,Định mức nguyên liệu đã phê duyệt theo mẻ chuẩn.
bom_fg_0007_line_01,bom_fg_0007,1,1,rm_0031,kg,108,0.5,Định mức nguyên liệu đã phê duyệt theo mẻ chuẩn.
bom_fg_0007_line_02,bom_fg_0007,1,2,rm_0048,kg,137,1.0,Định mức nguyên liệu đã phê duyệt theo mẻ chuẩn.
bom_fg_0007_line_03,bom_fg_0007,1,3,rm_0065,litre,166,1.5,Định mức nguyên liệu đã phê duyệt theo mẻ chuẩn.
bom_fg_0007_line_04,bom_fg_0007,1,4,rm_0082,kg,195,2.0,Định mức nguyên liệu đã phê duyệt theo mẻ chuẩn.
bom_fg_0007_line_05,bom_fg_0007,1,5,rm_0099,litre,224,0.0,Định mức nguyên liệu đã phê duyệt theo mẻ chuẩn.
bom_fg_0008_line_01,bom_fg_0008,1,1,rm_0036,litre,121,0.5,Định mức nguyên liệu đã phê duyệt theo mẻ chuẩn.
bom_fg_0008_line_02,bom_fg_0008,1,2,rm_0053,piece,150,1.0,Định mức nguyên liệu đã phê duyệt theo mẻ chuẩn.
bom_fg_0008_line_03,bom_fg_0008,1,3,rm_0070,kg,179,1.5,Định mức nguyên liệu đã phê duyệt theo mẻ chuẩn.
bom_fg_0008_line_04,bom_fg_0008,1,4,rm_0087,kg,208,2.0,Định mức nguyên liệu đã phê duyệt theo mẻ chuẩn.
bom_fg_0008_line_05,bom_fg_0008,1,5,rm_0104,kg,237,0.0,Định mức nguyên liệu đã phê duyệt theo mẻ chuẩn.
bom_fg_0009_line_01,bom_fg_0009,1,1,rm_0041,kg,134,0.5,Định mức nguyên liệu đã phê duyệt theo mẻ chuẩn.
bom_fg_0009_line_02,bom_fg_0009,1,2,rm_0058,kg,163,1.0,Định mức nguyên liệu đã phê duyệt theo mẻ chuẩn.
bom_fg_0009_line_03,bom_fg_0009,1,3,rm_0075,kg,192,1.5,Định mức nguyên liệu đã phê duyệt theo mẻ chuẩn.
bom_fg_0009_line_04,bom_fg_0009,1,4,rm_0092,kg,221,2.0,Định mức nguyên liệu đã phê duyệt theo mẻ chuẩn.
bom_fg_0009_line_05,bom_fg_0009,1,5,rm_0109,kg,250,0.0,Định mức nguyên liệu đã phê duyệt theo mẻ chuẩn.
bom_fg_0010_line_01,bom_fg_0010,1,1,rm_0046,kg,147,0.5,Định mức nguyên liệu đã phê duyệt theo mẻ chuẩn.
bom_fg_0010_line_02,bom_fg_0010,1,2,rm_0063,piece,176,1.0,Định mức nguyên liệu đã phê duyệt theo mẻ chuẩn.
bom_fg_0010_line_03,bom_fg_0010,1,3,rm_0080,kg,205,1.5,Định mức nguyên liệu đã phê duyệt theo mẻ chuẩn.
bom_fg_0010_line_04,bom_fg_0010,1,4,rm_0097,litre,234,2.0,Định mức nguyên liệu đã phê duyệt theo mẻ chuẩn.
bom_fg_0010_line_05,bom_fg_0010,1,5,rm_0114,piece,263,0.0,Định mức nguyên liệu đã phê duyệt theo mẻ chuẩn.
bom_fg_0011_line_01,bom_fg_0011,1,1,rm_0051,piece,160,0.5,Định mức nguyên liệu đã phê duyệt theo mẻ chuẩn.
bom_fg_0011_line_02,bom_fg_0011,1,2,rm_0068,kg,189,1.0,Định mức nguyên liệu đã phê duyệt theo mẻ chuẩn.
bom_fg_0011_line_03,bom_fg_0011,1,3,rm_0085,kg,218,1.5,Định mức nguyên liệu đã phê duyệt theo mẻ chuẩn.
bom_fg_0011_line_04,bom_fg_0011,1,4,rm_0102,litre,247,2.0,Định mức nguyên liệu đã phê duyệt theo mẻ chuẩn.
bom_fg_0011_line_05,bom_fg_0011,1,5,rm_0119,piece,276,0.0,Định mức nguyên liệu đã phê duyệt theo mẻ chuẩn.
bom_fg_0012_line_01,bom_fg_0012,1,1,rm_0056,piece,173,0.5,Định mức nguyên liệu đã phê duyệt theo mẻ chuẩn.
bom_fg_0012_line_02,bom_fg_0012,1,2,rm_0073,kg,202,1.0,Định mức nguyên liệu đã phê duyệt theo mẻ chuẩn.
bom_fg_0012_line_03,bom_fg_0012,1,3,rm_0090,kg,231,1.5,Định mức nguyên liệu đã phê duyệt theo mẻ chuẩn.
bom_fg_0012_line_04,bom_fg_0012,1,4,rm_0107,kg,260,2.0,Định mức nguyên liệu đã phê duyệt theo mẻ chuẩn.
bom_fg_0012_line_05,bom_fg_0012,1,5,rm_0124,piece,289,0.0,Định mức nguyên liệu đã phê duyệt theo mẻ chuẩn.
bom_fg_0013_line_01,bom_fg_0013,1,1,rm_0061,piece,186,0.5,Định mức nguyên liệu đã phê duyệt theo mẻ chuẩn.
bom_fg_0013_line_02,bom_fg_0013,1,2,rm_0078,kg,215,1.0,Định mức nguyên liệu đã phê duyệt theo mẻ chuẩn.
bom_fg_0013_line_03,bom_fg_0013,1,3,rm_0095,kg,244,1.5,Định mức nguyên liệu đã phê duyệt theo mẻ chuẩn.
bom_fg_0013_line_04,bom_fg_0013,1,4,rm_0112,kg,273,2.0,Định mức nguyên liệu đã phê duyệt theo mẻ chuẩn.
bom_fg_0013_line_05,bom_fg_0013,1,5,rm_0129,litre,302,0.0,Định mức nguyên liệu đã phê duyệt theo mẻ chuẩn.
bom_fg_0014_line_01,bom_fg_0014,1,1,rm_0066,kg,199,0.5,Định mức nguyên liệu đã phê duyệt theo mẻ chuẩn.
bom_fg_0014_line_02,bom_fg_0014,1,2,rm_0083,kg,228,1.0,Định mức nguyên liệu đã phê duyệt theo mẻ chuẩn.
bom_fg_0014_line_03,bom_fg_0014,1,3,rm_0100,litre,257,1.5,Định mức nguyên liệu đã phê duyệt theo mẻ chuẩn.
bom_fg_0014_line_04,bom_fg_0014,1,4,rm_0117,piece,286,2.0,Định mức nguyên liệu đã phê duyệt theo mẻ chuẩn.
bom_fg_0014_line_05,bom_fg_0014,1,5,rm_0134,kg,315,0.0,Định mức nguyên liệu đã phê duyệt theo mẻ chuẩn.
bom_fg_0015_line_01,bom_fg_0015,1,1,rm_0071,kg,212,0.5,Định mức nguyên liệu đã phê duyệt theo mẻ chuẩn.
bom_fg_0015_line_02,bom_fg_0015,1,2,rm_0088,kg,241,1.0,Định mức nguyên liệu đã phê duyệt theo mẻ chuẩn.
bom_fg_0015_line_03,bom_fg_0015,1,3,rm_0105,kg,270,1.5,Định mức nguyên liệu đã phê duyệt theo mẻ chuẩn.
bom_fg_0015_line_04,bom_fg_0015,1,4,rm_0122,kg,299,2.0,Định mức nguyên liệu đã phê duyệt theo mẻ chuẩn.
bom_fg_0015_line_05,bom_fg_0015,1,5,rm_0139,kg,328,0.0,Định mức nguyên liệu đã phê duyệt theo mẻ chuẩn.
bom_fg_0016_line_01,bom_fg_0016,1,1,rm_0076,kg,225,0.5,Định mức nguyên liệu đã phê duyệt theo mẻ chuẩn.
bom_fg_0016_line_02,bom_fg_0016,1,2,rm_0093,kg,254,1.0,Định mức nguyên liệu đã phê duyệt theo mẻ chuẩn.
bom_fg_0016_line_03,bom_fg_0016,1,3,rm_0110,kg,283,1.5,Định mức nguyên liệu đã phê duyệt theo mẻ chuẩn.
bom_fg_0016_line_04,bom_fg_0016,1,4,rm_0127,piece,312,2.0,Định mức nguyên liệu đã phê duyệt theo mẻ chuẩn.
bom_fg_0016_line_05,bom_fg_0016,1,5,rm_0144,kg,341,0.0,Định mức nguyên liệu đã phê duyệt theo mẻ chuẩn.
bom_fg_0017_line_01,bom_fg_0017,1,1,rm_0081,kg,238,0.5,Định mức nguyên liệu đã phê duyệt theo mẻ chuẩn.
bom_fg_0017_line_02,bom_fg_0017,1,2,rm_0098,litre,267,1.0,Định mức nguyên liệu đã phê duyệt theo mẻ chuẩn.
bom_fg_0017_line_03,bom_fg_0017,1,3,rm_0115,piece,296,1.5,Định mức nguyên liệu đã phê duyệt theo mẻ chuẩn.
bom_fg_0017_line_04,bom_fg_0017,1,4,rm_0132,kg,325,2.0,Định mức nguyên liệu đã phê duyệt theo mẻ chuẩn.
bom_fg_0017_line_05,bom_fg_0017,1,5,rm_0149,kg,354,0.0,Định mức nguyên liệu đã phê duyệt theo mẻ chuẩn.
bom_fg_0018_line_01,bom_fg_0018,1,1,rm_0086,kg,251,0.5,Định mức nguyên liệu đã phê duyệt theo mẻ chuẩn.
bom_fg_0018_line_02,bom_fg_0018,1,2,rm_0103,kg,280,1.0,Định mức nguyên liệu đã phê duyệt theo mẻ chuẩn.
bom_fg_0018_line_03,bom_fg_0018,1,3,rm_0120,piece,309,1.5,Định mức nguyên liệu đã phê duyệt theo mẻ chuẩn.
bom_fg_0018_line_04,bom_fg_0018,1,4,rm_0137,kg,338,2.0,Định mức nguyên liệu đã phê duyệt theo mẻ chuẩn.
bom_fg_0018_line_05,bom_fg_0018,1,5,rm_0154,kg,367,0.0,Định mức nguyên liệu đã phê duyệt theo mẻ chuẩn.
bom_fg_0019_line_01,bom_fg_0019,1,1,rm_0091,kg,264,0.5,Định mức nguyên liệu đã phê duyệt theo mẻ chuẩn.
bom_fg_0019_line_02,bom_fg_0019,1,2,rm_0108,kg,293,1.0,Định mức nguyên liệu đã phê duyệt theo mẻ chuẩn.
bom_fg_0019_line_03,bom_fg_0019,1,3,rm_0125,piece,322,1.5,Định mức nguyên liệu đã phê duyệt theo mẻ chuẩn.
bom_fg_0019_line_04,bom_fg_0019,1,4,rm_0142,kg,351,2.0,Định mức nguyên liệu đã phê duyệt theo mẻ chuẩn.
bom_fg_0019_line_05,bom_fg_0019,1,5,rm_0159,kg,380,0.0,Định mức nguyên liệu đã phê duyệt theo mẻ chuẩn.
bom_fg_0020_line_01,bom_fg_0020,1,1,rm_0096,kg,277,0.5,Định mức nguyên liệu đã phê duyệt theo mẻ chuẩn.
bom_fg_0020_line_02,bom_fg_0020,1,2,rm_0113,piece,306,1.0,Định mức nguyên liệu đã phê duyệt theo mẻ chuẩn.
bom_fg_0020_line_03,bom_fg_0020,1,3,rm_0130,kg,335,1.5,Định mức nguyên liệu đã phê duyệt theo mẻ chuẩn.
bom_fg_0020_line_04,bom_fg_0020,1,4,rm_0147,kg,364,2.0,Định mức nguyên liệu đã phê duyệt theo mẻ chuẩn.
bom_fg_0020_line_05,bom_fg_0020,1,5,rm_0164,litre,393,0.0,Định mức nguyên liệu đã phê duyệt theo mẻ chuẩn.
bom_fg_0021_line_01,bom_fg_0021,1,1,rm_0101,litre,290,0.5,Định mức nguyên liệu đã phê duyệt theo mẻ chuẩn.
bom_fg_0021_line_02,bom_fg_0021,1,2,rm_0118,piece,319,1.0,Định mức nguyên liệu đã phê duyệt theo mẻ chuẩn.
bom_fg_0021_line_03,bom_fg_0021,1,3,rm_0135,kg,348,1.5,Định mức nguyên liệu đã phê duyệt theo mẻ chuẩn.
bom_fg_0021_line_04,bom_fg_0021,1,4,rm_0152,kg,377,2.0,Định mức nguyên liệu đã phê duyệt theo mẻ chuẩn.
bom_fg_0021_line_05,bom_fg_0021,1,5,rm_0169,kg,406,0.0,Định mức nguyên liệu đã phê duyệt theo mẻ chuẩn.
bom_fg_0022_line_01,bom_fg_0022,1,1,rm_0106,kg,303,0.5,Định mức nguyên liệu đã phê duyệt theo mẻ chuẩn.
bom_fg_0022_line_02,bom_fg_0022,1,2,rm_0123,piece,332,1.0,Định mức nguyên liệu đã phê duyệt theo mẻ chuẩn.
bom_fg_0022_line_03,bom_fg_0022,1,3,rm_0140,kg,361,1.5,Định mức nguyên liệu đã phê duyệt theo mẻ chuẩn.
bom_fg_0022_line_04,bom_fg_0022,1,4,rm_0157,kg,390,2.0,Định mức nguyên liệu đã phê duyệt theo mẻ chuẩn.
bom_fg_0022_line_05,bom_fg_0022,1,5,rm_0174,kg,419,0.0,Định mức nguyên liệu đã phê duyệt theo mẻ chuẩn.
bom_fg_0023_line_01,bom_fg_0023,1,1,rm_0111,kg,316,0.5,Định mức nguyên liệu đã phê duyệt theo mẻ chuẩn.
bom_fg_0023_line_02,bom_fg_0023,1,2,rm_0128,piece,345,1.0,Định mức nguyên liệu đã phê duyệt theo mẻ chuẩn.
bom_fg_0023_line_03,bom_fg_0023,1,3,rm_0145,kg,374,1.5,Định mức nguyên liệu đã phê duyệt theo mẻ chuẩn.
bom_fg_0023_line_04,bom_fg_0023,1,4,rm_0162,litre,403,2.0,Định mức nguyên liệu đã phê duyệt theo mẻ chuẩn.
bom_fg_0023_line_05,bom_fg_0023,1,5,rm_0179,piece,432,0.0,Định mức nguyên liệu đã phê duyệt theo mẻ chuẩn.
bom_fg_0024_line_01,bom_fg_0024,1,1,rm_0116,piece,329,0.5,Định mức nguyên liệu đã phê duyệt theo mẻ chuẩn.
bom_fg_0024_line_02,bom_fg_0024,1,2,rm_0133,kg,358,1.0,Định mức nguyên liệu đã phê duyệt theo mẻ chuẩn.
bom_fg_0024_line_03,bom_fg_0024,1,3,rm_0150,kg,387,1.5,Định mức nguyên liệu đã phê duyệt theo mẻ chuẩn.
bom_fg_0024_line_04,bom_fg_0024,1,4,rm_0167,kg,416,2.0,Định mức nguyên liệu đã phê duyệt theo mẻ chuẩn.
bom_fg_0024_line_05,bom_fg_0024,1,5,rm_0184,piece,445,0.0,Định mức nguyên liệu đã phê duyệt theo mẻ chuẩn.
bom_fg_0025_line_01,bom_fg_0025,1,1,rm_0121,piece,342,0.5,Định mức nguyên liệu đã phê duyệt theo mẻ chuẩn.
bom_fg_0025_line_02,bom_fg_0025,1,2,rm_0138,kg,371,1.0,Định mức nguyên liệu đã phê duyệt theo mẻ chuẩn.
bom_fg_0025_line_03,bom_fg_0025,1,3,rm_0155,kg,400,1.5,Định mức nguyên liệu đã phê duyệt theo mẻ chuẩn.
bom_fg_0025_line_04,bom_fg_0025,1,4,rm_0172,kg,429,2.0,Định mức nguyên liệu đã phê duyệt theo mẻ chuẩn.
bom_fg_0025_line_05,bom_fg_0025,1,5,rm_0189,piece,458,0.0,Định mức nguyên liệu đã phê duyệt theo mẻ chuẩn.
bom_fg_0026_line_01,bom_fg_0026,1,1,rm_0126,piece,355,0.5,Định mức nguyên liệu đã phê duyệt theo mẻ chuẩn.
bom_fg_0026_line_02,bom_fg_0026,1,2,rm_0143,kg,384,1.0,Định mức nguyên liệu đã phê duyệt theo mẻ chuẩn.
bom_fg_0026_line_03,bom_fg_0026,1,3,rm_0160,kg,413,1.5,Định mức nguyên liệu đã phê duyệt theo mẻ chuẩn.
bom_fg_0026_line_04,bom_fg_0026,1,4,rm_0177,piece,442,2.0,Định mức nguyên liệu đã phê duyệt theo mẻ chuẩn.
bom_fg_0026_line_05,bom_fg_0026,1,5,rm_0194,kg,471,0.0,Định mức nguyên liệu đã phê duyệt theo mẻ chuẩn.
bom_fg_0027_line_01,bom_fg_0027,1,1,rm_0131,kg,368,0.5,Định mức nguyên liệu đã phê duyệt theo mẻ chuẩn.
bom_fg_0027_line_02,bom_fg_0027,1,2,rm_0148,kg,397,1.0,Định mức nguyên liệu đã phê duyệt theo mẻ chuẩn.
bom_fg_0027_line_03,bom_fg_0027,1,3,rm_0165,litre,426,1.5,Định mức nguyên liệu đã phê duyệt theo mẻ chuẩn.
bom_fg_0027_line_04,bom_fg_0027,1,4,rm_0182,piece,455,2.0,Định mức nguyên liệu đã phê duyệt theo mẻ chuẩn.
bom_fg_0027_line_05,bom_fg_0027,1,5,rm_0199,kg,484,0.0,Định mức nguyên liệu đã phê duyệt theo mẻ chuẩn.
bom_fg_0028_line_01,bom_fg_0028,1,1,rm_0136,litre,381,0.5,Định mức nguyên liệu đã phê duyệt theo mẻ chuẩn.
bom_fg_0028_line_02,bom_fg_0028,1,2,rm_0153,kg,410,1.0,Định mức nguyên liệu đã phê duyệt theo mẻ chuẩn.
bom_fg_0028_line_03,bom_fg_0028,1,3,rm_0170,kg,439,1.5,Định mức nguyên liệu đã phê duyệt theo mẻ chuẩn.
bom_fg_0028_line_04,bom_fg_0028,1,4,rm_0187,piece,468,2.0,Định mức nguyên liệu đã phê duyệt theo mẻ chuẩn.
bom_fg_0028_line_05,bom_fg_0028,1,5,rm_0204,kg,497,0.0,Định mức nguyên liệu đã phê duyệt theo mẻ chuẩn.
bom_fg_0029_line_01,bom_fg_0029,1,1,rm_0141,litre,394,0.5,Định mức nguyên liệu đã phê duyệt theo mẻ chuẩn.
bom_fg_0029_line_02,bom_fg_0029,1,2,rm_0158,kg,423,1.0,Định mức nguyên liệu đã phê duyệt theo mẻ chuẩn.
bom_fg_0029_line_03,bom_fg_0029,1,3,rm_0175,kg,452,1.5,Định mức nguyên liệu đã phê duyệt theo mẻ chuẩn.
bom_fg_0029_line_04,bom_fg_0029,1,4,rm_0192,piece,481,2.0,Định mức nguyên liệu đã phê duyệt theo mẻ chuẩn.
bom_fg_0029_line_05,bom_fg_0029,1,5,rm_0209,kg,510,0.0,Định mức nguyên liệu đã phê duyệt theo mẻ chuẩn.
bom_fg_0030_line_01,bom_fg_0030,1,1,rm_0146,kg,407,0.5,Định mức nguyên liệu đã phê duyệt theo mẻ chuẩn.
bom_fg_0030_line_02,bom_fg_0030,1,2,rm_0163,litre,436,1.0,Định mức nguyên liệu đã phê duyệt theo mẻ chuẩn.
bom_fg_0030_line_03,bom_fg_0030,1,3,rm_0180,piece,465,1.5,Định mức nguyên liệu đã phê duyệt theo mẻ chuẩn.
bom_fg_0030_line_04,bom_fg_0030,1,4,rm_0197,kg,494,2.0,Định mức nguyên liệu đã phê duyệt theo mẻ chuẩn.
bom_fg_0030_line_05,bom_fg_0030,1,5,rm_0214,kg,523,0.0,Định mức nguyên liệu đã phê duyệt theo mẻ chuẩn.
bom_fg_0031_line_01,bom_fg_0031,1,1,rm_0151,kg,420,0.5,Định mức nguyên liệu đã phê duyệt theo mẻ chuẩn.
bom_fg_0031_line_02,bom_fg_0031,1,2,rm_0168,kg,449,1.0,Định mức nguyên liệu đã phê duyệt theo mẻ chuẩn.
bom_fg_0031_line_03,bom_fg_0031,1,3,rm_0185,piece,478,1.5,Định mức nguyên liệu đã phê duyệt theo mẻ chuẩn.
bom_fg_0031_line_04,bom_fg_0031,1,4,rm_0202,kg,507,2.0,Định mức nguyên liệu đã phê duyệt theo mẻ chuẩn.
bom_fg_0031_line_05,bom_fg_0031,1,5,rm_0219,kg,536,0.0,Định mức nguyên liệu đã phê duyệt theo mẻ chuẩn.
bom_fg_0032_line_01,bom_fg_0032,1,1,rm_0156,kg,433,0.5,Định mức nguyên liệu đã phê duyệt theo mẻ chuẩn.
bom_fg_0032_line_02,bom_fg_0032,1,2,rm_0173,kg,462,1.0,Định mức nguyên liệu đã phê duyệt theo mẻ chuẩn.
bom_fg_0032_line_03,bom_fg_0032,1,3,rm_0190,piece,491,1.5,Định mức nguyên liệu đã phê duyệt theo mẻ chuẩn.
bom_fg_0032_line_04,bom_fg_0032,1,4,rm_0207,kg,520,2.0,Định mức nguyên liệu đã phê duyệt theo mẻ chuẩn.
bom_fg_0032_line_05,bom_fg_0032,1,5,rm_0224,kg,549,0.0,Định mức nguyên liệu đã phê duyệt theo mẻ chuẩn.
bom_fg_0033_line_01,bom_fg_0033,1,1,rm_0161,litre,446,0.5,Định mức nguyên liệu đã phê duyệt theo mẻ chuẩn.
bom_fg_0033_line_02,bom_fg_0033,1,2,rm_0178,piece,475,1.0,Định mức nguyên liệu đã phê duyệt theo mẻ chuẩn.
bom_fg_0033_line_03,bom_fg_0033,1,3,rm_0195,kg,504,1.5,Định mức nguyên liệu đã phê duyệt theo mẻ chuẩn.
bom_fg_0033_line_04,bom_fg_0033,1,4,rm_0212,kg,533,2.0,Định mức nguyên liệu đã phê duyệt theo mẻ chuẩn.
bom_fg_0033_line_05,bom_fg_0033,1,5,rm_0229,litre,562,0.0,Định mức nguyên liệu đã phê duyệt theo mẻ chuẩn.
bom_fg_0034_line_01,bom_fg_0034,1,1,rm_0166,litre,459,0.5,Định mức nguyên liệu đã phê duyệt theo mẻ chuẩn.
bom_fg_0034_line_02,bom_fg_0034,1,2,rm_0183,piece,488,1.0,Định mức nguyên liệu đã phê duyệt theo mẻ chuẩn.
bom_fg_0034_line_03,bom_fg_0034,1,3,rm_0200,litre,517,1.5,Định mức nguyên liệu đã phê duyệt theo mẻ chuẩn.
bom_fg_0034_line_04,bom_fg_0034,1,4,rm_0217,kg,546,2.0,Định mức nguyên liệu đã phê duyệt theo mẻ chuẩn.
bom_fg_0034_line_05,bom_fg_0034,1,5,rm_0234,kg,575,0.0,Định mức nguyên liệu đã phê duyệt theo mẻ chuẩn.
bom_fg_0035_line_01,bom_fg_0035,1,1,rm_0171,kg,472,0.5,Định mức nguyên liệu đã phê duyệt theo mẻ chuẩn.
bom_fg_0035_line_02,bom_fg_0035,1,2,rm_0188,piece,501,1.0,Định mức nguyên liệu đã phê duyệt theo mẻ chuẩn.
bom_fg_0035_line_03,bom_fg_0035,1,3,rm_0205,litre,530,1.5,Định mức nguyên liệu đã phê duyệt theo mẻ chuẩn.
bom_fg_0035_line_04,bom_fg_0035,1,4,rm_0222,kg,559,2.0,Định mức nguyên liệu đã phê duyệt theo mẻ chuẩn.
bom_fg_0035_line_05,bom_fg_0035,1,5,rm_0239,kg,588,0.0,Định mức nguyên liệu đã phê duyệt theo mẻ chuẩn.
bom_fg_0036_line_01,bom_fg_0036,1,1,rm_0176,kg,485,0.5,Định mức nguyên liệu đã phê duyệt theo mẻ chuẩn.
bom_fg_0036_line_02,bom_fg_0036,1,2,rm_0193,litre,514,1.0,Định mức nguyên liệu đã phê duyệt theo mẻ chuẩn.
bom_fg_0036_line_03,bom_fg_0036,1,3,rm_0210,kg,543,1.5,Định mức nguyên liệu đã phê duyệt theo mẻ chuẩn.
bom_fg_0036_line_04,bom_fg_0036,1,4,rm_0227,litre,572,2.0,Định mức nguyên liệu đã phê duyệt theo mẻ chuẩn.
bom_fg_0036_line_05,bom_fg_0036,1,5,rm_0244,piece,601,0.0,Định mức nguyên liệu đã phê duyệt theo mẻ chuẩn.
bom_fg_0037_line_01,bom_fg_0037,1,1,rm_0181,piece,498,0.5,Định mức nguyên liệu đã phê duyệt theo mẻ chuẩn.
bom_fg_0037_line_02,bom_fg_0037,1,2,rm_0198,kg,527,1.0,Định mức nguyên liệu đã phê duyệt theo mẻ chuẩn.
bom_fg_0037_line_03,bom_fg_0037,1,3,rm_0215,kg,556,1.5,Định mức nguyên liệu đã phê duyệt theo mẻ chuẩn.
bom_fg_0037_line_04,bom_fg_0037,1,4,rm_0232,kg,585,2.0,Định mức nguyên liệu đã phê duyệt theo mẻ chuẩn.
bom_fg_0037_line_05,bom_fg_0037,1,5,rm_0249,piece,614,0.0,Định mức nguyên liệu đã phê duyệt theo mẻ chuẩn.
bom_fg_0038_line_01,bom_fg_0038,1,1,rm_0186,kg,511,0.5,Định mức nguyên liệu đã phê duyệt theo mẻ chuẩn.
bom_fg_0038_line_02,bom_fg_0038,1,2,rm_0203,kg,540,1.0,Định mức nguyên liệu đã phê duyệt theo mẻ chuẩn.
bom_fg_0038_line_03,bom_fg_0038,1,3,rm_0220,kg,569,1.5,Định mức nguyên liệu đã phê duyệt theo mẻ chuẩn.
bom_fg_0038_line_04,bom_fg_0038,1,4,rm_0237,kg,598,2.0,Định mức nguyên liệu đã phê duyệt theo mẻ chuẩn.
bom_fg_0038_line_05,bom_fg_0038,1,5,rm_0254,piece,627,0.0,Định mức nguyên liệu đã phê duyệt theo mẻ chuẩn.
bom_fg_0039_line_01,bom_fg_0039,1,1,rm_0191,piece,524,0.5,Định mức nguyên liệu đã phê duyệt theo mẻ chuẩn.
bom_fg_0039_line_02,bom_fg_0039,1,2,rm_0208,kg,553,1.0,Định mức nguyên liệu đã phê duyệt theo mẻ chuẩn.
bom_fg_0039_line_03,bom_fg_0039,1,3,rm_0225,litre,582,1.5,Định mức nguyên liệu đã phê duyệt theo mẻ chuẩn.
bom_fg_0039_line_04,bom_fg_0039,1,4,rm_0242,piece,611,2.0,Định mức nguyên liệu đã phê duyệt theo mẻ chuẩn.
bom_fg_0039_line_05,bom_fg_0039,1,5,rm_0259,kg,640,0.0,Định mức nguyên liệu đã phê duyệt theo mẻ chuẩn.
bom_fg_0040_line_01,bom_fg_0040,1,1,rm_0196,kg,537,0.5,Định mức nguyên liệu đã phê duyệt theo mẻ chuẩn.
bom_fg_0040_line_02,bom_fg_0040,1,2,rm_0213,kg,566,1.0,Định mức nguyên liệu đã phê duyệt theo mẻ chuẩn.
bom_fg_0040_line_03,bom_fg_0040,1,3,rm_0230,litre,595,1.5,Định mức nguyên liệu đã phê duyệt theo mẻ chuẩn.
bom_fg_0040_line_04,bom_fg_0040,1,4,rm_0247,piece,624,2.0,Định mức nguyên liệu đã phê duyệt theo mẻ chuẩn.
bom_fg_0040_line_05,bom_fg_0040,1,5,rm_0264,litre,653,0.0,Định mức nguyên liệu đã phê duyệt theo mẻ chuẩn.
bom_fg_0041_line_01,bom_fg_0041,1,1,rm_0201,kg,550,0.5,Định mức nguyên liệu đã phê duyệt theo mẻ chuẩn.
bom_fg_0041_line_02,bom_fg_0041,1,2,rm_0218,kg,579,1.0,Định mức nguyên liệu đã phê duyệt theo mẻ chuẩn.
bom_fg_0041_line_03,bom_fg_0041,1,3,rm_0235,kg,608,1.5,Định mức nguyên liệu đã phê duyệt theo mẻ chuẩn.
bom_fg_0041_line_04,bom_fg_0041,1,4,rm_0252,piece,637,2.0,Định mức nguyên liệu đã phê duyệt theo mẻ chuẩn.
bom_fg_0041_line_05,bom_fg_0041,1,5,rm_0269,litre,666,0.0,Định mức nguyên liệu đã phê duyệt theo mẻ chuẩn.
bom_fg_0042_line_01,bom_fg_0042,1,1,rm_0206,kg,563,0.5,Định mức nguyên liệu đã phê duyệt theo mẻ chuẩn.
bom_fg_0042_line_02,bom_fg_0042,1,2,rm_0223,kg,592,1.0,Định mức nguyên liệu đã phê duyệt theo mẻ chuẩn.
bom_fg_0042_line_03,bom_fg_0042,1,3,rm_0240,kg,621,1.5,Định mức nguyên liệu đã phê duyệt theo mẻ chuẩn.
bom_fg_0042_line_04,bom_fg_0042,1,4,rm_0257,litre,650,2.0,Định mức nguyên liệu đã phê duyệt theo mẻ chuẩn.
bom_fg_0042_line_05,bom_fg_0042,1,5,rm_0274,kg,679,0.0,Định mức nguyên liệu đã phê duyệt theo mẻ chuẩn.
bom_fg_0043_line_01,bom_fg_0043,1,1,rm_0211,kg,576,0.5,Định mức nguyên liệu đã phê duyệt theo mẻ chuẩn.
bom_fg_0043_line_02,bom_fg_0043,1,2,rm_0228,litre,605,1.0,Định mức nguyên liệu đã phê duyệt theo mẻ chuẩn.
bom_fg_0043_line_03,bom_fg_0043,1,3,rm_0245,piece,634,1.5,Định mức nguyên liệu đã phê duyệt theo mẻ chuẩn.
bom_fg_0043_line_04,bom_fg_0043,1,4,rm_0262,kg,663,2.0,Định mức nguyên liệu đã phê duyệt theo mẻ chuẩn.
bom_fg_0043_line_05,bom_fg_0043,1,5,rm_0279,kg,692,0.0,Định mức nguyên liệu đã phê duyệt theo mẻ chuẩn.
bom_fg_0044_line_01,bom_fg_0044,1,1,rm_0216,kg,589,0.5,Định mức nguyên liệu đã phê duyệt theo mẻ chuẩn.
bom_fg_0044_line_02,bom_fg_0044,1,2,rm_0233,kg,618,1.0,Định mức nguyên liệu đã phê duyệt theo mẻ chuẩn.
bom_fg_0044_line_03,bom_fg_0044,1,3,rm_0250,kg,647,1.5,Định mức nguyên liệu đã phê duyệt theo mẻ chuẩn.
bom_fg_0044_line_04,bom_fg_0044,1,4,rm_0267,kg,676,2.0,Định mức nguyên liệu đã phê duyệt theo mẻ chuẩn.
bom_fg_0044_line_05,bom_fg_0044,1,5,rm_0284,kg,705,0.0,Định mức nguyên liệu đã phê duyệt theo mẻ chuẩn.
bom_fg_0045_line_01,bom_fg_0045,1,1,rm_0221,kg,602,0.5,Định mức nguyên liệu đã phê duyệt theo mẻ chuẩn.
bom_fg_0045_line_02,bom_fg_0045,1,2,rm_0238,kg,631,1.0,Định mức nguyên liệu đã phê duyệt theo mẻ chuẩn.
bom_fg_0045_line_03,bom_fg_0045,1,3,rm_0255,piece,660,1.5,Định mức nguyên liệu đã phê duyệt theo mẻ chuẩn.
bom_fg_0045_line_04,bom_fg_0045,1,4,rm_0272,kg,689,2.0,Định mức nguyên liệu đã phê duyệt theo mẻ chuẩn.
bom_fg_0045_line_05,bom_fg_0045,1,5,rm_0289,litre,718,0.0,Định mức nguyên liệu đã phê duyệt theo mẻ chuẩn.
bom_fg_0046_line_01,bom_fg_0046,1,1,rm_0226,litre,615,0.5,Định mức nguyên liệu đã phê duyệt theo mẻ chuẩn.
bom_fg_0046_line_02,bom_fg_0046,1,2,rm_0243,piece,644,1.0,Định mức nguyên liệu đã phê duyệt theo mẻ chuẩn.
bom_fg_0046_line_03,bom_fg_0046,1,3,rm_0260,kg,673,1.5,Định mức nguyên liệu đã phê duyệt theo mẻ chuẩn.
bom_fg_0046_line_04,bom_fg_0046,1,4,rm_0277,kg,702,2.0,Định mức nguyên liệu đã phê duyệt theo mẻ chuẩn.
bom_fg_0046_line_05,bom_fg_0046,1,5,rm_0294,litre,31,0.0,Định mức nguyên liệu đã phê duyệt theo mẻ chuẩn.
bom_fg_0047_line_01,bom_fg_0047,1,1,rm_0231,kg,628,0.5,Định mức nguyên liệu đã phê duyệt theo mẻ chuẩn.
bom_fg_0047_line_02,bom_fg_0047,1,2,rm_0248,piece,657,1.0,Định mức nguyên liệu đã phê duyệt theo mẻ chuẩn.
bom_fg_0047_line_03,bom_fg_0047,1,3,rm_0265,kg,686,1.5,Định mức nguyên liệu đã phê duyệt theo mẻ chuẩn.
bom_fg_0047_line_04,bom_fg_0047,1,4,rm_0282,kg,715,2.0,Định mức nguyên liệu đã phê duyệt theo mẻ chuẩn.
bom_fg_0047_line_05,bom_fg_0047,1,5,rm_0299,kg,44,0.0,Định mức nguyên liệu đã phê duyệt theo mẻ chuẩn.
bom_fg_0048_line_01,bom_fg_0048,1,1,rm_0236,kg,641,0.5,Định mức nguyên liệu đã phê duyệt theo mẻ chuẩn.
bom_fg_0048_line_02,bom_fg_0048,1,2,rm_0253,piece,670,1.0,Định mức nguyên liệu đã phê duyệt theo mẻ chuẩn.
bom_fg_0048_line_03,bom_fg_0048,1,3,rm_0270,kg,699,1.5,Định mức nguyên liệu đã phê duyệt theo mẻ chuẩn.
bom_fg_0048_line_04,bom_fg_0048,1,4,rm_0287,kg,728,2.0,Định mức nguyên liệu đã phê duyệt theo mẻ chuẩn.
bom_fg_0048_line_05,bom_fg_0048,1,5,rm_0304,kg,57,0.0,Định mức nguyên liệu đã phê duyệt theo mẻ chuẩn.
bom_fg_0049_line_01,bom_fg_0049,1,1,rm_0241,piece,654,0.5,Định mức nguyên liệu đã phê duyệt theo mẻ chuẩn.
bom_fg_0049_line_02,bom_fg_0049,1,2,rm_0258,kg,683,1.0,Định mức nguyên liệu đã phê duyệt theo mẻ chuẩn.
bom_fg_0049_line_03,bom_fg_0049,1,3,rm_0275,kg,712,1.5,Định mức nguyên liệu đã phê duyệt theo mẻ chuẩn.
bom_fg_0049_line_04,bom_fg_0049,1,4,rm_0292,litre,41,2.0,Định mức nguyên liệu đã phê duyệt theo mẻ chuẩn.
bom_fg_0049_line_05,bom_fg_0049,1,5,rm_0309,piece,70,0.0,Định mức nguyên liệu đã phê duyệt theo mẻ chuẩn.
bom_fg_0050_line_01,bom_fg_0050,1,1,rm_0246,piece,667,0.5,Định mức nguyên liệu đã phê duyệt theo mẻ chuẩn.
bom_fg_0050_line_02,bom_fg_0050,1,2,rm_0263,kg,696,1.0,Định mức nguyên liệu đã phê duyệt theo mẻ chuẩn.
bom_fg_0050_line_03,bom_fg_0050,1,3,rm_0280,kg,725,1.5,Định mức nguyên liệu đã phê duyệt theo mẻ chuẩn.
bom_fg_0050_line_04,bom_fg_0050,1,4,rm_0297,kg,54,2.0,Định mức nguyên liệu đã phê duyệt theo mẻ chuẩn.
bom_fg_0050_line_05,bom_fg_0050,1,5,rm_0004,kg,83,0.0,Định mức nguyên liệu đã phê duyệt theo mẻ chuẩn.
bom_fg_0051_line_01,bom_fg_0051,1,1,rm_0251,piece,680,0.5,Định mức nguyên liệu đã phê duyệt theo mẻ chuẩn.
bom_fg_0051_line_02,bom_fg_0051,1,2,rm_0268,kg,709,1.0,Định mức nguyên liệu đã phê duyệt theo mẻ chuẩn.
bom_fg_0051_line_03,bom_fg_0051,1,3,rm_0285,kg,38,1.5,Định mức nguyên liệu đã phê duyệt theo mẻ chuẩn.
bom_fg_0051_line_04,bom_fg_0051,1,4,rm_0302,kg,67,2.0,Định mức nguyên liệu đã phê duyệt theo mẻ chuẩn.
bom_fg_0051_line_05,bom_fg_0051,1,5,rm_0009,kg,96,0.0,Định mức nguyên liệu đã phê duyệt theo mẻ chuẩn.
bom_fg_0052_line_01,bom_fg_0052,1,1,rm_0256,piece,693,0.5,Định mức nguyên liệu đã phê duyệt theo mẻ chuẩn.
bom_fg_0052_line_02,bom_fg_0052,1,2,rm_0273,kg,722,1.0,Định mức nguyên liệu đã phê duyệt theo mẻ chuẩn.
bom_fg_0052_line_03,bom_fg_0052,1,3,rm_0290,litre,51,1.5,Định mức nguyên liệu đã phê duyệt theo mẻ chuẩn.
bom_fg_0052_line_04,bom_fg_0052,1,4,rm_0307,piece,80,2.0,Định mức nguyên liệu đã phê duyệt theo mẻ chuẩn.
bom_fg_0052_line_05,bom_fg_0052,1,5,rm_0014,kg,109,0.0,Định mức nguyên liệu đã phê duyệt theo mẻ chuẩn.
bom_fg_0053_line_01,bom_fg_0053,1,1,rm_0261,kg,706,0.5,Định mức nguyên liệu đã phê duyệt theo mẻ chuẩn.
bom_fg_0053_line_02,bom_fg_0053,1,2,rm_0278,kg,35,1.0,Định mức nguyên liệu đã phê duyệt theo mẻ chuẩn.
bom_fg_0053_line_03,bom_fg_0053,1,3,rm_0295,kg,64,1.5,Định mức nguyên liệu đã phê duyệt theo mẻ chuẩn.
bom_fg_0053_line_04,bom_fg_0053,1,4,rm_0002,kg,93,2.0,Định mức nguyên liệu đã phê duyệt theo mẻ chuẩn.
bom_fg_0053_line_05,bom_fg_0053,1,5,rm_0019,kg,122,0.0,Định mức nguyên liệu đã phê duyệt theo mẻ chuẩn.
bom_fg_0054_line_01,bom_fg_0054,1,1,rm_0266,kg,719,0.5,Định mức nguyên liệu đã phê duyệt theo mẻ chuẩn.
bom_fg_0054_line_02,bom_fg_0054,1,2,rm_0283,kg,48,1.0,Định mức nguyên liệu đã phê duyệt theo mẻ chuẩn.
bom_fg_0054_line_03,bom_fg_0054,1,3,rm_0300,kg,77,1.5,Định mức nguyên liệu đã phê duyệt theo mẻ chuẩn.
bom_fg_0054_line_04,bom_fg_0054,1,4,rm_0007,kg,106,2.0,Định mức nguyên liệu đã phê duyệt theo mẻ chuẩn.
bom_fg_0054_line_05,bom_fg_0054,1,5,rm_0024,kg,135,0.0,Định mức nguyên liệu đã phê duyệt theo mẻ chuẩn.
bom_fg_0055_line_01,bom_fg_0055,1,1,rm_0271,kg,32,0.5,Định mức nguyên liệu đã phê duyệt theo mẻ chuẩn.
bom_fg_0055_line_02,bom_fg_0055,1,2,rm_0288,kg,61,1.0,Định mức nguyên liệu đã phê duyệt theo mẻ chuẩn.
bom_fg_0055_line_03,bom_fg_0055,1,3,rm_0305,piece,90,1.5,Định mức nguyên liệu đã phê duyệt theo mẻ chuẩn.
bom_fg_0055_line_04,bom_fg_0055,1,4,rm_0012,kg,119,2.0,Định mức nguyên liệu đã phê duyệt theo mẻ chuẩn.
bom_fg_0055_line_05,bom_fg_0055,1,5,rm_0029,kg,148,0.0,Định mức nguyên liệu đã phê duyệt theo mẻ chuẩn.
bom_fg_0056_line_01,bom_fg_0056,1,1,rm_0276,kg,45,0.5,Định mức nguyên liệu đã phê duyệt theo mẻ chuẩn.
bom_fg_0056_line_02,bom_fg_0056,1,2,rm_0293,litre,74,1.0,Định mức nguyên liệu đã phê duyệt theo mẻ chuẩn.
bom_fg_0056_line_03,bom_fg_0056,1,3,rm_0310,piece,103,1.5,Định mức nguyên liệu đã phê duyệt theo mẻ chuẩn.
bom_fg_0056_line_04,bom_fg_0056,1,4,rm_0017,kg,132,2.0,Định mức nguyên liệu đã phê duyệt theo mẻ chuẩn.
bom_fg_0056_line_05,bom_fg_0056,1,5,rm_0034,litre,161,0.0,Định mức nguyên liệu đã phê duyệt theo mẻ chuẩn.
bom_fg_0057_line_01,bom_fg_0057,1,1,rm_0281,kg,58,0.5,Định mức nguyên liệu đã phê duyệt theo mẻ chuẩn.
bom_fg_0057_line_02,bom_fg_0057,1,2,rm_0298,kg,87,1.0,Định mức nguyên liệu đã phê duyệt theo mẻ chuẩn.
bom_fg_0057_line_03,bom_fg_0057,1,3,rm_0005,kg,116,1.5,Định mức nguyên liệu đã phê duyệt theo mẻ chuẩn.
bom_fg_0057_line_04,bom_fg_0057,1,4,rm_0022,kg,145,2.0,Định mức nguyên liệu đã phê duyệt theo mẻ chuẩn.
bom_fg_0057_line_05,bom_fg_0057,1,5,rm_0039,kg,174,0.0,Định mức nguyên liệu đã phê duyệt theo mẻ chuẩn.
bom_fg_0058_line_01,bom_fg_0058,1,1,rm_0286,kg,71,0.5,Định mức nguyên liệu đã phê duyệt theo mẻ chuẩn.
bom_fg_0058_line_02,bom_fg_0058,1,2,rm_0303,kg,100,1.0,Định mức nguyên liệu đã phê duyệt theo mẻ chuẩn.
bom_fg_0058_line_03,bom_fg_0058,1,3,rm_0010,kg,129,1.5,Định mức nguyên liệu đã phê duyệt theo mẻ chuẩn.
bom_fg_0058_line_04,bom_fg_0058,1,4,rm_0027,kg,158,2.0,Định mức nguyên liệu đã phê duyệt theo mẻ chuẩn.
bom_fg_0058_line_05,bom_fg_0058,1,5,rm_0044,kg,187,0.0,Định mức nguyên liệu đã phê duyệt theo mẻ chuẩn.
bom_fg_0059_line_01,bom_fg_0059,1,1,rm_0291,litre,84,0.5,Định mức nguyên liệu đã phê duyệt theo mẻ chuẩn.
bom_fg_0059_line_02,bom_fg_0059,1,2,rm_0308,piece,113,1.0,Định mức nguyên liệu đã phê duyệt theo mẻ chuẩn.
bom_fg_0059_line_03,bom_fg_0059,1,3,rm_0015,kg,142,1.5,Định mức nguyên liệu đã phê duyệt theo mẻ chuẩn.
bom_fg_0059_line_04,bom_fg_0059,1,4,rm_0032,kg,171,2.0,Định mức nguyên liệu đã phê duyệt theo mẻ chuẩn.
bom_fg_0059_line_05,bom_fg_0059,1,5,rm_0049,piece,200,0.0,Định mức nguyên liệu đã phê duyệt theo mẻ chuẩn.
bom_fg_0060_line_01,bom_fg_0060,1,1,rm_0296,kg,97,0.5,Định mức nguyên liệu đã phê duyệt theo mẻ chuẩn.
bom_fg_0060_line_02,bom_fg_0060,1,2,rm_0003,kg,126,1.0,Định mức nguyên liệu đã phê duyệt theo mẻ chuẩn.
bom_fg_0060_line_03,bom_fg_0060,1,3,rm_0020,kg,155,1.5,Định mức nguyên liệu đã phê duyệt theo mẻ chuẩn.
bom_fg_0060_line_04,bom_fg_0060,1,4,rm_0037,litre,184,2.0,Định mức nguyên liệu đã phê duyệt theo mẻ chuẩn.
bom_fg_0060_line_05,bom_fg_0060,1,5,rm_0054,piece,213,0.0,Định mức nguyên liệu đã phê duyệt theo mẻ chuẩn.
bom_fg_0061_line_01,bom_fg_0061,1,1,rm_0301,kg,110,0.5,Định mức nguyên liệu đã phê duyệt theo mẻ chuẩn.
bom_fg_0061_line_02,bom_fg_0061,1,2,rm_0008,litre,139,1.0,Định mức nguyên liệu đã phê duyệt theo mẻ chuẩn.
bom_fg_0061_line_03,bom_fg_0061,1,3,rm_0025,kg,168,1.5,Định mức nguyên liệu đã phê duyệt theo mẻ chuẩn.
bom_fg_0061_line_04,bom_fg_0061,1,4,rm_0042,kg,197,2.0,Định mức nguyên liệu đã phê duyệt theo mẻ chuẩn.
bom_fg_0061_line_05,bom_fg_0061,1,5,rm_0059,piece,226,0.0,Định mức nguyên liệu đã phê duyệt theo mẻ chuẩn.
bom_fg_0062_line_01,bom_fg_0062,1,1,rm_0306,piece,123,0.5,Định mức nguyên liệu đã phê duyệt theo mẻ chuẩn.
bom_fg_0062_line_02,bom_fg_0062,1,2,rm_0013,litre,152,1.0,Định mức nguyên liệu đã phê duyệt theo mẻ chuẩn.
bom_fg_0062_line_03,bom_fg_0062,1,3,rm_0030,kg,181,1.5,Định mức nguyên liệu đã phê duyệt theo mẻ chuẩn.
bom_fg_0062_line_04,bom_fg_0062,1,4,rm_0047,kg,210,2.0,Định mức nguyên liệu đã phê duyệt theo mẻ chuẩn.
bom_fg_0062_line_05,bom_fg_0062,1,5,rm_0064,piece,239,0.0,Định mức nguyên liệu đã phê duyệt theo mẻ chuẩn.
bom_fg_0063_line_01,bom_fg_0063,1,1,rm_0001,litre,136,0.5,Định mức nguyên liệu đã phê duyệt theo mẻ chuẩn.
bom_fg_0063_line_02,bom_fg_0063,1,2,rm_0018,kg,165,1.0,Định mức nguyên liệu đã phê duyệt theo mẻ chuẩn.
bom_fg_0063_line_03,bom_fg_0063,1,3,rm_0035,litre,194,1.5,Định mức nguyên liệu đã phê duyệt theo mẻ chuẩn.
bom_fg_0063_line_04,bom_fg_0063,1,4,rm_0052,piece,223,2.0,Định mức nguyên liệu đã phê duyệt theo mẻ chuẩn.
bom_fg_0063_line_05,bom_fg_0063,1,5,rm_0069,kg,252,0.0,Định mức nguyên liệu đã phê duyệt theo mẻ chuẩn.
bom_fg_0064_line_01,bom_fg_0064,1,1,rm_0006,kg,149,0.5,Định mức nguyên liệu đã phê duyệt theo mẻ chuẩn.
bom_fg_0064_line_02,bom_fg_0064,1,2,rm_0023,kg,178,1.0,Định mức nguyên liệu đã phê duyệt theo mẻ chuẩn.
bom_fg_0064_line_03,bom_fg_0064,1,3,rm_0040,kg,207,1.5,Định mức nguyên liệu đã phê duyệt theo mẻ chuẩn.
bom_fg_0064_line_04,bom_fg_0064,1,4,rm_0057,piece,236,2.0,Định mức nguyên liệu đã phê duyệt theo mẻ chuẩn.
bom_fg_0064_line_05,bom_fg_0064,1,5,rm_0074,kg,265,0.0,Định mức nguyên liệu đã phê duyệt theo mẻ chuẩn.
bom_fg_0065_line_01,bom_fg_0065,1,1,rm_0011,kg,162,0.5,Định mức nguyên liệu đã phê duyệt theo mẻ chuẩn.
bom_fg_0065_line_02,bom_fg_0065,1,2,rm_0028,kg,191,1.0,Định mức nguyên liệu đã phê duyệt theo mẻ chuẩn.
bom_fg_0065_line_03,bom_fg_0065,1,3,rm_0045,kg,220,1.5,Định mức nguyên liệu đã phê duyệt theo mẻ chuẩn.
bom_fg_0065_line_04,bom_fg_0065,1,4,rm_0062,piece,249,2.0,Định mức nguyên liệu đã phê duyệt theo mẻ chuẩn.
bom_fg_0065_line_05,bom_fg_0065,1,5,rm_0079,kg,278,0.0,Định mức nguyên liệu đã phê duyệt theo mẻ chuẩn.
bom_fg_0066_line_01,bom_fg_0066,1,1,rm_0016,kg,175,0.5,Định mức nguyên liệu đã phê duyệt theo mẻ chuẩn.
bom_fg_0066_line_02,bom_fg_0066,1,2,rm_0033,litre,204,1.0,Định mức nguyên liệu đã phê duyệt theo mẻ chuẩn.
bom_fg_0066_line_03,bom_fg_0066,1,3,rm_0050,piece,233,1.5,Định mức nguyên liệu đã phê duyệt theo mẻ chuẩn.
bom_fg_0066_line_04,bom_fg_0066,1,4,rm_0067,kg,262,2.0,Định mức nguyên liệu đã phê duyệt theo mẻ chuẩn.
bom_fg_0066_line_05,bom_fg_0066,1,5,rm_0084,kg,291,0.0,Định mức nguyên liệu đã phê duyệt theo mẻ chuẩn.
bom_fg_0067_line_01,bom_fg_0067,1,1,rm_0021,kg,188,0.5,Định mức nguyên liệu đã phê duyệt theo mẻ chuẩn.
bom_fg_0067_line_02,bom_fg_0067,1,2,rm_0038,litre,217,1.0,Định mức nguyên liệu đã phê duyệt theo mẻ chuẩn.
bom_fg_0067_line_03,bom_fg_0067,1,3,rm_0055,piece,246,1.5,Định mức nguyên liệu đã phê duyệt theo mẻ chuẩn.
bom_fg_0067_line_04,bom_fg_0067,1,4,rm_0072,litre,275,2.0,Định mức nguyên liệu đã phê duyệt theo mẻ chuẩn.
bom_fg_0067_line_05,bom_fg_0067,1,5,rm_0089,kg,304,0.0,Định mức nguyên liệu đã phê duyệt theo mẻ chuẩn.
bom_fg_0068_line_01,bom_fg_0068,1,1,rm_0026,kg,201,0.5,Định mức nguyên liệu đã phê duyệt theo mẻ chuẩn.
bom_fg_0068_line_02,bom_fg_0068,1,2,rm_0043,kg,230,1.0,Định mức nguyên liệu đã phê duyệt theo mẻ chuẩn.
bom_fg_0068_line_03,bom_fg_0068,1,3,rm_0060,piece,259,1.5,Định mức nguyên liệu đã phê duyệt theo mẻ chuẩn.
bom_fg_0068_line_04,bom_fg_0068,1,4,rm_0077,litre,288,2.0,Định mức nguyên liệu đã phê duyệt theo mẻ chuẩn.
bom_fg_0068_line_05,bom_fg_0068,1,5,rm_0094,kg,317,0.0,Định mức nguyên liệu đã phê duyệt theo mẻ chuẩn.
bom_fg_0069_line_01,bom_fg_0069,1,1,rm_0031,kg,214,0.5,Định mức nguyên liệu đã phê duyệt theo mẻ chuẩn.
bom_fg_0069_line_02,bom_fg_0069,1,2,rm_0048,kg,243,1.0,Định mức nguyên liệu đã phê duyệt theo mẻ chuẩn.
bom_fg_0069_line_03,bom_fg_0069,1,3,rm_0065,litre,272,1.5,Định mức nguyên liệu đã phê duyệt theo mẻ chuẩn.
bom_fg_0069_line_04,bom_fg_0069,1,4,rm_0082,kg,301,2.0,Định mức nguyên liệu đã phê duyệt theo mẻ chuẩn.
bom_fg_0069_line_05,bom_fg_0069,1,5,rm_0099,litre,330,0.0,Định mức nguyên liệu đã phê duyệt theo mẻ chuẩn.
bom_fg_0070_line_01,bom_fg_0070,1,1,rm_0036,litre,227,0.5,Định mức nguyên liệu đã phê duyệt theo mẻ chuẩn.
bom_fg_0070_line_02,bom_fg_0070,1,2,rm_0053,piece,256,1.0,Định mức nguyên liệu đã phê duyệt theo mẻ chuẩn.
bom_fg_0070_line_03,bom_fg_0070,1,3,rm_0070,kg,285,1.5,Định mức nguyên liệu đã phê duyệt theo mẻ chuẩn.
bom_fg_0070_line_04,bom_fg_0070,1,4,rm_0087,kg,314,2.0,Định mức nguyên liệu đã phê duyệt theo mẻ chuẩn.
bom_fg_0070_line_05,bom_fg_0070,1,5,rm_0104,kg,343,0.0,Định mức nguyên liệu đã phê duyệt theo mẻ chuẩn.
bom_fg_0071_line_01,bom_fg_0071,1,1,rm_0041,kg,240,0.5,Định mức nguyên liệu đã phê duyệt theo mẻ chuẩn.
bom_fg_0071_line_02,bom_fg_0071,1,2,rm_0058,kg,269,1.0,Định mức nguyên liệu đã phê duyệt theo mẻ chuẩn.
bom_fg_0071_line_03,bom_fg_0071,1,3,rm_0075,kg,298,1.5,Định mức nguyên liệu đã phê duyệt theo mẻ chuẩn.
bom_fg_0071_line_04,bom_fg_0071,1,4,rm_0092,kg,327,2.0,Định mức nguyên liệu đã phê duyệt theo mẻ chuẩn.
bom_fg_0071_line_05,bom_fg_0071,1,5,rm_0109,kg,356,0.0,Định mức nguyên liệu đã phê duyệt theo mẻ chuẩn.
bom_fg_0072_line_01,bom_fg_0072,1,1,rm_0046,kg,253,0.5,Định mức nguyên liệu đã phê duyệt theo mẻ chuẩn.
bom_fg_0072_line_02,bom_fg_0072,1,2,rm_0063,piece,282,1.0,Định mức nguyên liệu đã phê duyệt theo mẻ chuẩn.
bom_fg_0072_line_03,bom_fg_0072,1,3,rm_0080,kg,311,1.5,Định mức nguyên liệu đã phê duyệt theo mẻ chuẩn.
bom_fg_0072_line_04,bom_fg_0072,1,4,rm_0097,litre,340,2.0,Định mức nguyên liệu đã phê duyệt theo mẻ chuẩn.
bom_fg_0072_line_05,bom_fg_0072,1,5,rm_0114,piece,369,0.0,Định mức nguyên liệu đã phê duyệt theo mẻ chuẩn.
bom_fg_0073_line_01,bom_fg_0073,1,1,rm_0051,piece,266,0.5,Định mức nguyên liệu đã phê duyệt theo mẻ chuẩn.
bom_fg_0073_line_02,bom_fg_0073,1,2,rm_0068,kg,295,1.0,Định mức nguyên liệu đã phê duyệt theo mẻ chuẩn.
bom_fg_0073_line_03,bom_fg_0073,1,3,rm_0085,kg,324,1.5,Định mức nguyên liệu đã phê duyệt theo mẻ chuẩn.
bom_fg_0073_line_04,bom_fg_0073,1,4,rm_0102,litre,353,2.0,Định mức nguyên liệu đã phê duyệt theo mẻ chuẩn.
bom_fg_0073_line_05,bom_fg_0073,1,5,rm_0119,piece,382,0.0,Định mức nguyên liệu đã phê duyệt theo mẻ chuẩn.
bom_fg_0074_line_01,bom_fg_0074,1,1,rm_0056,piece,279,0.5,Định mức nguyên liệu đã phê duyệt theo mẻ chuẩn.
bom_fg_0074_line_02,bom_fg_0074,1,2,rm_0073,kg,308,1.0,Định mức nguyên liệu đã phê duyệt theo mẻ chuẩn.
bom_fg_0074_line_03,bom_fg_0074,1,3,rm_0090,kg,337,1.5,Định mức nguyên liệu đã phê duyệt theo mẻ chuẩn.
bom_fg_0074_line_04,bom_fg_0074,1,4,rm_0107,kg,366,2.0,Định mức nguyên liệu đã phê duyệt theo mẻ chuẩn.
bom_fg_0074_line_05,bom_fg_0074,1,5,rm_0124,piece,395,0.0,Định mức nguyên liệu đã phê duyệt theo mẻ chuẩn.
bom_fg_0075_line_01,bom_fg_0075,1,1,rm_0061,piece,292,0.5,Định mức nguyên liệu đã phê duyệt theo mẻ chuẩn.
bom_fg_0075_line_02,bom_fg_0075,1,2,rm_0078,kg,321,1.0,Định mức nguyên liệu đã phê duyệt theo mẻ chuẩn.
bom_fg_0075_line_03,bom_fg_0075,1,3,rm_0095,kg,350,1.5,Định mức nguyên liệu đã phê duyệt theo mẻ chuẩn.
bom_fg_0075_line_04,bom_fg_0075,1,4,rm_0112,kg,379,2.0,Định mức nguyên liệu đã phê duyệt theo mẻ chuẩn.
bom_fg_0075_line_05,bom_fg_0075,1,5,rm_0129,litre,408,0.0,Định mức nguyên liệu đã phê duyệt theo mẻ chuẩn.
bom_fg_0076_line_01,bom_fg_0076,1,1,rm_0066,kg,305,0.5,Định mức nguyên liệu đã phê duyệt theo mẻ chuẩn.
bom_fg_0076_line_02,bom_fg_0076,1,2,rm_0083,kg,334,1.0,Định mức nguyên liệu đã phê duyệt theo mẻ chuẩn.
bom_fg_0076_line_03,bom_fg_0076,1,3,rm_0100,litre,363,1.5,Định mức nguyên liệu đã phê duyệt theo mẻ chuẩn.
bom_fg_0076_line_04,bom_fg_0076,1,4,rm_0117,piece,392,2.0,Định mức nguyên liệu đã phê duyệt theo mẻ chuẩn.
bom_fg_0076_line_05,bom_fg_0076,1,5,rm_0134,kg,421,0.0,Định mức nguyên liệu đã phê duyệt theo mẻ chuẩn.
bom_fg_0077_line_01,bom_fg_0077,1,1,rm_0071,kg,318,0.5,Định mức nguyên liệu đã phê duyệt theo mẻ chuẩn.
bom_fg_0077_line_02,bom_fg_0077,1,2,rm_0088,kg,347,1.0,Định mức nguyên liệu đã phê duyệt theo mẻ chuẩn.
bom_fg_0077_line_03,bom_fg_0077,1,3,rm_0105,kg,376,1.5,Định mức nguyên liệu đã phê duyệt theo mẻ chuẩn.
bom_fg_0077_line_04,bom_fg_0077,1,4,rm_0122,kg,405,2.0,Định mức nguyên liệu đã phê duyệt theo mẻ chuẩn.
bom_fg_0077_line_05,bom_fg_0077,1,5,rm_0139,kg,434,0.0,Định mức nguyên liệu đã phê duyệt theo mẻ chuẩn.
bom_fg_0078_line_01,bom_fg_0078,1,1,rm_0076,kg,331,0.5,Định mức nguyên liệu đã phê duyệt theo mẻ chuẩn.
bom_fg_0078_line_02,bom_fg_0078,1,2,rm_0093,kg,360,1.0,Định mức nguyên liệu đã phê duyệt theo mẻ chuẩn.
bom_fg_0078_line_03,bom_fg_0078,1,3,rm_0110,kg,389,1.5,Định mức nguyên liệu đã phê duyệt theo mẻ chuẩn.
bom_fg_0078_line_04,bom_fg_0078,1,4,rm_0127,piece,418,2.0,Định mức nguyên liệu đã phê duyệt theo mẻ chuẩn.
bom_fg_0078_line_05,bom_fg_0078,1,5,rm_0144,kg,447,0.0,Định mức nguyên liệu đã phê duyệt theo mẻ chuẩn.
bom_fg_0079_line_01,bom_fg_0079,1,1,rm_0081,kg,344,0.5,Định mức nguyên liệu đã phê duyệt theo mẻ chuẩn.
bom_fg_0079_line_02,bom_fg_0079,1,2,rm_0098,litre,373,1.0,Định mức nguyên liệu đã phê duyệt theo mẻ chuẩn.
bom_fg_0079_line_03,bom_fg_0079,1,3,rm_0115,piece,402,1.5,Định mức nguyên liệu đã phê duyệt theo mẻ chuẩn.
bom_fg_0079_line_04,bom_fg_0079,1,4,rm_0132,kg,431,2.0,Định mức nguyên liệu đã phê duyệt theo mẻ chuẩn.
bom_fg_0079_line_05,bom_fg_0079,1,5,rm_0149,kg,460,0.0,Định mức nguyên liệu đã phê duyệt theo mẻ chuẩn.
bom_fg_0080_line_01,bom_fg_0080,1,1,rm_0086,kg,357,0.5,Định mức nguyên liệu đã phê duyệt theo mẻ chuẩn.
bom_fg_0080_line_02,bom_fg_0080,1,2,rm_0103,kg,386,1.0,Định mức nguyên liệu đã phê duyệt theo mẻ chuẩn.
bom_fg_0080_line_03,bom_fg_0080,1,3,rm_0120,piece,415,1.5,Định mức nguyên liệu đã phê duyệt theo mẻ chuẩn.
bom_fg_0080_line_04,bom_fg_0080,1,4,rm_0137,kg,444,2.0,Định mức nguyên liệu đã phê duyệt theo mẻ chuẩn.
bom_fg_0080_line_05,bom_fg_0080,1,5,rm_0154,kg,473,0.0,Định mức nguyên liệu đã phê duyệt theo mẻ chuẩn.
bom_fg_0081_line_01,bom_fg_0081,1,1,rm_0091,kg,370,0.5,Định mức nguyên liệu đã phê duyệt theo mẻ chuẩn.
bom_fg_0081_line_02,bom_fg_0081,1,2,rm_0108,kg,399,1.0,Định mức nguyên liệu đã phê duyệt theo mẻ chuẩn.
bom_fg_0081_line_03,bom_fg_0081,1,3,rm_0125,piece,428,1.5,Định mức nguyên liệu đã phê duyệt theo mẻ chuẩn.
bom_fg_0081_line_04,bom_fg_0081,1,4,rm_0142,kg,457,2.0,Định mức nguyên liệu đã phê duyệt theo mẻ chuẩn.
bom_fg_0081_line_05,bom_fg_0081,1,5,rm_0159,kg,486,0.0,Định mức nguyên liệu đã phê duyệt theo mẻ chuẩn.
bom_fg_0082_line_01,bom_fg_0082,1,1,rm_0096,kg,383,0.5,Định mức nguyên liệu đã phê duyệt theo mẻ chuẩn.
bom_fg_0082_line_02,bom_fg_0082,1,2,rm_0113,piece,412,1.0,Định mức nguyên liệu đã phê duyệt theo mẻ chuẩn.
bom_fg_0082_line_03,bom_fg_0082,1,3,rm_0130,kg,441,1.5,Định mức nguyên liệu đã phê duyệt theo mẻ chuẩn.
bom_fg_0082_line_04,bom_fg_0082,1,4,rm_0147,kg,470,2.0,Định mức nguyên liệu đã phê duyệt theo mẻ chuẩn.
bom_fg_0082_line_05,bom_fg_0082,1,5,rm_0164,litre,499,0.0,Định mức nguyên liệu đã phê duyệt theo mẻ chuẩn.
bom_fg_0083_line_01,bom_fg_0083,1,1,rm_0101,litre,396,0.5,Định mức nguyên liệu đã phê duyệt theo mẻ chuẩn.
bom_fg_0083_line_02,bom_fg_0083,1,2,rm_0118,piece,425,1.0,Định mức nguyên liệu đã phê duyệt theo mẻ chuẩn.
bom_fg_0083_line_03,bom_fg_0083,1,3,rm_0135,kg,454,1.5,Định mức nguyên liệu đã phê duyệt theo mẻ chuẩn.
bom_fg_0083_line_04,bom_fg_0083,1,4,rm_0152,kg,483,2.0,Định mức nguyên liệu đã phê duyệt theo mẻ chuẩn.
bom_fg_0083_line_05,bom_fg_0083,1,5,rm_0169,kg,512,0.0,Định mức nguyên liệu đã phê duyệt theo mẻ chuẩn.
bom_fg_0084_line_01,bom_fg_0084,1,1,rm_0106,kg,409,0.5,Định mức nguyên liệu đã phê duyệt theo mẻ chuẩn.
bom_fg_0084_line_02,bom_fg_0084,1,2,rm_0123,piece,438,1.0,Định mức nguyên liệu đã phê duyệt theo mẻ chuẩn.
bom_fg_0084_line_03,bom_fg_0084,1,3,rm_0140,kg,467,1.5,Định mức nguyên liệu đã phê duyệt theo mẻ chuẩn.
bom_fg_0084_line_04,bom_fg_0084,1,4,rm_0157,kg,496,2.0,Định mức nguyên liệu đã phê duyệt theo mẻ chuẩn.
bom_fg_0084_line_05,bom_fg_0084,1,5,rm_0174,kg,525,0.0,Định mức nguyên liệu đã phê duyệt theo mẻ chuẩn.
bom_fg_0085_line_01,bom_fg_0085,1,1,rm_0111,kg,422,0.5,Định mức nguyên liệu đã phê duyệt theo mẻ chuẩn.
bom_fg_0085_line_02,bom_fg_0085,1,2,rm_0128,piece,451,1.0,Định mức nguyên liệu đã phê duyệt theo mẻ chuẩn.
bom_fg_0085_line_03,bom_fg_0085,1,3,rm_0145,kg,480,1.5,Định mức nguyên liệu đã phê duyệt theo mẻ chuẩn.
bom_fg_0085_line_04,bom_fg_0085,1,4,rm_0162,litre,509,2.0,Định mức nguyên liệu đã phê duyệt theo mẻ chuẩn.
bom_fg_0085_line_05,bom_fg_0085,1,5,rm_0179,piece,538,0.0,Định mức nguyên liệu đã phê duyệt theo mẻ chuẩn.
bom_fg_0086_line_01,bom_fg_0086,1,1,rm_0116,piece,435,0.5,Định mức nguyên liệu đã phê duyệt theo mẻ chuẩn.
bom_fg_0086_line_02,bom_fg_0086,1,2,rm_0133,kg,464,1.0,Định mức nguyên liệu đã phê duyệt theo mẻ chuẩn.
bom_fg_0086_line_03,bom_fg_0086,1,3,rm_0150,kg,493,1.5,Định mức nguyên liệu đã phê duyệt theo mẻ chuẩn.
bom_fg_0086_line_04,bom_fg_0086,1,4,rm_0167,kg,522,2.0,Định mức nguyên liệu đã phê duyệt theo mẻ chuẩn.
bom_fg_0086_line_05,bom_fg_0086,1,5,rm_0184,piece,551,0.0,Định mức nguyên liệu đã phê duyệt theo mẻ chuẩn.
bom_fg_0087_line_01,bom_fg_0087,1,1,rm_0121,piece,448,0.5,Định mức nguyên liệu đã phê duyệt theo mẻ chuẩn.
bom_fg_0087_line_02,bom_fg_0087,1,2,rm_0138,kg,477,1.0,Định mức nguyên liệu đã phê duyệt theo mẻ chuẩn.
bom_fg_0087_line_03,bom_fg_0087,1,3,rm_0155,kg,506,1.5,Định mức nguyên liệu đã phê duyệt theo mẻ chuẩn.
bom_fg_0087_line_04,bom_fg_0087,1,4,rm_0172,kg,535,2.0,Định mức nguyên liệu đã phê duyệt theo mẻ chuẩn.
bom_fg_0087_line_05,bom_fg_0087,1,5,rm_0189,piece,564,0.0,Định mức nguyên liệu đã phê duyệt theo mẻ chuẩn.
bom_fg_0088_line_01,bom_fg_0088,1,1,rm_0126,piece,461,0.5,Định mức nguyên liệu đã phê duyệt theo mẻ chuẩn.
bom_fg_0088_line_02,bom_fg_0088,1,2,rm_0143,kg,490,1.0,Định mức nguyên liệu đã phê duyệt theo mẻ chuẩn.
bom_fg_0088_line_03,bom_fg_0088,1,3,rm_0160,kg,519,1.5,Định mức nguyên liệu đã phê duyệt theo mẻ chuẩn.
bom_fg_0088_line_04,bom_fg_0088,1,4,rm_0177,piece,548,2.0,Định mức nguyên liệu đã phê duyệt theo mẻ chuẩn.
bom_fg_0088_line_05,bom_fg_0088,1,5,rm_0194,kg,577,0.0,Định mức nguyên liệu đã phê duyệt theo mẻ chuẩn.
bom_fg_0089_line_01,bom_fg_0089,1,1,rm_0131,kg,474,0.5,Định mức nguyên liệu đã phê duyệt theo mẻ chuẩn.
bom_fg_0089_line_02,bom_fg_0089,1,2,rm_0148,kg,503,1.0,Định mức nguyên liệu đã phê duyệt theo mẻ chuẩn.
bom_fg_0089_line_03,bom_fg_0089,1,3,rm_0165,litre,532,1.5,Định mức nguyên liệu đã phê duyệt theo mẻ chuẩn.
bom_fg_0089_line_04,bom_fg_0089,1,4,rm_0182,piece,561,2.0,Định mức nguyên liệu đã phê duyệt theo mẻ chuẩn.
bom_fg_0089_line_05,bom_fg_0089,1,5,rm_0199,kg,590,0.0,Định mức nguyên liệu đã phê duyệt theo mẻ chuẩn.
bom_fg_0090_line_01,bom_fg_0090,1,1,rm_0136,litre,487,0.5,Định mức nguyên liệu đã phê duyệt theo mẻ chuẩn.
bom_fg_0090_line_02,bom_fg_0090,1,2,rm_0153,kg,516,1.0,Định mức nguyên liệu đã phê duyệt theo mẻ chuẩn.
bom_fg_0090_line_03,bom_fg_0090,1,3,rm_0170,kg,545,1.5,Định mức nguyên liệu đã phê duyệt theo mẻ chuẩn.
bom_fg_0090_line_04,bom_fg_0090,1,4,rm_0187,piece,574,2.0,Định mức nguyên liệu đã phê duyệt theo mẻ chuẩn.
bom_fg_0090_line_05,bom_fg_0090,1,5,rm_0204,kg,603,0.0,Định mức nguyên liệu đã phê duyệt theo mẻ chuẩn.
bom_fg_0091_line_01,bom_fg_0091,1,1,rm_0141,litre,500,0.5,Định mức nguyên liệu đã phê duyệt theo mẻ chuẩn.
bom_fg_0091_line_02,bom_fg_0091,1,2,rm_0158,kg,529,1.0,Định mức nguyên liệu đã phê duyệt theo mẻ chuẩn.
bom_fg_0091_line_03,bom_fg_0091,1,3,rm_0175,kg,558,1.5,Định mức nguyên liệu đã phê duyệt theo mẻ chuẩn.
bom_fg_0091_line_04,bom_fg_0091,1,4,rm_0192,piece,587,2.0,Định mức nguyên liệu đã phê duyệt theo mẻ chuẩn.
bom_fg_0091_line_05,bom_fg_0091,1,5,rm_0209,kg,616,0.0,Định mức nguyên liệu đã phê duyệt theo mẻ chuẩn.
bom_fg_0092_line_01,bom_fg_0092,1,1,rm_0146,kg,513,0.5,Định mức nguyên liệu đã phê duyệt theo mẻ chuẩn.
bom_fg_0092_line_02,bom_fg_0092,1,2,rm_0163,litre,542,1.0,Định mức nguyên liệu đã phê duyệt theo mẻ chuẩn.
bom_fg_0092_line_03,bom_fg_0092,1,3,rm_0180,piece,571,1.5,Định mức nguyên liệu đã phê duyệt theo mẻ chuẩn.
bom_fg_0092_line_04,bom_fg_0092,1,4,rm_0197,kg,600,2.0,Định mức nguyên liệu đã phê duyệt theo mẻ chuẩn.
bom_fg_0092_line_05,bom_fg_0092,1,5,rm_0214,kg,629,0.0,Định mức nguyên liệu đã phê duyệt theo mẻ chuẩn.
bom_fg_0093_line_01,bom_fg_0093,1,1,rm_0151,kg,526,0.5,Định mức nguyên liệu đã phê duyệt theo mẻ chuẩn.
bom_fg_0093_line_02,bom_fg_0093,1,2,rm_0168,kg,555,1.0,Định mức nguyên liệu đã phê duyệt theo mẻ chuẩn.
bom_fg_0093_line_03,bom_fg_0093,1,3,rm_0185,piece,584,1.5,Định mức nguyên liệu đã phê duyệt theo mẻ chuẩn.
bom_fg_0093_line_04,bom_fg_0093,1,4,rm_0202,kg,613,2.0,Định mức nguyên liệu đã phê duyệt theo mẻ chuẩn.
bom_fg_0093_line_05,bom_fg_0093,1,5,rm_0219,kg,642,0.0,Định mức nguyên liệu đã phê duyệt theo mẻ chuẩn.
bom_fg_0094_line_01,bom_fg_0094,1,1,rm_0156,kg,539,0.5,Định mức nguyên liệu đã phê duyệt theo mẻ chuẩn.
bom_fg_0094_line_02,bom_fg_0094,1,2,rm_0173,kg,568,1.0,Định mức nguyên liệu đã phê duyệt theo mẻ chuẩn.
bom_fg_0094_line_03,bom_fg_0094,1,3,rm_0190,piece,597,1.5,Định mức nguyên liệu đã phê duyệt theo mẻ chuẩn.
bom_fg_0094_line_04,bom_fg_0094,1,4,rm_0207,kg,626,2.0,Định mức nguyên liệu đã phê duyệt theo mẻ chuẩn.
bom_fg_0094_line_05,bom_fg_0094,1,5,rm_0224,kg,655,0.0,Định mức nguyên liệu đã phê duyệt theo mẻ chuẩn.
bom_fg_0095_line_01,bom_fg_0095,1,1,rm_0161,litre,552,0.5,Định mức nguyên liệu đã phê duyệt theo mẻ chuẩn.
bom_fg_0095_line_02,bom_fg_0095,1,2,rm_0178,piece,581,1.0,Định mức nguyên liệu đã phê duyệt theo mẻ chuẩn.
bom_fg_0095_line_03,bom_fg_0095,1,3,rm_0195,kg,610,1.5,Định mức nguyên liệu đã phê duyệt theo mẻ chuẩn.
bom_fg_0095_line_04,bom_fg_0095,1,4,rm_0212,kg,639,2.0,Định mức nguyên liệu đã phê duyệt theo mẻ chuẩn.
bom_fg_0095_line_05,bom_fg_0095,1,5,rm_0229,litre,668,0.0,Định mức nguyên liệu đã phê duyệt theo mẻ chuẩn.
bom_fg_0096_line_01,bom_fg_0096,1,1,rm_0166,litre,565,0.5,Định mức nguyên liệu đã phê duyệt theo mẻ chuẩn.
bom_fg_0096_line_02,bom_fg_0096,1,2,rm_0183,piece,594,1.0,Định mức nguyên liệu đã phê duyệt theo mẻ chuẩn.
bom_fg_0096_line_03,bom_fg_0096,1,3,rm_0200,litre,623,1.5,Định mức nguyên liệu đã phê duyệt theo mẻ chuẩn.
bom_fg_0096_line_04,bom_fg_0096,1,4,rm_0217,kg,652,2.0,Định mức nguyên liệu đã phê duyệt theo mẻ chuẩn.
bom_fg_0096_line_05,bom_fg_0096,1,5,rm_0234,kg,681,0.0,Định mức nguyên liệu đã phê duyệt theo mẻ chuẩn.
bom_fg_0097_line_01,bom_fg_0097,1,1,rm_0171,kg,578,0.5,Định mức nguyên liệu đã phê duyệt theo mẻ chuẩn.
bom_fg_0097_line_02,bom_fg_0097,1,2,rm_0188,piece,607,1.0,Định mức nguyên liệu đã phê duyệt theo mẻ chuẩn.
bom_fg_0097_line_03,bom_fg_0097,1,3,rm_0205,litre,636,1.5,Định mức nguyên liệu đã phê duyệt theo mẻ chuẩn.
bom_fg_0097_line_04,bom_fg_0097,1,4,rm_0222,kg,665,2.0,Định mức nguyên liệu đã phê duyệt theo mẻ chuẩn.
bom_fg_0097_line_05,bom_fg_0097,1,5,rm_0239,kg,694,0.0,Định mức nguyên liệu đã phê duyệt theo mẻ chuẩn.
bom_fg_0098_line_01,bom_fg_0098,1,1,rm_0176,kg,591,0.5,Định mức nguyên liệu đã phê duyệt theo mẻ chuẩn.
bom_fg_0098_line_02,bom_fg_0098,1,2,rm_0193,litre,620,1.0,Định mức nguyên liệu đã phê duyệt theo mẻ chuẩn.
bom_fg_0098_line_03,bom_fg_0098,1,3,rm_0210,kg,649,1.5,Định mức nguyên liệu đã phê duyệt theo mẻ chuẩn.
bom_fg_0098_line_04,bom_fg_0098,1,4,rm_0227,litre,678,2.0,Định mức nguyên liệu đã phê duyệt theo mẻ chuẩn.
bom_fg_0098_line_05,bom_fg_0098,1,5,rm_0244,piece,707,0.0,Định mức nguyên liệu đã phê duyệt theo mẻ chuẩn.
bom_fg_0099_line_01,bom_fg_0099,1,1,rm_0181,piece,604,0.5,Định mức nguyên liệu đã phê duyệt theo mẻ chuẩn.
bom_fg_0099_line_02,bom_fg_0099,1,2,rm_0198,kg,633,1.0,Định mức nguyên liệu đã phê duyệt theo mẻ chuẩn.
bom_fg_0099_line_03,bom_fg_0099,1,3,rm_0215,kg,662,1.5,Định mức nguyên liệu đã phê duyệt theo mẻ chuẩn.
bom_fg_0099_line_04,bom_fg_0099,1,4,rm_0232,kg,691,2.0,Định mức nguyên liệu đã phê duyệt theo mẻ chuẩn.
bom_fg_0099_line_05,bom_fg_0099,1,5,rm_0249,piece,720,0.0,Định mức nguyên liệu đã phê duyệt theo mẻ chuẩn.
bom_fg_0100_line_01,bom_fg_0100,1,1,rm_0186,kg,617,0.5,Định mức nguyên liệu đã phê duyệt theo mẻ chuẩn.
bom_fg_0100_line_02,bom_fg_0100,1,2,rm_0203,kg,646,1.0,Định mức nguyên liệu đã phê duyệt theo mẻ chuẩn.
bom_fg_0100_line_03,bom_fg_0100,1,3,rm_0220,kg,675,1.5,Định mức nguyên liệu đã phê duyệt theo mẻ chuẩn.
bom_fg_0100_line_04,bom_fg_0100,1,4,rm_0237,kg,704,2.0,Định mức nguyên liệu đã phê duyệt theo mẻ chuẩn.
bom_fg_0100_line_05,bom_fg_0100,1,5,rm_0254,piece,33,0.0,Định mức nguyên liệu đã phê duyệt theo mẻ chuẩn.
bom_fg_0101_line_01,bom_fg_0101,1,1,rm_0191,piece,630,0.5,Định mức nguyên liệu đã phê duyệt theo mẻ chuẩn.
bom_fg_0101_line_02,bom_fg_0101,1,2,rm_0208,kg,659,1.0,Định mức nguyên liệu đã phê duyệt theo mẻ chuẩn.
bom_fg_0101_line_03,bom_fg_0101,1,3,rm_0225,litre,688,1.5,Định mức nguyên liệu đã phê duyệt theo mẻ chuẩn.
bom_fg_0101_line_04,bom_fg_0101,1,4,rm_0242,piece,717,2.0,Định mức nguyên liệu đã phê duyệt theo mẻ chuẩn.
bom_fg_0101_line_05,bom_fg_0101,1,5,rm_0259,kg,46,0.0,Định mức nguyên liệu đã phê duyệt theo mẻ chuẩn.
bom_fg_0102_line_01,bom_fg_0102,1,1,rm_0196,kg,643,0.5,Định mức nguyên liệu đã phê duyệt theo mẻ chuẩn.
bom_fg_0102_line_02,bom_fg_0102,1,2,rm_0213,kg,672,1.0,Định mức nguyên liệu đã phê duyệt theo mẻ chuẩn.
bom_fg_0102_line_03,bom_fg_0102,1,3,rm_0230,litre,701,1.5,Định mức nguyên liệu đã phê duyệt theo mẻ chuẩn.
bom_fg_0102_line_04,bom_fg_0102,1,4,rm_0247,piece,30,2.0,Định mức nguyên liệu đã phê duyệt theo mẻ chuẩn.
bom_fg_0102_line_05,bom_fg_0102,1,5,rm_0264,litre,59,0.0,Định mức nguyên liệu đã phê duyệt theo mẻ chuẩn.
bom_fg_0103_line_01,bom_fg_0103,1,1,rm_0201,kg,656,0.5,Định mức nguyên liệu đã phê duyệt theo mẻ chuẩn.
bom_fg_0103_line_02,bom_fg_0103,1,2,rm_0218,kg,685,1.0,Định mức nguyên liệu đã phê duyệt theo mẻ chuẩn.
bom_fg_0103_line_03,bom_fg_0103,1,3,rm_0235,kg,714,1.5,Định mức nguyên liệu đã phê duyệt theo mẻ chuẩn.
bom_fg_0103_line_04,bom_fg_0103,1,4,rm_0252,piece,43,2.0,Định mức nguyên liệu đã phê duyệt theo mẻ chuẩn.
bom_fg_0103_line_05,bom_fg_0103,1,5,rm_0269,litre,72,0.0,Định mức nguyên liệu đã phê duyệt theo mẻ chuẩn.
bom_fg_0104_line_01,bom_fg_0104,1,1,rm_0206,kg,669,0.5,Định mức nguyên liệu đã phê duyệt theo mẻ chuẩn.
bom_fg_0104_line_02,bom_fg_0104,1,2,rm_0223,kg,698,1.0,Định mức nguyên liệu đã phê duyệt theo mẻ chuẩn.
bom_fg_0104_line_03,bom_fg_0104,1,3,rm_0240,kg,727,1.5,Định mức nguyên liệu đã phê duyệt theo mẻ chuẩn.
bom_fg_0104_line_04,bom_fg_0104,1,4,rm_0257,litre,56,2.0,Định mức nguyên liệu đã phê duyệt theo mẻ chuẩn.
bom_fg_0104_line_05,bom_fg_0104,1,5,rm_0274,kg,85,0.0,Định mức nguyên liệu đã phê duyệt theo mẻ chuẩn.
bom_fg_0105_line_01,bom_fg_0105,1,1,rm_0211,kg,682,0.5,Định mức nguyên liệu đã phê duyệt theo mẻ chuẩn.
bom_fg_0105_line_02,bom_fg_0105,1,2,rm_0228,litre,711,1.0,Định mức nguyên liệu đã phê duyệt theo mẻ chuẩn.
bom_fg_0105_line_03,bom_fg_0105,1,3,rm_0245,piece,40,1.5,Định mức nguyên liệu đã phê duyệt theo mẻ chuẩn.
bom_fg_0105_line_04,bom_fg_0105,1,4,rm_0262,kg,69,2.0,Định mức nguyên liệu đã phê duyệt theo mẻ chuẩn.
bom_fg_0105_line_05,bom_fg_0105,1,5,rm_0279,kg,98,0.0,Định mức nguyên liệu đã phê duyệt theo mẻ chuẩn.
bom_fg_0106_line_01,bom_fg_0106,1,1,rm_0216,kg,695,0.5,Định mức nguyên liệu đã phê duyệt theo mẻ chuẩn.
bom_fg_0106_line_02,bom_fg_0106,1,2,rm_0233,kg,724,1.0,Định mức nguyên liệu đã phê duyệt theo mẻ chuẩn.
bom_fg_0106_line_03,bom_fg_0106,1,3,rm_0250,kg,53,1.5,Định mức nguyên liệu đã phê duyệt theo mẻ chuẩn.
bom_fg_0106_line_04,bom_fg_0106,1,4,rm_0267,kg,82,2.0,Định mức nguyên liệu đã phê duyệt theo mẻ chuẩn.
bom_fg_0106_line_05,bom_fg_0106,1,5,rm_0284,kg,111,0.0,Định mức nguyên liệu đã phê duyệt theo mẻ chuẩn.
bom_fg_0107_line_01,bom_fg_0107,1,1,rm_0221,kg,708,0.5,Định mức nguyên liệu đã phê duyệt theo mẻ chuẩn.
bom_fg_0107_line_02,bom_fg_0107,1,2,rm_0238,kg,37,1.0,Định mức nguyên liệu đã phê duyệt theo mẻ chuẩn.
bom_fg_0107_line_03,bom_fg_0107,1,3,rm_0255,piece,66,1.5,Định mức nguyên liệu đã phê duyệt theo mẻ chuẩn.
bom_fg_0107_line_04,bom_fg_0107,1,4,rm_0272,kg,95,2.0,Định mức nguyên liệu đã phê duyệt theo mẻ chuẩn.
bom_fg_0107_line_05,bom_fg_0107,1,5,rm_0289,litre,124,0.0,Định mức nguyên liệu đã phê duyệt theo mẻ chuẩn.
bom_fg_0108_line_01,bom_fg_0108,1,1,rm_0226,litre,721,0.5,Định mức nguyên liệu đã phê duyệt theo mẻ chuẩn.
bom_fg_0108_line_02,bom_fg_0108,1,2,rm_0243,piece,50,1.0,Định mức nguyên liệu đã phê duyệt theo mẻ chuẩn.
bom_fg_0108_line_03,bom_fg_0108,1,3,rm_0260,kg,79,1.5,Định mức nguyên liệu đã phê duyệt theo mẻ chuẩn.
bom_fg_0108_line_04,bom_fg_0108,1,4,rm_0277,kg,108,2.0,Định mức nguyên liệu đã phê duyệt theo mẻ chuẩn.
bom_fg_0108_line_05,bom_fg_0108,1,5,rm_0294,litre,137,0.0,Định mức nguyên liệu đã phê duyệt theo mẻ chuẩn.
bom_fg_0109_line_01,bom_fg_0109,1,1,rm_0231,kg,34,0.5,Định mức nguyên liệu đã phê duyệt theo mẻ chuẩn.
bom_fg_0109_line_02,bom_fg_0109,1,2,rm_0248,piece,63,1.0,Định mức nguyên liệu đã phê duyệt theo mẻ chuẩn.
bom_fg_0109_line_03,bom_fg_0109,1,3,rm_0265,kg,92,1.5,Định mức nguyên liệu đã phê duyệt theo mẻ chuẩn.
bom_fg_0109_line_04,bom_fg_0109,1,4,rm_0282,kg,121,2.0,Định mức nguyên liệu đã phê duyệt theo mẻ chuẩn.
bom_fg_0109_line_05,bom_fg_0109,1,5,rm_0299,kg,150,0.0,Định mức nguyên liệu đã phê duyệt theo mẻ chuẩn.
bom_fg_0110_line_01,bom_fg_0110,1,1,rm_0236,kg,47,0.5,Định mức nguyên liệu đã phê duyệt theo mẻ chuẩn.
bom_fg_0110_line_02,bom_fg_0110,1,2,rm_0253,piece,76,1.0,Định mức nguyên liệu đã phê duyệt theo mẻ chuẩn.
bom_fg_0110_line_03,bom_fg_0110,1,3,rm_0270,kg,105,1.5,Định mức nguyên liệu đã phê duyệt theo mẻ chuẩn.
bom_fg_0110_line_04,bom_fg_0110,1,4,rm_0287,kg,134,2.0,Định mức nguyên liệu đã phê duyệt theo mẻ chuẩn.
bom_fg_0110_line_05,bom_fg_0110,1,5,rm_0304,kg,163,0.0,Định mức nguyên liệu đã phê duyệt theo mẻ chuẩn.
bom_fg_0111_line_01,bom_fg_0111,1,1,rm_0241,piece,60,0.5,Định mức nguyên liệu đã phê duyệt theo mẻ chuẩn.
bom_fg_0111_line_02,bom_fg_0111,1,2,rm_0258,kg,89,1.0,Định mức nguyên liệu đã phê duyệt theo mẻ chuẩn.
bom_fg_0111_line_03,bom_fg_0111,1,3,rm_0275,kg,118,1.5,Định mức nguyên liệu đã phê duyệt theo mẻ chuẩn.
bom_fg_0111_line_04,bom_fg_0111,1,4,rm_0292,litre,147,2.0,Định mức nguyên liệu đã phê duyệt theo mẻ chuẩn.
bom_fg_0111_line_05,bom_fg_0111,1,5,rm_0309,piece,176,0.0,Định mức nguyên liệu đã phê duyệt theo mẻ chuẩn.
bom_fg_0112_line_01,bom_fg_0112,1,1,rm_0246,piece,73,0.5,Định mức nguyên liệu đã phê duyệt theo mẻ chuẩn.
bom_fg_0112_line_02,bom_fg_0112,1,2,rm_0263,kg,102,1.0,Định mức nguyên liệu đã phê duyệt theo mẻ chuẩn.
bom_fg_0112_line_03,bom_fg_0112,1,3,rm_0280,kg,131,1.5,Định mức nguyên liệu đã phê duyệt theo mẻ chuẩn.
bom_fg_0112_line_04,bom_fg_0112,1,4,rm_0297,kg,160,2.0,Định mức nguyên liệu đã phê duyệt theo mẻ chuẩn.
bom_fg_0112_line_05,bom_fg_0112,1,5,rm_0004,kg,189,0.0,Định mức nguyên liệu đã phê duyệt theo mẻ chuẩn.
bom_fg_0113_line_01,bom_fg_0113,1,1,rm_0251,piece,86,0.5,Định mức nguyên liệu đã phê duyệt theo mẻ chuẩn.
bom_fg_0113_line_02,bom_fg_0113,1,2,rm_0268,kg,115,1.0,Định mức nguyên liệu đã phê duyệt theo mẻ chuẩn.
bom_fg_0113_line_03,bom_fg_0113,1,3,rm_0285,kg,144,1.5,Định mức nguyên liệu đã phê duyệt theo mẻ chuẩn.
bom_fg_0113_line_04,bom_fg_0113,1,4,rm_0302,kg,173,2.0,Định mức nguyên liệu đã phê duyệt theo mẻ chuẩn.
bom_fg_0113_line_05,bom_fg_0113,1,5,rm_0009,kg,202,0.0,Định mức nguyên liệu đã phê duyệt theo mẻ chuẩn.
bom_fg_0114_line_01,bom_fg_0114,1,1,rm_0256,piece,99,0.5,Định mức nguyên liệu đã phê duyệt theo mẻ chuẩn.
bom_fg_0114_line_02,bom_fg_0114,1,2,rm_0273,kg,128,1.0,Định mức nguyên liệu đã phê duyệt theo mẻ chuẩn.
bom_fg_0114_line_03,bom_fg_0114,1,3,rm_0290,litre,157,1.5,Định mức nguyên liệu đã phê duyệt theo mẻ chuẩn.
bom_fg_0114_line_04,bom_fg_0114,1,4,rm_0307,piece,186,2.0,Định mức nguyên liệu đã phê duyệt theo mẻ chuẩn.
bom_fg_0114_line_05,bom_fg_0114,1,5,rm_0014,kg,215,0.0,Định mức nguyên liệu đã phê duyệt theo mẻ chuẩn.
bom_fg_0115_line_01,bom_fg_0115,1,1,rm_0261,kg,112,0.5,Định mức nguyên liệu đã phê duyệt theo mẻ chuẩn.
bom_fg_0115_line_02,bom_fg_0115,1,2,rm_0278,kg,141,1.0,Định mức nguyên liệu đã phê duyệt theo mẻ chuẩn.
bom_fg_0115_line_03,bom_fg_0115,1,3,rm_0295,kg,170,1.5,Định mức nguyên liệu đã phê duyệt theo mẻ chuẩn.
bom_fg_0115_line_04,bom_fg_0115,1,4,rm_0002,kg,199,2.0,Định mức nguyên liệu đã phê duyệt theo mẻ chuẩn.
bom_fg_0115_line_05,bom_fg_0115,1,5,rm_0019,kg,228,0.0,Định mức nguyên liệu đã phê duyệt theo mẻ chuẩn.
bom_fg_0116_line_01,bom_fg_0116,1,1,rm_0266,kg,125,0.5,Định mức nguyên liệu đã phê duyệt theo mẻ chuẩn.
bom_fg_0116_line_02,bom_fg_0116,1,2,rm_0283,kg,154,1.0,Định mức nguyên liệu đã phê duyệt theo mẻ chuẩn.
bom_fg_0116_line_03,bom_fg_0116,1,3,rm_0300,kg,183,1.5,Định mức nguyên liệu đã phê duyệt theo mẻ chuẩn.
bom_fg_0116_line_04,bom_fg_0116,1,4,rm_0007,kg,212,2.0,Định mức nguyên liệu đã phê duyệt theo mẻ chuẩn.
bom_fg_0116_line_05,bom_fg_0116,1,5,rm_0024,kg,241,0.0,Định mức nguyên liệu đã phê duyệt theo mẻ chuẩn.
bom_fg_0117_line_01,bom_fg_0117,1,1,rm_0271,kg,138,0.5,Định mức nguyên liệu đã phê duyệt theo mẻ chuẩn.
bom_fg_0117_line_02,bom_fg_0117,1,2,rm_0288,kg,167,1.0,Định mức nguyên liệu đã phê duyệt theo mẻ chuẩn.
bom_fg_0117_line_03,bom_fg_0117,1,3,rm_0305,piece,196,1.5,Định mức nguyên liệu đã phê duyệt theo mẻ chuẩn.
bom_fg_0117_line_04,bom_fg_0117,1,4,rm_0012,kg,225,2.0,Định mức nguyên liệu đã phê duyệt theo mẻ chuẩn.
bom_fg_0117_line_05,bom_fg_0117,1,5,rm_0029,kg,254,0.0,Định mức nguyên liệu đã phê duyệt theo mẻ chuẩn.
bom_fg_0118_line_01,bom_fg_0118,1,1,rm_0276,kg,151,0.5,Định mức nguyên liệu đã phê duyệt theo mẻ chuẩn.
bom_fg_0118_line_02,bom_fg_0118,1,2,rm_0293,litre,180,1.0,Định mức nguyên liệu đã phê duyệt theo mẻ chuẩn.
bom_fg_0118_line_03,bom_fg_0118,1,3,rm_0310,piece,209,1.5,Định mức nguyên liệu đã phê duyệt theo mẻ chuẩn.
bom_fg_0118_line_04,bom_fg_0118,1,4,rm_0017,kg,238,2.0,Định mức nguyên liệu đã phê duyệt theo mẻ chuẩn.
bom_fg_0118_line_05,bom_fg_0118,1,5,rm_0034,litre,267,0.0,Định mức nguyên liệu đã phê duyệt theo mẻ chuẩn.
bom_fg_0119_line_01,bom_fg_0119,1,1,rm_0281,kg,164,0.5,Định mức nguyên liệu đã phê duyệt theo mẻ chuẩn.
bom_fg_0119_line_02,bom_fg_0119,1,2,rm_0298,kg,193,1.0,Định mức nguyên liệu đã phê duyệt theo mẻ chuẩn.
bom_fg_0119_line_03,bom_fg_0119,1,3,rm_0005,kg,222,1.5,Định mức nguyên liệu đã phê duyệt theo mẻ chuẩn.
bom_fg_0119_line_04,bom_fg_0119,1,4,rm_0022,kg,251,2.0,Định mức nguyên liệu đã phê duyệt theo mẻ chuẩn.
bom_fg_0119_line_05,bom_fg_0119,1,5,rm_0039,kg,280,0.0,Định mức nguyên liệu đã phê duyệt theo mẻ chuẩn.
bom_fg_0120_line_01,bom_fg_0120,1,1,rm_0286,kg,177,0.5,Định mức nguyên liệu đã phê duyệt theo mẻ chuẩn.
bom_fg_0120_line_02,bom_fg_0120,1,2,rm_0303,kg,206,1.0,Định mức nguyên liệu đã phê duyệt theo mẻ chuẩn.
bom_fg_0120_line_03,bom_fg_0120,1,3,rm_0010,kg,235,1.5,Định mức nguyên liệu đã phê duyệt theo mẻ chuẩn.
bom_fg_0120_line_04,bom_fg_0120,1,4,rm_0027,kg,264,2.0,Định mức nguyên liệu đã phê duyệt theo mẻ chuẩn.
bom_fg_0120_line_05,bom_fg_0120,1,5,rm_0044,kg,293,0.0,Định mức nguyên liệu đã phê duyệt theo mẻ chuẩn.
bom_fg_0121_line_01,bom_fg_0121,1,1,rm_0291,litre,190,0.5,Định mức nguyên liệu đã phê duyệt theo mẻ chuẩn.
bom_fg_0121_line_02,bom_fg_0121,1,2,rm_0308,piece,219,1.0,Định mức nguyên liệu đã phê duyệt theo mẻ chuẩn.
bom_fg_0121_line_03,bom_fg_0121,1,3,rm_0015,kg,248,1.5,Định mức nguyên liệu đã phê duyệt theo mẻ chuẩn.
bom_fg_0121_line_04,bom_fg_0121,1,4,rm_0032,kg,277,2.0,Định mức nguyên liệu đã phê duyệt theo mẻ chuẩn.
bom_fg_0121_line_05,bom_fg_0121,1,5,rm_0049,piece,306,0.0,Định mức nguyên liệu đã phê duyệt theo mẻ chuẩn.
bom_fg_0122_line_01,bom_fg_0122,1,1,rm_0296,kg,203,0.5,Định mức nguyên liệu đã phê duyệt theo mẻ chuẩn.
bom_fg_0122_line_02,bom_fg_0122,1,2,rm_0003,kg,232,1.0,Định mức nguyên liệu đã phê duyệt theo mẻ chuẩn.
bom_fg_0122_line_03,bom_fg_0122,1,3,rm_0020,kg,261,1.5,Định mức nguyên liệu đã phê duyệt theo mẻ chuẩn.
bom_fg_0122_line_04,bom_fg_0122,1,4,rm_0037,litre,290,2.0,Định mức nguyên liệu đã phê duyệt theo mẻ chuẩn.
bom_fg_0122_line_05,bom_fg_0122,1,5,rm_0054,piece,319,0.0,Định mức nguyên liệu đã phê duyệt theo mẻ chuẩn.
bom_fg_0123_line_01,bom_fg_0123,1,1,rm_0301,kg,216,0.5,Định mức nguyên liệu đã phê duyệt theo mẻ chuẩn.
bom_fg_0123_line_02,bom_fg_0123,1,2,rm_0008,litre,245,1.0,Định mức nguyên liệu đã phê duyệt theo mẻ chuẩn.
bom_fg_0123_line_03,bom_fg_0123,1,3,rm_0025,kg,274,1.5,Định mức nguyên liệu đã phê duyệt theo mẻ chuẩn.
bom_fg_0123_line_04,bom_fg_0123,1,4,rm_0042,kg,303,2.0,Định mức nguyên liệu đã phê duyệt theo mẻ chuẩn.
bom_fg_0123_line_05,bom_fg_0123,1,5,rm_0059,piece,332,0.0,Định mức nguyên liệu đã phê duyệt theo mẻ chuẩn.
bom_fg_0124_line_01,bom_fg_0124,1,1,rm_0306,piece,229,0.5,Định mức nguyên liệu đã phê duyệt theo mẻ chuẩn.
bom_fg_0124_line_02,bom_fg_0124,1,2,rm_0013,litre,258,1.0,Định mức nguyên liệu đã phê duyệt theo mẻ chuẩn.
bom_fg_0124_line_03,bom_fg_0124,1,3,rm_0030,kg,287,1.5,Định mức nguyên liệu đã phê duyệt theo mẻ chuẩn.
bom_fg_0124_line_04,bom_fg_0124,1,4,rm_0047,kg,316,2.0,Định mức nguyên liệu đã phê duyệt theo mẻ chuẩn.
bom_fg_0124_line_05,bom_fg_0124,1,5,rm_0064,piece,345,0.0,Định mức nguyên liệu đã phê duyệt theo mẻ chuẩn.
bom_fg_0125_line_01,bom_fg_0125,1,1,rm_0001,litre,242,0.5,Định mức nguyên liệu đã phê duyệt theo mẻ chuẩn.
bom_fg_0125_line_02,bom_fg_0125,1,2,rm_0018,kg,271,1.0,Định mức nguyên liệu đã phê duyệt theo mẻ chuẩn.
bom_fg_0125_line_03,bom_fg_0125,1,3,rm_0035,litre,300,1.5,Định mức nguyên liệu đã phê duyệt theo mẻ chuẩn.
bom_fg_0125_line_04,bom_fg_0125,1,4,rm_0052,piece,329,2.0,Định mức nguyên liệu đã phê duyệt theo mẻ chuẩn.
bom_fg_0125_line_05,bom_fg_0125,1,5,rm_0069,kg,358,0.0,Định mức nguyên liệu đã phê duyệt theo mẻ chuẩn.
bom_fg_0126_line_01,bom_fg_0126,1,1,rm_0006,kg,255,0.5,Định mức nguyên liệu đã phê duyệt theo mẻ chuẩn.
bom_fg_0126_line_02,bom_fg_0126,1,2,rm_0023,kg,284,1.0,Định mức nguyên liệu đã phê duyệt theo mẻ chuẩn.
bom_fg_0126_line_03,bom_fg_0126,1,3,rm_0040,kg,313,1.5,Định mức nguyên liệu đã phê duyệt theo mẻ chuẩn.
bom_fg_0126_line_04,bom_fg_0126,1,4,rm_0057,piece,342,2.0,Định mức nguyên liệu đã phê duyệt theo mẻ chuẩn.
bom_fg_0126_line_05,bom_fg_0126,1,5,rm_0074,kg,371,0.0,Định mức nguyên liệu đã phê duyệt theo mẻ chuẩn.
bom_fg_0127_line_01,bom_fg_0127,1,1,rm_0011,kg,268,0.5,Định mức nguyên liệu đã phê duyệt theo mẻ chuẩn.
bom_fg_0127_line_02,bom_fg_0127,1,2,rm_0028,kg,297,1.0,Định mức nguyên liệu đã phê duyệt theo mẻ chuẩn.
bom_fg_0127_line_03,bom_fg_0127,1,3,rm_0045,kg,326,1.5,Định mức nguyên liệu đã phê duyệt theo mẻ chuẩn.
bom_fg_0127_line_04,bom_fg_0127,1,4,rm_0062,piece,355,2.0,Định mức nguyên liệu đã phê duyệt theo mẻ chuẩn.
bom_fg_0127_line_05,bom_fg_0127,1,5,rm_0079,kg,384,0.0,Định mức nguyên liệu đã phê duyệt theo mẻ chuẩn.
bom_fg_0128_line_01,bom_fg_0128,1,1,rm_0016,kg,281,0.5,Định mức nguyên liệu đã phê duyệt theo mẻ chuẩn.
bom_fg_0128_line_02,bom_fg_0128,1,2,rm_0033,litre,310,1.0,Định mức nguyên liệu đã phê duyệt theo mẻ chuẩn.
bom_fg_0128_line_03,bom_fg_0128,1,3,rm_0050,piece,339,1.5,Định mức nguyên liệu đã phê duyệt theo mẻ chuẩn.
bom_fg_0128_line_04,bom_fg_0128,1,4,rm_0067,kg,368,2.0,Định mức nguyên liệu đã phê duyệt theo mẻ chuẩn.
bom_fg_0128_line_05,bom_fg_0128,1,5,rm_0084,kg,397,0.0,Định mức nguyên liệu đã phê duyệt theo mẻ chuẩn.
bom_fg_0129_line_01,bom_fg_0129,1,1,rm_0021,kg,294,0.5,Định mức nguyên liệu đã phê duyệt theo mẻ chuẩn.
bom_fg_0129_line_02,bom_fg_0129,1,2,rm_0038,litre,323,1.0,Định mức nguyên liệu đã phê duyệt theo mẻ chuẩn.
bom_fg_0129_line_03,bom_fg_0129,1,3,rm_0055,piece,352,1.5,Định mức nguyên liệu đã phê duyệt theo mẻ chuẩn.
bom_fg_0129_line_04,bom_fg_0129,1,4,rm_0072,litre,381,2.0,Định mức nguyên liệu đã phê duyệt theo mẻ chuẩn.
bom_fg_0129_line_05,bom_fg_0129,1,5,rm_0089,kg,410,0.0,Định mức nguyên liệu đã phê duyệt theo mẻ chuẩn.
bom_fg_0130_line_01,bom_fg_0130,1,1,rm_0026,kg,307,0.5,Định mức nguyên liệu đã phê duyệt theo mẻ chuẩn.
bom_fg_0130_line_02,bom_fg_0130,1,2,rm_0043,kg,336,1.0,Định mức nguyên liệu đã phê duyệt theo mẻ chuẩn.
bom_fg_0130_line_03,bom_fg_0130,1,3,rm_0060,piece,365,1.5,Định mức nguyên liệu đã phê duyệt theo mẻ chuẩn.
bom_fg_0130_line_04,bom_fg_0130,1,4,rm_0077,litre,394,2.0,Định mức nguyên liệu đã phê duyệt theo mẻ chuẩn.
bom_fg_0130_line_05,bom_fg_0130,1,5,rm_0094,kg,423,0.0,Định mức nguyên liệu đã phê duyệt theo mẻ chuẩn.
bom_fg_0131_line_01,bom_fg_0131,1,1,rm_0031,kg,320,0.5,Định mức nguyên liệu đã phê duyệt theo mẻ chuẩn.
bom_fg_0131_line_02,bom_fg_0131,1,2,rm_0048,kg,349,1.0,Định mức nguyên liệu đã phê duyệt theo mẻ chuẩn.
bom_fg_0131_line_03,bom_fg_0131,1,3,rm_0065,litre,378,1.5,Định mức nguyên liệu đã phê duyệt theo mẻ chuẩn.
bom_fg_0131_line_04,bom_fg_0131,1,4,rm_0082,kg,407,2.0,Định mức nguyên liệu đã phê duyệt theo mẻ chuẩn.
bom_fg_0131_line_05,bom_fg_0131,1,5,rm_0099,litre,436,0.0,Định mức nguyên liệu đã phê duyệt theo mẻ chuẩn.
bom_fg_0132_line_01,bom_fg_0132,1,1,rm_0036,litre,333,0.5,Định mức nguyên liệu đã phê duyệt theo mẻ chuẩn.
bom_fg_0132_line_02,bom_fg_0132,1,2,rm_0053,piece,362,1.0,Định mức nguyên liệu đã phê duyệt theo mẻ chuẩn.
bom_fg_0132_line_03,bom_fg_0132,1,3,rm_0070,kg,391,1.5,Định mức nguyên liệu đã phê duyệt theo mẻ chuẩn.
bom_fg_0132_line_04,bom_fg_0132,1,4,rm_0087,kg,420,2.0,Định mức nguyên liệu đã phê duyệt theo mẻ chuẩn.
bom_fg_0132_line_05,bom_fg_0132,1,5,rm_0104,kg,449,0.0,Định mức nguyên liệu đã phê duyệt theo mẻ chuẩn.
bom_fg_0133_line_01,bom_fg_0133,1,1,rm_0041,kg,346,0.5,Định mức nguyên liệu đã phê duyệt theo mẻ chuẩn.
bom_fg_0133_line_02,bom_fg_0133,1,2,rm_0058,kg,375,1.0,Định mức nguyên liệu đã phê duyệt theo mẻ chuẩn.
bom_fg_0133_line_03,bom_fg_0133,1,3,rm_0075,kg,404,1.5,Định mức nguyên liệu đã phê duyệt theo mẻ chuẩn.
bom_fg_0133_line_04,bom_fg_0133,1,4,rm_0092,kg,433,2.0,Định mức nguyên liệu đã phê duyệt theo mẻ chuẩn.
bom_fg_0133_line_05,bom_fg_0133,1,5,rm_0109,kg,462,0.0,Định mức nguyên liệu đã phê duyệt theo mẻ chuẩn.
bom_fg_0134_line_01,bom_fg_0134,1,1,rm_0046,kg,359,0.5,Định mức nguyên liệu đã phê duyệt theo mẻ chuẩn.
bom_fg_0134_line_02,bom_fg_0134,1,2,rm_0063,piece,388,1.0,Định mức nguyên liệu đã phê duyệt theo mẻ chuẩn.
bom_fg_0134_line_03,bom_fg_0134,1,3,rm_0080,kg,417,1.5,Định mức nguyên liệu đã phê duyệt theo mẻ chuẩn.
bom_fg_0134_line_04,bom_fg_0134,1,4,rm_0097,litre,446,2.0,Định mức nguyên liệu đã phê duyệt theo mẻ chuẩn.
bom_fg_0134_line_05,bom_fg_0134,1,5,rm_0114,piece,475,0.0,Định mức nguyên liệu đã phê duyệt theo mẻ chuẩn.
bom_fg_0135_line_01,bom_fg_0135,1,1,rm_0051,piece,372,0.5,Định mức nguyên liệu đã phê duyệt theo mẻ chuẩn.
bom_fg_0135_line_02,bom_fg_0135,1,2,rm_0068,kg,401,1.0,Định mức nguyên liệu đã phê duyệt theo mẻ chuẩn.
bom_fg_0135_line_03,bom_fg_0135,1,3,rm_0085,kg,430,1.5,Định mức nguyên liệu đã phê duyệt theo mẻ chuẩn.
bom_fg_0135_line_04,bom_fg_0135,1,4,rm_0102,litre,459,2.0,Định mức nguyên liệu đã phê duyệt theo mẻ chuẩn.
bom_fg_0135_line_05,bom_fg_0135,1,5,rm_0119,piece,488,0.0,Định mức nguyên liệu đã phê duyệt theo mẻ chuẩn.
bom_fg_0136_line_01,bom_fg_0136,1,1,rm_0056,piece,385,0.5,Định mức nguyên liệu đã phê duyệt theo mẻ chuẩn.
bom_fg_0136_line_02,bom_fg_0136,1,2,rm_0073,kg,414,1.0,Định mức nguyên liệu đã phê duyệt theo mẻ chuẩn.
bom_fg_0136_line_03,bom_fg_0136,1,3,rm_0090,kg,443,1.5,Định mức nguyên liệu đã phê duyệt theo mẻ chuẩn.
bom_fg_0136_line_04,bom_fg_0136,1,4,rm_0107,kg,472,2.0,Định mức nguyên liệu đã phê duyệt theo mẻ chuẩn.
bom_fg_0136_line_05,bom_fg_0136,1,5,rm_0124,piece,501,0.0,Định mức nguyên liệu đã phê duyệt theo mẻ chuẩn.
bom_fg_0137_line_01,bom_fg_0137,1,1,rm_0061,piece,398,0.5,Định mức nguyên liệu đã phê duyệt theo mẻ chuẩn.
bom_fg_0137_line_02,bom_fg_0137,1,2,rm_0078,kg,427,1.0,Định mức nguyên liệu đã phê duyệt theo mẻ chuẩn.
bom_fg_0137_line_03,bom_fg_0137,1,3,rm_0095,kg,456,1.5,Định mức nguyên liệu đã phê duyệt theo mẻ chuẩn.
bom_fg_0137_line_04,bom_fg_0137,1,4,rm_0112,kg,485,2.0,Định mức nguyên liệu đã phê duyệt theo mẻ chuẩn.
bom_fg_0137_line_05,bom_fg_0137,1,5,rm_0129,litre,514,0.0,Định mức nguyên liệu đã phê duyệt theo mẻ chuẩn.
bom_fg_0138_line_01,bom_fg_0138,1,1,rm_0066,kg,411,0.5,Định mức nguyên liệu đã phê duyệt theo mẻ chuẩn.
bom_fg_0138_line_02,bom_fg_0138,1,2,rm_0083,kg,440,1.0,Định mức nguyên liệu đã phê duyệt theo mẻ chuẩn.
bom_fg_0138_line_03,bom_fg_0138,1,3,rm_0100,litre,469,1.5,Định mức nguyên liệu đã phê duyệt theo mẻ chuẩn.
bom_fg_0138_line_04,bom_fg_0138,1,4,rm_0117,piece,498,2.0,Định mức nguyên liệu đã phê duyệt theo mẻ chuẩn.
bom_fg_0138_line_05,bom_fg_0138,1,5,rm_0134,kg,527,0.0,Định mức nguyên liệu đã phê duyệt theo mẻ chuẩn.
bom_fg_0139_line_01,bom_fg_0139,1,1,rm_0071,kg,424,0.5,Định mức nguyên liệu đã phê duyệt theo mẻ chuẩn.
bom_fg_0139_line_02,bom_fg_0139,1,2,rm_0088,kg,453,1.0,Định mức nguyên liệu đã phê duyệt theo mẻ chuẩn.
bom_fg_0139_line_03,bom_fg_0139,1,3,rm_0105,kg,482,1.5,Định mức nguyên liệu đã phê duyệt theo mẻ chuẩn.
bom_fg_0139_line_04,bom_fg_0139,1,4,rm_0122,kg,511,2.0,Định mức nguyên liệu đã phê duyệt theo mẻ chuẩn.
bom_fg_0139_line_05,bom_fg_0139,1,5,rm_0139,kg,540,0.0,Định mức nguyên liệu đã phê duyệt theo mẻ chuẩn.
bom_fg_0140_line_01,bom_fg_0140,1,1,rm_0076,kg,437,0.5,Định mức nguyên liệu đã phê duyệt theo mẻ chuẩn.
bom_fg_0140_line_02,bom_fg_0140,1,2,rm_0093,kg,466,1.0,Định mức nguyên liệu đã phê duyệt theo mẻ chuẩn.
bom_fg_0140_line_03,bom_fg_0140,1,3,rm_0110,kg,495,1.5,Định mức nguyên liệu đã phê duyệt theo mẻ chuẩn.
bom_fg_0140_line_04,bom_fg_0140,1,4,rm_0127,piece,524,2.0,Định mức nguyên liệu đã phê duyệt theo mẻ chuẩn.
bom_fg_0140_line_05,bom_fg_0140,1,5,rm_0144,kg,553,0.0,Định mức nguyên liệu đã phê duyệt theo mẻ chuẩn.
bom_fg_0141_line_01,bom_fg_0141,1,1,rm_0081,kg,450,0.5,Định mức nguyên liệu đã phê duyệt theo mẻ chuẩn.
bom_fg_0141_line_02,bom_fg_0141,1,2,rm_0098,litre,479,1.0,Định mức nguyên liệu đã phê duyệt theo mẻ chuẩn.
bom_fg_0141_line_03,bom_fg_0141,1,3,rm_0115,piece,508,1.5,Định mức nguyên liệu đã phê duyệt theo mẻ chuẩn.
bom_fg_0141_line_04,bom_fg_0141,1,4,rm_0132,kg,537,2.0,Định mức nguyên liệu đã phê duyệt theo mẻ chuẩn.
bom_fg_0141_line_05,bom_fg_0141,1,5,rm_0149,kg,566,0.0,Định mức nguyên liệu đã phê duyệt theo mẻ chuẩn.
bom_fg_0142_line_01,bom_fg_0142,1,1,rm_0086,kg,463,0.5,Định mức nguyên liệu đã phê duyệt theo mẻ chuẩn.
bom_fg_0142_line_02,bom_fg_0142,1,2,rm_0103,kg,492,1.0,Định mức nguyên liệu đã phê duyệt theo mẻ chuẩn.
bom_fg_0142_line_03,bom_fg_0142,1,3,rm_0120,piece,521,1.5,Định mức nguyên liệu đã phê duyệt theo mẻ chuẩn.
bom_fg_0142_line_04,bom_fg_0142,1,4,rm_0137,kg,550,2.0,Định mức nguyên liệu đã phê duyệt theo mẻ chuẩn.
bom_fg_0142_line_05,bom_fg_0142,1,5,rm_0154,kg,579,0.0,Định mức nguyên liệu đã phê duyệt theo mẻ chuẩn.
bom_fg_0143_line_01,bom_fg_0143,1,1,rm_0091,kg,476,0.5,Định mức nguyên liệu đã phê duyệt theo mẻ chuẩn.
bom_fg_0143_line_02,bom_fg_0143,1,2,rm_0108,kg,505,1.0,Định mức nguyên liệu đã phê duyệt theo mẻ chuẩn.
bom_fg_0143_line_03,bom_fg_0143,1,3,rm_0125,piece,534,1.5,Định mức nguyên liệu đã phê duyệt theo mẻ chuẩn.
bom_fg_0143_line_04,bom_fg_0143,1,4,rm_0142,kg,563,2.0,Định mức nguyên liệu đã phê duyệt theo mẻ chuẩn.
bom_fg_0143_line_05,bom_fg_0143,1,5,rm_0159,kg,592,0.0,Định mức nguyên liệu đã phê duyệt theo mẻ chuẩn.
bom_fg_0144_line_01,bom_fg_0144,1,1,rm_0096,kg,489,0.5,Định mức nguyên liệu đã phê duyệt theo mẻ chuẩn.
bom_fg_0144_line_02,bom_fg_0144,1,2,rm_0113,piece,518,1.0,Định mức nguyên liệu đã phê duyệt theo mẻ chuẩn.
bom_fg_0144_line_03,bom_fg_0144,1,3,rm_0130,kg,547,1.5,Định mức nguyên liệu đã phê duyệt theo mẻ chuẩn.
bom_fg_0144_line_04,bom_fg_0144,1,4,rm_0147,kg,576,2.0,Định mức nguyên liệu đã phê duyệt theo mẻ chuẩn.
bom_fg_0144_line_05,bom_fg_0144,1,5,rm_0164,litre,605,0.0,Định mức nguyên liệu đã phê duyệt theo mẻ chuẩn.
bom_fg_0145_line_01,bom_fg_0145,1,1,rm_0101,litre,502,0.5,Định mức nguyên liệu đã phê duyệt theo mẻ chuẩn.
bom_fg_0145_line_02,bom_fg_0145,1,2,rm_0118,piece,531,1.0,Định mức nguyên liệu đã phê duyệt theo mẻ chuẩn.
bom_fg_0145_line_03,bom_fg_0145,1,3,rm_0135,kg,560,1.5,Định mức nguyên liệu đã phê duyệt theo mẻ chuẩn.
bom_fg_0145_line_04,bom_fg_0145,1,4,rm_0152,kg,589,2.0,Định mức nguyên liệu đã phê duyệt theo mẻ chuẩn.
bom_fg_0145_line_05,bom_fg_0145,1,5,rm_0169,kg,618,0.0,Định mức nguyên liệu đã phê duyệt theo mẻ chuẩn.
bom_fg_0146_line_01,bom_fg_0146,1,1,rm_0106,kg,515,0.5,Định mức nguyên liệu đã phê duyệt theo mẻ chuẩn.
bom_fg_0146_line_02,bom_fg_0146,1,2,rm_0123,piece,544,1.0,Định mức nguyên liệu đã phê duyệt theo mẻ chuẩn.
bom_fg_0146_line_03,bom_fg_0146,1,3,rm_0140,kg,573,1.5,Định mức nguyên liệu đã phê duyệt theo mẻ chuẩn.
bom_fg_0146_line_04,bom_fg_0146,1,4,rm_0157,kg,602,2.0,Định mức nguyên liệu đã phê duyệt theo mẻ chuẩn.
bom_fg_0146_line_05,bom_fg_0146,1,5,rm_0174,kg,631,0.0,Định mức nguyên liệu đã phê duyệt theo mẻ chuẩn.
bom_fg_0147_line_01,bom_fg_0147,1,1,rm_0111,kg,528,0.5,Định mức nguyên liệu đã phê duyệt theo mẻ chuẩn.
bom_fg_0147_line_02,bom_fg_0147,1,2,rm_0128,piece,557,1.0,Định mức nguyên liệu đã phê duyệt theo mẻ chuẩn.
bom_fg_0147_line_03,bom_fg_0147,1,3,rm_0145,kg,586,1.5,Định mức nguyên liệu đã phê duyệt theo mẻ chuẩn.
bom_fg_0147_line_04,bom_fg_0147,1,4,rm_0162,litre,615,2.0,Định mức nguyên liệu đã phê duyệt theo mẻ chuẩn.
bom_fg_0147_line_05,bom_fg_0147,1,5,rm_0179,piece,644,0.0,Định mức nguyên liệu đã phê duyệt theo mẻ chuẩn.
bom_fg_0148_line_01,bom_fg_0148,1,1,rm_0116,piece,541,0.5,Định mức nguyên liệu đã phê duyệt theo mẻ chuẩn.
bom_fg_0148_line_02,bom_fg_0148,1,2,rm_0133,kg,570,1.0,Định mức nguyên liệu đã phê duyệt theo mẻ chuẩn.
bom_fg_0148_line_03,bom_fg_0148,1,3,rm_0150,kg,599,1.5,Định mức nguyên liệu đã phê duyệt theo mẻ chuẩn.
bom_fg_0148_line_04,bom_fg_0148,1,4,rm_0167,kg,628,2.0,Định mức nguyên liệu đã phê duyệt theo mẻ chuẩn.
bom_fg_0148_line_05,bom_fg_0148,1,5,rm_0184,piece,657,0.0,Định mức nguyên liệu đã phê duyệt theo mẻ chuẩn.
bom_fg_0149_line_01,bom_fg_0149,1,1,rm_0121,piece,554,0.5,Định mức nguyên liệu đã phê duyệt theo mẻ chuẩn.
bom_fg_0149_line_02,bom_fg_0149,1,2,rm_0138,kg,583,1.0,Định mức nguyên liệu đã phê duyệt theo mẻ chuẩn.
bom_fg_0149_line_03,bom_fg_0149,1,3,rm_0155,kg,612,1.5,Định mức nguyên liệu đã phê duyệt theo mẻ chuẩn.
bom_fg_0149_line_04,bom_fg_0149,1,4,rm_0172,kg,641,2.0,Định mức nguyên liệu đã phê duyệt theo mẻ chuẩn.
bom_fg_0149_line_05,bom_fg_0149,1,5,rm_0189,piece,670,0.0,Định mức nguyên liệu đã phê duyệt theo mẻ chuẩn.
bom_fg_0150_line_01,bom_fg_0150,1,1,rm_0126,piece,567,0.5,Định mức nguyên liệu đã phê duyệt theo mẻ chuẩn.
bom_fg_0150_line_02,bom_fg_0150,1,2,rm_0143,kg,596,1.0,Định mức nguyên liệu đã phê duyệt theo mẻ chuẩn.
bom_fg_0150_line_03,bom_fg_0150,1,3,rm_0160,kg,625,1.5,Định mức nguyên liệu đã phê duyệt theo mẻ chuẩn.
bom_fg_0150_line_04,bom_fg_0150,1,4,rm_0177,piece,654,2.0,Định mức nguyên liệu đã phê duyệt theo mẻ chuẩn.
bom_fg_0150_line_05,bom_fg_0150,1,5,rm_0194,kg,683,0.0,Định mức nguyên liệu đã phê duyệt theo mẻ chuẩn.
bom_fg_0151_line_01,bom_fg_0151,1,1,rm_0131,kg,580,0.5,Định mức nguyên liệu đã phê duyệt theo mẻ chuẩn.
bom_fg_0151_line_02,bom_fg_0151,1,2,rm_0148,kg,609,1.0,Định mức nguyên liệu đã phê duyệt theo mẻ chuẩn.
bom_fg_0151_line_03,bom_fg_0151,1,3,rm_0165,litre,638,1.5,Định mức nguyên liệu đã phê duyệt theo mẻ chuẩn.
bom_fg_0151_line_04,bom_fg_0151,1,4,rm_0182,piece,667,2.0,Định mức nguyên liệu đã phê duyệt theo mẻ chuẩn.
bom_fg_0151_line_05,bom_fg_0151,1,5,rm_0199,kg,696,0.0,Định mức nguyên liệu đã phê duyệt theo mẻ chuẩn.
bom_fg_0152_line_01,bom_fg_0152,1,1,rm_0136,litre,593,0.5,Định mức nguyên liệu đã phê duyệt theo mẻ chuẩn.
bom_fg_0152_line_02,bom_fg_0152,1,2,rm_0153,kg,622,1.0,Định mức nguyên liệu đã phê duyệt theo mẻ chuẩn.
bom_fg_0152_line_03,bom_fg_0152,1,3,rm_0170,kg,651,1.5,Định mức nguyên liệu đã phê duyệt theo mẻ chuẩn.
bom_fg_0152_line_04,bom_fg_0152,1,4,rm_0187,piece,680,2.0,Định mức nguyên liệu đã phê duyệt theo mẻ chuẩn.
bom_fg_0152_line_05,bom_fg_0152,1,5,rm_0204,kg,709,0.0,Định mức nguyên liệu đã phê duyệt theo mẻ chuẩn.
bom_fg_0153_line_01,bom_fg_0153,1,1,rm_0141,litre,606,0.5,Định mức nguyên liệu đã phê duyệt theo mẻ chuẩn.
bom_fg_0153_line_02,bom_fg_0153,1,2,rm_0158,kg,635,1.0,Định mức nguyên liệu đã phê duyệt theo mẻ chuẩn.
bom_fg_0153_line_03,bom_fg_0153,1,3,rm_0175,kg,664,1.5,Định mức nguyên liệu đã phê duyệt theo mẻ chuẩn.
bom_fg_0153_line_04,bom_fg_0153,1,4,rm_0192,piece,693,2.0,Định mức nguyên liệu đã phê duyệt theo mẻ chuẩn.
bom_fg_0153_line_05,bom_fg_0153,1,5,rm_0209,kg,722,0.0,Định mức nguyên liệu đã phê duyệt theo mẻ chuẩn.
bom_fg_0154_line_01,bom_fg_0154,1,1,rm_0146,kg,619,0.5,Định mức nguyên liệu đã phê duyệt theo mẻ chuẩn.
bom_fg_0154_line_02,bom_fg_0154,1,2,rm_0163,litre,648,1.0,Định mức nguyên liệu đã phê duyệt theo mẻ chuẩn.
bom_fg_0154_line_03,bom_fg_0154,1,3,rm_0180,piece,677,1.5,Định mức nguyên liệu đã phê duyệt theo mẻ chuẩn.
bom_fg_0154_line_04,bom_fg_0154,1,4,rm_0197,kg,706,2.0,Định mức nguyên liệu đã phê duyệt theo mẻ chuẩn.
bom_fg_0154_line_05,bom_fg_0154,1,5,rm_0214,kg,35,0.0,Định mức nguyên liệu đã phê duyệt theo mẻ chuẩn.
bom_fg_0155_line_01,bom_fg_0155,1,1,rm_0151,kg,632,0.5,Định mức nguyên liệu đã phê duyệt theo mẻ chuẩn.
bom_fg_0155_line_02,bom_fg_0155,1,2,rm_0168,kg,661,1.0,Định mức nguyên liệu đã phê duyệt theo mẻ chuẩn.
bom_fg_0155_line_03,bom_fg_0155,1,3,rm_0185,piece,690,1.5,Định mức nguyên liệu đã phê duyệt theo mẻ chuẩn.
bom_fg_0155_line_04,bom_fg_0155,1,4,rm_0202,kg,719,2.0,Định mức nguyên liệu đã phê duyệt theo mẻ chuẩn.
bom_fg_0155_line_05,bom_fg_0155,1,5,rm_0219,kg,48,0.0,Định mức nguyên liệu đã phê duyệt theo mẻ chuẩn.
bom_fg_0156_line_01,bom_fg_0156,1,1,rm_0156,kg,645,0.5,Định mức nguyên liệu đã phê duyệt theo mẻ chuẩn.
bom_fg_0156_line_02,bom_fg_0156,1,2,rm_0173,kg,674,1.0,Định mức nguyên liệu đã phê duyệt theo mẻ chuẩn.
bom_fg_0156_line_03,bom_fg_0156,1,3,rm_0190,piece,703,1.5,Định mức nguyên liệu đã phê duyệt theo mẻ chuẩn.
bom_fg_0156_line_04,bom_fg_0156,1,4,rm_0207,kg,32,2.0,Định mức nguyên liệu đã phê duyệt theo mẻ chuẩn.
bom_fg_0156_line_05,bom_fg_0156,1,5,rm_0224,kg,61,0.0,Định mức nguyên liệu đã phê duyệt theo mẻ chuẩn.
bom_fg_0157_line_01,bom_fg_0157,1,1,rm_0161,litre,658,0.5,Định mức nguyên liệu đã phê duyệt theo mẻ chuẩn.
bom_fg_0157_line_02,bom_fg_0157,1,2,rm_0178,piece,687,1.0,Định mức nguyên liệu đã phê duyệt theo mẻ chuẩn.
bom_fg_0157_line_03,bom_fg_0157,1,3,rm_0195,kg,716,1.5,Định mức nguyên liệu đã phê duyệt theo mẻ chuẩn.
bom_fg_0157_line_04,bom_fg_0157,1,4,rm_0212,kg,45,2.0,Định mức nguyên liệu đã phê duyệt theo mẻ chuẩn.
bom_fg_0157_line_05,bom_fg_0157,1,5,rm_0229,litre,74,0.0,Định mức nguyên liệu đã phê duyệt theo mẻ chuẩn.
bom_fg_0158_line_01,bom_fg_0158,1,1,rm_0166,litre,671,0.5,Định mức nguyên liệu đã phê duyệt theo mẻ chuẩn.
bom_fg_0158_line_02,bom_fg_0158,1,2,rm_0183,piece,700,1.0,Định mức nguyên liệu đã phê duyệt theo mẻ chuẩn.
bom_fg_0158_line_03,bom_fg_0158,1,3,rm_0200,litre,729,1.5,Định mức nguyên liệu đã phê duyệt theo mẻ chuẩn.
bom_fg_0158_line_04,bom_fg_0158,1,4,rm_0217,kg,58,2.0,Định mức nguyên liệu đã phê duyệt theo mẻ chuẩn.
bom_fg_0158_line_05,bom_fg_0158,1,5,rm_0234,kg,87,0.0,Định mức nguyên liệu đã phê duyệt theo mẻ chuẩn.
bom_fg_0159_line_01,bom_fg_0159,1,1,rm_0171,kg,684,0.5,Định mức nguyên liệu đã phê duyệt theo mẻ chuẩn.
bom_fg_0159_line_02,bom_fg_0159,1,2,rm_0188,piece,713,1.0,Định mức nguyên liệu đã phê duyệt theo mẻ chuẩn.
bom_fg_0159_line_03,bom_fg_0159,1,3,rm_0205,litre,42,1.5,Định mức nguyên liệu đã phê duyệt theo mẻ chuẩn.
bom_fg_0159_line_04,bom_fg_0159,1,4,rm_0222,kg,71,2.0,Định mức nguyên liệu đã phê duyệt theo mẻ chuẩn.
bom_fg_0159_line_05,bom_fg_0159,1,5,rm_0239,kg,100,0.0,Định mức nguyên liệu đã phê duyệt theo mẻ chuẩn.
bom_fg_0160_line_01,bom_fg_0160,1,1,rm_0176,kg,697,0.5,Định mức nguyên liệu đã phê duyệt theo mẻ chuẩn.
bom_fg_0160_line_02,bom_fg_0160,1,2,rm_0193,litre,726,1.0,Định mức nguyên liệu đã phê duyệt theo mẻ chuẩn.
bom_fg_0160_line_03,bom_fg_0160,1,3,rm_0210,kg,55,1.5,Định mức nguyên liệu đã phê duyệt theo mẻ chuẩn.
bom_fg_0160_line_04,bom_fg_0160,1,4,rm_0227,litre,84,2.0,Định mức nguyên liệu đã phê duyệt theo mẻ chuẩn.
bom_fg_0160_line_05,bom_fg_0160,1,5,rm_0244,piece,113,0.0,Định mức nguyên liệu đã phê duyệt theo mẻ chuẩn.
bom_fg_0161_line_01,bom_fg_0161,1,1,rm_0181,piece,710,0.5,Định mức nguyên liệu đã phê duyệt theo mẻ chuẩn.
bom_fg_0161_line_02,bom_fg_0161,1,2,rm_0198,kg,39,1.0,Định mức nguyên liệu đã phê duyệt theo mẻ chuẩn.
bom_fg_0161_line_03,bom_fg_0161,1,3,rm_0215,kg,68,1.5,Định mức nguyên liệu đã phê duyệt theo mẻ chuẩn.
bom_fg_0161_line_04,bom_fg_0161,1,4,rm_0232,kg,97,2.0,Định mức nguyên liệu đã phê duyệt theo mẻ chuẩn.
bom_fg_0161_line_05,bom_fg_0161,1,5,rm_0249,piece,126,0.0,Định mức nguyên liệu đã phê duyệt theo mẻ chuẩn.
bom_fg_0162_line_01,bom_fg_0162,1,1,rm_0186,kg,723,0.5,Định mức nguyên liệu đã phê duyệt theo mẻ chuẩn.
bom_fg_0162_line_02,bom_fg_0162,1,2,rm_0203,kg,52,1.0,Định mức nguyên liệu đã phê duyệt theo mẻ chuẩn.
bom_fg_0162_line_03,bom_fg_0162,1,3,rm_0220,kg,81,1.5,Định mức nguyên liệu đã phê duyệt theo mẻ chuẩn.
bom_fg_0162_line_04,bom_fg_0162,1,4,rm_0237,kg,110,2.0,Định mức nguyên liệu đã phê duyệt theo mẻ chuẩn.
bom_fg_0162_line_05,bom_fg_0162,1,5,rm_0254,piece,139,0.0,Định mức nguyên liệu đã phê duyệt theo mẻ chuẩn.
bom_fg_0163_line_01,bom_fg_0163,1,1,rm_0191,piece,36,0.5,Định mức nguyên liệu đã phê duyệt theo mẻ chuẩn.
bom_fg_0163_line_02,bom_fg_0163,1,2,rm_0208,kg,65,1.0,Định mức nguyên liệu đã phê duyệt theo mẻ chuẩn.
bom_fg_0163_line_03,bom_fg_0163,1,3,rm_0225,litre,94,1.5,Định mức nguyên liệu đã phê duyệt theo mẻ chuẩn.
bom_fg_0163_line_04,bom_fg_0163,1,4,rm_0242,piece,123,2.0,Định mức nguyên liệu đã phê duyệt theo mẻ chuẩn.
bom_fg_0163_line_05,bom_fg_0163,1,5,rm_0259,kg,152,0.0,Định mức nguyên liệu đã phê duyệt theo mẻ chuẩn.
bom_fg_0164_line_01,bom_fg_0164,1,1,rm_0196,kg,49,0.5,Định mức nguyên liệu đã phê duyệt theo mẻ chuẩn.
bom_fg_0164_line_02,bom_fg_0164,1,2,rm_0213,kg,78,1.0,Định mức nguyên liệu đã phê duyệt theo mẻ chuẩn.
bom_fg_0164_line_03,bom_fg_0164,1,3,rm_0230,litre,107,1.5,Định mức nguyên liệu đã phê duyệt theo mẻ chuẩn.
bom_fg_0164_line_04,bom_fg_0164,1,4,rm_0247,piece,136,2.0,Định mức nguyên liệu đã phê duyệt theo mẻ chuẩn.
bom_fg_0164_line_05,bom_fg_0164,1,5,rm_0264,litre,165,0.0,Định mức nguyên liệu đã phê duyệt theo mẻ chuẩn.
bom_fg_0165_line_01,bom_fg_0165,1,1,rm_0201,kg,62,0.5,Định mức nguyên liệu đã phê duyệt theo mẻ chuẩn.
bom_fg_0165_line_02,bom_fg_0165,1,2,rm_0218,kg,91,1.0,Định mức nguyên liệu đã phê duyệt theo mẻ chuẩn.
bom_fg_0165_line_03,bom_fg_0165,1,3,rm_0235,kg,120,1.5,Định mức nguyên liệu đã phê duyệt theo mẻ chuẩn.
bom_fg_0165_line_04,bom_fg_0165,1,4,rm_0252,piece,149,2.0,Định mức nguyên liệu đã phê duyệt theo mẻ chuẩn.
bom_fg_0165_line_05,bom_fg_0165,1,5,rm_0269,litre,178,0.0,Định mức nguyên liệu đã phê duyệt theo mẻ chuẩn.
bom_fg_0166_line_01,bom_fg_0166,1,1,rm_0206,kg,75,0.5,Định mức nguyên liệu đã phê duyệt theo mẻ chuẩn.
bom_fg_0166_line_02,bom_fg_0166,1,2,rm_0223,kg,104,1.0,Định mức nguyên liệu đã phê duyệt theo mẻ chuẩn.
bom_fg_0166_line_03,bom_fg_0166,1,3,rm_0240,kg,133,1.5,Định mức nguyên liệu đã phê duyệt theo mẻ chuẩn.
bom_fg_0166_line_04,bom_fg_0166,1,4,rm_0257,litre,162,2.0,Định mức nguyên liệu đã phê duyệt theo mẻ chuẩn.
bom_fg_0166_line_05,bom_fg_0166,1,5,rm_0274,kg,191,0.0,Định mức nguyên liệu đã phê duyệt theo mẻ chuẩn.
bom_fg_0167_line_01,bom_fg_0167,1,1,rm_0211,kg,88,0.5,Định mức nguyên liệu đã phê duyệt theo mẻ chuẩn.
bom_fg_0167_line_02,bom_fg_0167,1,2,rm_0228,litre,117,1.0,Định mức nguyên liệu đã phê duyệt theo mẻ chuẩn.
bom_fg_0167_line_03,bom_fg_0167,1,3,rm_0245,piece,146,1.5,Định mức nguyên liệu đã phê duyệt theo mẻ chuẩn.
bom_fg_0167_line_04,bom_fg_0167,1,4,rm_0262,kg,175,2.0,Định mức nguyên liệu đã phê duyệt theo mẻ chuẩn.
bom_fg_0167_line_05,bom_fg_0167,1,5,rm_0279,kg,204,0.0,Định mức nguyên liệu đã phê duyệt theo mẻ chuẩn.
bom_fg_0168_line_01,bom_fg_0168,1,1,rm_0216,kg,101,0.5,Định mức nguyên liệu đã phê duyệt theo mẻ chuẩn.
bom_fg_0168_line_02,bom_fg_0168,1,2,rm_0233,kg,130,1.0,Định mức nguyên liệu đã phê duyệt theo mẻ chuẩn.
bom_fg_0168_line_03,bom_fg_0168,1,3,rm_0250,kg,159,1.5,Định mức nguyên liệu đã phê duyệt theo mẻ chuẩn.
bom_fg_0168_line_04,bom_fg_0168,1,4,rm_0267,kg,188,2.0,Định mức nguyên liệu đã phê duyệt theo mẻ chuẩn.
bom_fg_0168_line_05,bom_fg_0168,1,5,rm_0284,kg,217,0.0,Định mức nguyên liệu đã phê duyệt theo mẻ chuẩn.
bom_fg_0169_line_01,bom_fg_0169,1,1,rm_0221,kg,114,0.5,Định mức nguyên liệu đã phê duyệt theo mẻ chuẩn.
bom_fg_0169_line_02,bom_fg_0169,1,2,rm_0238,kg,143,1.0,Định mức nguyên liệu đã phê duyệt theo mẻ chuẩn.
bom_fg_0169_line_03,bom_fg_0169,1,3,rm_0255,piece,172,1.5,Định mức nguyên liệu đã phê duyệt theo mẻ chuẩn.
bom_fg_0169_line_04,bom_fg_0169,1,4,rm_0272,kg,201,2.0,Định mức nguyên liệu đã phê duyệt theo mẻ chuẩn.
bom_fg_0169_line_05,bom_fg_0169,1,5,rm_0289,litre,230,0.0,Định mức nguyên liệu đã phê duyệt theo mẻ chuẩn.
bom_fg_0170_line_01,bom_fg_0170,1,1,rm_0226,litre,127,0.5,Định mức nguyên liệu đã phê duyệt theo mẻ chuẩn.
bom_fg_0170_line_02,bom_fg_0170,1,2,rm_0243,piece,156,1.0,Định mức nguyên liệu đã phê duyệt theo mẻ chuẩn.
bom_fg_0170_line_03,bom_fg_0170,1,3,rm_0260,kg,185,1.5,Định mức nguyên liệu đã phê duyệt theo mẻ chuẩn.
bom_fg_0170_line_04,bom_fg_0170,1,4,rm_0277,kg,214,2.0,Định mức nguyên liệu đã phê duyệt theo mẻ chuẩn.
bom_fg_0170_line_05,bom_fg_0170,1,5,rm_0294,litre,243,0.0,Định mức nguyên liệu đã phê duyệt theo mẻ chuẩn.
bom_fg_0171_line_01,bom_fg_0171,1,1,rm_0231,kg,140,0.5,Định mức nguyên liệu đã phê duyệt theo mẻ chuẩn.
bom_fg_0171_line_02,bom_fg_0171,1,2,rm_0248,piece,169,1.0,Định mức nguyên liệu đã phê duyệt theo mẻ chuẩn.
bom_fg_0171_line_03,bom_fg_0171,1,3,rm_0265,kg,198,1.5,Định mức nguyên liệu đã phê duyệt theo mẻ chuẩn.
bom_fg_0171_line_04,bom_fg_0171,1,4,rm_0282,kg,227,2.0,Định mức nguyên liệu đã phê duyệt theo mẻ chuẩn.
bom_fg_0171_line_05,bom_fg_0171,1,5,rm_0299,kg,256,0.0,Định mức nguyên liệu đã phê duyệt theo mẻ chuẩn.
bom_fg_0172_line_01,bom_fg_0172,1,1,rm_0236,kg,153,0.5,Định mức nguyên liệu đã phê duyệt theo mẻ chuẩn.
bom_fg_0172_line_02,bom_fg_0172,1,2,rm_0253,piece,182,1.0,Định mức nguyên liệu đã phê duyệt theo mẻ chuẩn.
bom_fg_0172_line_03,bom_fg_0172,1,3,rm_0270,kg,211,1.5,Định mức nguyên liệu đã phê duyệt theo mẻ chuẩn.
bom_fg_0172_line_04,bom_fg_0172,1,4,rm_0287,kg,240,2.0,Định mức nguyên liệu đã phê duyệt theo mẻ chuẩn.
bom_fg_0172_line_05,bom_fg_0172,1,5,rm_0304,kg,269,0.0,Định mức nguyên liệu đã phê duyệt theo mẻ chuẩn.
bom_fg_0173_line_01,bom_fg_0173,1,1,rm_0241,piece,166,0.5,Định mức nguyên liệu đã phê duyệt theo mẻ chuẩn.
bom_fg_0173_line_02,bom_fg_0173,1,2,rm_0258,kg,195,1.0,Định mức nguyên liệu đã phê duyệt theo mẻ chuẩn.
bom_fg_0173_line_03,bom_fg_0173,1,3,rm_0275,kg,224,1.5,Định mức nguyên liệu đã phê duyệt theo mẻ chuẩn.
bom_fg_0173_line_04,bom_fg_0173,1,4,rm_0292,litre,253,2.0,Định mức nguyên liệu đã phê duyệt theo mẻ chuẩn.
bom_fg_0173_line_05,bom_fg_0173,1,5,rm_0309,piece,282,0.0,Định mức nguyên liệu đã phê duyệt theo mẻ chuẩn.
bom_fg_0174_line_01,bom_fg_0174,1,1,rm_0246,piece,179,0.5,Định mức nguyên liệu đã phê duyệt theo mẻ chuẩn.
bom_fg_0174_line_02,bom_fg_0174,1,2,rm_0263,kg,208,1.0,Định mức nguyên liệu đã phê duyệt theo mẻ chuẩn.
bom_fg_0174_line_03,bom_fg_0174,1,3,rm_0280,kg,237,1.5,Định mức nguyên liệu đã phê duyệt theo mẻ chuẩn.
bom_fg_0174_line_04,bom_fg_0174,1,4,rm_0297,kg,266,2.0,Định mức nguyên liệu đã phê duyệt theo mẻ chuẩn.
bom_fg_0174_line_05,bom_fg_0174,1,5,rm_0004,kg,295,0.0,Định mức nguyên liệu đã phê duyệt theo mẻ chuẩn.
bom_fg_0175_line_01,bom_fg_0175,1,1,rm_0251,piece,192,0.5,Định mức nguyên liệu đã phê duyệt theo mẻ chuẩn.
bom_fg_0175_line_02,bom_fg_0175,1,2,rm_0268,kg,221,1.0,Định mức nguyên liệu đã phê duyệt theo mẻ chuẩn.
bom_fg_0175_line_03,bom_fg_0175,1,3,rm_0285,kg,250,1.5,Định mức nguyên liệu đã phê duyệt theo mẻ chuẩn.
bom_fg_0175_line_04,bom_fg_0175,1,4,rm_0302,kg,279,2.0,Định mức nguyên liệu đã phê duyệt theo mẻ chuẩn.
bom_fg_0175_line_05,bom_fg_0175,1,5,rm_0009,kg,308,0.0,Định mức nguyên liệu đã phê duyệt theo mẻ chuẩn.
bom_fg_0176_line_01,bom_fg_0176,1,1,rm_0256,piece,205,0.5,Định mức nguyên liệu đã phê duyệt theo mẻ chuẩn.
bom_fg_0176_line_02,bom_fg_0176,1,2,rm_0273,kg,234,1.0,Định mức nguyên liệu đã phê duyệt theo mẻ chuẩn.
bom_fg_0176_line_03,bom_fg_0176,1,3,rm_0290,litre,263,1.5,Định mức nguyên liệu đã phê duyệt theo mẻ chuẩn.
bom_fg_0176_line_04,bom_fg_0176,1,4,rm_0307,piece,292,2.0,Định mức nguyên liệu đã phê duyệt theo mẻ chuẩn.
bom_fg_0176_line_05,bom_fg_0176,1,5,rm_0014,kg,321,0.0,Định mức nguyên liệu đã phê duyệt theo mẻ chuẩn.
bom_fg_0177_line_01,bom_fg_0177,1,1,rm_0261,kg,218,0.5,Định mức nguyên liệu đã phê duyệt theo mẻ chuẩn.
bom_fg_0177_line_02,bom_fg_0177,1,2,rm_0278,kg,247,1.0,Định mức nguyên liệu đã phê duyệt theo mẻ chuẩn.
bom_fg_0177_line_03,bom_fg_0177,1,3,rm_0295,kg,276,1.5,Định mức nguyên liệu đã phê duyệt theo mẻ chuẩn.
bom_fg_0177_line_04,bom_fg_0177,1,4,rm_0002,kg,305,2.0,Định mức nguyên liệu đã phê duyệt theo mẻ chuẩn.
bom_fg_0177_line_05,bom_fg_0177,1,5,rm_0019,kg,334,0.0,Định mức nguyên liệu đã phê duyệt theo mẻ chuẩn.
bom_fg_0178_line_01,bom_fg_0178,1,1,rm_0266,kg,231,0.5,Định mức nguyên liệu đã phê duyệt theo mẻ chuẩn.
bom_fg_0178_line_02,bom_fg_0178,1,2,rm_0283,kg,260,1.0,Định mức nguyên liệu đã phê duyệt theo mẻ chuẩn.
bom_fg_0178_line_03,bom_fg_0178,1,3,rm_0300,kg,289,1.5,Định mức nguyên liệu đã phê duyệt theo mẻ chuẩn.
bom_fg_0178_line_04,bom_fg_0178,1,4,rm_0007,kg,318,2.0,Định mức nguyên liệu đã phê duyệt theo mẻ chuẩn.
bom_fg_0178_line_05,bom_fg_0178,1,5,rm_0024,kg,347,0.0,Định mức nguyên liệu đã phê duyệt theo mẻ chuẩn.
bom_fg_0179_line_01,bom_fg_0179,1,1,rm_0271,kg,244,0.5,Định mức nguyên liệu đã phê duyệt theo mẻ chuẩn.
bom_fg_0179_line_02,bom_fg_0179,1,2,rm_0288,kg,273,1.0,Định mức nguyên liệu đã phê duyệt theo mẻ chuẩn.
bom_fg_0179_line_03,bom_fg_0179,1,3,rm_0305,piece,302,1.5,Định mức nguyên liệu đã phê duyệt theo mẻ chuẩn.
bom_fg_0179_line_04,bom_fg_0179,1,4,rm_0012,kg,331,2.0,Định mức nguyên liệu đã phê duyệt theo mẻ chuẩn.
bom_fg_0179_line_05,bom_fg_0179,1,5,rm_0029,kg,360,0.0,Định mức nguyên liệu đã phê duyệt theo mẻ chuẩn.
bom_fg_0180_line_01,bom_fg_0180,1,1,rm_0276,kg,257,0.5,Định mức nguyên liệu đã phê duyệt theo mẻ chuẩn.
bom_fg_0180_line_02,bom_fg_0180,1,2,rm_0293,litre,286,1.0,Định mức nguyên liệu đã phê duyệt theo mẻ chuẩn.
bom_fg_0180_line_03,bom_fg_0180,1,3,rm_0310,piece,315,1.5,Định mức nguyên liệu đã phê duyệt theo mẻ chuẩn.
bom_fg_0180_line_04,bom_fg_0180,1,4,rm_0017,kg,344,2.0,Định mức nguyên liệu đã phê duyệt theo mẻ chuẩn.
bom_fg_0180_line_05,bom_fg_0180,1,5,rm_0034,litre,373,0.0,Định mức nguyên liệu đã phê duyệt theo mẻ chuẩn.
bom_fg_0181_line_01,bom_fg_0181,1,1,rm_0281,kg,270,0.5,Định mức nguyên liệu đã phê duyệt theo mẻ chuẩn.
bom_fg_0181_line_02,bom_fg_0181,1,2,rm_0298,kg,299,1.0,Định mức nguyên liệu đã phê duyệt theo mẻ chuẩn.
bom_fg_0181_line_03,bom_fg_0181,1,3,rm_0005,kg,328,1.5,Định mức nguyên liệu đã phê duyệt theo mẻ chuẩn.
bom_fg_0181_line_04,bom_fg_0181,1,4,rm_0022,kg,357,2.0,Định mức nguyên liệu đã phê duyệt theo mẻ chuẩn.
bom_fg_0181_line_05,bom_fg_0181,1,5,rm_0039,kg,386,0.0,Định mức nguyên liệu đã phê duyệt theo mẻ chuẩn.
bom_fg_0182_line_01,bom_fg_0182,1,1,rm_0286,kg,283,0.5,Định mức nguyên liệu đã phê duyệt theo mẻ chuẩn.
bom_fg_0182_line_02,bom_fg_0182,1,2,rm_0303,kg,312,1.0,Định mức nguyên liệu đã phê duyệt theo mẻ chuẩn.
bom_fg_0182_line_03,bom_fg_0182,1,3,rm_0010,kg,341,1.5,Định mức nguyên liệu đã phê duyệt theo mẻ chuẩn.
bom_fg_0182_line_04,bom_fg_0182,1,4,rm_0027,kg,370,2.0,Định mức nguyên liệu đã phê duyệt theo mẻ chuẩn.
bom_fg_0182_line_05,bom_fg_0182,1,5,rm_0044,kg,399,0.0,Định mức nguyên liệu đã phê duyệt theo mẻ chuẩn.
bom_fg_0183_line_01,bom_fg_0183,1,1,rm_0291,litre,296,0.5,Định mức nguyên liệu đã phê duyệt theo mẻ chuẩn.
bom_fg_0183_line_02,bom_fg_0183,1,2,rm_0308,piece,325,1.0,Định mức nguyên liệu đã phê duyệt theo mẻ chuẩn.
bom_fg_0183_line_03,bom_fg_0183,1,3,rm_0015,kg,354,1.5,Định mức nguyên liệu đã phê duyệt theo mẻ chuẩn.
bom_fg_0183_line_04,bom_fg_0183,1,4,rm_0032,kg,383,2.0,Định mức nguyên liệu đã phê duyệt theo mẻ chuẩn.
bom_fg_0183_line_05,bom_fg_0183,1,5,rm_0049,piece,412,0.0,Định mức nguyên liệu đã phê duyệt theo mẻ chuẩn.
bom_fg_0184_line_01,bom_fg_0184,1,1,rm_0296,kg,309,0.5,Định mức nguyên liệu đã phê duyệt theo mẻ chuẩn.
bom_fg_0184_line_02,bom_fg_0184,1,2,rm_0003,kg,338,1.0,Định mức nguyên liệu đã phê duyệt theo mẻ chuẩn.
bom_fg_0184_line_03,bom_fg_0184,1,3,rm_0020,kg,367,1.5,Định mức nguyên liệu đã phê duyệt theo mẻ chuẩn.
bom_fg_0184_line_04,bom_fg_0184,1,4,rm_0037,litre,396,2.0,Định mức nguyên liệu đã phê duyệt theo mẻ chuẩn.
bom_fg_0184_line_05,bom_fg_0184,1,5,rm_0054,piece,425,0.0,Định mức nguyên liệu đã phê duyệt theo mẻ chuẩn.
bom_fg_0185_line_01,bom_fg_0185,1,1,rm_0301,kg,322,0.5,Định mức nguyên liệu đã phê duyệt theo mẻ chuẩn.
bom_fg_0185_line_02,bom_fg_0185,1,2,rm_0008,litre,351,1.0,Định mức nguyên liệu đã phê duyệt theo mẻ chuẩn.
bom_fg_0185_line_03,bom_fg_0185,1,3,rm_0025,kg,380,1.5,Định mức nguyên liệu đã phê duyệt theo mẻ chuẩn.
bom_fg_0185_line_04,bom_fg_0185,1,4,rm_0042,kg,409,2.0,Định mức nguyên liệu đã phê duyệt theo mẻ chuẩn.
bom_fg_0185_line_05,bom_fg_0185,1,5,rm_0059,piece,438,0.0,Định mức nguyên liệu đã phê duyệt theo mẻ chuẩn.
bom_fg_0186_line_01,bom_fg_0186,1,1,rm_0306,piece,335,0.5,Định mức nguyên liệu đã phê duyệt theo mẻ chuẩn.
bom_fg_0186_line_02,bom_fg_0186,1,2,rm_0013,litre,364,1.0,Định mức nguyên liệu đã phê duyệt theo mẻ chuẩn.
bom_fg_0186_line_03,bom_fg_0186,1,3,rm_0030,kg,393,1.5,Định mức nguyên liệu đã phê duyệt theo mẻ chuẩn.
bom_fg_0186_line_04,bom_fg_0186,1,4,rm_0047,kg,422,2.0,Định mức nguyên liệu đã phê duyệt theo mẻ chuẩn.
bom_fg_0186_line_05,bom_fg_0186,1,5,rm_0064,piece,451,0.0,Định mức nguyên liệu đã phê duyệt theo mẻ chuẩn.
bom_fg_0187_line_01,bom_fg_0187,1,1,rm_0001,litre,348,0.5,Định mức nguyên liệu đã phê duyệt theo mẻ chuẩn.
bom_fg_0187_line_02,bom_fg_0187,1,2,rm_0018,kg,377,1.0,Định mức nguyên liệu đã phê duyệt theo mẻ chuẩn.
bom_fg_0187_line_03,bom_fg_0187,1,3,rm_0035,litre,406,1.5,Định mức nguyên liệu đã phê duyệt theo mẻ chuẩn.
bom_fg_0187_line_04,bom_fg_0187,1,4,rm_0052,piece,435,2.0,Định mức nguyên liệu đã phê duyệt theo mẻ chuẩn.
bom_fg_0187_line_05,bom_fg_0187,1,5,rm_0069,kg,464,0.0,Định mức nguyên liệu đã phê duyệt theo mẻ chuẩn.
bom_fg_0188_line_01,bom_fg_0188,1,1,rm_0006,kg,361,0.5,Định mức nguyên liệu đã phê duyệt theo mẻ chuẩn.
bom_fg_0188_line_02,bom_fg_0188,1,2,rm_0023,kg,390,1.0,Định mức nguyên liệu đã phê duyệt theo mẻ chuẩn.
bom_fg_0188_line_03,bom_fg_0188,1,3,rm_0040,kg,419,1.5,Định mức nguyên liệu đã phê duyệt theo mẻ chuẩn.
bom_fg_0188_line_04,bom_fg_0188,1,4,rm_0057,piece,448,2.0,Định mức nguyên liệu đã phê duyệt theo mẻ chuẩn.
bom_fg_0188_line_05,bom_fg_0188,1,5,rm_0074,kg,477,0.0,Định mức nguyên liệu đã phê duyệt theo mẻ chuẩn.
bom_fg_0189_line_01,bom_fg_0189,1,1,rm_0011,kg,374,0.5,Định mức nguyên liệu đã phê duyệt theo mẻ chuẩn.
bom_fg_0189_line_02,bom_fg_0189,1,2,rm_0028,kg,403,1.0,Định mức nguyên liệu đã phê duyệt theo mẻ chuẩn.
bom_fg_0189_line_03,bom_fg_0189,1,3,rm_0045,kg,432,1.5,Định mức nguyên liệu đã phê duyệt theo mẻ chuẩn.
bom_fg_0189_line_04,bom_fg_0189,1,4,rm_0062,piece,461,2.0,Định mức nguyên liệu đã phê duyệt theo mẻ chuẩn.
bom_fg_0189_line_05,bom_fg_0189,1,5,rm_0079,kg,490,0.0,Định mức nguyên liệu đã phê duyệt theo mẻ chuẩn.
bom_fg_0190_line_01,bom_fg_0190,1,1,rm_0016,kg,387,0.5,Định mức nguyên liệu đã phê duyệt theo mẻ chuẩn.
bom_fg_0190_line_02,bom_fg_0190,1,2,rm_0033,litre,416,1.0,Định mức nguyên liệu đã phê duyệt theo mẻ chuẩn.
bom_fg_0190_line_03,bom_fg_0190,1,3,rm_0050,piece,445,1.5,Định mức nguyên liệu đã phê duyệt theo mẻ chuẩn.
bom_fg_0190_line_04,bom_fg_0190,1,4,rm_0067,kg,474,2.0,Định mức nguyên liệu đã phê duyệt theo mẻ chuẩn.
bom_fg_0190_line_05,bom_fg_0190,1,5,rm_0084,kg,503,0.0,Định mức nguyên liệu đã phê duyệt theo mẻ chuẩn.
bom_fg_0191_line_01,bom_fg_0191,1,1,rm_0021,kg,400,0.5,Định mức nguyên liệu đã phê duyệt theo mẻ chuẩn.
bom_fg_0191_line_02,bom_fg_0191,1,2,rm_0038,litre,429,1.0,Định mức nguyên liệu đã phê duyệt theo mẻ chuẩn.
bom_fg_0191_line_03,bom_fg_0191,1,3,rm_0055,piece,458,1.5,Định mức nguyên liệu đã phê duyệt theo mẻ chuẩn.
bom_fg_0191_line_04,bom_fg_0191,1,4,rm_0072,litre,487,2.0,Định mức nguyên liệu đã phê duyệt theo mẻ chuẩn.
bom_fg_0191_line_05,bom_fg_0191,1,5,rm_0089,kg,516,0.0,Định mức nguyên liệu đã phê duyệt theo mẻ chuẩn.
bom_fg_0192_line_01,bom_fg_0192,1,1,rm_0026,kg,413,0.5,Định mức nguyên liệu đã phê duyệt theo mẻ chuẩn.
bom_fg_0192_line_02,bom_fg_0192,1,2,rm_0043,kg,442,1.0,Định mức nguyên liệu đã phê duyệt theo mẻ chuẩn.
bom_fg_0192_line_03,bom_fg_0192,1,3,rm_0060,piece,471,1.5,Định mức nguyên liệu đã phê duyệt theo mẻ chuẩn.
bom_fg_0192_line_04,bom_fg_0192,1,4,rm_0077,litre,500,2.0,Định mức nguyên liệu đã phê duyệt theo mẻ chuẩn.
bom_fg_0192_line_05,bom_fg_0192,1,5,rm_0094,kg,529,0.0,Định mức nguyên liệu đã phê duyệt theo mẻ chuẩn.
bom_fg_0193_line_01,bom_fg_0193,1,1,rm_0031,kg,426,0.5,Định mức nguyên liệu đã phê duyệt theo mẻ chuẩn.
bom_fg_0193_line_02,bom_fg_0193,1,2,rm_0048,kg,455,1.0,Định mức nguyên liệu đã phê duyệt theo mẻ chuẩn.
bom_fg_0193_line_03,bom_fg_0193,1,3,rm_0065,litre,484,1.5,Định mức nguyên liệu đã phê duyệt theo mẻ chuẩn.
bom_fg_0193_line_04,bom_fg_0193,1,4,rm_0082,kg,513,2.0,Định mức nguyên liệu đã phê duyệt theo mẻ chuẩn.
bom_fg_0193_line_05,bom_fg_0193,1,5,rm_0099,litre,542,0.0,Định mức nguyên liệu đã phê duyệt theo mẻ chuẩn.
bom_fg_0194_line_01,bom_fg_0194,1,1,rm_0036,litre,439,0.5,Định mức nguyên liệu đã phê duyệt theo mẻ chuẩn.
bom_fg_0194_line_02,bom_fg_0194,1,2,rm_0053,piece,468,1.0,Định mức nguyên liệu đã phê duyệt theo mẻ chuẩn.
bom_fg_0194_line_03,bom_fg_0194,1,3,rm_0070,kg,497,1.5,Định mức nguyên liệu đã phê duyệt theo mẻ chuẩn.
bom_fg_0194_line_04,bom_fg_0194,1,4,rm_0087,kg,526,2.0,Định mức nguyên liệu đã phê duyệt theo mẻ chuẩn.
bom_fg_0194_line_05,bom_fg_0194,1,5,rm_0104,kg,555,0.0,Định mức nguyên liệu đã phê duyệt theo mẻ chuẩn.
bom_fg_0195_line_01,bom_fg_0195,1,1,rm_0041,kg,452,0.5,Định mức nguyên liệu đã phê duyệt theo mẻ chuẩn.
bom_fg_0195_line_02,bom_fg_0195,1,2,rm_0058,kg,481,1.0,Định mức nguyên liệu đã phê duyệt theo mẻ chuẩn.
bom_fg_0195_line_03,bom_fg_0195,1,3,rm_0075,kg,510,1.5,Định mức nguyên liệu đã phê duyệt theo mẻ chuẩn.
bom_fg_0195_line_04,bom_fg_0195,1,4,rm_0092,kg,539,2.0,Định mức nguyên liệu đã phê duyệt theo mẻ chuẩn.
bom_fg_0195_line_05,bom_fg_0195,1,5,rm_0109,kg,568,0.0,Định mức nguyên liệu đã phê duyệt theo mẻ chuẩn.
bom_fg_0196_line_01,bom_fg_0196,1,1,rm_0046,kg,465,0.5,Định mức nguyên liệu đã phê duyệt theo mẻ chuẩn.
bom_fg_0196_line_02,bom_fg_0196,1,2,rm_0063,piece,494,1.0,Định mức nguyên liệu đã phê duyệt theo mẻ chuẩn.
bom_fg_0196_line_03,bom_fg_0196,1,3,rm_0080,kg,523,1.5,Định mức nguyên liệu đã phê duyệt theo mẻ chuẩn.
bom_fg_0196_line_04,bom_fg_0196,1,4,rm_0097,litre,552,2.0,Định mức nguyên liệu đã phê duyệt theo mẻ chuẩn.
bom_fg_0196_line_05,bom_fg_0196,1,5,rm_0114,piece,581,0.0,Định mức nguyên liệu đã phê duyệt theo mẻ chuẩn.
bom_fg_0197_line_01,bom_fg_0197,1,1,rm_0051,piece,478,0.5,Định mức nguyên liệu đã phê duyệt theo mẻ chuẩn.
bom_fg_0197_line_02,bom_fg_0197,1,2,rm_0068,kg,507,1.0,Định mức nguyên liệu đã phê duyệt theo mẻ chuẩn.
bom_fg_0197_line_03,bom_fg_0197,1,3,rm_0085,kg,536,1.5,Định mức nguyên liệu đã phê duyệt theo mẻ chuẩn.
bom_fg_0197_line_04,bom_fg_0197,1,4,rm_0102,litre,565,2.0,Định mức nguyên liệu đã phê duyệt theo mẻ chuẩn.
bom_fg_0197_line_05,bom_fg_0197,1,5,rm_0119,piece,594,0.0,Định mức nguyên liệu đã phê duyệt theo mẻ chuẩn.
bom_fg_0198_line_01,bom_fg_0198,1,1,rm_0056,piece,491,0.5,Định mức nguyên liệu đã phê duyệt theo mẻ chuẩn.
bom_fg_0198_line_02,bom_fg_0198,1,2,rm_0073,kg,520,1.0,Định mức nguyên liệu đã phê duyệt theo mẻ chuẩn.
bom_fg_0198_line_03,bom_fg_0198,1,3,rm_0090,kg,549,1.5,Định mức nguyên liệu đã phê duyệt theo mẻ chuẩn.
bom_fg_0198_line_04,bom_fg_0198,1,4,rm_0107,kg,578,2.0,Định mức nguyên liệu đã phê duyệt theo mẻ chuẩn.
bom_fg_0198_line_05,bom_fg_0198,1,5,rm_0124,piece,607,0.0,Định mức nguyên liệu đã phê duyệt theo mẻ chuẩn.
bom_fg_0199_line_01,bom_fg_0199,1,1,rm_0061,piece,504,0.5,Định mức nguyên liệu đã phê duyệt theo mẻ chuẩn.
bom_fg_0199_line_02,bom_fg_0199,1,2,rm_0078,kg,533,1.0,Định mức nguyên liệu đã phê duyệt theo mẻ chuẩn.
bom_fg_0199_line_03,bom_fg_0199,1,3,rm_0095,kg,562,1.5,Định mức nguyên liệu đã phê duyệt theo mẻ chuẩn.
bom_fg_0199_line_04,bom_fg_0199,1,4,rm_0112,kg,591,2.0,Định mức nguyên liệu đã phê duyệt theo mẻ chuẩn.
bom_fg_0199_line_05,bom_fg_0199,1,5,rm_0129,litre,620,0.0,Định mức nguyên liệu đã phê duyệt theo mẻ chuẩn.
bom_fg_0200_line_01,bom_fg_0200,1,1,rm_0066,kg,517,0.5,Định mức nguyên liệu đã phê duyệt theo mẻ chuẩn.
bom_fg_0200_line_02,bom_fg_0200,1,2,rm_0083,kg,546,1.0,Định mức nguyên liệu đã phê duyệt theo mẻ chuẩn.
bom_fg_0200_line_03,bom_fg_0200,1,3,rm_0100,litre,575,1.5,Định mức nguyên liệu đã phê duyệt theo mẻ chuẩn.
bom_fg_0200_line_04,bom_fg_0200,1,4,rm_0117,piece,604,2.0,Định mức nguyên liệu đã phê duyệt theo mẻ chuẩn.
bom_fg_0200_line_05,bom_fg_0200,1,5,rm_0134,kg,633,0.0,Định mức nguyên liệu đã phê duyệt theo mẻ chuẩn.
