order_code,material_item_code,inventory_issue_code,inventory_issue_line_number,unit_code,consumed_quantity,consumed_at,idempotency_key,notes
production_order_2026_00001,rm_0001,issue_2026_00001,1,litre,9.2,2026-01-02T10:00:00+07:00,material_consumption_00001_1,Tiêu hao thực tế đối chiếu với phiếu xuất.
production_order_2026_00001,rm_0002,issue_2026_00001,2,kg,11.96,2026-01-02T11:00:00+07:00,material_consumption_00001_2,Tiêu hao thực tế đối chiếu với phiếu xuất.
production_order_2026_00002,rm_0003,issue_2026_00002,1,kg,10.23,2026-01-03T10:00:00+07:00,material_consumption_00002_1,Tiêu hao thực tế đối chiếu với phiếu xuất.
production_order_2026_00002,rm_0004,issue_2026_00002,2,kg,13.02,2026-01-03T11:00:00+07:00,material_consumption_00002_2,Tiêu hao thực tế đối chiếu với phiếu xuất.
production_order_2026_00003,rm_0005,issue_2026_00003,1,kg,11.28,2026-02-07T10:00:00+07:00,material_consumption_00003_1,Tiêu hao thực tế đối chiếu với phiếu xuất.
production_order_2026_00003,rm_0006,issue_2026_00003,2,kg,14.1,2026-02-07T11:00:00+07:00,material_consumption_00003_2,Tiêu hao thực tế đối chiếu với phiếu xuất.
production_order_2026_00004,rm_0007,issue_2026_00004,1,kg,12.35,2026-02-08T10:00:00+07:00,material_consumption_00004_1,Tiêu hao thực tế đối chiếu với phiếu xuất.
production_order_2026_00004,rm_0008,issue_2026_00004,2,litre,15.2,2026-02-08T11:00:00+07:00,material_consumption_00004_2,Tiêu hao thực tế đối chiếu với phiếu xuất.
production_order_2026_00005,rm_0009,issue_2026_00005,1,kg,13.44,2026-03-08T10:00:00+07:00,material_consumption_00005_1,Tiêu hao thực tế đối chiếu với phiếu xuất.
production_order_2026_00005,rm_0010,issue_2026_00005,2,kg,16.32,2026-03-08T11:00:00+07:00,material_consumption_00005_2,Tiêu hao thực tế đối chiếu với phiếu xuất.
production_order_2026_00006,rm_0011,issue_2026_00006,1,kg,13.8,2026-03-09T10:00:00+07:00,material_consumption_00006_1,Tiêu hao thực tế đối chiếu với phiếu xuất.
production_order_2026_00006,rm_0012,issue_2026_00006,2,kg,16.56,2026-03-09T11:00:00+07:00,material_consumption_00006_2,Tiêu hao thực tế đối chiếu với phiếu xuất.
production_order_2026_00007,rm_0013,issue_2026_00007,1,litre,14.88,2026-04-13T10:00:00+07:00,material_consumption_00007_1,Tiêu hao thực tế đối chiếu với phiếu xuất.
production_order_2026_00007,rm_0014,issue_2026_00007,2,kg,17.67,2026-04-13T11:00:00+07:00,material_consumption_00007_2,Tiêu hao thực tế đối chiếu với phiếu xuất.
production_order_2026_00008,rm_0015,issue_2026_00008,1,kg,15.98,2026-04-14T10:00:00+07:00,material_consumption_00008_1,Tiêu hao thực tế đối chiếu với phiếu xuất.
production_order_2026_00008,rm_0016,issue_2026_00008,2,kg,18.8,2026-04-14T11:00:00+07:00,material_consumption_00008_2,Tiêu hao thực tế đối chiếu với phiếu xuất.
production_order_2026_00009,rm_0017,issue_2026_00009,1,kg,17.1,2026-05-14T10:00:00+07:00,material_consumption_00009_1,Tiêu hao thực tế đối chiếu với phiếu xuất.
production_order_2026_00009,rm_0018,issue_2026_00009,2,kg,19.95,2026-05-14T11:00:00+07:00,material_consumption_00009_2,Tiêu hao thực tế đối chiếu với phiếu xuất.
production_order_2026_00010,rm_0019,issue_2026_00010,1,kg,18.24,2026-05-15T10:00:00+07:00,material_consumption_00010_1,Tiêu hao thực tế đối chiếu với phiếu xuất.
production_order_2026_00010,rm_0020,issue_2026_00010,2,kg,21.12,2026-05-15T11:00:00+07:00,material_consumption_00010_2,Tiêu hao thực tế đối chiếu với phiếu xuất.
production_order_2026_00011,rm_0021,issue_2026_00011,1,kg,18.4,2026-06-19T10:00:00+07:00,material_consumption_00011_1,Tiêu hao thực tế đối chiếu với phiếu xuất.
production_order_2026_00011,rm_0022,issue_2026_00011,2,kg,21.16,2026-06-19T11:00:00+07:00,material_consumption_00011_2,Tiêu hao thực tế đối chiếu với phiếu xuất.
production_order_2026_00012,rm_0023,issue_2026_00012,1,kg,19.53,2026-06-20T10:00:00+07:00,material_consumption_00012_1,Tiêu hao thực tế đối chiếu với phiếu xuất.
production_order_2026_00012,rm_0024,issue_2026_00012,2,kg,22.32,2026-06-20T11:00:00+07:00,material_consumption_00012_2,Tiêu hao thực tế đối chiếu với phiếu xuất.
production_order_2026_00013,rm_0025,issue_2026_00013,1,kg,20.68,2026-07-20T10:00:00+07:00,material_consumption_00013_1,Tiêu hao thực tế đối chiếu với phiếu xuất.
production_order_2026_00013,rm_0026,issue_2026_00013,2,kg,23.5,2026-07-20T11:00:00+07:00,material_consumption_00013_2,Tiêu hao thực tế đối chiếu với phiếu xuất.
production_order_2026_00014,rm_0027,issue_2026_00014,1,kg,21.85,2026-07-21T10:00:00+07:00,material_consumption_00014_1,Tiêu hao thực tế đối chiếu với phiếu xuất.
production_order_2026_00014,rm_0028,issue_2026_00014,2,kg,24.7,2026-07-21T11:00:00+07:00,material_consumption_00014_2,Tiêu hao thực tế đối chiếu với phiếu xuất.
production_order_2026_00015,rm_0029,issue_2026_00015,1,kg,23.04,2026-08-05T10:00:00+07:00,material_consumption_00015_1,Tiêu hao thực tế đối chiếu với phiếu xuất.
production_order_2026_00015,rm_0030,issue_2026_00015,2,kg,25.92,2026-08-05T11:00:00+07:00,material_consumption_00015_2,Tiêu hao thực tế đối chiếu với phiếu xuất.
production_order_2026_00016,rm_0031,issue_2026_00016,1,kg,23.0,2026-08-06T10:00:00+07:00,material_consumption_00016_1,Tiêu hao thực tế đối chiếu với phiếu xuất.
production_order_2026_00016,rm_0032,issue_2026_00016,2,kg,25.76,2026-08-06T11:00:00+07:00,material_consumption_00016_2,Tiêu hao thực tế đối chiếu với phiếu xuất.
production_order_2026_00017,rm_0033,issue_2026_00017,1,litre,24.18,2026-09-06T10:00:00+07:00,material_consumption_00017_1,Tiêu hao thực tế đối chiếu với phiếu xuất.
production_order_2026_00017,rm_0034,issue_2026_00017,2,litre,26.97,2026-09-06T11:00:00+07:00,material_consumption_00017_2,Tiêu hao thực tế đối chiếu với phiếu xuất.
production_order_2026_00018,rm_0035,issue_2026_00018,1,litre,25.38,2026-09-07T10:00:00+07:00,material_consumption_00018_1,Tiêu hao thực tế đối chiếu với phiếu xuất.
production_order_2026_00018,rm_0036,issue_2026_00018,2,litre,28.2,2026-09-07T11:00:00+07:00,material_consumption_00018_2,Tiêu hao thực tế đối chiếu với phiếu xuất.
production_order_2026_00019,rm_0037,issue_2026_00019,1,litre,26.6,2026-01-11T10:00:00+07:00,material_consumption_00019_1,Tiêu hao thực tế đối chiếu với phiếu xuất.
production_order_2026_00019,rm_0038,issue_2026_00019,2,litre,29.45,2026-01-11T11:00:00+07:00,material_consumption_00019_2,Tiêu hao thực tế đối chiếu với phiếu xuất.
production_order_2026_00020,rm_0039,issue_2026_00020,1,kg,27.84,2026-01-12T10:00:00+07:00,material_consumption_00020_1,Tiêu hao thực tế đối chiếu với phiếu xuất.
production_order_2026_00020,rm_0040,issue_2026_00020,2,kg,30.72,2026-01-12T11:00:00+07:00,material_consumption_00020_2,Tiêu hao thực tế đối chiếu với phiếu xuất.
production_order_2026_00021,rm_0041,issue_2026_00021,1,kg,27.6,2026-02-12T10:00:00+07:00,material_consumption_00021_1,Tiêu hao thực tế đối chiếu với phiếu xuất.
production_order_2026_00021,rm_0042,issue_2026_00021,2,kg,30.36,2026-02-12T11:00:00+07:00,material_consumption_00021_2,Tiêu hao thực tế đối chiếu với phiếu xuất.
production_order_2026_00022,rm_0043,issue_2026_00022,1,kg,28.83,2026-02-13T10:00:00+07:00,material_consumption_00022_1,Tiêu hao thực tế đối chiếu với phiếu xuất.
production_order_2026_00022,rm_0044,issue_2026_00022,2,kg,31.62,2026-02-13T11:00:00+07:00,material_consumption_00022_2,Tiêu hao thực tế đối chiếu với phiếu xuất.
production_order_2026_00023,rm_0045,issue_2026_00023,1,kg,30.08,2026-03-17T10:00:00+07:00,material_consumption_00023_1,Tiêu hao thực tế đối chiếu với phiếu xuất.
production_order_2026_00023,rm_0046,issue_2026_00023,2,kg,32.9,2026-03-17T11:00:00+07:00,material_consumption_00023_2,Tiêu hao thực tế đối chiếu với phiếu xuất.
production_order_2026_00024,rm_0047,issue_2026_00024,1,kg,31.35,2026-03-18T10:00:00+07:00,material_consumption_00024_1,Tiêu hao thực tế đối chiếu với phiếu xuất.
production_order_2026_00024,rm_0048,issue_2026_00024,2,kg,34.2,2026-03-18T11:00:00+07:00,material_consumption_00024_2,Tiêu hao thực tế đối chiếu với phiếu xuất.
production_order_2026_00025,rm_0049,issue_2026_00025,1,piece,32.64,2026-04-18T10:00:00+07:00,material_consumption_00025_1,Tiêu hao thực tế đối chiếu với phiếu xuất.
production_order_2026_00025,rm_0050,issue_2026_00025,2,piece,35.52,2026-04-18T11:00:00+07:00,material_consumption_00025_2,Tiêu hao thực tế đối chiếu với phiếu xuất.
production_order_2026_00026,rm_0051,issue_2026_00026,1,piece,32.2,2026-04-19T10:00:00+07:00,material_consumption_00026_1,Tiêu hao thực tế đối chiếu với phiếu xuất.
production_order_2026_00026,rm_0052,issue_2026_00026,2,piece,34.96,2026-04-19T11:00:00+07:00,material_consumption_00026_2,Tiêu hao thực tế đối chiếu với phiếu xuất.
production_order_2026_00027,rm_0053,issue_2026_00027,1,piece,33.48,2026-05-23T10:00:00+07:00,material_consumption_00027_1,Tiêu hao thực tế đối chiếu với phiếu xuất.
production_order_2026_00027,rm_0054,issue_2026_00027,2,piece,36.27,2026-05-23T11:00:00+07:00,material_consumption_00027_2,Tiêu hao thực tế đối chiếu với phiếu xuất.
production_order_2026_00028,rm_0055,issue_2026_00028,1,piece,34.78,2026-05-24T10:00:00+07:00,material_consumption_00028_1,Tiêu hao thực tế đối chiếu với phiếu xuất.
production_order_2026_00028,rm_0056,issue_2026_00028,2,piece,37.6,2026-05-24T11:00:00+07:00,material_consumption_00028_2,Tiêu hao thực tế đối chiếu với phiếu xuất.
production_order_2026_00029,rm_0057,issue_2026_00029,1,piece,36.1,2026-06-04T10:00:00+07:00,material_consumption_00029_1,Tiêu hao thực tế đối chiếu với phiếu xuất.
production_order_2026_00029,rm_0058,issue_2026_00029,2,kg,38.95,2026-06-04T11:00:00+07:00,material_consumption_00029_2,Tiêu hao thực tế đối chiếu với phiếu xuất.
production_order_2026_00030,rm_0059,issue_2026_00030,1,piece,37.44,2026-06-05T10:00:00+07:00,material_consumption_00030_1,Tiêu hao thực tế đối chiếu với phiếu xuất.
production_order_2026_00030,rm_0060,issue_2026_00030,2,piece,40.32,2026-06-05T11:00:00+07:00,material_consumption_00030_2,Tiêu hao thực tế đối chiếu với phiếu xuất.
production_order_2026_00031,rm_0061,issue_2026_00031,1,piece,36.8,2026-07-09T10:00:00+07:00,material_consumption_00031_1,Tiêu hao thực tế đối chiếu với phiếu xuất.
production_order_2026_00031,rm_0062,issue_2026_00031,2,piece,39.56,2026-07-09T11:00:00+07:00,material_consumption_00031_2,Tiêu hao thực tế đối chiếu với phiếu xuất.
production_order_2026_00032,rm_0063,issue_2026_00032,1,piece,38.13,2026-07-10T10:00:00+07:00,material_consumption_00032_1,Tiêu hao thực tế đối chiếu với phiếu xuất.
production_order_2026_00032,rm_0064,issue_2026_00032,2,piece,40.92,2026-07-10T11:00:00+07:00,material_consumption_00032_2,Tiêu hao thực tế đối chiếu với phiếu xuất.
production_order_2026_00033,rm_0065,issue_2026_00033,1,litre,39.48,2026-08-10T10:00:00+07:00,material_consumption_00033_1,Tiêu hao thực tế đối chiếu với phiếu xuất.
production_order_2026_00033,rm_0066,issue_2026_00033,2,kg,42.3,2026-08-10T11:00:00+07:00,material_consumption_00033_2,Tiêu hao thực tế đối chiếu với phiếu xuất.
production_order_2026_00034,rm_0067,issue_2026_00034,1,kg,40.85,2026-08-11T10:00:00+07:00,material_consumption_00034_1,Tiêu hao thực tế đối chiếu với phiếu xuất.
production_order_2026_00034,rm_0068,issue_2026_00034,2,kg,43.7,2026-08-11T11:00:00+07:00,material_consumption_00034_2,Tiêu hao thực tế đối chiếu với phiếu xuất.
production_order_2026_00035,rm_0069,issue_2026_00035,1,kg,42.24,2026-09-15T10:00:00+07:00,material_consumption_00035_1,Tiêu hao thực tế đối chiếu với phiếu xuất.
production_order_2026_00035,rm_0070,issue_2026_00035,2,kg,45.12,2026-09-15T11:00:00+07:00,material_consumption_00035_2,Tiêu hao thực tế đối chiếu với phiếu xuất.
production_order_2026_00036,rm_0071,issue_2026_00036,1,kg,41.4,2026-09-16T10:00:00+07:00,material_consumption_00036_1,Tiêu hao thực tế đối chiếu với phiếu xuất.
production_order_2026_00036,rm_0072,issue_2026_00036,2,litre,44.16,2026-09-16T11:00:00+07:00,material_consumption_00036_2,Tiêu hao thực tế đối chiếu với phiếu xuất.
production_order_2026_00037,rm_0073,issue_2026_00037,1,kg,42.78,2026-01-16T10:00:00+07:00,material_consumption_00037_1,Tiêu hao thực tế đối chiếu với phiếu xuất.
production_order_2026_00037,rm_0074,issue_2026_00037,2,kg,45.57,2026-01-16T11:00:00+07:00,material_consumption_00037_2,Tiêu hao thực tế đối chiếu với phiếu xuất.
production_order_2026_00038,rm_0075,issue_2026_00038,1,kg,44.18,2026-01-17T10:00:00+07:00,material_consumption_00038_1,Tiêu hao thực tế đối chiếu với phiếu xuất.
production_order_2026_00038,rm_0076,issue_2026_00038,2,kg,9.4,2026-01-17T11:00:00+07:00,material_consumption_00038_2,Tiêu hao thực tế đối chiếu với phiếu xuất.
production_order_2026_00039,rm_0077,issue_2026_00039,1,litre,45.6,2026-02-21T10:00:00+07:00,material_consumption_00039_1,Tiêu hao thực tế đối chiếu với phiếu xuất.
production_order_2026_00039,rm_0078,issue_2026_00039,2,kg,10.45,2026-02-21T11:00:00+07:00,material_consumption_00039_2,Tiêu hao thực tế đối chiếu với phiếu xuất.
production_order_2026_00040,rm_0079,issue_2026_00040,1,kg,47.04,2026-02-22T10:00:00+07:00,material_consumption_00040_1,Tiêu hao thực tế đối chiếu với phiếu xuất.
production_order_2026_00040,rm_0080,issue_2026_00040,2,kg,11.52,2026-02-22T11:00:00+07:00,material_consumption_00040_2,Tiêu hao thực tế đối chiếu với phiếu xuất.
production_order_2026_00041,rm_0081,issue_2026_00041,1,kg,9.2,2026-03-02T10:00:00+07:00,material_consumption_00041_1,Tiêu hao thực tế đối chiếu với phiếu xuất.
production_order_2026_00041,rm_0082,issue_2026_00041,2,kg,11.96,2026-03-02T11:00:00+07:00,material_consumption_00041_2,Tiêu hao thực tế đối chiếu với phiếu xuất.
production_order_2026_00042,rm_0083,issue_2026_00042,1,kg,10.23,2026-03-03T10:00:00+07:00,material_consumption_00042_1,Tiêu hao thực tế đối chiếu với phiếu xuất.
production_order_2026_00042,rm_0084,issue_2026_00042,2,kg,13.02,2026-03-03T11:00:00+07:00,material_consumption_00042_2,Tiêu hao thực tế đối chiếu với phiếu xuất.
production_order_2026_00043,rm_0085,issue_2026_00043,1,kg,11.28,2026-04-07T10:00:00+07:00,material_consumption_00043_1,Tiêu hao thực tế đối chiếu với phiếu xuất.
production_order_2026_00043,rm_0086,issue_2026_00043,2,kg,14.1,2026-04-07T11:00:00+07:00,material_consumption_00043_2,Tiêu hao thực tế đối chiếu với phiếu xuất.
production_order_2026_00044,rm_0087,issue_2026_00044,1,kg,12.35,2026-04-08T10:00:00+07:00,material_consumption_00044_1,Tiêu hao thực tế đối chiếu với phiếu xuất.
production_order_2026_00044,rm_0088,issue_2026_00044,2,kg,15.2,2026-04-08T11:00:00+07:00,material_consumption_00044_2,Tiêu hao thực tế đối chiếu với phiếu xuất.
production_order_2026_00045,rm_0089,issue_2026_00045,1,kg,13.44,2026-05-08T10:00:00+07:00,material_consumption_00045_1,Tiêu hao thực tế đối chiếu với phiếu xuất.
production_order_2026_00045,rm_0090,issue_2026_00045,2,kg,16.32,2026-05-08T11:00:00+07:00,material_consumption_00045_2,Tiêu hao thực tế đối chiếu với phiếu xuất.
production_order_2026_00046,rm_0091,issue_2026_00046,1,kg,13.8,2026-05-09T10:00:00+07:00,material_consumption_00046_1,Tiêu hao thực tế đối chiếu với phiếu xuất.
production_order_2026_00046,rm_0092,issue_2026_00046,2,kg,16.56,2026-05-09T11:00:00+07:00,material_consumption_00046_2,Tiêu hao thực tế đối chiếu với phiếu xuất.
production_order_2026_00047,rm_0093,issue_2026_00047,1,kg,14.88,2026-06-13T10:00:00+07:00,material_consumption_00047_1,Tiêu hao thực tế đối chiếu với phiếu xuất.
production_order_2026_00047,rm_0094,issue_2026_00047,2,kg,17.67,2026-06-13T11:00:00+07:00,material_consumption_00047_2,Tiêu hao thực tế đối chiếu với phiếu xuất.
production_order_2026_00048,rm_0095,issue_2026_00048,1,kg,15.98,2026-06-14T10:00:00+07:00,material_consumption_00048_1,Tiêu hao thực tế đối chiếu với phiếu xuất.
production_order_2026_00048,rm_0096,issue_2026_00048,2,kg,18.8,2026-06-14T11:00:00+07:00,material_consumption_00048_2,Tiêu hao thực tế đối chiếu với phiếu xuất.
production_order_2026_00049,rm_0097,issue_2026_00049,1,litre,17.1,2026-07-14T10:00:00+07:00,material_consumption_00049_1,Tiêu hao thực tế đối chiếu với phiếu xuất.
production_order_2026_00049,rm_0098,issue_2026_00049,2,litre,19.95,2026-07-14T11:00:00+07:00,material_consumption_00049_2,Tiêu hao thực tế đối chiếu với phiếu xuất.
production_order_2026_00050,rm_0099,issue_2026_00050,1,litre,18.24,2026-07-15T10:00:00+07:00,material_consumption_00050_1,Tiêu hao thực tế đối chiếu với phiếu xuất.
production_order_2026_00050,rm_0100,issue_2026_00050,2,litre,21.12,2026-07-15T11:00:00+07:00,material_consumption_00050_2,Tiêu hao thực tế đối chiếu với phiếu xuất.
production_order_2026_00051,rm_0101,issue_2026_00051,1,litre,18.4,2026-08-19T10:00:00+07:00,material_consumption_00051_1,Tiêu hao thực tế đối chiếu với phiếu xuất.
production_order_2026_00051,rm_0102,issue_2026_00051,2,litre,21.16,2026-08-19T11:00:00+07:00,material_consumption_00051_2,Tiêu hao thực tế đối chiếu với phiếu xuất.
production_order_2026_00052,rm_0103,issue_2026_00052,1,kg,19.53,2026-08-20T10:00:00+07:00,material_consumption_00052_1,Tiêu hao thực tế đối chiếu với phiếu xuất.
production_order_2026_00052,rm_0104,issue_2026_00052,2,kg,22.32,2026-08-20T11:00:00+07:00,material_consumption_00052_2,Tiêu hao thực tế đối chiếu với phiếu xuất.
production_order_2026_00053,rm_0105,issue_2026_00053,1,kg,20.68,2026-09-20T10:00:00+07:00,material_consumption_00053_1,Tiêu hao thực tế đối chiếu với phiếu xuất.
production_order_2026_00053,rm_0106,issue_2026_00053,2,kg,23.5,2026-09-20T11:00:00+07:00,material_consumption_00053_2,Tiêu hao thực tế đối chiếu với phiếu xuất.
production_order_2026_00054,rm_0107,issue_2026_00054,1,kg,21.85,2026-09-21T10:00:00+07:00,material_consumption_00054_1,Tiêu hao thực tế đối chiếu với phiếu xuất.
production_order_2026_00054,rm_0108,issue_2026_00054,2,kg,24.7,2026-09-21T11:00:00+07:00,material_consumption_00054_2,Tiêu hao thực tế đối chiếu với phiếu xuất.
production_order_2026_00055,rm_0109,issue_2026_00055,1,kg,23.04,2026-01-05T10:00:00+07:00,material_consumption_00055_1,Tiêu hao thực tế đối chiếu với phiếu xuất.
production_order_2026_00055,rm_0110,issue_2026_00055,2,kg,25.92,2026-01-05T11:00:00+07:00,material_consumption_00055_2,Tiêu hao thực tế đối chiếu với phiếu xuất.
production_order_2026_00056,rm_0111,issue_2026_00056,1,kg,23.0,2026-01-06T10:00:00+07:00,material_consumption_00056_1,Tiêu hao thực tế đối chiếu với phiếu xuất.
production_order_2026_00056,rm_0112,issue_2026_00056,2,kg,25.76,2026-01-06T11:00:00+07:00,material_consumption_00056_2,Tiêu hao thực tế đối chiếu với phiếu xuất.
production_order_2026_00057,rm_0113,issue_2026_00057,1,piece,24.18,2026-02-06T10:00:00+07:00,material_consumption_00057_1,Tiêu hao thực tế đối chiếu với phiếu xuất.
production_order_2026_00057,rm_0114,issue_2026_00057,2,piece,26.97,2026-02-06T11:00:00+07:00,material_consumption_00057_2,Tiêu hao thực tế đối chiếu với phiếu xuất.
production_order_2026_00058,rm_0115,issue_2026_00058,1,piece,25.38,2026-02-07T10:00:00+07:00,material_consumption_00058_1,Tiêu hao thực tế đối chiếu với phiếu xuất.
production_order_2026_00058,rm_0116,issue_2026_00058,2,piece,28.2,2026-02-07T11:00:00+07:00,material_consumption_00058_2,Tiêu hao thực tế đối chiếu với phiếu xuất.
production_order_2026_00059,rm_0117,issue_2026_00059,1,piece,26.6,2026-03-11T10:00:00+07:00,material_consumption_00059_1,Tiêu hao thực tế đối chiếu với phiếu xuất.
production_order_2026_00059,rm_0118,issue_2026_00059,2,piece,29.45,2026-03-11T11:00:00+07:00,material_consumption_00059_2,Tiêu hao thực tế đối chiếu với phiếu xuất.
production_order_2026_00060,rm_0119,issue_2026_00060,1,piece,27.84,2026-03-12T10:00:00+07:00,material_consumption_00060_1,Tiêu hao thực tế đối chiếu với phiếu xuất.
production_order_2026_00060,rm_0120,issue_2026_00060,2,piece,30.72,2026-03-12T11:00:00+07:00,material_consumption_00060_2,Tiêu hao thực tế đối chiếu với phiếu xuất.
production_order_2026_00061,rm_0121,issue_2026_00061,1,piece,27.6,2026-04-12T10:00:00+07:00,material_consumption_00061_1,Tiêu hao thực tế đối chiếu với phiếu xuất.
production_order_2026_00061,rm_0122,issue_2026_00061,2,kg,30.36,2026-04-12T11:00:00+07:00,material_consumption_00061_2,Tiêu hao thực tế đối chiếu với phiếu xuất.
production_order_2026_00062,rm_0123,issue_2026_00062,1,piece,28.83,2026-04-13T10:00:00+07:00,material_consumption_00062_1,Tiêu hao thực tế đối chiếu với phiếu xuất.
production_order_2026_00062,rm_0124,issue_2026_00062,2,piece,31.62,2026-04-13T11:00:00+07:00,material_consumption_00062_2,Tiêu hao thực tế đối chiếu với phiếu xuất.
production_order_2026_00063,rm_0125,issue_2026_00063,1,piece,30.08,2026-05-17T10:00:00+07:00,material_consumption_00063_1,Tiêu hao thực tế đối chiếu với phiếu xuất.
production_order_2026_00063,rm_0126,issue_2026_00063,2,piece,32.9,2026-05-17T11:00:00+07:00,material_consumption_00063_2,Tiêu hao thực tế đối chiếu với phiếu xuất.
production_order_2026_00064,rm_0127,issue_2026_00064,1,piece,31.35,2026-05-18T10:00:00+07:00,material_consumption_00064_1,Tiêu hao thực tế đối chiếu với phiếu xuất.
production_order_2026_00064,rm_0128,issue_2026_00064,2,piece,34.2,2026-05-18T11:00:00+07:00,material_consumption_00064_2,Tiêu hao thực tế đối chiếu với phiếu xuất.
production_order_2026_00065,rm_0129,issue_2026_00065,1,litre,32.64,2026-06-18T10:00:00+07:00,material_consumption_00065_1,Tiêu hao thực tế đối chiếu với phiếu xuất.
production_order_2026_00065,rm_0130,issue_2026_00065,2,kg,35.52,2026-06-18T11:00:00+07:00,material_consumption_00065_2,Tiêu hao thực tế đối chiếu với phiếu xuất.
production_order_2026_00066,rm_0131,issue_2026_00066,1,kg,32.2,2026-06-19T10:00:00+07:00,material_consumption_00066_1,Tiêu hao thực tế đối chiếu với phiếu xuất.
production_order_2026_00066,rm_0132,issue_2026_00066,2,kg,34.96,2026-06-19T11:00:00+07:00,material_consumption_00066_2,Tiêu hao thực tế đối chiếu với phiếu xuất.
production_order_2026_00067,rm_0133,issue_2026_00067,1,kg,33.48,2026-07-23T10:00:00+07:00,material_consumption_00067_1,Tiêu hao thực tế đối chiếu với phiếu xuất.
production_order_2026_00067,rm_0134,issue_2026_00067,2,kg,36.27,2026-07-23T11:00:00+07:00,material_consumption_00067_2,Tiêu hao thực tế đối chiếu với phiếu xuất.
production_order_2026_00068,rm_0135,issue_2026_00068,1,kg,34.78,2026-07-24T10:00:00+07:00,material_consumption_00068_1,Tiêu hao thực tế đối chiếu với phiếu xuất.
production_order_2026_00068,rm_0136,issue_2026_00068,2,litre,37.6,2026-07-24T11:00:00+07:00,material_consumption_00068_2,Tiêu hao thực tế đối chiếu với phiếu xuất.
production_order_2026_00069,rm_0137,issue_2026_00069,1,kg,36.1,2026-08-04T10:00:00+07:00,material_consumption_00069_1,Tiêu hao thực tế đối chiếu với phiếu xuất.
production_order_2026_00069,rm_0138,issue_2026_00069,2,kg,38.95,2026-08-04T11:00:00+07:00,material_consumption_00069_2,Tiêu hao thực tế đối chiếu với phiếu xuất.
production_order_2026_00070,rm_0139,issue_2026_00070,1,kg,37.44,2026-08-05T10:00:00+07:00,material_consumption_00070_1,Tiêu hao thực tế đối chiếu với phiếu xuất.
production_order_2026_00070,rm_0140,issue_2026_00070,2,kg,40.32,2026-08-05T11:00:00+07:00,material_consumption_00070_2,Tiêu hao thực tế đối chiếu với phiếu xuất.
production_order_2026_00071,rm_0141,issue_2026_00071,1,litre,36.8,2026-09-09T10:00:00+07:00,material_consumption_00071_1,Tiêu hao thực tế đối chiếu với phiếu xuất.
production_order_2026_00071,rm_0142,issue_2026_00071,2,kg,39.56,2026-09-09T11:00:00+07:00,material_consumption_00071_2,Tiêu hao thực tế đối chiếu với phiếu xuất.
production_order_2026_00072,rm_0143,issue_2026_00072,1,kg,38.13,2026-09-10T10:00:00+07:00,material_consumption_00072_1,Tiêu hao thực tế đối chiếu với phiếu xuất.
production_order_2026_00072,rm_0144,issue_2026_00072,2,kg,40.92,2026-09-10T11:00:00+07:00,material_consumption_00072_2,Tiêu hao thực tế đối chiếu với phiếu xuất.
production_order_2026_00073,rm_0145,issue_2026_00073,1,kg,39.48,2026-01-10T10:00:00+07:00,material_consumption_00073_1,Tiêu hao thực tế đối chiếu với phiếu xuất.
production_order_2026_00073,rm_0146,issue_2026_00073,2,kg,42.3,2026-01-10T11:00:00+07:00,material_consumption_00073_2,Tiêu hao thực tế đối chiếu với phiếu xuất.
production_order_2026_00074,rm_0147,issue_2026_00074,1,kg,40.85,2026-01-11T10:00:00+07:00,material_consumption_00074_1,Tiêu hao thực tế đối chiếu với phiếu xuất.
production_order_2026_00074,rm_0148,issue_2026_00074,2,kg,43.7,2026-01-11T11:00:00+07:00,material_consumption_00074_2,Tiêu hao thực tế đối chiếu với phiếu xuất.
production_order_2026_00075,rm_0149,issue_2026_00075,1,kg,42.24,2026-02-15T10:00:00+07:00,material_consumption_00075_1,Tiêu hao thực tế đối chiếu với phiếu xuất.
production_order_2026_00075,rm_0150,issue_2026_00075,2,kg,45.12,2026-02-15T11:00:00+07:00,material_consumption_00075_2,Tiêu hao thực tế đối chiếu với phiếu xuất.
production_order_2026_00076,rm_0151,issue_2026_00076,1,kg,41.4,2026-02-16T10:00:00+07:00,material_consumption_00076_1,Tiêu hao thực tế đối chiếu với phiếu xuất.
production_order_2026_00076,rm_0152,issue_2026_00076,2,kg,44.16,2026-02-16T11:00:00+07:00,material_consumption_00076_2,Tiêu hao thực tế đối chiếu với phiếu xuất.
production_order_2026_00077,rm_0153,issue_2026_00077,1,kg,42.78,2026-03-16T10:00:00+07:00,material_consumption_00077_1,Tiêu hao thực tế đối chiếu với phiếu xuất.
production_order_2026_00077,rm_0154,issue_2026_00077,2,kg,45.57,2026-03-16T11:00:00+07:00,material_consumption_00077_2,Tiêu hao thực tế đối chiếu với phiếu xuất.
production_order_2026_00078,rm_0155,issue_2026_00078,1,kg,44.18,2026-03-17T10:00:00+07:00,material_consumption_00078_1,Tiêu hao thực tế đối chiếu với phiếu xuất.
production_order_2026_00078,rm_0156,issue_2026_00078,2,kg,9.4,2026-03-17T11:00:00+07:00,material_consumption_00078_2,Tiêu hao thực tế đối chiếu với phiếu xuất.
production_order_2026_00079,rm_0157,issue_2026_00079,1,kg,45.6,2026-04-21T10:00:00+07:00,material_consumption_00079_1,Tiêu hao thực tế đối chiếu với phiếu xuất.
production_order_2026_00079,rm_0158,issue_2026_00079,2,kg,10.45,2026-04-21T11:00:00+07:00,material_consumption_00079_2,Tiêu hao thực tế đối chiếu với phiếu xuất.
production_order_2026_00080,rm_0159,issue_2026_00080,1,kg,47.04,2026-04-22T10:00:00+07:00,material_consumption_00080_1,Tiêu hao thực tế đối chiếu với phiếu xuất.
production_order_2026_00080,rm_0160,issue_2026_00080,2,kg,11.52,2026-04-22T11:00:00+07:00,material_consumption_00080_2,Tiêu hao thực tế đối chiếu với phiếu xuất.
production_order_2026_00081,rm_0161,issue_2026_00081,1,litre,9.2,2026-05-02T10:00:00+07:00,material_consumption_00081_1,Tiêu hao thực tế đối chiếu với phiếu xuất.
production_order_2026_00081,rm_0162,issue_2026_00081,2,litre,11.96,2026-05-02T11:00:00+07:00,material_consumption_00081_2,Tiêu hao thực tế đối chiếu với phiếu xuất.
production_order_2026_00082,rm_0163,issue_2026_00082,1,litre,10.23,2026-05-03T10:00:00+07:00,material_consumption_00082_1,Tiêu hao thực tế đối chiếu với phiếu xuất.
production_order_2026_00082,rm_0164,issue_2026_00082,2,litre,13.02,2026-05-03T11:00:00+07:00,material_consumption_00082_2,Tiêu hao thực tế đối chiếu với phiếu xuất.
production_order_2026_00083,rm_0165,issue_2026_00083,1,litre,11.28,2026-06-07T10:00:00+07:00,material_consumption_00083_1,Tiêu hao thực tế đối chiếu với phiếu xuất.
production_order_2026_00083,rm_0166,issue_2026_00083,2,litre,14.1,2026-06-07T11:00:00+07:00,material_consumption_00083_2,Tiêu hao thực tế đối chiếu với phiếu xuất.
production_order_2026_00084,rm_0167,issue_2026_00084,1,kg,12.35,2026-06-08T10:00:00+07:00,material_consumption_00084_1,Tiêu hao thực tế đối chiếu với phiếu xuất.
production_order_2026_00084,rm_0168,issue_2026_00084,2,kg,15.2,2026-06-08T11:00:00+07:00,material_consumption_00084_2,Tiêu hao thực tế đối chiếu với phiếu xuất.
production_order_2026_00085,rm_0169,issue_2026_00085,1,kg,13.44,2026-07-08T10:00:00+07:00,material_consumption_00085_1,Tiêu hao thực tế đối chiếu với phiếu xuất.
production_order_2026_00085,rm_0170,issue_2026_00085,2,kg,16.32,2026-07-08T11:00:00+07:00,material_consumption_00085_2,Tiêu hao thực tế đối chiếu với phiếu xuất.
production_order_2026_00086,rm_0171,issue_2026_00086,1,kg,13.8,2026-07-09T10:00:00+07:00,material_consumption_00086_1,Tiêu hao thực tế đối chiếu với phiếu xuất.
production_order_2026_00086,rm_0172,issue_2026_00086,2,kg,16.56,2026-07-09T11:00:00+07:00,material_consumption_00086_2,Tiêu hao thực tế đối chiếu với phiếu xuất.
production_order_2026_00087,rm_0173,issue_2026_00087,1,kg,14.88,2026-08-13T10:00:00+07:00,material_consumption_00087_1,Tiêu hao thực tế đối chiếu với phiếu xuất.
production_order_2026_00087,rm_0174,issue_2026_00087,2,kg,17.67,2026-08-13T11:00:00+07:00,material_consumption_00087_2,Tiêu hao thực tế đối chiếu với phiếu xuất.
production_order_2026_00088,rm_0175,issue_2026_00088,1,kg,15.98,2026-08-14T10:00:00+07:00,material_consumption_00088_1,Tiêu hao thực tế đối chiếu với phiếu xuất.
production_order_2026_00088,rm_0176,issue_2026_00088,2,kg,18.8,2026-08-14T11:00:00+07:00,material_consumption_00088_2,Tiêu hao thực tế đối chiếu với phiếu xuất.
production_order_2026_00089,rm_0177,issue_2026_00089,1,piece,17.1,2026-09-14T10:00:00+07:00,material_consumption_00089_1,Tiêu hao thực tế đối chiếu với phiếu xuất.
production_order_2026_00089,rm_0178,issue_2026_00089,2,piece,19.95,2026-09-14T11:00:00+07:00,material_consumption_00089_2,Tiêu hao thực tế đối chiếu với phiếu xuất.
production_order_2026_00090,rm_0179,issue_2026_00090,1,piece,18.24,2026-09-15T10:00:00+07:00,material_consumption_00090_1,Tiêu hao thực tế đối chiếu với phiếu xuất.
production_order_2026_00090,rm_0180,issue_2026_00090,2,piece,21.12,2026-09-15T11:00:00+07:00,material_consumption_00090_2,Tiêu hao thực tế đối chiếu với phiếu xuất.
production_order_2026_00091,rm_0181,issue_2026_00091,1,piece,18.4,2026-01-19T10:00:00+07:00,material_consumption_00091_1,Tiêu hao thực tế đối chiếu với phiếu xuất.
production_order_2026_00091,rm_0182,issue_2026_00091,2,piece,21.16,2026-01-19T11:00:00+07:00,material_consumption_00091_2,Tiêu hao thực tế đối chiếu với phiếu xuất.
production_order_2026_00092,rm_0183,issue_2026_00092,1,piece,19.53,2026-01-20T10:00:00+07:00,material_consumption_00092_1,Tiêu hao thực tế đối chiếu với phiếu xuất.
production_order_2026_00092,rm_0184,issue_2026_00092,2,piece,22.32,2026-01-20T11:00:00+07:00,material_consumption_00092_2,Tiêu hao thực tế đối chiếu với phiếu xuất.
production_order_2026_00093,rm_0185,issue_2026_00093,1,piece,20.68,2026-02-20T10:00:00+07:00,material_consumption_00093_1,Tiêu hao thực tế đối chiếu với phiếu xuất.
production_order_2026_00093,rm_0186,issue_2026_00093,2,kg,23.5,2026-02-20T11:00:00+07:00,material_consumption_00093_2,Tiêu hao thực tế đối chiếu với phiếu xuất.
production_order_2026_00094,rm_0187,issue_2026_00094,1,piece,21.85,2026-02-21T10:00:00+07:00,material_consumption_00094_1,Tiêu hao thực tế đối chiếu với phiếu xuất.
production_order_2026_00094,rm_0188,issue_2026_00094,2,piece,24.7,2026-02-21T11:00:00+07:00,material_consumption_00094_2,Tiêu hao thực tế đối chiếu với phiếu xuất.
production_order_2026_00095,rm_0189,issue_2026_00095,1,piece,23.04,2026-03-05T10:00:00+07:00,material_consumption_00095_1,Tiêu hao thực tế đối chiếu với phiếu xuất.
production_order_2026_00095,rm_0190,issue_2026_00095,2,piece,25.92,2026-03-05T11:00:00+07:00,material_consumption_00095_2,Tiêu hao thực tế đối chiếu với phiếu xuất.
production_order_2026_00096,rm_0191,issue_2026_00096,1,piece,23.0,2026-03-06T10:00:00+07:00,material_consumption_00096_1,Tiêu hao thực tế đối chiếu với phiếu xuất.
production_order_2026_00096,rm_0192,issue_2026_00096,2,piece,25.76,2026-03-06T11:00:00+07:00,material_consumption_00096_2,Tiêu hao thực tế đối chiếu với phiếu xuất.
production_order_2026_00097,rm_0193,issue_2026_00097,1,litre,24.18,2026-04-06T10:00:00+07:00,material_consumption_00097_1,Tiêu hao thực tế đối chiếu với phiếu xuất.
production_order_2026_00097,rm_0194,issue_2026_00097,2,kg,26.97,2026-04-06T11:00:00+07:00,material_consumption_00097_2,Tiêu hao thực tế đối chiếu với phiếu xuất.
production_order_2026_00098,rm_0195,issue_2026_00098,1,kg,25.38,2026-04-07T10:00:00+07:00,material_consumption_00098_1,Tiêu hao thực tế đối chiếu với phiếu xuất.
production_order_2026_00098,rm_0196,issue_2026_00098,2,kg,28.2,2026-04-07T11:00:00+07:00,material_consumption_00098_2,Tiêu hao thực tế đối chiếu với phiếu xuất.
production_order_2026_00099,rm_0197,issue_2026_00099,1,kg,26.6,2026-05-11T10:00:00+07:00,material_consumption_00099_1,Tiêu hao thực tế đối chiếu với phiếu xuất.
production_order_2026_00099,rm_0198,issue_2026_00099,2,kg,29.45,2026-05-11T11:00:00+07:00,material_consumption_00099_2,Tiêu hao thực tế đối chiếu với phiếu xuất.
production_order_2026_00100,rm_0199,issue_2026_00100,1,kg,27.84,2026-05-12T10:00:00+07:00,material_consumption_00100_1,Tiêu hao thực tế đối chiếu với phiếu xuất.
production_order_2026_00100,rm_0200,issue_2026_00100,2,litre,30.72,2026-05-12T11:00:00+07:00,material_consumption_00100_2,Tiêu hao thực tế đối chiếu với phiếu xuất.
production_order_2026_00101,rm_0201,issue_2026_00101,1,kg,27.6,2026-06-12T10:00:00+07:00,material_consumption_00101_1,Tiêu hao thực tế đối chiếu với phiếu xuất.
production_order_2026_00101,rm_0202,issue_2026_00101,2,kg,30.36,2026-06-12T11:00:00+07:00,material_consumption_00101_2,Tiêu hao thực tế đối chiếu với phiếu xuất.
production_order_2026_00102,rm_0203,issue_2026_00102,1,kg,28.83,2026-06-13T10:00:00+07:00,material_consumption_00102_1,Tiêu hao thực tế đối chiếu với phiếu xuất.
production_order_2026_00102,rm_0204,issue_2026_00102,2,kg,31.62,2026-06-13T11:00:00+07:00,material_consumption_00102_2,Tiêu hao thực tế đối chiếu với phiếu xuất.
production_order_2026_00103,rm_0205,issue_2026_00103,1,litre,30.08,2026-07-17T10:00:00+07:00,material_consumption_00103_1,Tiêu hao thực tế đối chiếu với phiếu xuất.
production_order_2026_00103,rm_0206,issue_2026_00103,2,kg,32.9,2026-07-17T11:00:00+07:00,material_consumption_00103_2,Tiêu hao thực tế đối chiếu với phiếu xuất.
production_order_2026_00104,rm_0207,issue_2026_00104,1,kg,31.35,2026-07-18T10:00:00+07:00,material_consumption_00104_1,Tiêu hao thực tế đối chiếu với phiếu xuất.
production_order_2026_00104,rm_0208,issue_2026_00104,2,kg,34.2,2026-07-18T11:00:00+07:00,material_consumption_00104_2,Tiêu hao thực tế đối chiếu với phiếu xuất.
production_order_2026_00105,rm_0209,issue_2026_00105,1,kg,32.64,2026-08-18T10:00:00+07:00,material_consumption_00105_1,Tiêu hao thực tế đối chiếu với phiếu xuất.
production_order_2026_00105,rm_0210,issue_2026_00105,2,kg,35.52,2026-08-18T11:00:00+07:00,material_consumption_00105_2,Tiêu hao thực tế đối chiếu với phiếu xuất.
production_order_2026_00106,rm_0211,issue_2026_00106,1,kg,32.2,2026-08-19T10:00:00+07:00,material_consumption_00106_1,Tiêu hao thực tế đối chiếu với phiếu xuất.
production_order_2026_00106,rm_0212,issue_2026_00106,2,kg,34.96,2026-08-19T11:00:00+07:00,material_consumption_00106_2,Tiêu hao thực tế đối chiếu với phiếu xuất.
production_order_2026_00107,rm_0213,issue_2026_00107,1,kg,33.48,2026-09-23T10:00:00+07:00,material_consumption_00107_1,Tiêu hao thực tế đối chiếu với phiếu xuất.
production_order_2026_00107,rm_0214,issue_2026_00107,2,kg,36.27,2026-09-23T11:00:00+07:00,material_consumption_00107_2,Tiêu hao thực tế đối chiếu với phiếu xuất.
production_order_2026_00108,rm_0215,issue_2026_00108,1,kg,34.78,2026-09-24T10:00:00+07:00,material_consumption_00108_1,Tiêu hao thực tế đối chiếu với phiếu xuất.
production_order_2026_00108,rm_0216,issue_2026_00108,2,kg,37.6,2026-09-24T11:00:00+07:00,material_consumption_00108_2,Tiêu hao thực tế đối chiếu với phiếu xuất.
production_order_2026_00109,rm_0217,issue_2026_00109,1,kg,36.1,2026-01-04T10:00:00+07:00,material_consumption_00109_1,Tiêu hao thực tế đối chiếu với phiếu xuất.
production_order_2026_00109,rm_0218,issue_2026_00109,2,kg,38.95,2026-01-04T11:00:00+07:00,material_consumption_00109_2,Tiêu hao thực tế đối chiếu với phiếu xuất.
production_order_2026_00110,rm_0219,issue_2026_00110,1,kg,37.44,2026-01-05T10:00:00+07:00,material_consumption_00110_1,Tiêu hao thực tế đối chiếu với phiếu xuất.
production_order_2026_00110,rm_0220,issue_2026_00110,2,kg,40.32,2026-01-05T11:00:00+07:00,material_consumption_00110_2,Tiêu hao thực tế đối chiếu với phiếu xuất.
production_order_2026_00111,rm_0221,issue_2026_00111,1,kg,36.8,2026-02-09T10:00:00+07:00,material_consumption_00111_1,Tiêu hao thực tế đối chiếu với phiếu xuất.
production_order_2026_00111,rm_0222,issue_2026_00111,2,kg,39.56,2026-02-09T11:00:00+07:00,material_consumption_00111_2,Tiêu hao thực tế đối chiếu với phiếu xuất.
production_order_2026_00112,rm_0223,issue_2026_00112,1,kg,38.13,2026-02-10T10:00:00+07:00,material_consumption_00112_1,Tiêu hao thực tế đối chiếu với phiếu xuất.
production_order_2026_00112,rm_0224,issue_2026_00112,2,kg,40.92,2026-02-10T11:00:00+07:00,material_consumption_00112_2,Tiêu hao thực tế đối chiếu với phiếu xuất.
production_order_2026_00113,rm_0225,issue_2026_00113,1,litre,39.48,2026-03-10T10:00:00+07:00,material_consumption_00113_1,Tiêu hao thực tế đối chiếu với phiếu xuất.
production_order_2026_00113,rm_0226,issue_2026_00113,2,litre,42.3,2026-03-10T11:00:00+07:00,material_consumption_00113_2,Tiêu hao thực tế đối chiếu với phiếu xuất.
production_order_2026_00114,rm_0227,issue_2026_00114,1,litre,40.85,2026-03-11T10:00:00+07:00,material_consumption_00114_1,Tiêu hao thực tế đối chiếu với phiếu xuất.
production_order_2026_00114,rm_0228,issue_2026_00114,2,litre,43.7,2026-03-11T11:00:00+07:00,material_consumption_00114_2,Tiêu hao thực tế đối chiếu với phiếu xuất.
production_order_2026_00115,rm_0229,issue_2026_00115,1,litre,42.24,2026-04-15T10:00:00+07:00,material_consumption_00115_1,Tiêu hao thực tế đối chiếu với phiếu xuất.
production_order_2026_00115,rm_0230,issue_2026_00115,2,litre,45.12,2026-04-15T11:00:00+07:00,material_consumption_00115_2,Tiêu hao thực tế đối chiếu với phiếu xuất.
production_order_2026_00116,rm_0231,issue_2026_00116,1,kg,41.4,2026-04-16T10:00:00+07:00,material_consumption_00116_1,Tiêu hao thực tế đối chiếu với phiếu xuất.
production_order_2026_00116,rm_0232,issue_2026_00116,2,kg,44.16,2026-04-16T11:00:00+07:00,material_consumption_00116_2,Tiêu hao thực tế đối chiếu với phiếu xuất.
production_order_2026_00117,rm_0233,issue_2026_00117,1,kg,42.78,2026-05-16T10:00:00+07:00,material_consumption_00117_1,Tiêu hao thực tế đối chiếu với phiếu xuất.
production_order_2026_00117,rm_0234,issue_2026_00117,2,kg,45.57,2026-05-16T11:00:00+07:00,material_consumption_00117_2,Tiêu hao thực tế đối chiếu với phiếu xuất.
production_order_2026_00118,rm_0235,issue_2026_00118,1,kg,44.18,2026-05-17T10:00:00+07:00,material_consumption_00118_1,Tiêu hao thực tế đối chiếu với phiếu xuất.
production_order_2026_00118,rm_0236,issue_2026_00118,2,kg,9.4,2026-05-17T11:00:00+07:00,material_consumption_00118_2,Tiêu hao thực tế đối chiếu với phiếu xuất.
production_order_2026_00119,rm_0237,issue_2026_00119,1,kg,45.6,2026-06-21T10:00:00+07:00,material_consumption_00119_1,Tiêu hao thực tế đối chiếu với phiếu xuất.
production_order_2026_00119,rm_0238,issue_2026_00119,2,kg,10.45,2026-06-21T11:00:00+07:00,material_consumption_00119_2,Tiêu hao thực tế đối chiếu với phiếu xuất.
production_order_2026_00120,rm_0239,issue_2026_00120,1,kg,47.04,2026-06-22T10:00:00+07:00,material_consumption_00120_1,Tiêu hao thực tế đối chiếu với phiếu xuất.
production_order_2026_00120,rm_0240,issue_2026_00120,2,kg,11.52,2026-06-22T11:00:00+07:00,material_consumption_00120_2,Tiêu hao thực tế đối chiếu với phiếu xuất.
production_order_2026_00121,rm_0241,issue_2026_00121,1,piece,9.2,2026-07-02T10:00:00+07:00,material_consumption_00121_1,Tiêu hao thực tế đối chiếu với phiếu xuất.
production_order_2026_00121,rm_0242,issue_2026_00121,2,piece,11.96,2026-07-02T11:00:00+07:00,material_consumption_00121_2,Tiêu hao thực tế đối chiếu với phiếu xuất.
production_order_2026_00122,rm_0243,issue_2026_00122,1,piece,10.23,2026-07-03T10:00:00+07:00,material_consumption_00122_1,Tiêu hao thực tế đối chiếu với phiếu xuất.
production_order_2026_00122,rm_0244,issue_2026_00122,2,piece,13.02,2026-07-03T11:00:00+07:00,material_consumption_00122_2,Tiêu hao thực tế đối chiếu với phiếu xuất.
production_order_2026_00123,rm_0245,issue_2026_00123,1,piece,11.28,2026-08-07T10:00:00+07:00,material_consumption_00123_1,Tiêu hao thực tế đối chiếu với phiếu xuất.
production_order_2026_00123,rm_0246,issue_2026_00123,2,piece,14.1,2026-08-07T11:00:00+07:00,material_consumption_00123_2,Tiêu hao thực tế đối chiếu với phiếu xuất.
production_order_2026_00124,rm_0247,issue_2026_00124,1,piece,12.35,2026-08-08T10:00:00+07:00,material_consumption_00124_1,Tiêu hao thực tế đối chiếu với phiếu xuất.
production_order_2026_00124,rm_0248,issue_2026_00124,2,piece,15.2,2026-08-08T11:00:00+07:00,material_consumption_00124_2,Tiêu hao thực tế đối chiếu với phiếu xuất.
production_order_2026_00125,rm_0249,issue_2026_00125,1,piece,13.44,2026-09-08T10:00:00+07:00,material_consumption_00125_1,Tiêu hao thực tế đối chiếu với phiếu xuất.
production_order_2026_00125,rm_0250,issue_2026_00125,2,kg,16.32,2026-09-08T11:00:00+07:00,material_consumption_00125_2,Tiêu hao thực tế đối chiếu với phiếu xuất.
production_order_2026_00126,rm_0251,issue_2026_00126,1,piece,13.8,2026-09-09T10:00:00+07:00,material_consumption_00126_1,Tiêu hao thực tế đối chiếu với phiếu xuất.
production_order_2026_00126,rm_0252,issue_2026_00126,2,piece,16.56,2026-09-09T11:00:00+07:00,material_consumption_00126_2,Tiêu hao thực tế đối chiếu với phiếu xuất.
production_order_2026_00127,rm_0253,issue_2026_00127,1,piece,14.88,2026-01-13T10:00:00+07:00,material_consumption_00127_1,Tiêu hao thực tế đối chiếu với phiếu xuất.
production_order_2026_00127,rm_0254,issue_2026_00127,2,piece,17.67,2026-01-13T11:00:00+07:00,material_consumption_00127_2,Tiêu hao thực tế đối chiếu với phiếu xuất.
production_order_2026_00128,rm_0255,issue_2026_00128,1,piece,15.98,2026-01-14T10:00:00+07:00,material_consumption_00128_1,Tiêu hao thực tế đối chiếu với phiếu xuất.
production_order_2026_00128,rm_0256,issue_2026_00128,2,piece,18.8,2026-01-14T11:00:00+07:00,material_consumption_00128_2,Tiêu hao thực tế đối chiếu với phiếu xuất.
production_order_2026_00129,rm_0257,issue_2026_00129,1,litre,17.1,2026-02-14T10:00:00+07:00,material_consumption_00129_1,Tiêu hao thực tế đối chiếu với phiếu xuất.
production_order_2026_00129,rm_0258,issue_2026_00129,2,kg,19.95,2026-02-14T11:00:00+07:00,material_consumption_00129_2,Tiêu hao thực tế đối chiếu với phiếu xuất.
production_order_2026_00130,rm_0259,issue_2026_00130,1,kg,18.24,2026-02-15T10:00:00+07:00,material_consumption_00130_1,Tiêu hao thực tế đối chiếu với phiếu xuất.
production_order_2026_00130,rm_0260,issue_2026_00130,2,kg,21.12,2026-02-15T11:00:00+07:00,material_consumption_00130_2,Tiêu hao thực tế đối chiếu với phiếu xuất.
production_order_2026_00131,rm_0261,issue_2026_00131,1,kg,18.4,2026-03-19T10:00:00+07:00,material_consumption_00131_1,Tiêu hao thực tế đối chiếu với phiếu xuất.
production_order_2026_00131,rm_0262,issue_2026_00131,2,kg,21.16,2026-03-19T11:00:00+07:00,material_consumption_00131_2,Tiêu hao thực tế đối chiếu với phiếu xuất.
production_order_2026_00132,rm_0263,issue_2026_00132,1,kg,19.53,2026-03-20T10:00:00+07:00,material_consumption_00132_1,Tiêu hao thực tế đối chiếu với phiếu xuất.
production_order_2026_00132,rm_0264,issue_2026_00132,2,litre,22.32,2026-03-20T11:00:00+07:00,material_consumption_00132_2,Tiêu hao thực tế đối chiếu với phiếu xuất.
production_order_2026_00133,rm_0265,issue_2026_00133,1,kg,20.68,2026-04-20T10:00:00+07:00,material_consumption_00133_1,Tiêu hao thực tế đối chiếu với phiếu xuất.
production_order_2026_00133,rm_0266,issue_2026_00133,2,kg,23.5,2026-04-20T11:00:00+07:00,material_consumption_00133_2,Tiêu hao thực tế đối chiếu với phiếu xuất.
production_order_2026_00134,rm_0267,issue_2026_00134,1,kg,21.85,2026-04-21T10:00:00+07:00,material_consumption_00134_1,Tiêu hao thực tế đối chiếu với phiếu xuất.
production_order_2026_00134,rm_0268,issue_2026_00134,2,kg,24.7,2026-04-21T11:00:00+07:00,material_consumption_00134_2,Tiêu hao thực tế đối chiếu với phiếu xuất.
production_order_2026_00135,rm_0269,issue_2026_00135,1,litre,23.04,2026-05-05T10:00:00+07:00,material_consumption_00135_1,Tiêu hao thực tế đối chiếu với phiếu xuất.
production_order_2026_00135,rm_0270,issue_2026_00135,2,kg,25.92,2026-05-05T11:00:00+07:00,material_consumption_00135_2,Tiêu hao thực tế đối chiếu với phiếu xuất.
production_order_2026_00136,rm_0271,issue_2026_00136,1,kg,23.0,2026-05-06T10:00:00+07:00,material_consumption_00136_1,Tiêu hao thực tế đối chiếu với phiếu xuất.
production_order_2026_00136,rm_0272,issue_2026_00136,2,kg,25.76,2026-05-06T11:00:00+07:00,material_consumption_00136_2,Tiêu hao thực tế đối chiếu với phiếu xuất.
production_order_2026_00137,rm_0273,issue_2026_00137,1,kg,24.18,2026-06-06T10:00:00+07:00,material_consumption_00137_1,Tiêu hao thực tế đối chiếu với phiếu xuất.
production_order_2026_00137,rm_0274,issue_2026_00137,2,kg,26.97,2026-06-06T11:00:00+07:00,material_consumption_00137_2,Tiêu hao thực tế đối chiếu với phiếu xuất.
production_order_2026_00138,rm_0275,issue_2026_00138,1,kg,25.38,2026-06-07T10:00:00+07:00,material_consumption_00138_1,Tiêu hao thực tế đối chiếu với phiếu xuất.
production_order_2026_00138,rm_0276,issue_2026_00138,2,kg,28.2,2026-06-07T11:00:00+07:00,material_consumption_00138_2,Tiêu hao thực tế đối chiếu với phiếu xuất.
production_order_2026_00139,rm_0277,issue_2026_00139,1,kg,26.6,2026-07-11T10:00:00+07:00,material_consumption_00139_1,Tiêu hao thực tế đối chiếu với phiếu xuất.
production_order_2026_00139,rm_0278,issue_2026_00139,2,kg,29.45,2026-07-11T11:00:00+07:00,material_consumption_00139_2,Tiêu hao thực tế đối chiếu với phiếu xuất.
production_order_2026_00140,rm_0279,issue_2026_00140,1,kg,27.84,2026-07-12T10:00:00+07:00,material_consumption_00140_1,Tiêu hao thực tế đối chiếu với phiếu xuất.
production_order_2026_00140,rm_0280,issue_2026_00140,2,kg,30.72,2026-07-12T11:00:00+07:00,material_consumption_00140_2,Tiêu hao thực tế đối chiếu với phiếu xuất.
production_order_2026_00141,rm_0281,issue_2026_00141,1,kg,27.6,2026-08-12T10:00:00+07:00,material_consumption_00141_1,Tiêu hao thực tế đối chiếu với phiếu xuất.
production_order_2026_00141,rm_0282,issue_2026_00141,2,kg,30.36,2026-08-12T11:00:00+07:00,material_consumption_00141_2,Tiêu hao thực tế đối chiếu với phiếu xuất.
production_order_2026_00142,rm_0283,issue_2026_00142,1,kg,28.83,2026-08-13T10:00:00+07:00,material_consumption_00142_1,Tiêu hao thực tế đối chiếu với phiếu xuất.
production_order_2026_00142,rm_0284,issue_2026_00142,2,kg,31.62,2026-08-13T11:00:00+07:00,material_consumption_00142_2,Tiêu hao thực tế đối chiếu với phiếu xuất.
production_order_2026_00143,rm_0285,issue_2026_00143,1,kg,30.08,2026-09-17T10:00:00+07:00,material_consumption_00143_1,Tiêu hao thực tế đối chiếu với phiếu xuất.
production_order_2026_00143,rm_0286,issue_2026_00143,2,kg,32.9,2026-09-17T11:00:00+07:00,material_consumption_00143_2,Tiêu hao thực tế đối chiếu với phiếu xuất.
production_order_2026_00144,rm_0287,issue_2026_00144,1,kg,31.35,2026-09-18T10:00:00+07:00,material_consumption_00144_1,Tiêu hao thực tế đối chiếu với phiếu xuất.
production_order_2026_00144,rm_0288,issue_2026_00144,2,kg,34.2,2026-09-18T11:00:00+07:00,material_consumption_00144_2,Tiêu hao thực tế đối chiếu với phiếu xuất.
production_order_2026_00145,rm_0289,issue_2026_00145,1,litre,32.64,2026-01-18T10:00:00+07:00,material_consumption_00145_1,Tiêu hao thực tế đối chiếu với phiếu xuất.
production_order_2026_00145,rm_0290,issue_2026_00145,2,litre,35.52,2026-01-18T11:00:00+07:00,material_consumption_00145_2,Tiêu hao thực tế đối chiếu với phiếu xuất.
production_order_2026_00146,rm_0291,issue_2026_00146,1,litre,32.2,2026-01-19T10:00:00+07:00,material_consumption_00146_1,Tiêu hao thực tế đối chiếu với phiếu xuất.
production_order_2026_00146,rm_0292,issue_2026_00146,2,litre,34.96,2026-01-19T11:00:00+07:00,material_consumption_00146_2,Tiêu hao thực tế đối chiếu với phiếu xuất.
production_order_2026_00147,rm_0293,issue_2026_00147,1,litre,33.48,2026-02-23T10:00:00+07:00,material_consumption_00147_1,Tiêu hao thực tế đối chiếu với phiếu xuất.
production_order_2026_00147,rm_0294,issue_2026_00147,2,litre,36.27,2026-02-23T11:00:00+07:00,material_consumption_00147_2,Tiêu hao thực tế đối chiếu với phiếu xuất.
production_order_2026_00148,rm_0295,issue_2026_00148,1,kg,34.78,2026-02-24T10:00:00+07:00,material_consumption_00148_1,Tiêu hao thực tế đối chiếu với phiếu xuất.
production_order_2026_00148,rm_0296,issue_2026_00148,2,kg,37.6,2026-02-24T11:00:00+07:00,material_consumption_00148_2,Tiêu hao thực tế đối chiếu với phiếu xuất.
production_order_2026_00149,rm_0297,issue_2026_00149,1,kg,36.1,2026-03-04T10:00:00+07:00,material_consumption_00149_1,Tiêu hao thực tế đối chiếu với phiếu xuất.
production_order_2026_00149,rm_0298,issue_2026_00149,2,kg,38.95,2026-03-04T11:00:00+07:00,material_consumption_00149_2,Tiêu hao thực tế đối chiếu với phiếu xuất.
production_order_2026_00150,rm_0299,issue_2026_00150,1,kg,37.44,2026-03-05T10:00:00+07:00,material_consumption_00150_1,Tiêu hao thực tế đối chiếu với phiếu xuất.
production_order_2026_00150,rm_0300,issue_2026_00150,2,kg,40.32,2026-03-05T11:00:00+07:00,material_consumption_00150_2,Tiêu hao thực tế đối chiếu với phiếu xuất.
production_order_2026_00151,rm_0301,issue_2026_00151,1,kg,36.8,2026-04-09T10:00:00+07:00,material_consumption_00151_1,Tiêu hao thực tế đối chiếu với phiếu xuất.
production_order_2026_00151,rm_0302,issue_2026_00151,2,kg,39.56,2026-04-09T11:00:00+07:00,material_consumption_00151_2,Tiêu hao thực tế đối chiếu với phiếu xuất.
production_order_2026_00152,rm_0303,issue_2026_00152,1,kg,38.13,2026-04-10T10:00:00+07:00,material_consumption_00152_1,Tiêu hao thực tế đối chiếu với phiếu xuất.
production_order_2026_00152,rm_0304,issue_2026_00152,2,kg,40.92,2026-04-10T11:00:00+07:00,material_consumption_00152_2,Tiêu hao thực tế đối chiếu với phiếu xuất.
production_order_2026_00153,rm_0305,issue_2026_00153,1,piece,39.48,2026-05-10T10:00:00+07:00,material_consumption_00153_1,Tiêu hao thực tế đối chiếu với phiếu xuất.
production_order_2026_00153,rm_0306,issue_2026_00153,2,piece,42.3,2026-05-10T11:00:00+07:00,material_consumption_00153_2,Tiêu hao thực tế đối chiếu với phiếu xuất.
production_order_2026_00154,rm_0307,issue_2026_00154,1,piece,40.85,2026-05-11T10:00:00+07:00,material_consumption_00154_1,Tiêu hao thực tế đối chiếu với phiếu xuất.
production_order_2026_00154,rm_0308,issue_2026_00154,2,piece,43.7,2026-05-11T11:00:00+07:00,material_consumption_00154_2,Tiêu hao thực tế đối chiếu với phiếu xuất.
production_order_2026_00155,rm_0309,issue_2026_00155,1,piece,42.24,2026-06-15T10:00:00+07:00,material_consumption_00155_1,Tiêu hao thực tế đối chiếu với phiếu xuất.
production_order_2026_00155,rm_0310,issue_2026_00155,2,piece,45.12,2026-06-15T11:00:00+07:00,material_consumption_00155_2,Tiêu hao thực tế đối chiếu với phiếu xuất.
production_order_2026_00156,rm_0311,issue_2026_00156,1,piece,41.4,2026-06-16T10:00:00+07:00,material_consumption_00156_1,Tiêu hao thực tế đối chiếu với phiếu xuất.
production_order_2026_00156,rm_0312,issue_2026_00156,2,piece,44.16,2026-06-16T11:00:00+07:00,material_consumption_00156_2,Tiêu hao thực tế đối chiếu với phiếu xuất.
production_order_2026_00157,rm_0313,issue_2026_00157,1,piece,42.78,2026-07-16T10:00:00+07:00,material_consumption_00157_1,Tiêu hao thực tế đối chiếu với phiếu xuất.
production_order_2026_00157,rm_0314,issue_2026_00157,2,kg,45.57,2026-07-16T11:00:00+07:00,material_consumption_00157_2,Tiêu hao thực tế đối chiếu với phiếu xuất.
production_order_2026_00158,rm_0315,issue_2026_00158,1,piece,44.18,2026-07-17T10:00:00+07:00,material_consumption_00158_1,Tiêu hao thực tế đối chiếu với phiếu xuất.
production_order_2026_00158,rm_0316,issue_2026_00158,2,piece,9.4,2026-07-17T11:00:00+07:00,material_consumption_00158_2,Tiêu hao thực tế đối chiếu với phiếu xuất.
production_order_2026_00159,rm_0317,issue_2026_00159,1,piece,45.6,2026-08-21T10:00:00+07:00,material_consumption_00159_1,Tiêu hao thực tế đối chiếu với phiếu xuất.
production_order_2026_00159,rm_0318,issue_2026_00159,2,piece,10.45,2026-08-21T11:00:00+07:00,material_consumption_00159_2,Tiêu hao thực tế đối chiếu với phiếu xuất.
production_order_2026_00160,rm_0319,issue_2026_00160,1,piece,47.04,2026-08-22T10:00:00+07:00,material_consumption_00160_1,Tiêu hao thực tế đối chiếu với phiếu xuất.
production_order_2026_00160,rm_0320,issue_2026_00160,2,piece,11.52,2026-08-22T11:00:00+07:00,material_consumption_00160_2,Tiêu hao thực tế đối chiếu với phiếu xuất.
production_order_2026_00161,rm_0001,issue_2026_00161,1,litre,9.2,2026-09-02T10:00:00+07:00,material_consumption_00161_1,Tiêu hao thực tế đối chiếu với phiếu xuất.
production_order_2026_00161,rm_0002,issue_2026_00161,2,kg,11.96,2026-09-02T11:00:00+07:00,material_consumption_00161_2,Tiêu hao thực tế đối chiếu với phiếu xuất.
production_order_2026_00162,rm_0003,issue_2026_00162,1,kg,10.23,2026-09-03T10:00:00+07:00,material_consumption_00162_1,Tiêu hao thực tế đối chiếu với phiếu xuất.
production_order_2026_00162,rm_0004,issue_2026_00162,2,kg,13.02,2026-09-03T11:00:00+07:00,material_consumption_00162_2,Tiêu hao thực tế đối chiếu với phiếu xuất.
production_order_2026_00163,rm_0005,issue_2026_00163,1,kg,11.28,2026-01-07T10:00:00+07:00,material_consumption_00163_1,Tiêu hao thực tế đối chiếu với phiếu xuất.
production_order_2026_00163,rm_0006,issue_2026_00163,2,kg,14.1,2026-01-07T11:00:00+07:00,material_consumption_00163_2,Tiêu hao thực tế đối chiếu với phiếu xuất.
production_order_2026_00164,rm_0007,issue_2026_00164,1,kg,12.35,2026-01-08T10:00:00+07:00,material_consumption_00164_1,Tiêu hao thực tế đối chiếu với phiếu xuất.
production_order_2026_00164,rm_0008,issue_2026_00164,2,litre,15.2,2026-01-08T11:00:00+07:00,material_consumption_00164_2,Tiêu hao thực tế đối chiếu với phiếu xuất.
production_order_2026_00165,rm_0009,issue_2026_00165,1,kg,13.44,2026-02-08T10:00:00+07:00,material_consumption_00165_1,Tiêu hao thực tế đối chiếu với phiếu xuất.
production_order_2026_00165,rm_0010,issue_2026_00165,2,kg,16.32,2026-02-08T11:00:00+07:00,material_consumption_00165_2,Tiêu hao thực tế đối chiếu với phiếu xuất.
production_order_2026_00166,rm_0011,issue_2026_00166,1,kg,13.8,2026-02-09T10:00:00+07:00,material_consumption_00166_1,Tiêu hao thực tế đối chiếu với phiếu xuất.
production_order_2026_00166,rm_0012,issue_2026_00166,2,kg,16.56,2026-02-09T11:00:00+07:00,material_consumption_00166_2,Tiêu hao thực tế đối chiếu với phiếu xuất.
production_order_2026_00167,rm_0013,issue_2026_00167,1,litre,14.88,2026-03-13T10:00:00+07:00,material_consumption_00167_1,Tiêu hao thực tế đối chiếu với phiếu xuất.
production_order_2026_00167,rm_0014,issue_2026_00167,2,kg,17.67,2026-03-13T11:00:00+07:00,material_consumption_00167_2,Tiêu hao thực tế đối chiếu với phiếu xuất.
production_order_2026_00168,rm_0015,issue_2026_00168,1,kg,15.98,2026-03-14T10:00:00+07:00,material_consumption_00168_1,Tiêu hao thực tế đối chiếu với phiếu xuất.
production_order_2026_00168,rm_0016,issue_2026_00168,2,kg,18.8,2026-03-14T11:00:00+07:00,material_consumption_00168_2,Tiêu hao thực tế đối chiếu với phiếu xuất.
production_order_2026_00169,rm_0017,issue_2026_00169,1,kg,17.1,2026-04-14T10:00:00+07:00,material_consumption_00169_1,Tiêu hao thực tế đối chiếu với phiếu xuất.
production_order_2026_00169,rm_0018,issue_2026_00169,2,kg,19.95,2026-04-14T11:00:00+07:00,material_consumption_00169_2,Tiêu hao thực tế đối chiếu với phiếu xuất.
production_order_2026_00170,rm_0019,issue_2026_00170,1,kg,18.24,2026-04-15T10:00:00+07:00,material_consumption_00170_1,Tiêu hao thực tế đối chiếu với phiếu xuất.
production_order_2026_00170,rm_0020,issue_2026_00170,2,kg,21.12,2026-04-15T11:00:00+07:00,material_consumption_00170_2,Tiêu hao thực tế đối chiếu với phiếu xuất.
production_order_2026_00171,rm_0021,issue_2026_00171,1,kg,18.4,2026-05-19T10:00:00+07:00,material_consumption_00171_1,Tiêu hao thực tế đối chiếu với phiếu xuất.
production_order_2026_00171,rm_0022,issue_2026_00171,2,kg,21.16,2026-05-19T11:00:00+07:00,material_consumption_00171_2,Tiêu hao thực tế đối chiếu với phiếu xuất.
production_order_2026_00172,rm_0023,issue_2026_00172,1,kg,19.53,2026-05-20T10:00:00+07:00,material_consumption_00172_1,Tiêu hao thực tế đối chiếu với phiếu xuất.
production_order_2026_00172,rm_0024,issue_2026_00172,2,kg,22.32,2026-05-20T11:00:00+07:00,material_consumption_00172_2,Tiêu hao thực tế đối chiếu với phiếu xuất.
production_order_2026_00173,rm_0025,issue_2026_00173,1,kg,20.68,2026-06-20T10:00:00+07:00,material_consumption_00173_1,Tiêu hao thực tế đối chiếu với phiếu xuất.
production_order_2026_00173,rm_0026,issue_2026_00173,2,kg,23.5,2026-06-20T11:00:00+07:00,material_consumption_00173_2,Tiêu hao thực tế đối chiếu với phiếu xuất.
production_order_2026_00174,rm_0027,issue_2026_00174,1,kg,21.85,2026-06-21T10:00:00+07:00,material_consumption_00174_1,Tiêu hao thực tế đối chiếu với phiếu xuất.
production_order_2026_00174,rm_0028,issue_2026_00174,2,kg,24.7,2026-06-21T11:00:00+07:00,material_consumption_00174_2,Tiêu hao thực tế đối chiếu với phiếu xuất.
production_order_2026_00175,rm_0029,issue_2026_00175,1,kg,23.04,2026-07-05T10:00:00+07:00,material_consumption_00175_1,Tiêu hao thực tế đối chiếu với phiếu xuất.
production_order_2026_00175,rm_0030,issue_2026_00175,2,kg,25.92,2026-07-05T11:00:00+07:00,material_consumption_00175_2,Tiêu hao thực tế đối chiếu với phiếu xuất.
production_order_2026_00176,rm_0031,issue_2026_00176,1,kg,23.0,2026-07-06T10:00:00+07:00,material_consumption_00176_1,Tiêu hao thực tế đối chiếu với phiếu xuất.
production_order_2026_00176,rm_0032,issue_2026_00176,2,kg,25.76,2026-07-06T11:00:00+07:00,material_consumption_00176_2,Tiêu hao thực tế đối chiếu với phiếu xuất.
production_order_2026_00177,rm_0033,issue_2026_00177,1,litre,24.18,2026-08-06T10:00:00+07:00,material_consumption_00177_1,Tiêu hao thực tế đối chiếu với phiếu xuất.
production_order_2026_00177,rm_0034,issue_2026_00177,2,litre,26.97,2026-08-06T11:00:00+07:00,material_consumption_00177_2,Tiêu hao thực tế đối chiếu với phiếu xuất.
production_order_2026_00178,rm_0035,issue_2026_00178,1,litre,25.38,2026-08-07T10:00:00+07:00,material_consumption_00178_1,Tiêu hao thực tế đối chiếu với phiếu xuất.
production_order_2026_00178,rm_0036,issue_2026_00178,2,litre,28.2,2026-08-07T11:00:00+07:00,material_consumption_00178_2,Tiêu hao thực tế đối chiếu với phiếu xuất.
production_order_2026_00179,rm_0037,issue_2026_00179,1,litre,26.6,2026-09-11T10:00:00+07:00,material_consumption_00179_1,Tiêu hao thực tế đối chiếu với phiếu xuất.
production_order_2026_00179,rm_0038,issue_2026_00179,2,litre,29.45,2026-09-11T11:00:00+07:00,material_consumption_00179_2,Tiêu hao thực tế đối chiếu với phiếu xuất.
production_order_2026_00180,rm_0039,issue_2026_00180,1,kg,27.84,2026-09-12T10:00:00+07:00,material_consumption_00180_1,Tiêu hao thực tế đối chiếu với phiếu xuất.
production_order_2026_00180,rm_0040,issue_2026_00180,2,kg,30.72,2026-09-12T11:00:00+07:00,material_consumption_00180_2,Tiêu hao thực tế đối chiếu với phiếu xuất.
production_order_2026_00181,rm_0041,issue_2026_00181,1,kg,27.6,2026-01-12T10:00:00+07:00,material_consumption_00181_1,Tiêu hao thực tế đối chiếu với phiếu xuất.
production_order_2026_00181,rm_0042,issue_2026_00181,2,kg,30.36,2026-01-12T11:00:00+07:00,material_consumption_00181_2,Tiêu hao thực tế đối chiếu với phiếu xuất.
production_order_2026_00182,rm_0043,issue_2026_00182,1,kg,28.83,2026-01-13T10:00:00+07:00,material_consumption_00182_1,Tiêu hao thực tế đối chiếu với phiếu xuất.
production_order_2026_00182,rm_0044,issue_2026_00182,2,kg,31.62,2026-01-13T11:00:00+07:00,material_consumption_00182_2,Tiêu hao thực tế đối chiếu với phiếu xuất.
production_order_2026_00183,rm_0045,issue_2026_00183,1,kg,30.08,2026-02-17T10:00:00+07:00,material_consumption_00183_1,Tiêu hao thực tế đối chiếu với phiếu xuất.
production_order_2026_00183,rm_0046,issue_2026_00183,2,kg,32.9,2026-02-17T11:00:00+07:00,material_consumption_00183_2,Tiêu hao thực tế đối chiếu với phiếu xuất.
production_order_2026_00184,rm_0047,issue_2026_00184,1,kg,31.35,2026-02-18T10:00:00+07:00,material_consumption_00184_1,Tiêu hao thực tế đối chiếu với phiếu xuất.
production_order_2026_00184,rm_0048,issue_2026_00184,2,kg,34.2,2026-02-18T11:00:00+07:00,material_consumption_00184_2,Tiêu hao thực tế đối chiếu với phiếu xuất.
production_order_2026_00185,rm_0049,issue_2026_00185,1,piece,32.64,2026-03-18T10:00:00+07:00,material_consumption_00185_1,Tiêu hao thực tế đối chiếu với phiếu xuất.
production_order_2026_00185,rm_0050,issue_2026_00185,2,piece,35.52,2026-03-18T11:00:00+07:00,material_consumption_00185_2,Tiêu hao thực tế đối chiếu với phiếu xuất.
production_order_2026_00186,rm_0051,issue_2026_00186,1,piece,32.2,2026-03-19T10:00:00+07:00,material_consumption_00186_1,Tiêu hao thực tế đối chiếu với phiếu xuất.
production_order_2026_00186,rm_0052,issue_2026_00186,2,piece,34.96,2026-03-19T11:00:00+07:00,material_consumption_00186_2,Tiêu hao thực tế đối chiếu với phiếu xuất.
production_order_2026_00187,rm_0053,issue_2026_00187,1,piece,33.48,2026-04-23T10:00:00+07:00,material_consumption_00187_1,Tiêu hao thực tế đối chiếu với phiếu xuất.
production_order_2026_00187,rm_0054,issue_2026_00187,2,piece,36.27,2026-04-23T11:00:00+07:00,material_consumption_00187_2,Tiêu hao thực tế đối chiếu với phiếu xuất.
production_order_2026_00188,rm_0055,issue_2026_00188,1,piece,34.78,2026-04-24T10:00:00+07:00,material_consumption_00188_1,Tiêu hao thực tế đối chiếu với phiếu xuất.
production_order_2026_00188,rm_0056,issue_2026_00188,2,piece,37.6,2026-04-24T11:00:00+07:00,material_consumption_00188_2,Tiêu hao thực tế đối chiếu với phiếu xuất.
production_order_2026_00189,rm_0057,issue_2026_00189,1,piece,36.1,2026-05-04T10:00:00+07:00,material_consumption_00189_1,Tiêu hao thực tế đối chiếu với phiếu xuất.
production_order_2026_00189,rm_0058,issue_2026_00189,2,kg,38.95,2026-05-04T11:00:00+07:00,material_consumption_00189_2,Tiêu hao thực tế đối chiếu với phiếu xuất.
production_order_2026_00190,rm_0059,issue_2026_00190,1,piece,37.44,2026-05-05T10:00:00+07:00,material_consumption_00190_1,Tiêu hao thực tế đối chiếu với phiếu xuất.
production_order_2026_00190,rm_0060,issue_2026_00190,2,piece,40.32,2026-05-05T11:00:00+07:00,material_consumption_00190_2,Tiêu hao thực tế đối chiếu với phiếu xuất.
production_order_2026_00191,rm_0061,issue_2026_00191,1,piece,36.8,2026-06-09T10:00:00+07:00,material_consumption_00191_1,Tiêu hao thực tế đối chiếu với phiếu xuất.
production_order_2026_00191,rm_0062,issue_2026_00191,2,piece,39.56,2026-06-09T11:00:00+07:00,material_consumption_00191_2,Tiêu hao thực tế đối chiếu với phiếu xuất.
production_order_2026_00192,rm_0063,issue_2026_00192,1,piece,38.13,2026-06-10T10:00:00+07:00,material_consumption_00192_1,Tiêu hao thực tế đối chiếu với phiếu xuất.
production_order_2026_00192,rm_0064,issue_2026_00192,2,piece,40.92,2026-06-10T11:00:00+07:00,material_consumption_00192_2,Tiêu hao thực tế đối chiếu với phiếu xuất.
production_order_2026_00193,rm_0065,issue_2026_00193,1,litre,39.48,2026-07-10T10:00:00+07:00,material_consumption_00193_1,Tiêu hao thực tế đối chiếu với phiếu xuất.
production_order_2026_00193,rm_0066,issue_2026_00193,2,kg,42.3,2026-07-10T11:00:00+07:00,material_consumption_00193_2,Tiêu hao thực tế đối chiếu với phiếu xuất.
production_order_2026_00194,rm_0067,issue_2026_00194,1,kg,40.85,2026-07-11T10:00:00+07:00,material_consumption_00194_1,Tiêu hao thực tế đối chiếu với phiếu xuất.
production_order_2026_00194,rm_0068,issue_2026_00194,2,kg,43.7,2026-07-11T11:00:00+07:00,material_consumption_00194_2,Tiêu hao thực tế đối chiếu với phiếu xuất.
production_order_2026_00195,rm_0069,issue_2026_00195,1,kg,42.24,2026-08-15T10:00:00+07:00,material_consumption_00195_1,Tiêu hao thực tế đối chiếu với phiếu xuất.
production_order_2026_00195,rm_0070,issue_2026_00195,2,kg,45.12,2026-08-15T11:00:00+07:00,material_consumption_00195_2,Tiêu hao thực tế đối chiếu với phiếu xuất.
production_order_2026_00196,rm_0071,issue_2026_00196,1,kg,41.4,2026-08-16T10:00:00+07:00,material_consumption_00196_1,Tiêu hao thực tế đối chiếu với phiếu xuất.
production_order_2026_00196,rm_0072,issue_2026_00196,2,litre,44.16,2026-08-16T11:00:00+07:00,material_consumption_00196_2,Tiêu hao thực tế đối chiếu với phiếu xuất.
production_order_2026_00197,rm_0073,issue_2026_00197,1,kg,42.78,2026-09-16T10:00:00+07:00,material_consumption_00197_1,Tiêu hao thực tế đối chiếu với phiếu xuất.
production_order_2026_00197,rm_0074,issue_2026_00197,2,kg,45.57,2026-09-16T11:00:00+07:00,material_consumption_00197_2,Tiêu hao thực tế đối chiếu với phiếu xuất.
production_order_2026_00198,rm_0075,issue_2026_00198,1,kg,44.18,2026-09-17T10:00:00+07:00,material_consumption_00198_1,Tiêu hao thực tế đối chiếu với phiếu xuất.
production_order_2026_00198,rm_0076,issue_2026_00198,2,kg,9.4,2026-09-17T11:00:00+07:00,material_consumption_00198_2,Tiêu hao thực tế đối chiếu với phiếu xuất.
production_order_2026_00199,rm_0077,issue_2026_00199,1,litre,45.6,2026-01-21T10:00:00+07:00,material_consumption_00199_1,Tiêu hao thực tế đối chiếu với phiếu xuất.
production_order_2026_00199,rm_0078,issue_2026_00199,2,kg,10.45,2026-01-21T11:00:00+07:00,material_consumption_00199_2,Tiêu hao thực tế đối chiếu với phiếu xuất.
production_order_2026_00200,rm_0079,issue_2026_00200,1,kg,47.04,2026-01-22T10:00:00+07:00,material_consumption_00200_1,Tiêu hao thực tế đối chiếu với phiếu xuất.
production_order_2026_00200,rm_0080,issue_2026_00200,2,kg,11.52,2026-01-22T11:00:00+07:00,material_consumption_00200_2,Tiêu hao thực tế đối chiếu với phiếu xuất.
production_order_2026_00201,rm_0081,issue_2026_00201,1,kg,9.2,2026-02-02T10:00:00+07:00,material_consumption_00201_1,Tiêu hao thực tế đối chiếu với phiếu xuất.
production_order_2026_00201,rm_0082,issue_2026_00201,2,kg,11.96,2026-02-02T11:00:00+07:00,material_consumption_00201_2,Tiêu hao thực tế đối chiếu với phiếu xuất.
production_order_2026_00202,rm_0083,issue_2026_00202,1,kg,10.23,2026-02-03T10:00:00+07:00,material_consumption_00202_1,Tiêu hao thực tế đối chiếu với phiếu xuất.
production_order_2026_00202,rm_0084,issue_2026_00202,2,kg,13.02,2026-02-03T11:00:00+07:00,material_consumption_00202_2,Tiêu hao thực tế đối chiếu với phiếu xuất.
production_order_2026_00203,rm_0085,issue_2026_00203,1,kg,11.28,2026-03-07T10:00:00+07:00,material_consumption_00203_1,Tiêu hao thực tế đối chiếu với phiếu xuất.
production_order_2026_00203,rm_0086,issue_2026_00203,2,kg,14.1,2026-03-07T11:00:00+07:00,material_consumption_00203_2,Tiêu hao thực tế đối chiếu với phiếu xuất.
production_order_2026_00204,rm_0087,issue_2026_00204,1,kg,12.35,2026-03-08T10:00:00+07:00,material_consumption_00204_1,Tiêu hao thực tế đối chiếu với phiếu xuất.
production_order_2026_00204,rm_0088,issue_2026_00204,2,kg,15.2,2026-03-08T11:00:00+07:00,material_consumption_00204_2,Tiêu hao thực tế đối chiếu với phiếu xuất.
production_order_2026_00205,rm_0089,issue_2026_00205,1,kg,13.44,2026-04-08T10:00:00+07:00,material_consumption_00205_1,Tiêu hao thực tế đối chiếu với phiếu xuất.
production_order_2026_00205,rm_0090,issue_2026_00205,2,kg,16.32,2026-04-08T11:00:00+07:00,material_consumption_00205_2,Tiêu hao thực tế đối chiếu với phiếu xuất.
production_order_2026_00206,rm_0091,issue_2026_00206,1,kg,13.8,2026-04-09T10:00:00+07:00,material_consumption_00206_1,Tiêu hao thực tế đối chiếu với phiếu xuất.
production_order_2026_00206,rm_0092,issue_2026_00206,2,kg,16.56,2026-04-09T11:00:00+07:00,material_consumption_00206_2,Tiêu hao thực tế đối chiếu với phiếu xuất.
production_order_2026_00207,rm_0093,issue_2026_00207,1,kg,14.88,2026-05-13T10:00:00+07:00,material_consumption_00207_1,Tiêu hao thực tế đối chiếu với phiếu xuất.
production_order_2026_00207,rm_0094,issue_2026_00207,2,kg,17.67,2026-05-13T11:00:00+07:00,material_consumption_00207_2,Tiêu hao thực tế đối chiếu với phiếu xuất.
production_order_2026_00208,rm_0095,issue_2026_00208,1,kg,15.98,2026-05-14T10:00:00+07:00,material_consumption_00208_1,Tiêu hao thực tế đối chiếu với phiếu xuất.
production_order_2026_00208,rm_0096,issue_2026_00208,2,kg,18.8,2026-05-14T11:00:00+07:00,material_consumption_00208_2,Tiêu hao thực tế đối chiếu với phiếu xuất.
production_order_2026_00209,rm_0097,issue_2026_00209,1,litre,17.1,2026-06-14T10:00:00+07:00,material_consumption_00209_1,Tiêu hao thực tế đối chiếu với phiếu xuất.
production_order_2026_00209,rm_0098,issue_2026_00209,2,litre,19.95,2026-06-14T11:00:00+07:00,material_consumption_00209_2,Tiêu hao thực tế đối chiếu với phiếu xuất.
production_order_2026_00210,rm_0099,issue_2026_00210,1,litre,18.24,2026-06-15T10:00:00+07:00,material_consumption_00210_1,Tiêu hao thực tế đối chiếu với phiếu xuất.
production_order_2026_00210,rm_0100,issue_2026_00210,2,litre,21.12,2026-06-15T11:00:00+07:00,material_consumption_00210_2,Tiêu hao thực tế đối chiếu với phiếu xuất.
production_order_2026_00211,rm_0101,issue_2026_00211,1,litre,18.4,2026-07-19T10:00:00+07:00,material_consumption_00211_1,Tiêu hao thực tế đối chiếu với phiếu xuất.
production_order_2026_00211,rm_0102,issue_2026_00211,2,litre,21.16,2026-07-19T11:00:00+07:00,material_consumption_00211_2,Tiêu hao thực tế đối chiếu với phiếu xuất.
production_order_2026_00212,rm_0103,issue_2026_00212,1,kg,19.53,2026-07-20T10:00:00+07:00,material_consumption_00212_1,Tiêu hao thực tế đối chiếu với phiếu xuất.
production_order_2026_00212,rm_0104,issue_2026_00212,2,kg,22.32,2026-07-20T11:00:00+07:00,material_consumption_00212_2,Tiêu hao thực tế đối chiếu với phiếu xuất.
production_order_2026_00213,rm_0105,issue_2026_00213,1,kg,20.68,2026-08-20T10:00:00+07:00,material_consumption_00213_1,Tiêu hao thực tế đối chiếu với phiếu xuất.
production_order_2026_00213,rm_0106,issue_2026_00213,2,kg,23.5,2026-08-20T11:00:00+07:00,material_consumption_00213_2,Tiêu hao thực tế đối chiếu với phiếu xuất.
production_order_2026_00214,rm_0107,issue_2026_00214,1,kg,21.85,2026-08-21T10:00:00+07:00,material_consumption_00214_1,Tiêu hao thực tế đối chiếu với phiếu xuất.
production_order_2026_00214,rm_0108,issue_2026_00214,2,kg,24.7,2026-08-21T11:00:00+07:00,material_consumption_00214_2,Tiêu hao thực tế đối chiếu với phiếu xuất.
production_order_2026_00215,rm_0109,issue_2026_00215,1,kg,23.04,2026-09-05T10:00:00+07:00,material_consumption_00215_1,Tiêu hao thực tế đối chiếu với phiếu xuất.
production_order_2026_00215,rm_0110,issue_2026_00215,2,kg,25.92,2026-09-05T11:00:00+07:00,material_consumption_00215_2,Tiêu hao thực tế đối chiếu với phiếu xuất.
production_order_2026_00216,rm_0111,issue_2026_00216,1,kg,23.0,2026-09-06T10:00:00+07:00,material_consumption_00216_1,Tiêu hao thực tế đối chiếu với phiếu xuất.
production_order_2026_00216,rm_0112,issue_2026_00216,2,kg,25.76,2026-09-06T11:00:00+07:00,material_consumption_00216_2,Tiêu hao thực tế đối chiếu với phiếu xuất.
production_order_2026_00217,rm_0113,issue_2026_00217,1,piece,24.18,2026-01-06T10:00:00+07:00,material_consumption_00217_1,Tiêu hao thực tế đối chiếu với phiếu xuất.
production_order_2026_00217,rm_0114,issue_2026_00217,2,piece,26.97,2026-01-06T11:00:00+07:00,material_consumption_00217_2,Tiêu hao thực tế đối chiếu với phiếu xuất.
production_order_2026_00218,rm_0115,issue_2026_00218,1,piece,25.38,2026-01-07T10:00:00+07:00,material_consumption_00218_1,Tiêu hao thực tế đối chiếu với phiếu xuất.
production_order_2026_00218,rm_0116,issue_2026_00218,2,piece,28.2,2026-01-07T11:00:00+07:00,material_consumption_00218_2,Tiêu hao thực tế đối chiếu với phiếu xuất.
production_order_2026_00219,rm_0117,issue_2026_00219,1,piece,26.6,2026-02-11T10:00:00+07:00,material_consumption_00219_1,Tiêu hao thực tế đối chiếu với phiếu xuất.
production_order_2026_00219,rm_0118,issue_2026_00219,2,piece,29.45,2026-02-11T11:00:00+07:00,material_consumption_00219_2,Tiêu hao thực tế đối chiếu với phiếu xuất.
production_order_2026_00220,rm_0119,issue_2026_00220,1,piece,27.84,2026-02-12T10:00:00+07:00,material_consumption_00220_1,Tiêu hao thực tế đối chiếu với phiếu xuất.
production_order_2026_00220,rm_0120,issue_2026_00220,2,piece,30.72,2026-02-12T11:00:00+07:00,material_consumption_00220_2,Tiêu hao thực tế đối chiếu với phiếu xuất.
production_order_2026_00221,rm_0121,issue_2026_00221,1,piece,27.6,2026-03-12T10:00:00+07:00,material_consumption_00221_1,Tiêu hao thực tế đối chiếu với phiếu xuất.
production_order_2026_00221,rm_0122,issue_2026_00221,2,kg,30.36,2026-03-12T11:00:00+07:00,material_consumption_00221_2,Tiêu hao thực tế đối chiếu với phiếu xuất.
production_order_2026_00222,rm_0123,issue_2026_00222,1,piece,28.83,2026-03-13T10:00:00+07:00,material_consumption_00222_1,Tiêu hao thực tế đối chiếu với phiếu xuất.
production_order_2026_00222,rm_0124,issue_2026_00222,2,piece,31.62,2026-03-13T11:00:00+07:00,material_consumption_00222_2,Tiêu hao thực tế đối chiếu với phiếu xuất.
production_order_2026_00223,rm_0125,issue_2026_00223,1,piece,30.08,2026-04-17T10:00:00+07:00,material_consumption_00223_1,Tiêu hao thực tế đối chiếu với phiếu xuất.
production_order_2026_00223,rm_0126,issue_2026_00223,2,piece,32.9,2026-04-17T11:00:00+07:00,material_consumption_00223_2,Tiêu hao thực tế đối chiếu với phiếu xuất.
production_order_2026_00224,rm_0127,issue_2026_00224,1,piece,31.35,2026-04-18T10:00:00+07:00,material_consumption_00224_1,Tiêu hao thực tế đối chiếu với phiếu xuất.
production_order_2026_00224,rm_0128,issue_2026_00224,2,piece,34.2,2026-04-18T11:00:00+07:00,material_consumption_00224_2,Tiêu hao thực tế đối chiếu với phiếu xuất.
production_order_2026_00225,rm_0129,issue_2026_00225,1,litre,32.64,2026-05-18T10:00:00+07:00,material_consumption_00225_1,Tiêu hao thực tế đối chiếu với phiếu xuất.
production_order_2026_00225,rm_0130,issue_2026_00225,2,kg,35.52,2026-05-18T11:00:00+07:00,material_consumption_00225_2,Tiêu hao thực tế đối chiếu với phiếu xuất.
production_order_2026_00226,rm_0131,issue_2026_00226,1,kg,32.2,2026-05-19T10:00:00+07:00,material_consumption_00226_1,Tiêu hao thực tế đối chiếu với phiếu xuất.
production_order_2026_00226,rm_0132,issue_2026_00226,2,kg,34.96,2026-05-19T11:00:00+07:00,material_consumption_00226_2,Tiêu hao thực tế đối chiếu với phiếu xuất.
production_order_2026_00227,rm_0133,issue_2026_00227,1,kg,33.48,2026-06-23T10:00:00+07:00,material_consumption_00227_1,Tiêu hao thực tế đối chiếu với phiếu xuất.
production_order_2026_00227,rm_0134,issue_2026_00227,2,kg,36.27,2026-06-23T11:00:00+07:00,material_consumption_00227_2,Tiêu hao thực tế đối chiếu với phiếu xuất.
production_order_2026_00228,rm_0135,issue_2026_00228,1,kg,34.78,2026-06-24T10:00:00+07:00,material_consumption_00228_1,Tiêu hao thực tế đối chiếu với phiếu xuất.
production_order_2026_00228,rm_0136,issue_2026_00228,2,litre,37.6,2026-06-24T11:00:00+07:00,material_consumption_00228_2,Tiêu hao thực tế đối chiếu với phiếu xuất.
production_order_2026_00229,rm_0137,issue_2026_00229,1,kg,36.1,2026-07-04T10:00:00+07:00,material_consumption_00229_1,Tiêu hao thực tế đối chiếu với phiếu xuất.
production_order_2026_00229,rm_0138,issue_2026_00229,2,kg,38.95,2026-07-04T11:00:00+07:00,material_consumption_00229_2,Tiêu hao thực tế đối chiếu với phiếu xuất.
production_order_2026_00230,rm_0139,issue_2026_00230,1,kg,37.44,2026-07-05T10:00:00+07:00,material_consumption_00230_1,Tiêu hao thực tế đối chiếu với phiếu xuất.
production_order_2026_00230,rm_0140,issue_2026_00230,2,kg,40.32,2026-07-05T11:00:00+07:00,material_consumption_00230_2,Tiêu hao thực tế đối chiếu với phiếu xuất.
production_order_2026_00231,rm_0141,issue_2026_00231,1,litre,36.8,2026-08-09T10:00:00+07:00,material_consumption_00231_1,Tiêu hao thực tế đối chiếu với phiếu xuất.
production_order_2026_00231,rm_0142,issue_2026_00231,2,kg,39.56,2026-08-09T11:00:00+07:00,material_consumption_00231_2,Tiêu hao thực tế đối chiếu với phiếu xuất.
production_order_2026_00232,rm_0143,issue_2026_00232,1,kg,38.13,2026-08-10T10:00:00+07:00,material_consumption_00232_1,Tiêu hao thực tế đối chiếu với phiếu xuất.
production_order_2026_00232,rm_0144,issue_2026_00232,2,kg,40.92,2026-08-10T11:00:00+07:00,material_consumption_00232_2,Tiêu hao thực tế đối chiếu với phiếu xuất.
production_order_2026_00233,rm_0145,issue_2026_00233,1,kg,39.48,2026-09-10T10:00:00+07:00,material_consumption_00233_1,Tiêu hao thực tế đối chiếu với phiếu xuất.
production_order_2026_00233,rm_0146,issue_2026_00233,2,kg,42.3,2026-09-10T11:00:00+07:00,material_consumption_00233_2,Tiêu hao thực tế đối chiếu với phiếu xuất.
production_order_2026_00234,rm_0147,issue_2026_00234,1,kg,40.85,2026-09-11T10:00:00+07:00,material_consumption_00234_1,Tiêu hao thực tế đối chiếu với phiếu xuất.
production_order_2026_00234,rm_0148,issue_2026_00234,2,kg,43.7,2026-09-11T11:00:00+07:00,material_consumption_00234_2,Tiêu hao thực tế đối chiếu với phiếu xuất.
production_order_2026_00235,rm_0149,issue_2026_00235,1,kg,42.24,2026-01-15T10:00:00+07:00,material_consumption_00235_1,Tiêu hao thực tế đối chiếu với phiếu xuất.
production_order_2026_00235,rm_0150,issue_2026_00235,2,kg,45.12,2026-01-15T11:00:00+07:00,material_consumption_00235_2,Tiêu hao thực tế đối chiếu với phiếu xuất.
production_order_2026_00236,rm_0151,issue_2026_00236,1,kg,41.4,2026-01-16T10:00:00+07:00,material_consumption_00236_1,Tiêu hao thực tế đối chiếu với phiếu xuất.
production_order_2026_00236,rm_0152,issue_2026_00236,2,kg,44.16,2026-01-16T11:00:00+07:00,material_consumption_00236_2,Tiêu hao thực tế đối chiếu với phiếu xuất.
production_order_2026_00237,rm_0153,issue_2026_00237,1,kg,42.78,2026-02-16T10:00:00+07:00,material_consumption_00237_1,Tiêu hao thực tế đối chiếu với phiếu xuất.
production_order_2026_00237,rm_0154,issue_2026_00237,2,kg,45.57,2026-02-16T11:00:00+07:00,material_consumption_00237_2,Tiêu hao thực tế đối chiếu với phiếu xuất.
production_order_2026_00238,rm_0155,issue_2026_00238,1,kg,44.18,2026-02-17T10:00:00+07:00,material_consumption_00238_1,Tiêu hao thực tế đối chiếu với phiếu xuất.
production_order_2026_00238,rm_0156,issue_2026_00238,2,kg,9.4,2026-02-17T11:00:00+07:00,material_consumption_00238_2,Tiêu hao thực tế đối chiếu với phiếu xuất.
production_order_2026_00239,rm_0157,issue_2026_00239,1,kg,45.6,2026-03-21T10:00:00+07:00,material_consumption_00239_1,Tiêu hao thực tế đối chiếu với phiếu xuất.
production_order_2026_00239,rm_0158,issue_2026_00239,2,kg,10.45,2026-03-21T11:00:00+07:00,material_consumption_00239_2,Tiêu hao thực tế đối chiếu với phiếu xuất.
production_order_2026_00240,rm_0159,issue_2026_00240,1,kg,47.04,2026-03-22T10:00:00+07:00,material_consumption_00240_1,Tiêu hao thực tế đối chiếu với phiếu xuất.
production_order_2026_00240,rm_0160,issue_2026_00240,2,kg,11.52,2026-03-22T11:00:00+07:00,material_consumption_00240_2,Tiêu hao thực tế đối chiếu với phiếu xuất.
production_order_2026_00241,rm_0161,issue_2026_00241,1,litre,9.2,2026-04-02T10:00:00+07:00,material_consumption_00241_1,Tiêu hao thực tế đối chiếu với phiếu xuất.
production_order_2026_00241,rm_0162,issue_2026_00241,2,litre,11.96,2026-04-02T11:00:00+07:00,material_consumption_00241_2,Tiêu hao thực tế đối chiếu với phiếu xuất.
production_order_2026_00242,rm_0163,issue_2026_00242,1,litre,10.23,2026-04-03T10:00:00+07:00,material_consumption_00242_1,Tiêu hao thực tế đối chiếu với phiếu xuất.
production_order_2026_00242,rm_0164,issue_2026_00242,2,litre,13.02,2026-04-03T11:00:00+07:00,material_consumption_00242_2,Tiêu hao thực tế đối chiếu với phiếu xuất.
production_order_2026_00243,rm_0165,issue_2026_00243,1,litre,11.28,2026-05-07T10:00:00+07:00,material_consumption_00243_1,Tiêu hao thực tế đối chiếu với phiếu xuất.
production_order_2026_00243,rm_0166,issue_2026_00243,2,litre,14.1,2026-05-07T11:00:00+07:00,material_consumption_00243_2,Tiêu hao thực tế đối chiếu với phiếu xuất.
production_order_2026_00244,rm_0167,issue_2026_00244,1,kg,12.35,2026-05-08T10:00:00+07:00,material_consumption_00244_1,Tiêu hao thực tế đối chiếu với phiếu xuất.
production_order_2026_00244,rm_0168,issue_2026_00244,2,kg,15.2,2026-05-08T11:00:00+07:00,material_consumption_00244_2,Tiêu hao thực tế đối chiếu với phiếu xuất.
production_order_2026_00245,rm_0169,issue_2026_00245,1,kg,13.44,2026-06-08T10:00:00+07:00,material_consumption_00245_1,Tiêu hao thực tế đối chiếu với phiếu xuất.
production_order_2026_00245,rm_0170,issue_2026_00245,2,kg,16.32,2026-06-08T11:00:00+07:00,material_consumption_00245_2,Tiêu hao thực tế đối chiếu với phiếu xuất.
production_order_2026_00246,rm_0171,issue_2026_00246,1,kg,13.8,2026-06-09T10:00:00+07:00,material_consumption_00246_1,Tiêu hao thực tế đối chiếu với phiếu xuất.
production_order_2026_00246,rm_0172,issue_2026_00246,2,kg,16.56,2026-06-09T11:00:00+07:00,material_consumption_00246_2,Tiêu hao thực tế đối chiếu với phiếu xuất.
production_order_2026_00247,rm_0173,issue_2026_00247,1,kg,14.88,2026-07-13T10:00:00+07:00,material_consumption_00247_1,Tiêu hao thực tế đối chiếu với phiếu xuất.
production_order_2026_00247,rm_0174,issue_2026_00247,2,kg,17.67,2026-07-13T11:00:00+07:00,material_consumption_00247_2,Tiêu hao thực tế đối chiếu với phiếu xuất.
production_order_2026_00248,rm_0175,issue_2026_00248,1,kg,15.98,2026-07-14T10:00:00+07:00,material_consumption_00248_1,Tiêu hao thực tế đối chiếu với phiếu xuất.
production_order_2026_00248,rm_0176,issue_2026_00248,2,kg,18.8,2026-07-14T11:00:00+07:00,material_consumption_00248_2,Tiêu hao thực tế đối chiếu với phiếu xuất.
production_order_2026_00249,rm_0177,issue_2026_00249,1,piece,17.1,2026-08-14T10:00:00+07:00,material_consumption_00249_1,Tiêu hao thực tế đối chiếu với phiếu xuất.
production_order_2026_00249,rm_0178,issue_2026_00249,2,piece,19.95,2026-08-14T11:00:00+07:00,material_consumption_00249_2,Tiêu hao thực tế đối chiếu với phiếu xuất.
production_order_2026_00250,rm_0179,issue_2026_00250,1,piece,18.24,2026-08-15T10:00:00+07:00,material_consumption_00250_1,Tiêu hao thực tế đối chiếu với phiếu xuất.
production_order_2026_00250,rm_0180,issue_2026_00250,2,piece,21.12,2026-08-15T11:00:00+07:00,material_consumption_00250_2,Tiêu hao thực tế đối chiếu với phiếu xuất.
production_order_2026_00251,rm_0181,issue_2026_00251,1,piece,18.4,2026-09-19T10:00:00+07:00,material_consumption_00251_1,Tiêu hao thực tế đối chiếu với phiếu xuất.
production_order_2026_00251,rm_0182,issue_2026_00251,2,piece,21.16,2026-09-19T11:00:00+07:00,material_consumption_00251_2,Tiêu hao thực tế đối chiếu với phiếu xuất.
production_order_2026_00252,rm_0183,issue_2026_00252,1,piece,19.53,2026-09-20T10:00:00+07:00,material_consumption_00252_1,Tiêu hao thực tế đối chiếu với phiếu xuất.
production_order_2026_00252,rm_0184,issue_2026_00252,2,piece,22.32,2026-09-20T11:00:00+07:00,material_consumption_00252_2,Tiêu hao thực tế đối chiếu với phiếu xuất.
production_order_2026_00253,rm_0185,issue_2026_00253,1,piece,20.68,2026-01-20T10:00:00+07:00,material_consumption_00253_1,Tiêu hao thực tế đối chiếu với phiếu xuất.
production_order_2026_00253,rm_0186,issue_2026_00253,2,kg,23.5,2026-01-20T11:00:00+07:00,material_consumption_00253_2,Tiêu hao thực tế đối chiếu với phiếu xuất.
production_order_2026_00254,rm_0187,issue_2026_00254,1,piece,21.85,2026-01-21T10:00:00+07:00,material_consumption_00254_1,Tiêu hao thực tế đối chiếu với phiếu xuất.
production_order_2026_00254,rm_0188,issue_2026_00254,2,piece,24.7,2026-01-21T11:00:00+07:00,material_consumption_00254_2,Tiêu hao thực tế đối chiếu với phiếu xuất.
production_order_2026_00255,rm_0189,issue_2026_00255,1,piece,23.04,2026-02-05T10:00:00+07:00,material_consumption_00255_1,Tiêu hao thực tế đối chiếu với phiếu xuất.
production_order_2026_00255,rm_0190,issue_2026_00255,2,piece,25.92,2026-02-05T11:00:00+07:00,material_consumption_00255_2,Tiêu hao thực tế đối chiếu với phiếu xuất.
production_order_2026_00256,rm_0191,issue_2026_00256,1,piece,23.0,2026-02-06T10:00:00+07:00,material_consumption_00256_1,Tiêu hao thực tế đối chiếu với phiếu xuất.
production_order_2026_00256,rm_0192,issue_2026_00256,2,piece,25.76,2026-02-06T11:00:00+07:00,material_consumption_00256_2,Tiêu hao thực tế đối chiếu với phiếu xuất.
production_order_2026_00257,rm_0193,issue_2026_00257,1,litre,24.18,2026-03-06T10:00:00+07:00,material_consumption_00257_1,Tiêu hao thực tế đối chiếu với phiếu xuất.
production_order_2026_00257,rm_0194,issue_2026_00257,2,kg,26.97,2026-03-06T11:00:00+07:00,material_consumption_00257_2,Tiêu hao thực tế đối chiếu với phiếu xuất.
production_order_2026_00258,rm_0195,issue_2026_00258,1,kg,25.38,2026-03-07T10:00:00+07:00,material_consumption_00258_1,Tiêu hao thực tế đối chiếu với phiếu xuất.
production_order_2026_00258,rm_0196,issue_2026_00258,2,kg,28.2,2026-03-07T11:00:00+07:00,material_consumption_00258_2,Tiêu hao thực tế đối chiếu với phiếu xuất.
production_order_2026_00259,rm_0197,issue_2026_00259,1,kg,26.6,2026-04-11T10:00:00+07:00,material_consumption_00259_1,Tiêu hao thực tế đối chiếu với phiếu xuất.
production_order_2026_00259,rm_0198,issue_2026_00259,2,kg,29.45,2026-04-11T11:00:00+07:00,material_consumption_00259_2,Tiêu hao thực tế đối chiếu với phiếu xuất.
production_order_2026_00260,rm_0199,issue_2026_00260,1,kg,27.84,2026-04-12T10:00:00+07:00,material_consumption_00260_1,Tiêu hao thực tế đối chiếu với phiếu xuất.
production_order_2026_00260,rm_0200,issue_2026_00260,2,litre,30.72,2026-04-12T11:00:00+07:00,material_consumption_00260_2,Tiêu hao thực tế đối chiếu với phiếu xuất.
production_order_2026_00261,rm_0201,issue_2026_00261,1,kg,27.6,2026-05-12T10:00:00+07:00,material_consumption_00261_1,Tiêu hao thực tế đối chiếu với phiếu xuất.
production_order_2026_00261,rm_0202,issue_2026_00261,2,kg,30.36,2026-05-12T11:00:00+07:00,material_consumption_00261_2,Tiêu hao thực tế đối chiếu với phiếu xuất.
production_order_2026_00262,rm_0203,issue_2026_00262,1,kg,28.83,2026-05-13T10:00:00+07:00,material_consumption_00262_1,Tiêu hao thực tế đối chiếu với phiếu xuất.
production_order_2026_00262,rm_0204,issue_2026_00262,2,kg,31.62,2026-05-13T11:00:00+07:00,material_consumption_00262_2,Tiêu hao thực tế đối chiếu với phiếu xuất.
production_order_2026_00263,rm_0205,issue_2026_00263,1,litre,30.08,2026-06-17T10:00:00+07:00,material_consumption_00263_1,Tiêu hao thực tế đối chiếu với phiếu xuất.
production_order_2026_00263,rm_0206,issue_2026_00263,2,kg,32.9,2026-06-17T11:00:00+07:00,material_consumption_00263_2,Tiêu hao thực tế đối chiếu với phiếu xuất.
production_order_2026_00264,rm_0207,issue_2026_00264,1,kg,31.35,2026-06-18T10:00:00+07:00,material_consumption_00264_1,Tiêu hao thực tế đối chiếu với phiếu xuất.
production_order_2026_00264,rm_0208,issue_2026_00264,2,kg,34.2,2026-06-18T11:00:00+07:00,material_consumption_00264_2,Tiêu hao thực tế đối chiếu với phiếu xuất.
production_order_2026_00265,rm_0209,issue_2026_00265,1,kg,32.64,2026-07-18T10:00:00+07:00,material_consumption_00265_1,Tiêu hao thực tế đối chiếu với phiếu xuất.
production_order_2026_00265,rm_0210,issue_2026_00265,2,kg,35.52,2026-07-18T11:00:00+07:00,material_consumption_00265_2,Tiêu hao thực tế đối chiếu với phiếu xuất.
production_order_2026_00266,rm_0211,issue_2026_00266,1,kg,32.2,2026-07-19T10:00:00+07:00,material_consumption_00266_1,Tiêu hao thực tế đối chiếu với phiếu xuất.
production_order_2026_00266,rm_0212,issue_2026_00266,2,kg,34.96,2026-07-19T11:00:00+07:00,material_consumption_00266_2,Tiêu hao thực tế đối chiếu với phiếu xuất.
production_order_2026_00267,rm_0213,issue_2026_00267,1,kg,33.48,2026-08-23T10:00:00+07:00,material_consumption_00267_1,Tiêu hao thực tế đối chiếu với phiếu xuất.
production_order_2026_00267,rm_0214,issue_2026_00267,2,kg,36.27,2026-08-23T11:00:00+07:00,material_consumption_00267_2,Tiêu hao thực tế đối chiếu với phiếu xuất.
production_order_2026_00268,rm_0215,issue_2026_00268,1,kg,34.78,2026-08-24T10:00:00+07:00,material_consumption_00268_1,Tiêu hao thực tế đối chiếu với phiếu xuất.
production_order_2026_00268,rm_0216,issue_2026_00268,2,kg,37.6,2026-08-24T11:00:00+07:00,material_consumption_00268_2,Tiêu hao thực tế đối chiếu với phiếu xuất.
production_order_2026_00269,rm_0217,issue_2026_00269,1,kg,36.1,2026-09-04T10:00:00+07:00,material_consumption_00269_1,Tiêu hao thực tế đối chiếu với phiếu xuất.
production_order_2026_00269,rm_0218,issue_2026_00269,2,kg,38.95,2026-09-04T11:00:00+07:00,material_consumption_00269_2,Tiêu hao thực tế đối chiếu với phiếu xuất.
production_order_2026_00270,rm_0219,issue_2026_00270,1,kg,37.44,2026-09-05T10:00:00+07:00,material_consumption_00270_1,Tiêu hao thực tế đối chiếu với phiếu xuất.
production_order_2026_00270,rm_0220,issue_2026_00270,2,kg,40.32,2026-09-05T11:00:00+07:00,material_consumption_00270_2,Tiêu hao thực tế đối chiếu với phiếu xuất.
production_order_2026_00271,rm_0221,issue_2026_00271,1,kg,36.8,2026-01-09T10:00:00+07:00,material_consumption_00271_1,Tiêu hao thực tế đối chiếu với phiếu xuất.
production_order_2026_00271,rm_0222,issue_2026_00271,2,kg,39.56,2026-01-09T11:00:00+07:00,material_consumption_00271_2,Tiêu hao thực tế đối chiếu với phiếu xuất.
production_order_2026_00272,rm_0223,issue_2026_00272,1,kg,38.13,2026-01-10T10:00:00+07:00,material_consumption_00272_1,Tiêu hao thực tế đối chiếu với phiếu xuất.
production_order_2026_00272,rm_0224,issue_2026_00272,2,kg,40.92,2026-01-10T11:00:00+07:00,material_consumption_00272_2,Tiêu hao thực tế đối chiếu với phiếu xuất.
production_order_2026_00273,rm_0225,issue_2026_00273,1,litre,39.48,2026-02-10T10:00:00+07:00,material_consumption_00273_1,Tiêu hao thực tế đối chiếu với phiếu xuất.
production_order_2026_00273,rm_0226,issue_2026_00273,2,litre,42.3,2026-02-10T11:00:00+07:00,material_consumption_00273_2,Tiêu hao thực tế đối chiếu với phiếu xuất.
production_order_2026_00274,rm_0227,issue_2026_00274,1,litre,40.85,2026-02-11T10:00:00+07:00,material_consumption_00274_1,Tiêu hao thực tế đối chiếu với phiếu xuất.
production_order_2026_00274,rm_0228,issue_2026_00274,2,litre,43.7,2026-02-11T11:00:00+07:00,material_consumption_00274_2,Tiêu hao thực tế đối chiếu với phiếu xuất.
production_order_2026_00275,rm_0229,issue_2026_00275,1,litre,42.24,2026-03-15T10:00:00+07:00,material_consumption_00275_1,Tiêu hao thực tế đối chiếu với phiếu xuất.
production_order_2026_00275,rm_0230,issue_2026_00275,2,litre,45.12,2026-03-15T11:00:00+07:00,material_consumption_00275_2,Tiêu hao thực tế đối chiếu với phiếu xuất.
production_order_2026_00276,rm_0231,issue_2026_00276,1,kg,41.4,2026-03-16T10:00:00+07:00,material_consumption_00276_1,Tiêu hao thực tế đối chiếu với phiếu xuất.
production_order_2026_00276,rm_0232,issue_2026_00276,2,kg,44.16,2026-03-16T11:00:00+07:00,material_consumption_00276_2,Tiêu hao thực tế đối chiếu với phiếu xuất.
production_order_2026_00277,rm_0233,issue_2026_00277,1,kg,42.78,2026-04-16T10:00:00+07:00,material_consumption_00277_1,Tiêu hao thực tế đối chiếu với phiếu xuất.
production_order_2026_00277,rm_0234,issue_2026_00277,2,kg,45.57,2026-04-16T11:00:00+07:00,material_consumption_00277_2,Tiêu hao thực tế đối chiếu với phiếu xuất.
production_order_2026_00278,rm_0235,issue_2026_00278,1,kg,44.18,2026-04-17T10:00:00+07:00,material_consumption_00278_1,Tiêu hao thực tế đối chiếu với phiếu xuất.
production_order_2026_00278,rm_0236,issue_2026_00278,2,kg,9.4,2026-04-17T11:00:00+07:00,material_consumption_00278_2,Tiêu hao thực tế đối chiếu với phiếu xuất.
production_order_2026_00279,rm_0237,issue_2026_00279,1,kg,45.6,2026-05-21T10:00:00+07:00,material_consumption_00279_1,Tiêu hao thực tế đối chiếu với phiếu xuất.
production_order_2026_00279,rm_0238,issue_2026_00279,2,kg,10.45,2026-05-21T11:00:00+07:00,material_consumption_00279_2,Tiêu hao thực tế đối chiếu với phiếu xuất.
production_order_2026_00280,rm_0239,issue_2026_00280,1,kg,47.04,2026-05-22T10:00:00+07:00,material_consumption_00280_1,Tiêu hao thực tế đối chiếu với phiếu xuất.
production_order_2026_00280,rm_0240,issue_2026_00280,2,kg,11.52,2026-05-22T11:00:00+07:00,material_consumption_00280_2,Tiêu hao thực tế đối chiếu với phiếu xuất.
production_order_2026_00281,rm_0241,issue_2026_00281,1,piece,9.2,2026-06-02T10:00:00+07:00,material_consumption_00281_1,Tiêu hao thực tế đối chiếu với phiếu xuất.
production_order_2026_00281,rm_0242,issue_2026_00281,2,piece,11.96,2026-06-02T11:00:00+07:00,material_consumption_00281_2,Tiêu hao thực tế đối chiếu với phiếu xuất.
production_order_2026_00282,rm_0243,issue_2026_00282,1,piece,10.23,2026-06-03T10:00:00+07:00,material_consumption_00282_1,Tiêu hao thực tế đối chiếu với phiếu xuất.
production_order_2026_00282,rm_0244,issue_2026_00282,2,piece,13.02,2026-06-03T11:00:00+07:00,material_consumption_00282_2,Tiêu hao thực tế đối chiếu với phiếu xuất.
production_order_2026_00283,rm_0245,issue_2026_00283,1,piece,11.28,2026-07-07T10:00:00+07:00,material_consumption_00283_1,Tiêu hao thực tế đối chiếu với phiếu xuất.
production_order_2026_00283,rm_0246,issue_2026_00283,2,piece,14.1,2026-07-07T11:00:00+07:00,material_consumption_00283_2,Tiêu hao thực tế đối chiếu với phiếu xuất.
production_order_2026_00284,rm_0247,issue_2026_00284,1,piece,12.35,2026-07-08T10:00:00+07:00,material_consumption_00284_1,Tiêu hao thực tế đối chiếu với phiếu xuất.
production_order_2026_00284,rm_0248,issue_2026_00284,2,piece,15.2,2026-07-08T11:00:00+07:00,material_consumption_00284_2,Tiêu hao thực tế đối chiếu với phiếu xuất.
production_order_2026_00285,rm_0249,issue_2026_00285,1,piece,13.44,2026-08-08T10:00:00+07:00,material_consumption_00285_1,Tiêu hao thực tế đối chiếu với phiếu xuất.
production_order_2026_00285,rm_0250,issue_2026_00285,2,kg,16.32,2026-08-08T11:00:00+07:00,material_consumption_00285_2,Tiêu hao thực tế đối chiếu với phiếu xuất.
production_order_2026_00286,rm_0251,issue_2026_00286,1,piece,13.8,2026-08-09T10:00:00+07:00,material_consumption_00286_1,Tiêu hao thực tế đối chiếu với phiếu xuất.
production_order_2026_00286,rm_0252,issue_2026_00286,2,piece,16.56,2026-08-09T11:00:00+07:00,material_consumption_00286_2,Tiêu hao thực tế đối chiếu với phiếu xuất.
production_order_2026_00287,rm_0253,issue_2026_00287,1,piece,14.88,2026-09-13T10:00:00+07:00,material_consumption_00287_1,Tiêu hao thực tế đối chiếu với phiếu xuất.
production_order_2026_00287,rm_0254,issue_2026_00287,2,piece,17.67,2026-09-13T11:00:00+07:00,material_consumption_00287_2,Tiêu hao thực tế đối chiếu với phiếu xuất.
production_order_2026_00288,rm_0255,issue_2026_00288,1,piece,15.98,2026-09-14T10:00:00+07:00,material_consumption_00288_1,Tiêu hao thực tế đối chiếu với phiếu xuất.
production_order_2026_00288,rm_0256,issue_2026_00288,2,piece,18.8,2026-09-14T11:00:00+07:00,material_consumption_00288_2,Tiêu hao thực tế đối chiếu với phiếu xuất.
production_order_2026_00289,rm_0257,issue_2026_00289,1,litre,17.1,2026-01-14T10:00:00+07:00,material_consumption_00289_1,Tiêu hao thực tế đối chiếu với phiếu xuất.
production_order_2026_00289,rm_0258,issue_2026_00289,2,kg,19.95,2026-01-14T11:00:00+07:00,material_consumption_00289_2,Tiêu hao thực tế đối chiếu với phiếu xuất.
production_order_2026_00290,rm_0259,issue_2026_00290,1,kg,18.24,2026-01-15T10:00:00+07:00,material_consumption_00290_1,Tiêu hao thực tế đối chiếu với phiếu xuất.
production_order_2026_00290,rm_0260,issue_2026_00290,2,kg,21.12,2026-01-15T11:00:00+07:00,material_consumption_00290_2,Tiêu hao thực tế đối chiếu với phiếu xuất.
production_order_2026_00291,rm_0261,issue_2026_00291,1,kg,18.4,2026-02-19T10:00:00+07:00,material_consumption_00291_1,Tiêu hao thực tế đối chiếu với phiếu xuất.
production_order_2026_00291,rm_0262,issue_2026_00291,2,kg,21.16,2026-02-19T11:00:00+07:00,material_consumption_00291_2,Tiêu hao thực tế đối chiếu với phiếu xuất.
production_order_2026_00292,rm_0263,issue_2026_00292,1,kg,19.53,2026-02-20T10:00:00+07:00,material_consumption_00292_1,Tiêu hao thực tế đối chiếu với phiếu xuất.
production_order_2026_00292,rm_0264,issue_2026_00292,2,litre,22.32,2026-02-20T11:00:00+07:00,material_consumption_00292_2,Tiêu hao thực tế đối chiếu với phiếu xuất.
production_order_2026_00293,rm_0265,issue_2026_00293,1,kg,20.68,2026-03-20T10:00:00+07:00,material_consumption_00293_1,Tiêu hao thực tế đối chiếu với phiếu xuất.
production_order_2026_00293,rm_0266,issue_2026_00293,2,kg,23.5,2026-03-20T11:00:00+07:00,material_consumption_00293_2,Tiêu hao thực tế đối chiếu với phiếu xuất.
production_order_2026_00294,rm_0267,issue_2026_00294,1,kg,21.85,2026-03-21T10:00:00+07:00,material_consumption_00294_1,Tiêu hao thực tế đối chiếu với phiếu xuất.
production_order_2026_00294,rm_0268,issue_2026_00294,2,kg,24.7,2026-03-21T11:00:00+07:00,material_consumption_00294_2,Tiêu hao thực tế đối chiếu với phiếu xuất.
production_order_2026_00295,rm_0269,issue_2026_00295,1,litre,23.04,2026-04-05T10:00:00+07:00,material_consumption_00295_1,Tiêu hao thực tế đối chiếu với phiếu xuất.
production_order_2026_00295,rm_0270,issue_2026_00295,2,kg,25.92,2026-04-05T11:00:00+07:00,material_consumption_00295_2,Tiêu hao thực tế đối chiếu với phiếu xuất.
production_order_2026_00296,rm_0271,issue_2026_00296,1,kg,23.0,2026-04-06T10:00:00+07:00,material_consumption_00296_1,Tiêu hao thực tế đối chiếu với phiếu xuất.
production_order_2026_00296,rm_0272,issue_2026_00296,2,kg,25.76,2026-04-06T11:00:00+07:00,material_consumption_00296_2,Tiêu hao thực tế đối chiếu với phiếu xuất.
production_order_2026_00297,rm_0273,issue_2026_00297,1,kg,24.18,2026-05-06T10:00:00+07:00,material_consumption_00297_1,Tiêu hao thực tế đối chiếu với phiếu xuất.
production_order_2026_00297,rm_0274,issue_2026_00297,2,kg,26.97,2026-05-06T11:00:00+07:00,material_consumption_00297_2,Tiêu hao thực tế đối chiếu với phiếu xuất.
production_order_2026_00298,rm_0275,issue_2026_00298,1,kg,25.38,2026-05-07T10:00:00+07:00,material_consumption_00298_1,Tiêu hao thực tế đối chiếu với phiếu xuất.
production_order_2026_00298,rm_0276,issue_2026_00298,2,kg,28.2,2026-05-07T11:00:00+07:00,material_consumption_00298_2,Tiêu hao thực tế đối chiếu với phiếu xuất.
production_order_2026_00299,rm_0277,issue_2026_00299,1,kg,26.6,2026-06-11T10:00:00+07:00,material_consumption_00299_1,Tiêu hao thực tế đối chiếu với phiếu xuất.
production_order_2026_00299,rm_0278,issue_2026_00299,2,kg,29.45,2026-06-11T11:00:00+07:00,material_consumption_00299_2,Tiêu hao thực tế đối chiếu với phiếu xuất.
production_order_2026_00300,rm_0279,issue_2026_00300,1,kg,27.84,2026-06-12T10:00:00+07:00,material_consumption_00300_1,Tiêu hao thực tế đối chiếu với phiếu xuất.
production_order_2026_00300,rm_0280,issue_2026_00300,2,kg,30.72,2026-06-12T11:00:00+07:00,material_consumption_00300_2,Tiêu hao thực tế đối chiếu với phiếu xuất.
production_order_2026_00301,rm_0281,issue_2026_00301,1,kg,27.6,2026-07-12T10:00:00+07:00,material_consumption_00301_1,Tiêu hao thực tế đối chiếu với phiếu xuất.
production_order_2026_00301,rm_0282,issue_2026_00301,2,kg,30.36,2026-07-12T11:00:00+07:00,material_consumption_00301_2,Tiêu hao thực tế đối chiếu với phiếu xuất.
production_order_2026_00302,rm_0283,issue_2026_00302,1,kg,28.83,2026-07-13T10:00:00+07:00,material_consumption_00302_1,Tiêu hao thực tế đối chiếu với phiếu xuất.
production_order_2026_00302,rm_0284,issue_2026_00302,2,kg,31.62,2026-07-13T11:00:00+07:00,material_consumption_00302_2,Tiêu hao thực tế đối chiếu với phiếu xuất.
production_order_2026_00303,rm_0285,issue_2026_00303,1,kg,30.08,2026-08-17T10:00:00+07:00,material_consumption_00303_1,Tiêu hao thực tế đối chiếu với phiếu xuất.
production_order_2026_00303,rm_0286,issue_2026_00303,2,kg,32.9,2026-08-17T11:00:00+07:00,material_consumption_00303_2,Tiêu hao thực tế đối chiếu với phiếu xuất.
production_order_2026_00304,rm_0287,issue_2026_00304,1,kg,31.35,2026-08-18T10:00:00+07:00,material_consumption_00304_1,Tiêu hao thực tế đối chiếu với phiếu xuất.
production_order_2026_00304,rm_0288,issue_2026_00304,2,kg,34.2,2026-08-18T11:00:00+07:00,material_consumption_00304_2,Tiêu hao thực tế đối chiếu với phiếu xuất.
production_order_2026_00305,rm_0289,issue_2026_00305,1,litre,32.64,2026-09-18T10:00:00+07:00,material_consumption_00305_1,Tiêu hao thực tế đối chiếu với phiếu xuất.
production_order_2026_00305,rm_0290,issue_2026_00305,2,litre,35.52,2026-09-18T11:00:00+07:00,material_consumption_00305_2,Tiêu hao thực tế đối chiếu với phiếu xuất.
production_order_2026_00306,rm_0291,issue_2026_00306,1,litre,32.2,2026-09-19T10:00:00+07:00,material_consumption_00306_1,Tiêu hao thực tế đối chiếu với phiếu xuất.
production_order_2026_00306,rm_0292,issue_2026_00306,2,litre,34.96,2026-09-19T11:00:00+07:00,material_consumption_00306_2,Tiêu hao thực tế đối chiếu với phiếu xuất.
production_order_2026_00307,rm_0293,issue_2026_00307,1,litre,33.48,2026-01-23T10:00:00+07:00,material_consumption_00307_1,Tiêu hao thực tế đối chiếu với phiếu xuất.
production_order_2026_00307,rm_0294,issue_2026_00307,2,litre,36.27,2026-01-23T11:00:00+07:00,material_consumption_00307_2,Tiêu hao thực tế đối chiếu với phiếu xuất.
production_order_2026_00308,rm_0295,issue_2026_00308,1,kg,34.78,2026-01-24T10:00:00+07:00,material_consumption_00308_1,Tiêu hao thực tế đối chiếu với phiếu xuất.
production_order_2026_00308,rm_0296,issue_2026_00308,2,kg,37.6,2026-01-24T11:00:00+07:00,material_consumption_00308_2,Tiêu hao thực tế đối chiếu với phiếu xuất.
production_order_2026_00309,rm_0297,issue_2026_00309,1,kg,36.1,2026-02-04T10:00:00+07:00,material_consumption_00309_1,Tiêu hao thực tế đối chiếu với phiếu xuất.
production_order_2026_00309,rm_0298,issue_2026_00309,2,kg,38.95,2026-02-04T11:00:00+07:00,material_consumption_00309_2,Tiêu hao thực tế đối chiếu với phiếu xuất.
production_order_2026_00310,rm_0299,issue_2026_00310,1,kg,37.44,2026-02-05T10:00:00+07:00,material_consumption_00310_1,Tiêu hao thực tế đối chiếu với phiếu xuất.
production_order_2026_00310,rm_0300,issue_2026_00310,2,kg,40.32,2026-02-05T11:00:00+07:00,material_consumption_00310_2,Tiêu hao thực tế đối chiếu với phiếu xuất.
production_order_2026_00311,rm_0301,issue_2026_00311,1,kg,36.8,2026-03-09T10:00:00+07:00,material_consumption_00311_1,Tiêu hao thực tế đối chiếu với phiếu xuất.
production_order_2026_00311,rm_0302,issue_2026_00311,2,kg,39.56,2026-03-09T11:00:00+07:00,material_consumption_00311_2,Tiêu hao thực tế đối chiếu với phiếu xuất.
production_order_2026_00312,rm_0303,issue_2026_00312,1,kg,38.13,2026-03-10T10:00:00+07:00,material_consumption_00312_1,Tiêu hao thực tế đối chiếu với phiếu xuất.
production_order_2026_00312,rm_0304,issue_2026_00312,2,kg,40.92,2026-03-10T11:00:00+07:00,material_consumption_00312_2,Tiêu hao thực tế đối chiếu với phiếu xuất.
production_order_2026_00313,rm_0305,issue_2026_00313,1,piece,39.48,2026-04-10T10:00:00+07:00,material_consumption_00313_1,Tiêu hao thực tế đối chiếu với phiếu xuất.
production_order_2026_00313,rm_0306,issue_2026_00313,2,piece,42.3,2026-04-10T11:00:00+07:00,material_consumption_00313_2,Tiêu hao thực tế đối chiếu với phiếu xuất.
production_order_2026_00314,rm_0307,issue_2026_00314,1,piece,40.85,2026-04-11T10:00:00+07:00,material_consumption_00314_1,Tiêu hao thực tế đối chiếu với phiếu xuất.
production_order_2026_00314,rm_0308,issue_2026_00314,2,piece,43.7,2026-04-11T11:00:00+07:00,material_consumption_00314_2,Tiêu hao thực tế đối chiếu với phiếu xuất.
production_order_2026_00315,rm_0309,issue_2026_00315,1,piece,42.24,2026-05-15T10:00:00+07:00,material_consumption_00315_1,Tiêu hao thực tế đối chiếu với phiếu xuất.
production_order_2026_00315,rm_0310,issue_2026_00315,2,piece,45.12,2026-05-15T11:00:00+07:00,material_consumption_00315_2,Tiêu hao thực tế đối chiếu với phiếu xuất.
production_order_2026_00316,rm_0311,issue_2026_00316,1,piece,41.4,2026-05-16T10:00:00+07:00,material_consumption_00316_1,Tiêu hao thực tế đối chiếu với phiếu xuất.
production_order_2026_00316,rm_0312,issue_2026_00316,2,piece,44.16,2026-05-16T11:00:00+07:00,material_consumption_00316_2,Tiêu hao thực tế đối chiếu với phiếu xuất.
production_order_2026_00317,rm_0313,issue_2026_00317,1,piece,42.78,2026-06-16T10:00:00+07:00,material_consumption_00317_1,Tiêu hao thực tế đối chiếu với phiếu xuất.
production_order_2026_00317,rm_0314,issue_2026_00317,2,kg,45.57,2026-06-16T11:00:00+07:00,material_consumption_00317_2,Tiêu hao thực tế đối chiếu với phiếu xuất.
production_order_2026_00318,rm_0315,issue_2026_00318,1,piece,44.18,2026-06-17T10:00:00+07:00,material_consumption_00318_1,Tiêu hao thực tế đối chiếu với phiếu xuất.
production_order_2026_00318,rm_0316,issue_2026_00318,2,piece,9.4,2026-06-17T11:00:00+07:00,material_consumption_00318_2,Tiêu hao thực tế đối chiếu với phiếu xuất.
production_order_2026_00319,rm_0317,issue_2026_00319,1,piece,45.6,2026-07-21T10:00:00+07:00,material_consumption_00319_1,Tiêu hao thực tế đối chiếu với phiếu xuất.
production_order_2026_00319,rm_0318,issue_2026_00319,2,piece,10.45,2026-07-21T11:00:00+07:00,material_consumption_00319_2,Tiêu hao thực tế đối chiếu với phiếu xuất.
production_order_2026_00320,rm_0319,issue_2026_00320,1,piece,47.04,2026-07-22T10:00:00+07:00,material_consumption_00320_1,Tiêu hao thực tế đối chiếu với phiếu xuất.
production_order_2026_00320,rm_0320,issue_2026_00320,2,piece,11.52,2026-07-22T11:00:00+07:00,material_consumption_00320_2,Tiêu hao thực tế đối chiếu với phiếu xuất.
production_order_2026_00321,rm_0001,issue_2026_00321,1,litre,9.2,2026-08-02T10:00:00+07:00,material_consumption_00321_1,Tiêu hao thực tế đối chiếu với phiếu xuất.
production_order_2026_00321,rm_0002,issue_2026_00321,2,kg,11.96,2026-08-02T11:00:00+07:00,material_consumption_00321_2,Tiêu hao thực tế đối chiếu với phiếu xuất.
production_order_2026_00322,rm_0003,issue_2026_00322,1,kg,10.23,2026-08-03T10:00:00+07:00,material_consumption_00322_1,Tiêu hao thực tế đối chiếu với phiếu xuất.
production_order_2026_00322,rm_0004,issue_2026_00322,2,kg,13.02,2026-08-03T11:00:00+07:00,material_consumption_00322_2,Tiêu hao thực tế đối chiếu với phiếu xuất.
production_order_2026_00323,rm_0005,issue_2026_00323,1,kg,11.28,2026-09-07T10:00:00+07:00,material_consumption_00323_1,Tiêu hao thực tế đối chiếu với phiếu xuất.
production_order_2026_00323,rm_0006,issue_2026_00323,2,kg,14.1,2026-09-07T11:00:00+07:00,material_consumption_00323_2,Tiêu hao thực tế đối chiếu với phiếu xuất.
production_order_2026_00324,rm_0007,issue_2026_00324,1,kg,12.35,2026-09-08T10:00:00+07:00,material_consumption_00324_1,Tiêu hao thực tế đối chiếu với phiếu xuất.
production_order_2026_00324,rm_0008,issue_2026_00324,2,litre,15.2,2026-09-08T11:00:00+07:00,material_consumption_00324_2,Tiêu hao thực tế đối chiếu với phiếu xuất.
production_order_2026_00325,rm_0009,issue_2026_00325,1,kg,13.44,2026-01-08T10:00:00+07:00,material_consumption_00325_1,Tiêu hao thực tế đối chiếu với phiếu xuất.
production_order_2026_00325,rm_0010,issue_2026_00325,2,kg,16.32,2026-01-08T11:00:00+07:00,material_consumption_00325_2,Tiêu hao thực tế đối chiếu với phiếu xuất.
production_order_2026_00326,rm_0011,issue_2026_00326,1,kg,13.8,2026-01-09T10:00:00+07:00,material_consumption_00326_1,Tiêu hao thực tế đối chiếu với phiếu xuất.
production_order_2026_00326,rm_0012,issue_2026_00326,2,kg,16.56,2026-01-09T11:00:00+07:00,material_consumption_00326_2,Tiêu hao thực tế đối chiếu với phiếu xuất.
production_order_2026_00327,rm_0013,issue_2026_00327,1,litre,14.88,2026-02-13T10:00:00+07:00,material_consumption_00327_1,Tiêu hao thực tế đối chiếu với phiếu xuất.
production_order_2026_00327,rm_0014,issue_2026_00327,2,kg,17.67,2026-02-13T11:00:00+07:00,material_consumption_00327_2,Tiêu hao thực tế đối chiếu với phiếu xuất.
production_order_2026_00328,rm_0015,issue_2026_00328,1,kg,15.98,2026-02-14T10:00:00+07:00,material_consumption_00328_1,Tiêu hao thực tế đối chiếu với phiếu xuất.
production_order_2026_00328,rm_0016,issue_2026_00328,2,kg,18.8,2026-02-14T11:00:00+07:00,material_consumption_00328_2,Tiêu hao thực tế đối chiếu với phiếu xuất.
production_order_2026_00329,rm_0017,issue_2026_00329,1,kg,17.1,2026-03-14T10:00:00+07:00,material_consumption_00329_1,Tiêu hao thực tế đối chiếu với phiếu xuất.
production_order_2026_00329,rm_0018,issue_2026_00329,2,kg,19.95,2026-03-14T11:00:00+07:00,material_consumption_00329_2,Tiêu hao thực tế đối chiếu với phiếu xuất.
production_order_2026_00330,rm_0019,issue_2026_00330,1,kg,18.24,2026-03-15T10:00:00+07:00,material_consumption_00330_1,Tiêu hao thực tế đối chiếu với phiếu xuất.
production_order_2026_00330,rm_0020,issue_2026_00330,2,kg,21.12,2026-03-15T11:00:00+07:00,material_consumption_00330_2,Tiêu hao thực tế đối chiếu với phiếu xuất.
production_order_2026_00331,rm_0021,issue_2026_00331,1,kg,18.4,2026-04-19T10:00:00+07:00,material_consumption_00331_1,Tiêu hao thực tế đối chiếu với phiếu xuất.
production_order_2026_00331,rm_0022,issue_2026_00331,2,kg,21.16,2026-04-19T11:00:00+07:00,material_consumption_00331_2,Tiêu hao thực tế đối chiếu với phiếu xuất.
production_order_2026_00332,rm_0023,issue_2026_00332,1,kg,19.53,2026-04-20T10:00:00+07:00,material_consumption_00332_1,Tiêu hao thực tế đối chiếu với phiếu xuất.
production_order_2026_00332,rm_0024,issue_2026_00332,2,kg,22.32,2026-04-20T11:00:00+07:00,material_consumption_00332_2,Tiêu hao thực tế đối chiếu với phiếu xuất.
production_order_2026_00333,rm_0025,issue_2026_00333,1,kg,20.68,2026-05-20T10:00:00+07:00,material_consumption_00333_1,Tiêu hao thực tế đối chiếu với phiếu xuất.
production_order_2026_00333,rm_0026,issue_2026_00333,2,kg,23.5,2026-05-20T11:00:00+07:00,material_consumption_00333_2,Tiêu hao thực tế đối chiếu với phiếu xuất.
production_order_2026_00334,rm_0027,issue_2026_00334,1,kg,21.85,2026-05-21T10:00:00+07:00,material_consumption_00334_1,Tiêu hao thực tế đối chiếu với phiếu xuất.
production_order_2026_00334,rm_0028,issue_2026_00334,2,kg,24.7,2026-05-21T11:00:00+07:00,material_consumption_00334_2,Tiêu hao thực tế đối chiếu với phiếu xuất.
production_order_2026_00335,rm_0029,issue_2026_00335,1,kg,23.04,2026-06-05T10:00:00+07:00,material_consumption_00335_1,Tiêu hao thực tế đối chiếu với phiếu xuất.
production_order_2026_00335,rm_0030,issue_2026_00335,2,kg,25.92,2026-06-05T11:00:00+07:00,material_consumption_00335_2,Tiêu hao thực tế đối chiếu với phiếu xuất.
production_order_2026_00336,rm_0031,issue_2026_00336,1,kg,23.0,2026-06-06T10:00:00+07:00,material_consumption_00336_1,Tiêu hao thực tế đối chiếu với phiếu xuất.
production_order_2026_00336,rm_0032,issue_2026_00336,2,kg,25.76,2026-06-06T11:00:00+07:00,material_consumption_00336_2,Tiêu hao thực tế đối chiếu với phiếu xuất.
production_order_2026_00337,rm_0033,issue_2026_00337,1,litre,24.18,2026-07-06T10:00:00+07:00,material_consumption_00337_1,Tiêu hao thực tế đối chiếu với phiếu xuất.
production_order_2026_00337,rm_0034,issue_2026_00337,2,litre,26.97,2026-07-06T11:00:00+07:00,material_consumption_00337_2,Tiêu hao thực tế đối chiếu với phiếu xuất.
production_order_2026_00338,rm_0035,issue_2026_00338,1,litre,25.38,2026-07-07T10:00:00+07:00,material_consumption_00338_1,Tiêu hao thực tế đối chiếu với phiếu xuất.
production_order_2026_00338,rm_0036,issue_2026_00338,2,litre,28.2,2026-07-07T11:00:00+07:00,material_consumption_00338_2,Tiêu hao thực tế đối chiếu với phiếu xuất.
production_order_2026_00339,rm_0037,issue_2026_00339,1,litre,26.6,2026-08-11T10:00:00+07:00,material_consumption_00339_1,Tiêu hao thực tế đối chiếu với phiếu xuất.
production_order_2026_00339,rm_0038,issue_2026_00339,2,litre,29.45,2026-08-11T11:00:00+07:00,material_consumption_00339_2,Tiêu hao thực tế đối chiếu với phiếu xuất.
production_order_2026_00340,rm_0039,issue_2026_00340,1,kg,27.84,2026-08-12T10:00:00+07:00,material_consumption_00340_1,Tiêu hao thực tế đối chiếu với phiếu xuất.
production_order_2026_00340,rm_0040,issue_2026_00340,2,kg,30.72,2026-08-12T11:00:00+07:00,material_consumption_00340_2,Tiêu hao thực tế đối chiếu với phiếu xuất.
production_order_2026_00341,rm_0041,issue_2026_00341,1,kg,27.6,2026-09-12T10:00:00+07:00,material_consumption_00341_1,Tiêu hao thực tế đối chiếu với phiếu xuất.
production_order_2026_00341,rm_0042,issue_2026_00341,2,kg,30.36,2026-09-12T11:00:00+07:00,material_consumption_00341_2,Tiêu hao thực tế đối chiếu với phiếu xuất.
production_order_2026_00342,rm_0043,issue_2026_00342,1,kg,28.83,2026-09-13T10:00:00+07:00,material_consumption_00342_1,Tiêu hao thực tế đối chiếu với phiếu xuất.
production_order_2026_00342,rm_0044,issue_2026_00342,2,kg,31.62,2026-09-13T11:00:00+07:00,material_consumption_00342_2,Tiêu hao thực tế đối chiếu với phiếu xuất.
production_order_2026_00343,rm_0045,issue_2026_00343,1,kg,30.08,2026-01-17T10:00:00+07:00,material_consumption_00343_1,Tiêu hao thực tế đối chiếu với phiếu xuất.
production_order_2026_00343,rm_0046,issue_2026_00343,2,kg,32.9,2026-01-17T11:00:00+07:00,material_consumption_00343_2,Tiêu hao thực tế đối chiếu với phiếu xuất.
production_order_2026_00344,rm_0047,issue_2026_00344,1,kg,31.35,2026-01-18T10:00:00+07:00,material_consumption_00344_1,Tiêu hao thực tế đối chiếu với phiếu xuất.
production_order_2026_00344,rm_0048,issue_2026_00344,2,kg,34.2,2026-01-18T11:00:00+07:00,material_consumption_00344_2,Tiêu hao thực tế đối chiếu với phiếu xuất.
production_order_2026_00345,rm_0049,issue_2026_00345,1,piece,32.64,2026-02-18T10:00:00+07:00,material_consumption_00345_1,Tiêu hao thực tế đối chiếu với phiếu xuất.
production_order_2026_00345,rm_0050,issue_2026_00345,2,piece,35.52,2026-02-18T11:00:00+07:00,material_consumption_00345_2,Tiêu hao thực tế đối chiếu với phiếu xuất.
production_order_2026_00346,rm_0051,issue_2026_00346,1,piece,32.2,2026-02-19T10:00:00+07:00,material_consumption_00346_1,Tiêu hao thực tế đối chiếu với phiếu xuất.
production_order_2026_00346,rm_0052,issue_2026_00346,2,piece,34.96,2026-02-19T11:00:00+07:00,material_consumption_00346_2,Tiêu hao thực tế đối chiếu với phiếu xuất.
production_order_2026_00347,rm_0053,issue_2026_00347,1,piece,33.48,2026-03-23T10:00:00+07:00,material_consumption_00347_1,Tiêu hao thực tế đối chiếu với phiếu xuất.
production_order_2026_00347,rm_0054,issue_2026_00347,2,piece,36.27,2026-03-23T11:00:00+07:00,material_consumption_00347_2,Tiêu hao thực tế đối chiếu với phiếu xuất.
production_order_2026_00348,rm_0055,issue_2026_00348,1,piece,34.78,2026-03-24T10:00:00+07:00,material_consumption_00348_1,Tiêu hao thực tế đối chiếu với phiếu xuất.
production_order_2026_00348,rm_0056,issue_2026_00348,2,piece,37.6,2026-03-24T11:00:00+07:00,material_consumption_00348_2,Tiêu hao thực tế đối chiếu với phiếu xuất.
production_order_2026_00349,rm_0057,issue_2026_00349,1,piece,36.1,2026-04-04T10:00:00+07:00,material_consumption_00349_1,Tiêu hao thực tế đối chiếu với phiếu xuất.
production_order_2026_00349,rm_0058,issue_2026_00349,2,kg,38.95,2026-04-04T11:00:00+07:00,material_consumption_00349_2,Tiêu hao thực tế đối chiếu với phiếu xuất.
production_order_2026_00350,rm_0059,issue_2026_00350,1,piece,37.44,2026-04-05T10:00:00+07:00,material_consumption_00350_1,Tiêu hao thực tế đối chiếu với phiếu xuất.
production_order_2026_00350,rm_0060,issue_2026_00350,2,piece,40.32,2026-04-05T11:00:00+07:00,material_consumption_00350_2,Tiêu hao thực tế đối chiếu với phiếu xuất.
production_order_2026_00351,rm_0061,issue_2026_00351,1,piece,36.8,2026-05-09T10:00:00+07:00,material_consumption_00351_1,Tiêu hao thực tế đối chiếu với phiếu xuất.
production_order_2026_00351,rm_0062,issue_2026_00351,2,piece,39.56,2026-05-09T11:00:00+07:00,material_consumption_00351_2,Tiêu hao thực tế đối chiếu với phiếu xuất.
production_order_2026_00352,rm_0063,issue_2026_00352,1,piece,38.13,2026-05-10T10:00:00+07:00,material_consumption_00352_1,Tiêu hao thực tế đối chiếu với phiếu xuất.
production_order_2026_00352,rm_0064,issue_2026_00352,2,piece,40.92,2026-05-10T11:00:00+07:00,material_consumption_00352_2,Tiêu hao thực tế đối chiếu với phiếu xuất.
production_order_2026_00353,rm_0065,issue_2026_00353,1,litre,39.48,2026-06-10T10:00:00+07:00,material_consumption_00353_1,Tiêu hao thực tế đối chiếu với phiếu xuất.
production_order_2026_00353,rm_0066,issue_2026_00353,2,kg,42.3,2026-06-10T11:00:00+07:00,material_consumption_00353_2,Tiêu hao thực tế đối chiếu với phiếu xuất.
production_order_2026_00354,rm_0067,issue_2026_00354,1,kg,40.85,2026-06-11T10:00:00+07:00,material_consumption_00354_1,Tiêu hao thực tế đối chiếu với phiếu xuất.
production_order_2026_00354,rm_0068,issue_2026_00354,2,kg,43.7,2026-06-11T11:00:00+07:00,material_consumption_00354_2,Tiêu hao thực tế đối chiếu với phiếu xuất.
production_order_2026_00355,rm_0069,issue_2026_00355,1,kg,42.24,2026-07-15T10:00:00+07:00,material_consumption_00355_1,Tiêu hao thực tế đối chiếu với phiếu xuất.
production_order_2026_00355,rm_0070,issue_2026_00355,2,kg,45.12,2026-07-15T11:00:00+07:00,material_consumption_00355_2,Tiêu hao thực tế đối chiếu với phiếu xuất.
production_order_2026_00356,rm_0071,issue_2026_00356,1,kg,41.4,2026-07-16T10:00:00+07:00,material_consumption_00356_1,Tiêu hao thực tế đối chiếu với phiếu xuất.
production_order_2026_00356,rm_0072,issue_2026_00356,2,litre,44.16,2026-07-16T11:00:00+07:00,material_consumption_00356_2,Tiêu hao thực tế đối chiếu với phiếu xuất.
production_order_2026_00357,rm_0073,issue_2026_00357,1,kg,42.78,2026-08-16T10:00:00+07:00,material_consumption_00357_1,Tiêu hao thực tế đối chiếu với phiếu xuất.
production_order_2026_00357,rm_0074,issue_2026_00357,2,kg,45.57,2026-08-16T11:00:00+07:00,material_consumption_00357_2,Tiêu hao thực tế đối chiếu với phiếu xuất.
production_order_2026_00358,rm_0075,issue_2026_00358,1,kg,44.18,2026-08-17T10:00:00+07:00,material_consumption_00358_1,Tiêu hao thực tế đối chiếu với phiếu xuất.
production_order_2026_00358,rm_0076,issue_2026_00358,2,kg,9.4,2026-08-17T11:00:00+07:00,material_consumption_00358_2,Tiêu hao thực tế đối chiếu với phiếu xuất.
production_order_2026_00359,rm_0077,issue_2026_00359,1,litre,45.6,2026-09-21T10:00:00+07:00,material_consumption_00359_1,Tiêu hao thực tế đối chiếu với phiếu xuất.
production_order_2026_00359,rm_0078,issue_2026_00359,2,kg,10.45,2026-09-21T11:00:00+07:00,material_consumption_00359_2,Tiêu hao thực tế đối chiếu với phiếu xuất.
production_order_2026_00360,rm_0079,issue_2026_00360,1,kg,47.04,2026-09-22T10:00:00+07:00,material_consumption_00360_1,Tiêu hao thực tế đối chiếu với phiếu xuất.
production_order_2026_00360,rm_0080,issue_2026_00360,2,kg,11.52,2026-09-22T11:00:00+07:00,material_consumption_00360_2,Tiêu hao thực tế đối chiếu với phiếu xuất.
production_order_2026_00361,rm_0081,issue_2026_00361,1,kg,9.2,2026-01-02T10:00:00+07:00,material_consumption_00361_1,Tiêu hao thực tế đối chiếu với phiếu xuất.
production_order_2026_00361,rm_0082,issue_2026_00361,2,kg,11.96,2026-01-02T11:00:00+07:00,material_consumption_00361_2,Tiêu hao thực tế đối chiếu với phiếu xuất.
production_order_2026_00362,rm_0083,issue_2026_00362,1,kg,10.23,2026-01-03T10:00:00+07:00,material_consumption_00362_1,Tiêu hao thực tế đối chiếu với phiếu xuất.
production_order_2026_00362,rm_0084,issue_2026_00362,2,kg,13.02,2026-01-03T11:00:00+07:00,material_consumption_00362_2,Tiêu hao thực tế đối chiếu với phiếu xuất.
production_order_2026_00363,rm_0085,issue_2026_00363,1,kg,11.28,2026-02-07T10:00:00+07:00,material_consumption_00363_1,Tiêu hao thực tế đối chiếu với phiếu xuất.
production_order_2026_00363,rm_0086,issue_2026_00363,2,kg,14.1,2026-02-07T11:00:00+07:00,material_consumption_00363_2,Tiêu hao thực tế đối chiếu với phiếu xuất.
production_order_2026_00364,rm_0087,issue_2026_00364,1,kg,12.35,2026-02-08T10:00:00+07:00,material_consumption_00364_1,Tiêu hao thực tế đối chiếu với phiếu xuất.
production_order_2026_00364,rm_0088,issue_2026_00364,2,kg,15.2,2026-02-08T11:00:00+07:00,material_consumption_00364_2,Tiêu hao thực tế đối chiếu với phiếu xuất.
production_order_2026_00365,rm_0089,issue_2026_00365,1,kg,13.44,2026-03-08T10:00:00+07:00,material_consumption_00365_1,Tiêu hao thực tế đối chiếu với phiếu xuất.
production_order_2026_00365,rm_0090,issue_2026_00365,2,kg,16.32,2026-03-08T11:00:00+07:00,material_consumption_00365_2,Tiêu hao thực tế đối chiếu với phiếu xuất.
production_order_2026_00366,rm_0091,issue_2026_00366,1,kg,13.8,2026-03-09T10:00:00+07:00,material_consumption_00366_1,Tiêu hao thực tế đối chiếu với phiếu xuất.
production_order_2026_00366,rm_0092,issue_2026_00366,2,kg,16.56,2026-03-09T11:00:00+07:00,material_consumption_00366_2,Tiêu hao thực tế đối chiếu với phiếu xuất.
production_order_2026_00367,rm_0093,issue_2026_00367,1,kg,14.88,2026-04-13T10:00:00+07:00,material_consumption_00367_1,Tiêu hao thực tế đối chiếu với phiếu xuất.
production_order_2026_00367,rm_0094,issue_2026_00367,2,kg,17.67,2026-04-13T11:00:00+07:00,material_consumption_00367_2,Tiêu hao thực tế đối chiếu với phiếu xuất.
production_order_2026_00368,rm_0095,issue_2026_00368,1,kg,15.98,2026-04-14T10:00:00+07:00,material_consumption_00368_1,Tiêu hao thực tế đối chiếu với phiếu xuất.
production_order_2026_00368,rm_0096,issue_2026_00368,2,kg,18.8,2026-04-14T11:00:00+07:00,material_consumption_00368_2,Tiêu hao thực tế đối chiếu với phiếu xuất.
production_order_2026_00369,rm_0097,issue_2026_00369,1,litre,17.1,2026-05-14T10:00:00+07:00,material_consumption_00369_1,Tiêu hao thực tế đối chiếu với phiếu xuất.
production_order_2026_00369,rm_0098,issue_2026_00369,2,litre,19.95,2026-05-14T11:00:00+07:00,material_consumption_00369_2,Tiêu hao thực tế đối chiếu với phiếu xuất.
production_order_2026_00370,rm_0099,issue_2026_00370,1,litre,18.24,2026-05-15T10:00:00+07:00,material_consumption_00370_1,Tiêu hao thực tế đối chiếu với phiếu xuất.
production_order_2026_00370,rm_0100,issue_2026_00370,2,litre,21.12,2026-05-15T11:00:00+07:00,material_consumption_00370_2,Tiêu hao thực tế đối chiếu với phiếu xuất.
production_order_2026_00371,rm_0101,issue_2026_00371,1,litre,18.4,2026-06-19T10:00:00+07:00,material_consumption_00371_1,Tiêu hao thực tế đối chiếu với phiếu xuất.
production_order_2026_00371,rm_0102,issue_2026_00371,2,litre,21.16,2026-06-19T11:00:00+07:00,material_consumption_00371_2,Tiêu hao thực tế đối chiếu với phiếu xuất.
production_order_2026_00372,rm_0103,issue_2026_00372,1,kg,19.53,2026-06-20T10:00:00+07:00,material_consumption_00372_1,Tiêu hao thực tế đối chiếu với phiếu xuất.
production_order_2026_00372,rm_0104,issue_2026_00372,2,kg,22.32,2026-06-20T11:00:00+07:00,material_consumption_00372_2,Tiêu hao thực tế đối chiếu với phiếu xuất.
production_order_2026_00373,rm_0105,issue_2026_00373,1,kg,20.68,2026-07-20T10:00:00+07:00,material_consumption_00373_1,Tiêu hao thực tế đối chiếu với phiếu xuất.
production_order_2026_00373,rm_0106,issue_2026_00373,2,kg,23.5,2026-07-20T11:00:00+07:00,material_consumption_00373_2,Tiêu hao thực tế đối chiếu với phiếu xuất.
production_order_2026_00374,rm_0107,issue_2026_00374,1,kg,21.85,2026-07-21T10:00:00+07:00,material_consumption_00374_1,Tiêu hao thực tế đối chiếu với phiếu xuất.
production_order_2026_00374,rm_0108,issue_2026_00374,2,kg,24.7,2026-07-21T11:00:00+07:00,material_consumption_00374_2,Tiêu hao thực tế đối chiếu với phiếu xuất.
production_order_2026_00375,rm_0109,issue_2026_00375,1,kg,23.04,2026-08-05T10:00:00+07:00,material_consumption_00375_1,Tiêu hao thực tế đối chiếu với phiếu xuất.
production_order_2026_00375,rm_0110,issue_2026_00375,2,kg,25.92,2026-08-05T11:00:00+07:00,material_consumption_00375_2,Tiêu hao thực tế đối chiếu với phiếu xuất.
production_order_2026_00376,rm_0111,issue_2026_00376,1,kg,23.0,2026-08-06T10:00:00+07:00,material_consumption_00376_1,Tiêu hao thực tế đối chiếu với phiếu xuất.
production_order_2026_00376,rm_0112,issue_2026_00376,2,kg,25.76,2026-08-06T11:00:00+07:00,material_consumption_00376_2,Tiêu hao thực tế đối chiếu với phiếu xuất.
production_order_2026_00377,rm_0113,issue_2026_00377,1,piece,24.18,2026-09-06T10:00:00+07:00,material_consumption_00377_1,Tiêu hao thực tế đối chiếu với phiếu xuất.
production_order_2026_00377,rm_0114,issue_2026_00377,2,piece,26.97,2026-09-06T11:00:00+07:00,material_consumption_00377_2,Tiêu hao thực tế đối chiếu với phiếu xuất.
production_order_2026_00378,rm_0115,issue_2026_00378,1,piece,25.38,2026-09-07T10:00:00+07:00,material_consumption_00378_1,Tiêu hao thực tế đối chiếu với phiếu xuất.
production_order_2026_00378,rm_0116,issue_2026_00378,2,piece,28.2,2026-09-07T11:00:00+07:00,material_consumption_00378_2,Tiêu hao thực tế đối chiếu với phiếu xuất.
production_order_2026_00379,rm_0117,issue_2026_00379,1,piece,26.6,2026-01-11T10:00:00+07:00,material_consumption_00379_1,Tiêu hao thực tế đối chiếu với phiếu xuất.
production_order_2026_00379,rm_0118,issue_2026_00379,2,piece,29.45,2026-01-11T11:00:00+07:00,material_consumption_00379_2,Tiêu hao thực tế đối chiếu với phiếu xuất.
production_order_2026_00380,rm_0119,issue_2026_00380,1,piece,27.84,2026-01-12T10:00:00+07:00,material_consumption_00380_1,Tiêu hao thực tế đối chiếu với phiếu xuất.
production_order_2026_00380,rm_0120,issue_2026_00380,2,piece,30.72,2026-01-12T11:00:00+07:00,material_consumption_00380_2,Tiêu hao thực tế đối chiếu với phiếu xuất.
production_order_2026_00381,rm_0121,issue_2026_00381,1,piece,27.6,2026-02-12T10:00:00+07:00,material_consumption_00381_1,Tiêu hao thực tế đối chiếu với phiếu xuất.
production_order_2026_00381,rm_0122,issue_2026_00381,2,kg,30.36,2026-02-12T11:00:00+07:00,material_consumption_00381_2,Tiêu hao thực tế đối chiếu với phiếu xuất.
production_order_2026_00382,rm_0123,issue_2026_00382,1,piece,28.83,2026-02-13T10:00:00+07:00,material_consumption_00382_1,Tiêu hao thực tế đối chiếu với phiếu xuất.
production_order_2026_00382,rm_0124,issue_2026_00382,2,piece,31.62,2026-02-13T11:00:00+07:00,material_consumption_00382_2,Tiêu hao thực tế đối chiếu với phiếu xuất.
production_order_2026_00383,rm_0125,issue_2026_00383,1,piece,30.08,2026-03-17T10:00:00+07:00,material_consumption_00383_1,Tiêu hao thực tế đối chiếu với phiếu xuất.
production_order_2026_00383,rm_0126,issue_2026_00383,2,piece,32.9,2026-03-17T11:00:00+07:00,material_consumption_00383_2,Tiêu hao thực tế đối chiếu với phiếu xuất.
production_order_2026_00384,rm_0127,issue_2026_00384,1,piece,31.35,2026-03-18T10:00:00+07:00,material_consumption_00384_1,Tiêu hao thực tế đối chiếu với phiếu xuất.
production_order_2026_00384,rm_0128,issue_2026_00384,2,piece,34.2,2026-03-18T11:00:00+07:00,material_consumption_00384_2,Tiêu hao thực tế đối chiếu với phiếu xuất.
production_order_2026_00385,rm_0129,issue_2026_00385,1,litre,32.64,2026-04-18T10:00:00+07:00,material_consumption_00385_1,Tiêu hao thực tế đối chiếu với phiếu xuất.
production_order_2026_00385,rm_0130,issue_2026_00385,2,kg,35.52,2026-04-18T11:00:00+07:00,material_consumption_00385_2,Tiêu hao thực tế đối chiếu với phiếu xuất.
production_order_2026_00386,rm_0131,issue_2026_00386,1,kg,32.2,2026-04-19T10:00:00+07:00,material_consumption_00386_1,Tiêu hao thực tế đối chiếu với phiếu xuất.
production_order_2026_00386,rm_0132,issue_2026_00386,2,kg,34.96,2026-04-19T11:00:00+07:00,material_consumption_00386_2,Tiêu hao thực tế đối chiếu với phiếu xuất.
production_order_2026_00387,rm_0133,issue_2026_00387,1,kg,33.48,2026-05-23T10:00:00+07:00,material_consumption_00387_1,Tiêu hao thực tế đối chiếu với phiếu xuất.
production_order_2026_00387,rm_0134,issue_2026_00387,2,kg,36.27,2026-05-23T11:00:00+07:00,material_consumption_00387_2,Tiêu hao thực tế đối chiếu với phiếu xuất.
production_order_2026_00388,rm_0135,issue_2026_00388,1,kg,34.78,2026-05-24T10:00:00+07:00,material_consumption_00388_1,Tiêu hao thực tế đối chiếu với phiếu xuất.
production_order_2026_00388,rm_0136,issue_2026_00388,2,litre,37.6,2026-05-24T11:00:00+07:00,material_consumption_00388_2,Tiêu hao thực tế đối chiếu với phiếu xuất.
production_order_2026_00389,rm_0137,issue_2026_00389,1,kg,36.1,2026-06-04T10:00:00+07:00,material_consumption_00389_1,Tiêu hao thực tế đối chiếu với phiếu xuất.
production_order_2026_00389,rm_0138,issue_2026_00389,2,kg,38.95,2026-06-04T11:00:00+07:00,material_consumption_00389_2,Tiêu hao thực tế đối chiếu với phiếu xuất.
production_order_2026_00390,rm_0139,issue_2026_00390,1,kg,37.44,2026-06-05T10:00:00+07:00,material_consumption_00390_1,Tiêu hao thực tế đối chiếu với phiếu xuất.
production_order_2026_00390,rm_0140,issue_2026_00390,2,kg,40.32,2026-06-05T11:00:00+07:00,material_consumption_00390_2,Tiêu hao thực tế đối chiếu với phiếu xuất.
production_order_2026_00391,rm_0141,issue_2026_00391,1,litre,36.8,2026-07-09T10:00:00+07:00,material_consumption_00391_1,Tiêu hao thực tế đối chiếu với phiếu xuất.
production_order_2026_00391,rm_0142,issue_2026_00391,2,kg,39.56,2026-07-09T11:00:00+07:00,material_consumption_00391_2,Tiêu hao thực tế đối chiếu với phiếu xuất.
production_order_2026_00392,rm_0143,issue_2026_00392,1,kg,38.13,2026-07-10T10:00:00+07:00,material_consumption_00392_1,Tiêu hao thực tế đối chiếu với phiếu xuất.
production_order_2026_00392,rm_0144,issue_2026_00392,2,kg,40.92,2026-07-10T11:00:00+07:00,material_consumption_00392_2,Tiêu hao thực tế đối chiếu với phiếu xuất.
production_order_2026_00393,rm_0145,issue_2026_00393,1,kg,39.48,2026-08-10T10:00:00+07:00,material_consumption_00393_1,Tiêu hao thực tế đối chiếu với phiếu xuất.
production_order_2026_00393,rm_0146,issue_2026_00393,2,kg,42.3,2026-08-10T11:00:00+07:00,material_consumption_00393_2,Tiêu hao thực tế đối chiếu với phiếu xuất.
production_order_2026_00394,rm_0147,issue_2026_00394,1,kg,40.85,2026-08-11T10:00:00+07:00,material_consumption_00394_1,Tiêu hao thực tế đối chiếu với phiếu xuất.
production_order_2026_00394,rm_0148,issue_2026_00394,2,kg,43.7,2026-08-11T11:00:00+07:00,material_consumption_00394_2,Tiêu hao thực tế đối chiếu với phiếu xuất.
production_order_2026_00395,rm_0149,issue_2026_00395,1,kg,42.24,2026-09-15T10:00:00+07:00,material_consumption_00395_1,Tiêu hao thực tế đối chiếu với phiếu xuất.
production_order_2026_00395,rm_0150,issue_2026_00395,2,kg,45.12,2026-09-15T11:00:00+07:00,material_consumption_00395_2,Tiêu hao thực tế đối chiếu với phiếu xuất.
production_order_2026_00396,rm_0151,issue_2026_00396,1,kg,41.4,2026-09-16T10:00:00+07:00,material_consumption_00396_1,Tiêu hao thực tế đối chiếu với phiếu xuất.
production_order_2026_00396,rm_0152,issue_2026_00396,2,kg,44.16,2026-09-16T11:00:00+07:00,material_consumption_00396_2,Tiêu hao thực tế đối chiếu với phiếu xuất.
production_order_2026_00397,rm_0153,issue_2026_00397,1,kg,42.78,2026-01-16T10:00:00+07:00,material_consumption_00397_1,Tiêu hao thực tế đối chiếu với phiếu xuất.
production_order_2026_00397,rm_0154,issue_2026_00397,2,kg,45.57,2026-01-16T11:00:00+07:00,material_consumption_00397_2,Tiêu hao thực tế đối chiếu với phiếu xuất.
production_order_2026_00398,rm_0155,issue_2026_00398,1,kg,44.18,2026-01-17T10:00:00+07:00,material_consumption_00398_1,Tiêu hao thực tế đối chiếu với phiếu xuất.
production_order_2026_00398,rm_0156,issue_2026_00398,2,kg,9.4,2026-01-17T11:00:00+07:00,material_consumption_00398_2,Tiêu hao thực tế đối chiếu với phiếu xuất.
production_order_2026_00399,rm_0157,issue_2026_00399,1,kg,45.6,2026-02-21T10:00:00+07:00,material_consumption_00399_1,Tiêu hao thực tế đối chiếu với phiếu xuất.
production_order_2026_00399,rm_0158,issue_2026_00399,2,kg,10.45,2026-02-21T11:00:00+07:00,material_consumption_00399_2,Tiêu hao thực tế đối chiếu với phiếu xuất.
production_order_2026_00400,rm_0159,issue_2026_00400,1,kg,47.04,2026-02-22T10:00:00+07:00,material_consumption_00400_1,Tiêu hao thực tế đối chiếu với phiếu xuất.
production_order_2026_00400,rm_0160,issue_2026_00400,2,kg,11.52,2026-02-22T11:00:00+07:00,material_consumption_00400_2,Tiêu hao thực tế đối chiếu với phiếu xuất.
production_order_2026_00401,rm_0161,issue_2026_00401,1,litre,9.2,2026-03-02T10:00:00+07:00,material_consumption_00401_1,Tiêu hao thực tế đối chiếu với phiếu xuất.
production_order_2026_00401,rm_0162,issue_2026_00401,2,litre,11.96,2026-03-02T11:00:00+07:00,material_consumption_00401_2,Tiêu hao thực tế đối chiếu với phiếu xuất.
production_order_2026_00402,rm_0163,issue_2026_00402,1,litre,10.23,2026-03-03T10:00:00+07:00,material_consumption_00402_1,Tiêu hao thực tế đối chiếu với phiếu xuất.
production_order_2026_00402,rm_0164,issue_2026_00402,2,litre,13.02,2026-03-03T11:00:00+07:00,material_consumption_00402_2,Tiêu hao thực tế đối chiếu với phiếu xuất.
production_order_2026_00403,rm_0165,issue_2026_00403,1,litre,11.28,2026-04-07T10:00:00+07:00,material_consumption_00403_1,Tiêu hao thực tế đối chiếu với phiếu xuất.
production_order_2026_00403,rm_0166,issue_2026_00403,2,litre,14.1,2026-04-07T11:00:00+07:00,material_consumption_00403_2,Tiêu hao thực tế đối chiếu với phiếu xuất.
production_order_2026_00404,rm_0167,issue_2026_00404,1,kg,12.35,2026-04-08T10:00:00+07:00,material_consumption_00404_1,Tiêu hao thực tế đối chiếu với phiếu xuất.
production_order_2026_00404,rm_0168,issue_2026_00404,2,kg,15.2,2026-04-08T11:00:00+07:00,material_consumption_00404_2,Tiêu hao thực tế đối chiếu với phiếu xuất.
production_order_2026_00405,rm_0169,issue_2026_00405,1,kg,13.44,2026-05-08T10:00:00+07:00,material_consumption_00405_1,Tiêu hao thực tế đối chiếu với phiếu xuất.
production_order_2026_00405,rm_0170,issue_2026_00405,2,kg,16.32,2026-05-08T11:00:00+07:00,material_consumption_00405_2,Tiêu hao thực tế đối chiếu với phiếu xuất.
production_order_2026_00406,rm_0171,issue_2026_00406,1,kg,13.8,2026-05-09T10:00:00+07:00,material_consumption_00406_1,Tiêu hao thực tế đối chiếu với phiếu xuất.
production_order_2026_00406,rm_0172,issue_2026_00406,2,kg,16.56,2026-05-09T11:00:00+07:00,material_consumption_00406_2,Tiêu hao thực tế đối chiếu với phiếu xuất.
production_order_2026_00407,rm_0173,issue_2026_00407,1,kg,14.88,2026-06-13T10:00:00+07:00,material_consumption_00407_1,Tiêu hao thực tế đối chiếu với phiếu xuất.
production_order_2026_00407,rm_0174,issue_2026_00407,2,kg,17.67,2026-06-13T11:00:00+07:00,material_consumption_00407_2,Tiêu hao thực tế đối chiếu với phiếu xuất.
production_order_2026_00408,rm_0175,issue_2026_00408,1,kg,15.98,2026-06-14T10:00:00+07:00,material_consumption_00408_1,Tiêu hao thực tế đối chiếu với phiếu xuất.
production_order_2026_00408,rm_0176,issue_2026_00408,2,kg,18.8,2026-06-14T11:00:00+07:00,material_consumption_00408_2,Tiêu hao thực tế đối chiếu với phiếu xuất.
production_order_2026_00409,rm_0177,issue_2026_00409,1,piece,17.1,2026-07-14T10:00:00+07:00,material_consumption_00409_1,Tiêu hao thực tế đối chiếu với phiếu xuất.
production_order_2026_00409,rm_0178,issue_2026_00409,2,piece,19.95,2026-07-14T11:00:00+07:00,material_consumption_00409_2,Tiêu hao thực tế đối chiếu với phiếu xuất.
production_order_2026_00410,rm_0179,issue_2026_00410,1,piece,18.24,2026-07-15T10:00:00+07:00,material_consumption_00410_1,Tiêu hao thực tế đối chiếu với phiếu xuất.
production_order_2026_00410,rm_0180,issue_2026_00410,2,piece,21.12,2026-07-15T11:00:00+07:00,material_consumption_00410_2,Tiêu hao thực tế đối chiếu với phiếu xuất.
production_order_2026_00411,rm_0181,issue_2026_00411,1,piece,18.4,2026-08-19T10:00:00+07:00,material_consumption_00411_1,Tiêu hao thực tế đối chiếu với phiếu xuất.
production_order_2026_00411,rm_0182,issue_2026_00411,2,piece,21.16,2026-08-19T11:00:00+07:00,material_consumption_00411_2,Tiêu hao thực tế đối chiếu với phiếu xuất.
production_order_2026_00412,rm_0183,issue_2026_00412,1,piece,19.53,2026-08-20T10:00:00+07:00,material_consumption_00412_1,Tiêu hao thực tế đối chiếu với phiếu xuất.
production_order_2026_00412,rm_0184,issue_2026_00412,2,piece,22.32,2026-08-20T11:00:00+07:00,material_consumption_00412_2,Tiêu hao thực tế đối chiếu với phiếu xuất.
production_order_2026_00413,rm_0185,issue_2026_00413,1,piece,20.68,2026-09-20T10:00:00+07:00,material_consumption_00413_1,Tiêu hao thực tế đối chiếu với phiếu xuất.
production_order_2026_00413,rm_0186,issue_2026_00413,2,kg,23.5,2026-09-20T11:00:00+07:00,material_consumption_00413_2,Tiêu hao thực tế đối chiếu với phiếu xuất.
production_order_2026_00414,rm_0187,issue_2026_00414,1,piece,21.85,2026-09-21T10:00:00+07:00,material_consumption_00414_1,Tiêu hao thực tế đối chiếu với phiếu xuất.
production_order_2026_00414,rm_0188,issue_2026_00414,2,piece,24.7,2026-09-21T11:00:00+07:00,material_consumption_00414_2,Tiêu hao thực tế đối chiếu với phiếu xuất.
production_order_2026_00415,rm_0189,issue_2026_00415,1,piece,23.04,2026-01-05T10:00:00+07:00,material_consumption_00415_1,Tiêu hao thực tế đối chiếu với phiếu xuất.
production_order_2026_00415,rm_0190,issue_2026_00415,2,piece,25.92,2026-01-05T11:00:00+07:00,material_consumption_00415_2,Tiêu hao thực tế đối chiếu với phiếu xuất.
production_order_2026_00416,rm_0191,issue_2026_00416,1,piece,23.0,2026-01-06T10:00:00+07:00,material_consumption_00416_1,Tiêu hao thực tế đối chiếu với phiếu xuất.
production_order_2026_00416,rm_0192,issue_2026_00416,2,piece,25.76,2026-01-06T11:00:00+07:00,material_consumption_00416_2,Tiêu hao thực tế đối chiếu với phiếu xuất.
production_order_2026_00417,rm_0193,issue_2026_00417,1,litre,24.18,2026-02-06T10:00:00+07:00,material_consumption_00417_1,Tiêu hao thực tế đối chiếu với phiếu xuất.
production_order_2026_00417,rm_0194,issue_2026_00417,2,kg,26.97,2026-02-06T11:00:00+07:00,material_consumption_00417_2,Tiêu hao thực tế đối chiếu với phiếu xuất.
production_order_2026_00418,rm_0195,issue_2026_00418,1,kg,25.38,2026-02-07T10:00:00+07:00,material_consumption_00418_1,Tiêu hao thực tế đối chiếu với phiếu xuất.
production_order_2026_00418,rm_0196,issue_2026_00418,2,kg,28.2,2026-02-07T11:00:00+07:00,material_consumption_00418_2,Tiêu hao thực tế đối chiếu với phiếu xuất.
production_order_2026_00419,rm_0197,issue_2026_00419,1,kg,26.6,2026-03-11T10:00:00+07:00,material_consumption_00419_1,Tiêu hao thực tế đối chiếu với phiếu xuất.
production_order_2026_00419,rm_0198,issue_2026_00419,2,kg,29.45,2026-03-11T11:00:00+07:00,material_consumption_00419_2,Tiêu hao thực tế đối chiếu với phiếu xuất.
production_order_2026_00420,rm_0199,issue_2026_00420,1,kg,27.84,2026-03-12T10:00:00+07:00,material_consumption_00420_1,Tiêu hao thực tế đối chiếu với phiếu xuất.
production_order_2026_00420,rm_0200,issue_2026_00420,2,litre,30.72,2026-03-12T11:00:00+07:00,material_consumption_00420_2,Tiêu hao thực tế đối chiếu với phiếu xuất.
production_order_2026_00421,rm_0001,issue_2026_00001,1,litre,9.2,2026-04-12T10:00:00+07:00,material_consumption_00421_1,Tiêu hao thực tế đối chiếu với phiếu xuất.
production_order_2026_00421,rm_0002,issue_2026_00001,2,kg,11.96,2026-04-12T11:00:00+07:00,material_consumption_00421_2,Tiêu hao thực tế đối chiếu với phiếu xuất.
production_order_2026_00422,rm_0003,issue_2026_00002,1,kg,10.23,2026-04-13T10:00:00+07:00,material_consumption_00422_1,Tiêu hao thực tế đối chiếu với phiếu xuất.
production_order_2026_00422,rm_0004,issue_2026_00002,2,kg,13.02,2026-04-13T11:00:00+07:00,material_consumption_00422_2,Tiêu hao thực tế đối chiếu với phiếu xuất.
production_order_2026_00423,rm_0005,issue_2026_00003,1,kg,11.28,2026-05-17T10:00:00+07:00,material_consumption_00423_1,Tiêu hao thực tế đối chiếu với phiếu xuất.
production_order_2026_00423,rm_0006,issue_2026_00003,2,kg,14.1,2026-05-17T11:00:00+07:00,material_consumption_00423_2,Tiêu hao thực tế đối chiếu với phiếu xuất.
production_order_2026_00424,rm_0007,issue_2026_00004,1,kg,12.35,2026-05-18T10:00:00+07:00,material_consumption_00424_1,Tiêu hao thực tế đối chiếu với phiếu xuất.
production_order_2026_00424,rm_0008,issue_2026_00004,2,litre,15.2,2026-05-18T11:00:00+07:00,material_consumption_00424_2,Tiêu hao thực tế đối chiếu với phiếu xuất.
production_order_2026_00425,rm_0009,issue_2026_00005,1,kg,13.44,2026-06-18T10:00:00+07:00,material_consumption_00425_1,Tiêu hao thực tế đối chiếu với phiếu xuất.
production_order_2026_00425,rm_0010,issue_2026_00005,2,kg,16.32,2026-06-18T11:00:00+07:00,material_consumption_00425_2,Tiêu hao thực tế đối chiếu với phiếu xuất.
production_order_2026_00426,rm_0011,issue_2026_00006,1,kg,13.8,2026-06-19T10:00:00+07:00,material_consumption_00426_1,Tiêu hao thực tế đối chiếu với phiếu xuất.
production_order_2026_00426,rm_0012,issue_2026_00006,2,kg,16.56,2026-06-19T11:00:00+07:00,material_consumption_00426_2,Tiêu hao thực tế đối chiếu với phiếu xuất.
production_order_2026_00427,rm_0013,issue_2026_00007,1,litre,14.88,2026-07-23T10:00:00+07:00,material_consumption_00427_1,Tiêu hao thực tế đối chiếu với phiếu xuất.
production_order_2026_00427,rm_0014,issue_2026_00007,2,kg,17.67,2026-07-23T11:00:00+07:00,material_consumption_00427_2,Tiêu hao thực tế đối chiếu với phiếu xuất.
production_order_2026_00428,rm_0015,issue_2026_00008,1,kg,15.98,2026-07-24T10:00:00+07:00,material_consumption_00428_1,Tiêu hao thực tế đối chiếu với phiếu xuất.
production_order_2026_00428,rm_0016,issue_2026_00008,2,kg,18.8,2026-07-24T11:00:00+07:00,material_consumption_00428_2,Tiêu hao thực tế đối chiếu với phiếu xuất.
production_order_2026_00429,rm_0017,issue_2026_00009,1,kg,17.1,2026-08-04T10:00:00+07:00,material_consumption_00429_1,Tiêu hao thực tế đối chiếu với phiếu xuất.
production_order_2026_00429,rm_0018,issue_2026_00009,2,kg,19.95,2026-08-04T11:00:00+07:00,material_consumption_00429_2,Tiêu hao thực tế đối chiếu với phiếu xuất.
production_order_2026_00430,rm_0019,issue_2026_00010,1,kg,18.24,2026-08-05T10:00:00+07:00,material_consumption_00430_1,Tiêu hao thực tế đối chiếu với phiếu xuất.
production_order_2026_00430,rm_0020,issue_2026_00010,2,kg,21.12,2026-08-05T11:00:00+07:00,material_consumption_00430_2,Tiêu hao thực tế đối chiếu với phiếu xuất.
production_order_2026_00431,rm_0021,issue_2026_00011,1,kg,18.4,2026-09-09T10:00:00+07:00,material_consumption_00431_1,Tiêu hao thực tế đối chiếu với phiếu xuất.
production_order_2026_00431,rm_0022,issue_2026_00011,2,kg,21.16,2026-09-09T11:00:00+07:00,material_consumption_00431_2,Tiêu hao thực tế đối chiếu với phiếu xuất.
production_order_2026_00432,rm_0023,issue_2026_00012,1,kg,19.53,2026-09-10T10:00:00+07:00,material_consumption_00432_1,Tiêu hao thực tế đối chiếu với phiếu xuất.
production_order_2026_00432,rm_0024,issue_2026_00012,2,kg,22.32,2026-09-10T11:00:00+07:00,material_consumption_00432_2,Tiêu hao thực tế đối chiếu với phiếu xuất.
production_order_2026_00433,rm_0025,issue_2026_00013,1,kg,20.68,2026-01-10T10:00:00+07:00,material_consumption_00433_1,Tiêu hao thực tế đối chiếu với phiếu xuất.
production_order_2026_00433,rm_0026,issue_2026_00013,2,kg,23.5,2026-01-10T11:00:00+07:00,material_consumption_00433_2,Tiêu hao thực tế đối chiếu với phiếu xuất.
production_order_2026_00434,rm_0027,issue_2026_00014,1,kg,21.85,2026-01-11T10:00:00+07:00,material_consumption_00434_1,Tiêu hao thực tế đối chiếu với phiếu xuất.
production_order_2026_00434,rm_0028,issue_2026_00014,2,kg,24.7,2026-01-11T11:00:00+07:00,material_consumption_00434_2,Tiêu hao thực tế đối chiếu với phiếu xuất.
production_order_2026_00435,rm_0029,issue_2026_00015,1,kg,23.04,2026-02-15T10:00:00+07:00,material_consumption_00435_1,Tiêu hao thực tế đối chiếu với phiếu xuất.
production_order_2026_00435,rm_0030,issue_2026_00015,2,kg,25.92,2026-02-15T11:00:00+07:00,material_consumption_00435_2,Tiêu hao thực tế đối chiếu với phiếu xuất.
production_order_2026_00436,rm_0031,issue_2026_00016,1,kg,23.0,2026-02-16T10:00:00+07:00,material_consumption_00436_1,Tiêu hao thực tế đối chiếu với phiếu xuất.
production_order_2026_00436,rm_0032,issue_2026_00016,2,kg,25.76,2026-02-16T11:00:00+07:00,material_consumption_00436_2,Tiêu hao thực tế đối chiếu với phiếu xuất.
production_order_2026_00437,rm_0033,issue_2026_00017,1,litre,24.18,2026-03-16T10:00:00+07:00,material_consumption_00437_1,Tiêu hao thực tế đối chiếu với phiếu xuất.
production_order_2026_00437,rm_0034,issue_2026_00017,2,litre,26.97,2026-03-16T11:00:00+07:00,material_consumption_00437_2,Tiêu hao thực tế đối chiếu với phiếu xuất.
production_order_2026_00438,rm_0035,issue_2026_00018,1,litre,25.38,2026-03-17T10:00:00+07:00,material_consumption_00438_1,Tiêu hao thực tế đối chiếu với phiếu xuất.
production_order_2026_00438,rm_0036,issue_2026_00018,2,litre,28.2,2026-03-17T11:00:00+07:00,material_consumption_00438_2,Tiêu hao thực tế đối chiếu với phiếu xuất.
production_order_2026_00439,rm_0037,issue_2026_00019,1,litre,26.6,2026-04-21T10:00:00+07:00,material_consumption_00439_1,Tiêu hao thực tế đối chiếu với phiếu xuất.
production_order_2026_00439,rm_0038,issue_2026_00019,2,litre,29.45,2026-04-21T11:00:00+07:00,material_consumption_00439_2,Tiêu hao thực tế đối chiếu với phiếu xuất.
production_order_2026_00440,rm_0039,issue_2026_00020,1,kg,27.84,2026-04-22T10:00:00+07:00,material_consumption_00440_1,Tiêu hao thực tế đối chiếu với phiếu xuất.
production_order_2026_00440,rm_0040,issue_2026_00020,2,kg,30.72,2026-04-22T11:00:00+07:00,material_consumption_00440_2,Tiêu hao thực tế đối chiếu với phiếu xuất.
production_order_2026_00441,rm_0041,issue_2026_00021,1,kg,27.6,2026-05-02T10:00:00+07:00,material_consumption_00441_1,Tiêu hao thực tế đối chiếu với phiếu xuất.
production_order_2026_00441,rm_0042,issue_2026_00021,2,kg,30.36,2026-05-02T11:00:00+07:00,material_consumption_00441_2,Tiêu hao thực tế đối chiếu với phiếu xuất.
production_order_2026_00442,rm_0043,issue_2026_00022,1,kg,28.83,2026-05-03T10:00:00+07:00,material_consumption_00442_1,Tiêu hao thực tế đối chiếu với phiếu xuất.
production_order_2026_00442,rm_0044,issue_2026_00022,2,kg,31.62,2026-05-03T11:00:00+07:00,material_consumption_00442_2,Tiêu hao thực tế đối chiếu với phiếu xuất.
production_order_2026_00443,rm_0045,issue_2026_00023,1,kg,30.08,2026-06-07T10:00:00+07:00,material_consumption_00443_1,Tiêu hao thực tế đối chiếu với phiếu xuất.
production_order_2026_00443,rm_0046,issue_2026_00023,2,kg,32.9,2026-06-07T11:00:00+07:00,material_consumption_00443_2,Tiêu hao thực tế đối chiếu với phiếu xuất.
production_order_2026_00444,rm_0047,issue_2026_00024,1,kg,31.35,2026-06-08T10:00:00+07:00,material_consumption_00444_1,Tiêu hao thực tế đối chiếu với phiếu xuất.
production_order_2026_00444,rm_0048,issue_2026_00024,2,kg,34.2,2026-06-08T11:00:00+07:00,material_consumption_00444_2,Tiêu hao thực tế đối chiếu với phiếu xuất.
production_order_2026_00445,rm_0049,issue_2026_00025,1,piece,32.64,2026-07-08T10:00:00+07:00,material_consumption_00445_1,Tiêu hao thực tế đối chiếu với phiếu xuất.
production_order_2026_00445,rm_0050,issue_2026_00025,2,piece,35.52,2026-07-08T11:00:00+07:00,material_consumption_00445_2,Tiêu hao thực tế đối chiếu với phiếu xuất.
production_order_2026_00446,rm_0051,issue_2026_00026,1,piece,32.2,2026-07-09T10:00:00+07:00,material_consumption_00446_1,Tiêu hao thực tế đối chiếu với phiếu xuất.
production_order_2026_00446,rm_0052,issue_2026_00026,2,piece,34.96,2026-07-09T11:00:00+07:00,material_consumption_00446_2,Tiêu hao thực tế đối chiếu với phiếu xuất.
production_order_2026_00447,rm_0053,issue_2026_00027,1,piece,33.48,2026-08-13T10:00:00+07:00,material_consumption_00447_1,Tiêu hao thực tế đối chiếu với phiếu xuất.
production_order_2026_00447,rm_0054,issue_2026_00027,2,piece,36.27,2026-08-13T11:00:00+07:00,material_consumption_00447_2,Tiêu hao thực tế đối chiếu với phiếu xuất.
production_order_2026_00448,rm_0055,issue_2026_00028,1,piece,34.78,2026-08-14T10:00:00+07:00,material_consumption_00448_1,Tiêu hao thực tế đối chiếu với phiếu xuất.
production_order_2026_00448,rm_0056,issue_2026_00028,2,piece,37.6,2026-08-14T11:00:00+07:00,material_consumption_00448_2,Tiêu hao thực tế đối chiếu với phiếu xuất.
production_order_2026_00449,rm_0057,issue_2026_00029,1,piece,36.1,2026-09-14T10:00:00+07:00,material_consumption_00449_1,Tiêu hao thực tế đối chiếu với phiếu xuất.
production_order_2026_00449,rm_0058,issue_2026_00029,2,kg,38.95,2026-09-14T11:00:00+07:00,material_consumption_00449_2,Tiêu hao thực tế đối chiếu với phiếu xuất.
production_order_2026_00450,rm_0059,issue_2026_00030,1,piece,37.44,2026-09-15T10:00:00+07:00,material_consumption_00450_1,Tiêu hao thực tế đối chiếu với phiếu xuất.
production_order_2026_00450,rm_0060,issue_2026_00030,2,piece,40.32,2026-09-15T11:00:00+07:00,material_consumption_00450_2,Tiêu hao thực tế đối chiếu với phiếu xuất.
production_order_2026_00451,rm_0061,issue_2026_00031,1,piece,36.8,2026-01-19T10:00:00+07:00,material_consumption_00451_1,Tiêu hao thực tế đối chiếu với phiếu xuất.
production_order_2026_00451,rm_0062,issue_2026_00031,2,piece,39.56,2026-01-19T11:00:00+07:00,material_consumption_00451_2,Tiêu hao thực tế đối chiếu với phiếu xuất.
production_order_2026_00452,rm_0063,issue_2026_00032,1,piece,38.13,2026-01-20T10:00:00+07:00,material_consumption_00452_1,Tiêu hao thực tế đối chiếu với phiếu xuất.
production_order_2026_00452,rm_0064,issue_2026_00032,2,piece,40.92,2026-01-20T11:00:00+07:00,material_consumption_00452_2,Tiêu hao thực tế đối chiếu với phiếu xuất.
production_order_2026_00453,rm_0065,issue_2026_00033,1,litre,39.48,2026-02-20T10:00:00+07:00,material_consumption_00453_1,Tiêu hao thực tế đối chiếu với phiếu xuất.
production_order_2026_00453,rm_0066,issue_2026_00033,2,kg,42.3,2026-02-20T11:00:00+07:00,material_consumption_00453_2,Tiêu hao thực tế đối chiếu với phiếu xuất.
production_order_2026_00454,rm_0067,issue_2026_00034,1,kg,40.85,2026-02-21T10:00:00+07:00,material_consumption_00454_1,Tiêu hao thực tế đối chiếu với phiếu xuất.
production_order_2026_00454,rm_0068,issue_2026_00034,2,kg,43.7,2026-02-21T11:00:00+07:00,material_consumption_00454_2,Tiêu hao thực tế đối chiếu với phiếu xuất.
production_order_2026_00455,rm_0069,issue_2026_00035,1,kg,42.24,2026-03-05T10:00:00+07:00,material_consumption_00455_1,Tiêu hao thực tế đối chiếu với phiếu xuất.
production_order_2026_00455,rm_0070,issue_2026_00035,2,kg,45.12,2026-03-05T11:00:00+07:00,material_consumption_00455_2,Tiêu hao thực tế đối chiếu với phiếu xuất.
production_order_2026_00456,rm_0071,issue_2026_00036,1,kg,41.4,2026-03-06T10:00:00+07:00,material_consumption_00456_1,Tiêu hao thực tế đối chiếu với phiếu xuất.
production_order_2026_00456,rm_0072,issue_2026_00036,2,litre,44.16,2026-03-06T11:00:00+07:00,material_consumption_00456_2,Tiêu hao thực tế đối chiếu với phiếu xuất.
production_order_2026_00457,rm_0073,issue_2026_00037,1,kg,42.78,2026-04-06T10:00:00+07:00,material_consumption_00457_1,Tiêu hao thực tế đối chiếu với phiếu xuất.
production_order_2026_00457,rm_0074,issue_2026_00037,2,kg,45.57,2026-04-06T11:00:00+07:00,material_consumption_00457_2,Tiêu hao thực tế đối chiếu với phiếu xuất.
production_order_2026_00458,rm_0075,issue_2026_00038,1,kg,44.18,2026-04-07T10:00:00+07:00,material_consumption_00458_1,Tiêu hao thực tế đối chiếu với phiếu xuất.
production_order_2026_00458,rm_0076,issue_2026_00038,2,kg,9.4,2026-04-07T11:00:00+07:00,material_consumption_00458_2,Tiêu hao thực tế đối chiếu với phiếu xuất.
production_order_2026_00459,rm_0077,issue_2026_00039,1,litre,45.6,2026-05-11T10:00:00+07:00,material_consumption_00459_1,Tiêu hao thực tế đối chiếu với phiếu xuất.
production_order_2026_00459,rm_0078,issue_2026_00039,2,kg,10.45,2026-05-11T11:00:00+07:00,material_consumption_00459_2,Tiêu hao thực tế đối chiếu với phiếu xuất.
production_order_2026_00460,rm_0079,issue_2026_00040,1,kg,47.04,2026-05-12T10:00:00+07:00,material_consumption_00460_1,Tiêu hao thực tế đối chiếu với phiếu xuất.
production_order_2026_00460,rm_0080,issue_2026_00040,2,kg,11.52,2026-05-12T11:00:00+07:00,material_consumption_00460_2,Tiêu hao thực tế đối chiếu với phiếu xuất.
production_order_2026_00461,rm_0081,issue_2026_00041,1,kg,9.2,2026-06-12T10:00:00+07:00,material_consumption_00461_1,Tiêu hao thực tế đối chiếu với phiếu xuất.
production_order_2026_00461,rm_0082,issue_2026_00041,2,kg,11.96,2026-06-12T11:00:00+07:00,material_consumption_00461_2,Tiêu hao thực tế đối chiếu với phiếu xuất.
production_order_2026_00462,rm_0083,issue_2026_00042,1,kg,10.23,2026-06-13T10:00:00+07:00,material_consumption_00462_1,Tiêu hao thực tế đối chiếu với phiếu xuất.
production_order_2026_00462,rm_0084,issue_2026_00042,2,kg,13.02,2026-06-13T11:00:00+07:00,material_consumption_00462_2,Tiêu hao thực tế đối chiếu với phiếu xuất.
production_order_2026_00463,rm_0085,issue_2026_00043,1,kg,11.28,2026-07-17T10:00:00+07:00,material_consumption_00463_1,Tiêu hao thực tế đối chiếu với phiếu xuất.
production_order_2026_00463,rm_0086,issue_2026_00043,2,kg,14.1,2026-07-17T11:00:00+07:00,material_consumption_00463_2,Tiêu hao thực tế đối chiếu với phiếu xuất.
production_order_2026_00464,rm_0087,issue_2026_00044,1,kg,12.35,2026-07-18T10:00:00+07:00,material_consumption_00464_1,Tiêu hao thực tế đối chiếu với phiếu xuất.
production_order_2026_00464,rm_0088,issue_2026_00044,2,kg,15.2,2026-07-18T11:00:00+07:00,material_consumption_00464_2,Tiêu hao thực tế đối chiếu với phiếu xuất.
production_order_2026_00465,rm_0089,issue_2026_00045,1,kg,13.44,2026-08-18T10:00:00+07:00,material_consumption_00465_1,Tiêu hao thực tế đối chiếu với phiếu xuất.
production_order_2026_00465,rm_0090,issue_2026_00045,2,kg,16.32,2026-08-18T11:00:00+07:00,material_consumption_00465_2,Tiêu hao thực tế đối chiếu với phiếu xuất.
production_order_2026_00466,rm_0091,issue_2026_00046,1,kg,13.8,2026-08-19T10:00:00+07:00,material_consumption_00466_1,Tiêu hao thực tế đối chiếu với phiếu xuất.
production_order_2026_00466,rm_0092,issue_2026_00046,2,kg,16.56,2026-08-19T11:00:00+07:00,material_consumption_00466_2,Tiêu hao thực tế đối chiếu với phiếu xuất.
production_order_2026_00467,rm_0093,issue_2026_00047,1,kg,14.88,2026-09-23T10:00:00+07:00,material_consumption_00467_1,Tiêu hao thực tế đối chiếu với phiếu xuất.
production_order_2026_00467,rm_0094,issue_2026_00047,2,kg,17.67,2026-09-23T11:00:00+07:00,material_consumption_00467_2,Tiêu hao thực tế đối chiếu với phiếu xuất.
production_order_2026_00468,rm_0095,issue_2026_00048,1,kg,15.98,2026-09-24T10:00:00+07:00,material_consumption_00468_1,Tiêu hao thực tế đối chiếu với phiếu xuất.
production_order_2026_00468,rm_0096,issue_2026_00048,2,kg,18.8,2026-09-24T11:00:00+07:00,material_consumption_00468_2,Tiêu hao thực tế đối chiếu với phiếu xuất.
production_order_2026_00469,rm_0097,issue_2026_00049,1,litre,17.1,2026-01-04T10:00:00+07:00,material_consumption_00469_1,Tiêu hao thực tế đối chiếu với phiếu xuất.
production_order_2026_00469,rm_0098,issue_2026_00049,2,litre,19.95,2026-01-04T11:00:00+07:00,material_consumption_00469_2,Tiêu hao thực tế đối chiếu với phiếu xuất.
production_order_2026_00470,rm_0099,issue_2026_00050,1,litre,18.24,2026-01-05T10:00:00+07:00,material_consumption_00470_1,Tiêu hao thực tế đối chiếu với phiếu xuất.
production_order_2026_00470,rm_0100,issue_2026_00050,2,litre,21.12,2026-01-05T11:00:00+07:00,material_consumption_00470_2,Tiêu hao thực tế đối chiếu với phiếu xuất.
production_order_2026_00471,rm_0101,issue_2026_00051,1,litre,18.4,2026-02-09T10:00:00+07:00,material_consumption_00471_1,Tiêu hao thực tế đối chiếu với phiếu xuất.
production_order_2026_00471,rm_0102,issue_2026_00051,2,litre,21.16,2026-02-09T11:00:00+07:00,material_consumption_00471_2,Tiêu hao thực tế đối chiếu với phiếu xuất.
production_order_2026_00472,rm_0103,issue_2026_00052,1,kg,19.53,2026-02-10T10:00:00+07:00,material_consumption_00472_1,Tiêu hao thực tế đối chiếu với phiếu xuất.
production_order_2026_00472,rm_0104,issue_2026_00052,2,kg,22.32,2026-02-10T11:00:00+07:00,material_consumption_00472_2,Tiêu hao thực tế đối chiếu với phiếu xuất.
production_order_2026_00473,rm_0105,issue_2026_00053,1,kg,20.68,2026-03-10T10:00:00+07:00,material_consumption_00473_1,Tiêu hao thực tế đối chiếu với phiếu xuất.
production_order_2026_00473,rm_0106,issue_2026_00053,2,kg,23.5,2026-03-10T11:00:00+07:00,material_consumption_00473_2,Tiêu hao thực tế đối chiếu với phiếu xuất.
production_order_2026_00474,rm_0107,issue_2026_00054,1,kg,21.85,2026-03-11T10:00:00+07:00,material_consumption_00474_1,Tiêu hao thực tế đối chiếu với phiếu xuất.
production_order_2026_00474,rm_0108,issue_2026_00054,2,kg,24.7,2026-03-11T11:00:00+07:00,material_consumption_00474_2,Tiêu hao thực tế đối chiếu với phiếu xuất.
production_order_2026_00475,rm_0109,issue_2026_00055,1,kg,23.04,2026-04-15T10:00:00+07:00,material_consumption_00475_1,Tiêu hao thực tế đối chiếu với phiếu xuất.
production_order_2026_00475,rm_0110,issue_2026_00055,2,kg,25.92,2026-04-15T11:00:00+07:00,material_consumption_00475_2,Tiêu hao thực tế đối chiếu với phiếu xuất.
production_order_2026_00476,rm_0111,issue_2026_00056,1,kg,23.0,2026-04-16T10:00:00+07:00,material_consumption_00476_1,Tiêu hao thực tế đối chiếu với phiếu xuất.
production_order_2026_00476,rm_0112,issue_2026_00056,2,kg,25.76,2026-04-16T11:00:00+07:00,material_consumption_00476_2,Tiêu hao thực tế đối chiếu với phiếu xuất.
production_order_2026_00477,rm_0113,issue_2026_00057,1,piece,24.18,2026-05-16T10:00:00+07:00,material_consumption_00477_1,Tiêu hao thực tế đối chiếu với phiếu xuất.
production_order_2026_00477,rm_0114,issue_2026_00057,2,piece,26.97,2026-05-16T11:00:00+07:00,material_consumption_00477_2,Tiêu hao thực tế đối chiếu với phiếu xuất.
production_order_2026_00478,rm_0115,issue_2026_00058,1,piece,25.38,2026-05-17T10:00:00+07:00,material_consumption_00478_1,Tiêu hao thực tế đối chiếu với phiếu xuất.
production_order_2026_00478,rm_0116,issue_2026_00058,2,piece,28.2,2026-05-17T11:00:00+07:00,material_consumption_00478_2,Tiêu hao thực tế đối chiếu với phiếu xuất.
production_order_2026_00479,rm_0117,issue_2026_00059,1,piece,26.6,2026-06-21T10:00:00+07:00,material_consumption_00479_1,Tiêu hao thực tế đối chiếu với phiếu xuất.
production_order_2026_00479,rm_0118,issue_2026_00059,2,piece,29.45,2026-06-21T11:00:00+07:00,material_consumption_00479_2,Tiêu hao thực tế đối chiếu với phiếu xuất.
production_order_2026_00480,rm_0119,issue_2026_00060,1,piece,27.84,2026-06-22T10:00:00+07:00,material_consumption_00480_1,Tiêu hao thực tế đối chiếu với phiếu xuất.
production_order_2026_00480,rm_0120,issue_2026_00060,2,piece,30.72,2026-06-22T11:00:00+07:00,material_consumption_00480_2,Tiêu hao thực tế đối chiếu với phiếu xuất.
production_order_2026_00481,rm_0121,issue_2026_00061,1,piece,27.6,2026-07-02T10:00:00+07:00,material_consumption_00481_1,Tiêu hao thực tế đối chiếu với phiếu xuất.
production_order_2026_00481,rm_0122,issue_2026_00061,2,kg,30.36,2026-07-02T11:00:00+07:00,material_consumption_00481_2,Tiêu hao thực tế đối chiếu với phiếu xuất.
production_order_2026_00482,rm_0123,issue_2026_00062,1,piece,28.83,2026-07-03T10:00:00+07:00,material_consumption_00482_1,Tiêu hao thực tế đối chiếu với phiếu xuất.
production_order_2026_00482,rm_0124,issue_2026_00062,2,piece,31.62,2026-07-03T11:00:00+07:00,material_consumption_00482_2,Tiêu hao thực tế đối chiếu với phiếu xuất.
production_order_2026_00483,rm_0125,issue_2026_00063,1,piece,30.08,2026-08-07T10:00:00+07:00,material_consumption_00483_1,Tiêu hao thực tế đối chiếu với phiếu xuất.
production_order_2026_00483,rm_0126,issue_2026_00063,2,piece,32.9,2026-08-07T11:00:00+07:00,material_consumption_00483_2,Tiêu hao thực tế đối chiếu với phiếu xuất.
production_order_2026_00484,rm_0127,issue_2026_00064,1,piece,31.35,2026-08-08T10:00:00+07:00,material_consumption_00484_1,Tiêu hao thực tế đối chiếu với phiếu xuất.
production_order_2026_00484,rm_0128,issue_2026_00064,2,piece,34.2,2026-08-08T11:00:00+07:00,material_consumption_00484_2,Tiêu hao thực tế đối chiếu với phiếu xuất.
production_order_2026_00485,rm_0129,issue_2026_00065,1,litre,32.64,2026-09-08T10:00:00+07:00,material_consumption_00485_1,Tiêu hao thực tế đối chiếu với phiếu xuất.
production_order_2026_00485,rm_0130,issue_2026_00065,2,kg,35.52,2026-09-08T11:00:00+07:00,material_consumption_00485_2,Tiêu hao thực tế đối chiếu với phiếu xuất.
production_order_2026_00486,rm_0131,issue_2026_00066,1,kg,32.2,2026-09-09T10:00:00+07:00,material_consumption_00486_1,Tiêu hao thực tế đối chiếu với phiếu xuất.
production_order_2026_00486,rm_0132,issue_2026_00066,2,kg,34.96,2026-09-09T11:00:00+07:00,material_consumption_00486_2,Tiêu hao thực tế đối chiếu với phiếu xuất.
production_order_2026_00487,rm_0133,issue_2026_00067,1,kg,33.48,2026-01-13T10:00:00+07:00,material_consumption_00487_1,Tiêu hao thực tế đối chiếu với phiếu xuất.
production_order_2026_00487,rm_0134,issue_2026_00067,2,kg,36.27,2026-01-13T11:00:00+07:00,material_consumption_00487_2,Tiêu hao thực tế đối chiếu với phiếu xuất.
production_order_2026_00488,rm_0135,issue_2026_00068,1,kg,34.78,2026-01-14T10:00:00+07:00,material_consumption_00488_1,Tiêu hao thực tế đối chiếu với phiếu xuất.
production_order_2026_00488,rm_0136,issue_2026_00068,2,litre,37.6,2026-01-14T11:00:00+07:00,material_consumption_00488_2,Tiêu hao thực tế đối chiếu với phiếu xuất.
production_order_2026_00489,rm_0137,issue_2026_00069,1,kg,36.1,2026-02-14T10:00:00+07:00,material_consumption_00489_1,Tiêu hao thực tế đối chiếu với phiếu xuất.
production_order_2026_00489,rm_0138,issue_2026_00069,2,kg,38.95,2026-02-14T11:00:00+07:00,material_consumption_00489_2,Tiêu hao thực tế đối chiếu với phiếu xuất.
production_order_2026_00490,rm_0139,issue_2026_00070,1,kg,37.44,2026-02-15T10:00:00+07:00,material_consumption_00490_1,Tiêu hao thực tế đối chiếu với phiếu xuất.
production_order_2026_00490,rm_0140,issue_2026_00070,2,kg,40.32,2026-02-15T11:00:00+07:00,material_consumption_00490_2,Tiêu hao thực tế đối chiếu với phiếu xuất.
production_order_2026_00491,rm_0141,issue_2026_00071,1,litre,36.8,2026-03-19T10:00:00+07:00,material_consumption_00491_1,Tiêu hao thực tế đối chiếu với phiếu xuất.
production_order_2026_00491,rm_0142,issue_2026_00071,2,kg,39.56,2026-03-19T11:00:00+07:00,material_consumption_00491_2,Tiêu hao thực tế đối chiếu với phiếu xuất.
production_order_2026_00492,rm_0143,issue_2026_00072,1,kg,38.13,2026-03-20T10:00:00+07:00,material_consumption_00492_1,Tiêu hao thực tế đối chiếu với phiếu xuất.
production_order_2026_00492,rm_0144,issue_2026_00072,2,kg,40.92,2026-03-20T11:00:00+07:00,material_consumption_00492_2,Tiêu hao thực tế đối chiếu với phiếu xuất.
production_order_2026_00493,rm_0145,issue_2026_00073,1,kg,39.48,2026-04-20T10:00:00+07:00,material_consumption_00493_1,Tiêu hao thực tế đối chiếu với phiếu xuất.
production_order_2026_00493,rm_0146,issue_2026_00073,2,kg,42.3,2026-04-20T11:00:00+07:00,material_consumption_00493_2,Tiêu hao thực tế đối chiếu với phiếu xuất.
production_order_2026_00494,rm_0147,issue_2026_00074,1,kg,40.85,2026-04-21T10:00:00+07:00,material_consumption_00494_1,Tiêu hao thực tế đối chiếu với phiếu xuất.
production_order_2026_00494,rm_0148,issue_2026_00074,2,kg,43.7,2026-04-21T11:00:00+07:00,material_consumption_00494_2,Tiêu hao thực tế đối chiếu với phiếu xuất.
production_order_2026_00495,rm_0149,issue_2026_00075,1,kg,42.24,2026-05-05T10:00:00+07:00,material_consumption_00495_1,Tiêu hao thực tế đối chiếu với phiếu xuất.
production_order_2026_00495,rm_0150,issue_2026_00075,2,kg,45.12,2026-05-05T11:00:00+07:00,material_consumption_00495_2,Tiêu hao thực tế đối chiếu với phiếu xuất.
production_order_2026_00496,rm_0151,issue_2026_00076,1,kg,41.4,2026-05-06T10:00:00+07:00,material_consumption_00496_1,Tiêu hao thực tế đối chiếu với phiếu xuất.
production_order_2026_00496,rm_0152,issue_2026_00076,2,kg,44.16,2026-05-06T11:00:00+07:00,material_consumption_00496_2,Tiêu hao thực tế đối chiếu với phiếu xuất.
production_order_2026_00497,rm_0153,issue_2026_00077,1,kg,42.78,2026-06-06T10:00:00+07:00,material_consumption_00497_1,Tiêu hao thực tế đối chiếu với phiếu xuất.
production_order_2026_00497,rm_0154,issue_2026_00077,2,kg,45.57,2026-06-06T11:00:00+07:00,material_consumption_00497_2,Tiêu hao thực tế đối chiếu với phiếu xuất.
production_order_2026_00498,rm_0155,issue_2026_00078,1,kg,44.18,2026-06-07T10:00:00+07:00,material_consumption_00498_1,Tiêu hao thực tế đối chiếu với phiếu xuất.
production_order_2026_00498,rm_0156,issue_2026_00078,2,kg,9.4,2026-06-07T11:00:00+07:00,material_consumption_00498_2,Tiêu hao thực tế đối chiếu với phiếu xuất.
production_order_2026_00499,rm_0157,issue_2026_00079,1,kg,45.6,2026-07-11T10:00:00+07:00,material_consumption_00499_1,Tiêu hao thực tế đối chiếu với phiếu xuất.
production_order_2026_00499,rm_0158,issue_2026_00079,2,kg,10.45,2026-07-11T11:00:00+07:00,material_consumption_00499_2,Tiêu hao thực tế đối chiếu với phiếu xuất.
production_order_2026_00500,rm_0159,issue_2026_00080,1,kg,47.04,2026-07-12T10:00:00+07:00,material_consumption_00500_1,Tiêu hao thực tế đối chiếu với phiếu xuất.
production_order_2026_00500,rm_0160,issue_2026_00080,2,kg,11.52,2026-07-12T11:00:00+07:00,material_consumption_00500_2,Tiêu hao thực tế đối chiếu với phiếu xuất.
production_order_2026_00501,rm_0161,issue_2026_00081,1,litre,9.2,2026-01-02T10:00:00+07:00,material_consumption_00501_1,Tiêu hao thực tế đối chiếu với phiếu xuất.
production_order_2026_00501,rm_0162,issue_2026_00081,2,litre,11.96,2026-01-02T11:00:00+07:00,material_consumption_00501_2,Tiêu hao thực tế đối chiếu với phiếu xuất.
production_order_2026_00502,rm_0163,issue_2026_00082,1,litre,10.23,2026-01-03T10:00:00+07:00,material_consumption_00502_1,Tiêu hao thực tế đối chiếu với phiếu xuất.
production_order_2026_00502,rm_0164,issue_2026_00082,2,litre,13.02,2026-01-03T11:00:00+07:00,material_consumption_00502_2,Tiêu hao thực tế đối chiếu với phiếu xuất.
production_order_2026_00503,rm_0165,issue_2026_00083,1,litre,11.28,2026-02-07T10:00:00+07:00,material_consumption_00503_1,Tiêu hao thực tế đối chiếu với phiếu xuất.
production_order_2026_00503,rm_0166,issue_2026_00083,2,litre,14.1,2026-02-07T11:00:00+07:00,material_consumption_00503_2,Tiêu hao thực tế đối chiếu với phiếu xuất.
production_order_2026_00504,rm_0167,issue_2026_00084,1,kg,12.35,2026-02-08T10:00:00+07:00,material_consumption_00504_1,Tiêu hao thực tế đối chiếu với phiếu xuất.
production_order_2026_00504,rm_0168,issue_2026_00084,2,kg,15.2,2026-02-08T11:00:00+07:00,material_consumption_00504_2,Tiêu hao thực tế đối chiếu với phiếu xuất.
production_order_2026_00505,rm_0169,issue_2026_00085,1,kg,13.44,2026-03-08T10:00:00+07:00,material_consumption_00505_1,Tiêu hao thực tế đối chiếu với phiếu xuất.
production_order_2026_00505,rm_0170,issue_2026_00085,2,kg,16.32,2026-03-08T11:00:00+07:00,material_consumption_00505_2,Tiêu hao thực tế đối chiếu với phiếu xuất.
production_order_2026_00506,rm_0171,issue_2026_00086,1,kg,13.8,2026-03-09T10:00:00+07:00,material_consumption_00506_1,Tiêu hao thực tế đối chiếu với phiếu xuất.
production_order_2026_00506,rm_0172,issue_2026_00086,2,kg,16.56,2026-03-09T11:00:00+07:00,material_consumption_00506_2,Tiêu hao thực tế đối chiếu với phiếu xuất.
production_order_2026_00507,rm_0173,issue_2026_00087,1,kg,14.88,2026-04-13T10:00:00+07:00,material_consumption_00507_1,Tiêu hao thực tế đối chiếu với phiếu xuất.
production_order_2026_00507,rm_0174,issue_2026_00087,2,kg,17.67,2026-04-13T11:00:00+07:00,material_consumption_00507_2,Tiêu hao thực tế đối chiếu với phiếu xuất.
production_order_2026_00508,rm_0175,issue_2026_00088,1,kg,15.98,2026-04-14T10:00:00+07:00,material_consumption_00508_1,Tiêu hao thực tế đối chiếu với phiếu xuất.
production_order_2026_00508,rm_0176,issue_2026_00088,2,kg,18.8,2026-04-14T11:00:00+07:00,material_consumption_00508_2,Tiêu hao thực tế đối chiếu với phiếu xuất.
production_order_2026_00509,rm_0177,issue_2026_00089,1,piece,17.1,2026-05-14T10:00:00+07:00,material_consumption_00509_1,Tiêu hao thực tế đối chiếu với phiếu xuất.
production_order_2026_00509,rm_0178,issue_2026_00089,2,piece,19.95,2026-05-14T11:00:00+07:00,material_consumption_00509_2,Tiêu hao thực tế đối chiếu với phiếu xuất.
production_order_2026_00510,rm_0179,issue_2026_00090,1,piece,18.24,2026-05-15T10:00:00+07:00,material_consumption_00510_1,Tiêu hao thực tế đối chiếu với phiếu xuất.
production_order_2026_00510,rm_0180,issue_2026_00090,2,piece,21.12,2026-05-15T11:00:00+07:00,material_consumption_00510_2,Tiêu hao thực tế đối chiếu với phiếu xuất.
production_order_2026_00511,rm_0181,issue_2026_00091,1,piece,18.4,2026-06-19T10:00:00+07:00,material_consumption_00511_1,Tiêu hao thực tế đối chiếu với phiếu xuất.
production_order_2026_00511,rm_0182,issue_2026_00091,2,piece,21.16,2026-06-19T11:00:00+07:00,material_consumption_00511_2,Tiêu hao thực tế đối chiếu với phiếu xuất.
production_order_2026_00512,rm_0183,issue_2026_00092,1,piece,19.53,2026-06-20T10:00:00+07:00,material_consumption_00512_1,Tiêu hao thực tế đối chiếu với phiếu xuất.
production_order_2026_00512,rm_0184,issue_2026_00092,2,piece,22.32,2026-06-20T11:00:00+07:00,material_consumption_00512_2,Tiêu hao thực tế đối chiếu với phiếu xuất.
production_order_2026_00513,rm_0185,issue_2026_00093,1,piece,20.68,2026-07-20T10:00:00+07:00,material_consumption_00513_1,Tiêu hao thực tế đối chiếu với phiếu xuất.
production_order_2026_00513,rm_0186,issue_2026_00093,2,kg,23.5,2026-07-20T11:00:00+07:00,material_consumption_00513_2,Tiêu hao thực tế đối chiếu với phiếu xuất.
production_order_2026_00514,rm_0187,issue_2026_00094,1,piece,21.85,2026-07-21T10:00:00+07:00,material_consumption_00514_1,Tiêu hao thực tế đối chiếu với phiếu xuất.
production_order_2026_00514,rm_0188,issue_2026_00094,2,piece,24.7,2026-07-21T11:00:00+07:00,material_consumption_00514_2,Tiêu hao thực tế đối chiếu với phiếu xuất.
production_order_2026_00515,rm_0189,issue_2026_00095,1,piece,23.04,2026-08-05T10:00:00+07:00,material_consumption_00515_1,Tiêu hao thực tế đối chiếu với phiếu xuất.
production_order_2026_00515,rm_0190,issue_2026_00095,2,piece,25.92,2026-08-05T11:00:00+07:00,material_consumption_00515_2,Tiêu hao thực tế đối chiếu với phiếu xuất.
production_order_2026_00516,rm_0191,issue_2026_00096,1,piece,23.0,2026-08-06T10:00:00+07:00,material_consumption_00516_1,Tiêu hao thực tế đối chiếu với phiếu xuất.
production_order_2026_00516,rm_0192,issue_2026_00096,2,piece,25.76,2026-08-06T11:00:00+07:00,material_consumption_00516_2,Tiêu hao thực tế đối chiếu với phiếu xuất.
production_order_2026_00517,rm_0193,issue_2026_00097,1,litre,24.18,2026-09-06T10:00:00+07:00,material_consumption_00517_1,Tiêu hao thực tế đối chiếu với phiếu xuất.
production_order_2026_00517,rm_0194,issue_2026_00097,2,kg,26.97,2026-09-06T11:00:00+07:00,material_consumption_00517_2,Tiêu hao thực tế đối chiếu với phiếu xuất.
production_order_2026_00518,rm_0195,issue_2026_00098,1,kg,25.38,2026-09-07T10:00:00+07:00,material_consumption_00518_1,Tiêu hao thực tế đối chiếu với phiếu xuất.
production_order_2026_00518,rm_0196,issue_2026_00098,2,kg,28.2,2026-09-07T11:00:00+07:00,material_consumption_00518_2,Tiêu hao thực tế đối chiếu với phiếu xuất.
production_order_2026_00519,rm_0197,issue_2026_00099,1,kg,26.6,2026-01-11T10:00:00+07:00,material_consumption_00519_1,Tiêu hao thực tế đối chiếu với phiếu xuất.
production_order_2026_00519,rm_0198,issue_2026_00099,2,kg,29.45,2026-01-11T11:00:00+07:00,material_consumption_00519_2,Tiêu hao thực tế đối chiếu với phiếu xuất.
production_order_2026_00520,rm_0199,issue_2026_00100,1,kg,27.84,2026-01-12T10:00:00+07:00,material_consumption_00520_1,Tiêu hao thực tế đối chiếu với phiếu xuất.
production_order_2026_00520,rm_0200,issue_2026_00100,2,litre,30.72,2026-01-12T11:00:00+07:00,material_consumption_00520_2,Tiêu hao thực tế đối chiếu với phiếu xuất.
production_order_2026_00521,rm_0201,issue_2026_00101,1,kg,27.6,2026-02-12T10:00:00+07:00,material_consumption_00521_1,Tiêu hao thực tế đối chiếu với phiếu xuất.
production_order_2026_00521,rm_0202,issue_2026_00101,2,kg,30.36,2026-02-12T11:00:00+07:00,material_consumption_00521_2,Tiêu hao thực tế đối chiếu với phiếu xuất.
production_order_2026_00522,rm_0203,issue_2026_00102,1,kg,28.83,2026-02-13T10:00:00+07:00,material_consumption_00522_1,Tiêu hao thực tế đối chiếu với phiếu xuất.
production_order_2026_00522,rm_0204,issue_2026_00102,2,kg,31.62,2026-02-13T11:00:00+07:00,material_consumption_00522_2,Tiêu hao thực tế đối chiếu với phiếu xuất.
production_order_2026_00523,rm_0205,issue_2026_00103,1,litre,30.08,2026-03-17T10:00:00+07:00,material_consumption_00523_1,Tiêu hao thực tế đối chiếu với phiếu xuất.
production_order_2026_00523,rm_0206,issue_2026_00103,2,kg,32.9,2026-03-17T11:00:00+07:00,material_consumption_00523_2,Tiêu hao thực tế đối chiếu với phiếu xuất.
production_order_2026_00524,rm_0207,issue_2026_00104,1,kg,31.35,2026-03-18T10:00:00+07:00,material_consumption_00524_1,Tiêu hao thực tế đối chiếu với phiếu xuất.
production_order_2026_00524,rm_0208,issue_2026_00104,2,kg,34.2,2026-03-18T11:00:00+07:00,material_consumption_00524_2,Tiêu hao thực tế đối chiếu với phiếu xuất.
production_order_2026_00525,rm_0209,issue_2026_00105,1,kg,32.64,2026-04-18T10:00:00+07:00,material_consumption_00525_1,Tiêu hao thực tế đối chiếu với phiếu xuất.
production_order_2026_00525,rm_0210,issue_2026_00105,2,kg,35.52,2026-04-18T11:00:00+07:00,material_consumption_00525_2,Tiêu hao thực tế đối chiếu với phiếu xuất.
production_order_2026_00526,rm_0211,issue_2026_00106,1,kg,32.2,2026-04-19T10:00:00+07:00,material_consumption_00526_1,Tiêu hao thực tế đối chiếu với phiếu xuất.
production_order_2026_00526,rm_0212,issue_2026_00106,2,kg,34.96,2026-04-19T11:00:00+07:00,material_consumption_00526_2,Tiêu hao thực tế đối chiếu với phiếu xuất.
production_order_2026_00527,rm_0213,issue_2026_00107,1,kg,33.48,2026-05-23T10:00:00+07:00,material_consumption_00527_1,Tiêu hao thực tế đối chiếu với phiếu xuất.
production_order_2026_00527,rm_0214,issue_2026_00107,2,kg,36.27,2026-05-23T11:00:00+07:00,material_consumption_00527_2,Tiêu hao thực tế đối chiếu với phiếu xuất.
production_order_2026_00528,rm_0215,issue_2026_00108,1,kg,34.78,2026-05-24T10:00:00+07:00,material_consumption_00528_1,Tiêu hao thực tế đối chiếu với phiếu xuất.
production_order_2026_00528,rm_0216,issue_2026_00108,2,kg,37.6,2026-05-24T11:00:00+07:00,material_consumption_00528_2,Tiêu hao thực tế đối chiếu với phiếu xuất.
production_order_2026_00529,rm_0217,issue_2026_00109,1,kg,36.1,2026-06-04T10:00:00+07:00,material_consumption_00529_1,Tiêu hao thực tế đối chiếu với phiếu xuất.
production_order_2026_00529,rm_0218,issue_2026_00109,2,kg,38.95,2026-06-04T11:00:00+07:00,material_consumption_00529_2,Tiêu hao thực tế đối chiếu với phiếu xuất.
production_order_2026_00530,rm_0219,issue_2026_00110,1,kg,37.44,2026-06-05T10:00:00+07:00,material_consumption_00530_1,Tiêu hao thực tế đối chiếu với phiếu xuất.
production_order_2026_00530,rm_0220,issue_2026_00110,2,kg,40.32,2026-06-05T11:00:00+07:00,material_consumption_00530_2,Tiêu hao thực tế đối chiếu với phiếu xuất.
production_order_2026_00531,rm_0221,issue_2026_00111,1,kg,36.8,2026-07-09T10:00:00+07:00,material_consumption_00531_1,Tiêu hao thực tế đối chiếu với phiếu xuất.
production_order_2026_00531,rm_0222,issue_2026_00111,2,kg,39.56,2026-07-09T11:00:00+07:00,material_consumption_00531_2,Tiêu hao thực tế đối chiếu với phiếu xuất.
production_order_2026_00532,rm_0223,issue_2026_00112,1,kg,38.13,2026-07-10T10:00:00+07:00,material_consumption_00532_1,Tiêu hao thực tế đối chiếu với phiếu xuất.
production_order_2026_00532,rm_0224,issue_2026_00112,2,kg,40.92,2026-07-10T11:00:00+07:00,material_consumption_00532_2,Tiêu hao thực tế đối chiếu với phiếu xuất.
production_order_2026_00533,rm_0225,issue_2026_00113,1,litre,39.48,2026-08-10T10:00:00+07:00,material_consumption_00533_1,Tiêu hao thực tế đối chiếu với phiếu xuất.
production_order_2026_00533,rm_0226,issue_2026_00113,2,litre,42.3,2026-08-10T11:00:00+07:00,material_consumption_00533_2,Tiêu hao thực tế đối chiếu với phiếu xuất.
production_order_2026_00534,rm_0227,issue_2026_00114,1,litre,40.85,2026-08-11T10:00:00+07:00,material_consumption_00534_1,Tiêu hao thực tế đối chiếu với phiếu xuất.
production_order_2026_00534,rm_0228,issue_2026_00114,2,litre,43.7,2026-08-11T11:00:00+07:00,material_consumption_00534_2,Tiêu hao thực tế đối chiếu với phiếu xuất.
production_order_2026_00535,rm_0229,issue_2026_00115,1,litre,42.24,2026-09-15T10:00:00+07:00,material_consumption_00535_1,Tiêu hao thực tế đối chiếu với phiếu xuất.
production_order_2026_00535,rm_0230,issue_2026_00115,2,litre,45.12,2026-09-15T11:00:00+07:00,material_consumption_00535_2,Tiêu hao thực tế đối chiếu với phiếu xuất.
production_order_2026_00536,rm_0231,issue_2026_00116,1,kg,41.4,2026-09-16T10:00:00+07:00,material_consumption_00536_1,Tiêu hao thực tế đối chiếu với phiếu xuất.
production_order_2026_00536,rm_0232,issue_2026_00116,2,kg,44.16,2026-09-16T11:00:00+07:00,material_consumption_00536_2,Tiêu hao thực tế đối chiếu với phiếu xuất.
production_order_2026_00537,rm_0233,issue_2026_00117,1,kg,42.78,2026-01-16T10:00:00+07:00,material_consumption_00537_1,Tiêu hao thực tế đối chiếu với phiếu xuất.
production_order_2026_00537,rm_0234,issue_2026_00117,2,kg,45.57,2026-01-16T11:00:00+07:00,material_consumption_00537_2,Tiêu hao thực tế đối chiếu với phiếu xuất.
production_order_2026_00538,rm_0235,issue_2026_00118,1,kg,44.18,2026-01-17T10:00:00+07:00,material_consumption_00538_1,Tiêu hao thực tế đối chiếu với phiếu xuất.
production_order_2026_00538,rm_0236,issue_2026_00118,2,kg,9.4,2026-01-17T11:00:00+07:00,material_consumption_00538_2,Tiêu hao thực tế đối chiếu với phiếu xuất.
production_order_2026_00539,rm_0237,issue_2026_00119,1,kg,45.6,2026-02-21T10:00:00+07:00,material_consumption_00539_1,Tiêu hao thực tế đối chiếu với phiếu xuất.
production_order_2026_00539,rm_0238,issue_2026_00119,2,kg,10.45,2026-02-21T11:00:00+07:00,material_consumption_00539_2,Tiêu hao thực tế đối chiếu với phiếu xuất.
production_order_2026_00540,rm_0239,issue_2026_00120,1,kg,47.04,2026-02-22T10:00:00+07:00,material_consumption_00540_1,Tiêu hao thực tế đối chiếu với phiếu xuất.
production_order_2026_00540,rm_0240,issue_2026_00120,2,kg,11.52,2026-02-22T11:00:00+07:00,material_consumption_00540_2,Tiêu hao thực tế đối chiếu với phiếu xuất.
production_order_2026_00541,rm_0241,issue_2026_00121,1,piece,9.2,2026-03-02T10:00:00+07:00,material_consumption_00541_1,Tiêu hao thực tế đối chiếu với phiếu xuất.
production_order_2026_00541,rm_0242,issue_2026_00121,2,piece,11.96,2026-03-02T11:00:00+07:00,material_consumption_00541_2,Tiêu hao thực tế đối chiếu với phiếu xuất.
production_order_2026_00542,rm_0243,issue_2026_00122,1,piece,10.23,2026-03-03T10:00:00+07:00,material_consumption_00542_1,Tiêu hao thực tế đối chiếu với phiếu xuất.
production_order_2026_00542,rm_0244,issue_2026_00122,2,piece,13.02,2026-03-03T11:00:00+07:00,material_consumption_00542_2,Tiêu hao thực tế đối chiếu với phiếu xuất.
production_order_2026_00543,rm_0245,issue_2026_00123,1,piece,11.28,2026-04-07T10:00:00+07:00,material_consumption_00543_1,Tiêu hao thực tế đối chiếu với phiếu xuất.
production_order_2026_00543,rm_0246,issue_2026_00123,2,piece,14.1,2026-04-07T11:00:00+07:00,material_consumption_00543_2,Tiêu hao thực tế đối chiếu với phiếu xuất.
production_order_2026_00544,rm_0247,issue_2026_00124,1,piece,12.35,2026-04-08T10:00:00+07:00,material_consumption_00544_1,Tiêu hao thực tế đối chiếu với phiếu xuất.
production_order_2026_00544,rm_0248,issue_2026_00124,2,piece,15.2,2026-04-08T11:00:00+07:00,material_consumption_00544_2,Tiêu hao thực tế đối chiếu với phiếu xuất.
production_order_2026_00545,rm_0249,issue_2026_00125,1,piece,13.44,2026-05-08T10:00:00+07:00,material_consumption_00545_1,Tiêu hao thực tế đối chiếu với phiếu xuất.
production_order_2026_00545,rm_0250,issue_2026_00125,2,kg,16.32,2026-05-08T11:00:00+07:00,material_consumption_00545_2,Tiêu hao thực tế đối chiếu với phiếu xuất.
production_order_2026_00546,rm_0251,issue_2026_00126,1,piece,13.8,2026-05-09T10:00:00+07:00,material_consumption_00546_1,Tiêu hao thực tế đối chiếu với phiếu xuất.
production_order_2026_00546,rm_0252,issue_2026_00126,2,piece,16.56,2026-05-09T11:00:00+07:00,material_consumption_00546_2,Tiêu hao thực tế đối chiếu với phiếu xuất.
production_order_2026_00547,rm_0253,issue_2026_00127,1,piece,14.88,2026-06-13T10:00:00+07:00,material_consumption_00547_1,Tiêu hao thực tế đối chiếu với phiếu xuất.
production_order_2026_00547,rm_0254,issue_2026_00127,2,piece,17.67,2026-06-13T11:00:00+07:00,material_consumption_00547_2,Tiêu hao thực tế đối chiếu với phiếu xuất.
production_order_2026_00548,rm_0255,issue_2026_00128,1,piece,15.98,2026-06-14T10:00:00+07:00,material_consumption_00548_1,Tiêu hao thực tế đối chiếu với phiếu xuất.
production_order_2026_00548,rm_0256,issue_2026_00128,2,piece,18.8,2026-06-14T11:00:00+07:00,material_consumption_00548_2,Tiêu hao thực tế đối chiếu với phiếu xuất.
production_order_2026_00549,rm_0257,issue_2026_00129,1,litre,17.1,2026-07-14T10:00:00+07:00,material_consumption_00549_1,Tiêu hao thực tế đối chiếu với phiếu xuất.
production_order_2026_00549,rm_0258,issue_2026_00129,2,kg,19.95,2026-07-14T11:00:00+07:00,material_consumption_00549_2,Tiêu hao thực tế đối chiếu với phiếu xuất.
production_order_2026_00550,rm_0259,issue_2026_00130,1,kg,18.24,2026-07-15T10:00:00+07:00,material_consumption_00550_1,Tiêu hao thực tế đối chiếu với phiếu xuất.
production_order_2026_00550,rm_0260,issue_2026_00130,2,kg,21.12,2026-07-15T11:00:00+07:00,material_consumption_00550_2,Tiêu hao thực tế đối chiếu với phiếu xuất.
production_order_2026_00551,rm_0261,issue_2026_00131,1,kg,18.4,2026-08-19T10:00:00+07:00,material_consumption_00551_1,Tiêu hao thực tế đối chiếu với phiếu xuất.
production_order_2026_00551,rm_0262,issue_2026_00131,2,kg,21.16,2026-08-19T11:00:00+07:00,material_consumption_00551_2,Tiêu hao thực tế đối chiếu với phiếu xuất.
production_order_2026_00552,rm_0263,issue_2026_00132,1,kg,19.53,2026-08-20T10:00:00+07:00,material_consumption_00552_1,Tiêu hao thực tế đối chiếu với phiếu xuất.
production_order_2026_00552,rm_0264,issue_2026_00132,2,litre,22.32,2026-08-20T11:00:00+07:00,material_consumption_00552_2,Tiêu hao thực tế đối chiếu với phiếu xuất.
production_order_2026_00553,rm_0265,issue_2026_00133,1,kg,20.68,2026-09-20T10:00:00+07:00,material_consumption_00553_1,Tiêu hao thực tế đối chiếu với phiếu xuất.
production_order_2026_00553,rm_0266,issue_2026_00133,2,kg,23.5,2026-09-20T11:00:00+07:00,material_consumption_00553_2,Tiêu hao thực tế đối chiếu với phiếu xuất.
production_order_2026_00554,rm_0267,issue_2026_00134,1,kg,21.85,2026-09-21T10:00:00+07:00,material_consumption_00554_1,Tiêu hao thực tế đối chiếu với phiếu xuất.
production_order_2026_00554,rm_0268,issue_2026_00134,2,kg,24.7,2026-09-21T11:00:00+07:00,material_consumption_00554_2,Tiêu hao thực tế đối chiếu với phiếu xuất.
production_order_2026_00555,rm_0269,issue_2026_00135,1,litre,23.04,2026-01-05T10:00:00+07:00,material_consumption_00555_1,Tiêu hao thực tế đối chiếu với phiếu xuất.
production_order_2026_00555,rm_0270,issue_2026_00135,2,kg,25.92,2026-01-05T11:00:00+07:00,material_consumption_00555_2,Tiêu hao thực tế đối chiếu với phiếu xuất.
production_order_2026_00556,rm_0271,issue_2026_00136,1,kg,23.0,2026-01-06T10:00:00+07:00,material_consumption_00556_1,Tiêu hao thực tế đối chiếu với phiếu xuất.
production_order_2026_00556,rm_0272,issue_2026_00136,2,kg,25.76,2026-01-06T11:00:00+07:00,material_consumption_00556_2,Tiêu hao thực tế đối chiếu với phiếu xuất.
production_order_2026_00557,rm_0273,issue_2026_00137,1,kg,24.18,2026-02-06T10:00:00+07:00,material_consumption_00557_1,Tiêu hao thực tế đối chiếu với phiếu xuất.
production_order_2026_00557,rm_0274,issue_2026_00137,2,kg,26.97,2026-02-06T11:00:00+07:00,material_consumption_00557_2,Tiêu hao thực tế đối chiếu với phiếu xuất.
production_order_2026_00558,rm_0275,issue_2026_00138,1,kg,25.38,2026-02-07T10:00:00+07:00,material_consumption_00558_1,Tiêu hao thực tế đối chiếu với phiếu xuất.
production_order_2026_00558,rm_0276,issue_2026_00138,2,kg,28.2,2026-02-07T11:00:00+07:00,material_consumption_00558_2,Tiêu hao thực tế đối chiếu với phiếu xuất.
production_order_2026_00559,rm_0277,issue_2026_00139,1,kg,26.6,2026-03-11T10:00:00+07:00,material_consumption_00559_1,Tiêu hao thực tế đối chiếu với phiếu xuất.
production_order_2026_00559,rm_0278,issue_2026_00139,2,kg,29.45,2026-03-11T11:00:00+07:00,material_consumption_00559_2,Tiêu hao thực tế đối chiếu với phiếu xuất.
production_order_2026_00560,rm_0279,issue_2026_00140,1,kg,27.84,2026-03-12T10:00:00+07:00,material_consumption_00560_1,Tiêu hao thực tế đối chiếu với phiếu xuất.
production_order_2026_00560,rm_0280,issue_2026_00140,2,kg,30.72,2026-03-12T11:00:00+07:00,material_consumption_00560_2,Tiêu hao thực tế đối chiếu với phiếu xuất.
production_order_2026_00561,rm_0281,issue_2026_00141,1,kg,27.6,2026-04-12T10:00:00+07:00,material_consumption_00561_1,Tiêu hao thực tế đối chiếu với phiếu xuất.
production_order_2026_00561,rm_0282,issue_2026_00141,2,kg,30.36,2026-04-12T11:00:00+07:00,material_consumption_00561_2,Tiêu hao thực tế đối chiếu với phiếu xuất.
production_order_2026_00562,rm_0283,issue_2026_00142,1,kg,28.83,2026-04-13T10:00:00+07:00,material_consumption_00562_1,Tiêu hao thực tế đối chiếu với phiếu xuất.
production_order_2026_00562,rm_0284,issue_2026_00142,2,kg,31.62,2026-04-13T11:00:00+07:00,material_consumption_00562_2,Tiêu hao thực tế đối chiếu với phiếu xuất.
production_order_2026_00563,rm_0285,issue_2026_00143,1,kg,30.08,2026-05-17T10:00:00+07:00,material_consumption_00563_1,Tiêu hao thực tế đối chiếu với phiếu xuất.
production_order_2026_00563,rm_0286,issue_2026_00143,2,kg,32.9,2026-05-17T11:00:00+07:00,material_consumption_00563_2,Tiêu hao thực tế đối chiếu với phiếu xuất.
production_order_2026_00564,rm_0287,issue_2026_00144,1,kg,31.35,2026-05-18T10:00:00+07:00,material_consumption_00564_1,Tiêu hao thực tế đối chiếu với phiếu xuất.
production_order_2026_00564,rm_0288,issue_2026_00144,2,kg,34.2,2026-05-18T11:00:00+07:00,material_consumption_00564_2,Tiêu hao thực tế đối chiếu với phiếu xuất.
production_order_2026_00565,rm_0289,issue_2026_00145,1,litre,32.64,2026-06-18T10:00:00+07:00,material_consumption_00565_1,Tiêu hao thực tế đối chiếu với phiếu xuất.
production_order_2026_00565,rm_0290,issue_2026_00145,2,litre,35.52,2026-06-18T11:00:00+07:00,material_consumption_00565_2,Tiêu hao thực tế đối chiếu với phiếu xuất.
production_order_2026_00566,rm_0291,issue_2026_00146,1,litre,32.2,2026-06-19T10:00:00+07:00,material_consumption_00566_1,Tiêu hao thực tế đối chiếu với phiếu xuất.
production_order_2026_00566,rm_0292,issue_2026_00146,2,litre,34.96,2026-06-19T11:00:00+07:00,material_consumption_00566_2,Tiêu hao thực tế đối chiếu với phiếu xuất.
production_order_2026_00567,rm_0293,issue_2026_00147,1,litre,33.48,2026-07-23T10:00:00+07:00,material_consumption_00567_1,Tiêu hao thực tế đối chiếu với phiếu xuất.
production_order_2026_00567,rm_0294,issue_2026_00147,2,litre,36.27,2026-07-23T11:00:00+07:00,material_consumption_00567_2,Tiêu hao thực tế đối chiếu với phiếu xuất.
production_order_2026_00568,rm_0295,issue_2026_00148,1,kg,34.78,2026-07-24T10:00:00+07:00,material_consumption_00568_1,Tiêu hao thực tế đối chiếu với phiếu xuất.
production_order_2026_00568,rm_0296,issue_2026_00148,2,kg,37.6,2026-07-24T11:00:00+07:00,material_consumption_00568_2,Tiêu hao thực tế đối chiếu với phiếu xuất.
production_order_2026_00569,rm_0297,issue_2026_00149,1,kg,36.1,2026-08-04T10:00:00+07:00,material_consumption_00569_1,Tiêu hao thực tế đối chiếu với phiếu xuất.
production_order_2026_00569,rm_0298,issue_2026_00149,2,kg,38.95,2026-08-04T11:00:00+07:00,material_consumption_00569_2,Tiêu hao thực tế đối chiếu với phiếu xuất.
production_order_2026_00570,rm_0299,issue_2026_00150,1,kg,37.44,2026-08-05T10:00:00+07:00,material_consumption_00570_1,Tiêu hao thực tế đối chiếu với phiếu xuất.
production_order_2026_00570,rm_0300,issue_2026_00150,2,kg,40.32,2026-08-05T11:00:00+07:00,material_consumption_00570_2,Tiêu hao thực tế đối chiếu với phiếu xuất.
production_order_2026_00571,rm_0301,issue_2026_00151,1,kg,36.8,2026-09-09T10:00:00+07:00,material_consumption_00571_1,Tiêu hao thực tế đối chiếu với phiếu xuất.
production_order_2026_00571,rm_0302,issue_2026_00151,2,kg,39.56,2026-09-09T11:00:00+07:00,material_consumption_00571_2,Tiêu hao thực tế đối chiếu với phiếu xuất.
production_order_2026_00572,rm_0303,issue_2026_00152,1,kg,38.13,2026-09-10T10:00:00+07:00,material_consumption_00572_1,Tiêu hao thực tế đối chiếu với phiếu xuất.
production_order_2026_00572,rm_0304,issue_2026_00152,2,kg,40.92,2026-09-10T11:00:00+07:00,material_consumption_00572_2,Tiêu hao thực tế đối chiếu với phiếu xuất.
production_order_2026_00573,rm_0305,issue_2026_00153,1,piece,39.48,2026-01-10T10:00:00+07:00,material_consumption_00573_1,Tiêu hao thực tế đối chiếu với phiếu xuất.
production_order_2026_00573,rm_0306,issue_2026_00153,2,piece,42.3,2026-01-10T11:00:00+07:00,material_consumption_00573_2,Tiêu hao thực tế đối chiếu với phiếu xuất.
production_order_2026_00574,rm_0307,issue_2026_00154,1,piece,40.85,2026-01-11T10:00:00+07:00,material_consumption_00574_1,Tiêu hao thực tế đối chiếu với phiếu xuất.
production_order_2026_00574,rm_0308,issue_2026_00154,2,piece,43.7,2026-01-11T11:00:00+07:00,material_consumption_00574_2,Tiêu hao thực tế đối chiếu với phiếu xuất.
production_order_2026_00575,rm_0309,issue_2026_00155,1,piece,42.24,2026-02-15T10:00:00+07:00,material_consumption_00575_1,Tiêu hao thực tế đối chiếu với phiếu xuất.
production_order_2026_00575,rm_0310,issue_2026_00155,2,piece,45.12,2026-02-15T11:00:00+07:00,material_consumption_00575_2,Tiêu hao thực tế đối chiếu với phiếu xuất.
production_order_2026_00576,rm_0311,issue_2026_00156,1,piece,41.4,2026-02-16T10:00:00+07:00,material_consumption_00576_1,Tiêu hao thực tế đối chiếu với phiếu xuất.
production_order_2026_00576,rm_0312,issue_2026_00156,2,piece,44.16,2026-02-16T11:00:00+07:00,material_consumption_00576_2,Tiêu hao thực tế đối chiếu với phiếu xuất.
production_order_2026_00577,rm_0313,issue_2026_00157,1,piece,42.78,2026-03-16T10:00:00+07:00,material_consumption_00577_1,Tiêu hao thực tế đối chiếu với phiếu xuất.
production_order_2026_00577,rm_0314,issue_2026_00157,2,kg,45.57,2026-03-16T11:00:00+07:00,material_consumption_00577_2,Tiêu hao thực tế đối chiếu với phiếu xuất.
production_order_2026_00578,rm_0315,issue_2026_00158,1,piece,44.18,2026-03-17T10:00:00+07:00,material_consumption_00578_1,Tiêu hao thực tế đối chiếu với phiếu xuất.
production_order_2026_00578,rm_0316,issue_2026_00158,2,piece,9.4,2026-03-17T11:00:00+07:00,material_consumption_00578_2,Tiêu hao thực tế đối chiếu với phiếu xuất.
production_order_2026_00579,rm_0317,issue_2026_00159,1,piece,45.6,2026-04-21T10:00:00+07:00,material_consumption_00579_1,Tiêu hao thực tế đối chiếu với phiếu xuất.
production_order_2026_00579,rm_0318,issue_2026_00159,2,piece,10.45,2026-04-21T11:00:00+07:00,material_consumption_00579_2,Tiêu hao thực tế đối chiếu với phiếu xuất.
production_order_2026_00580,rm_0319,issue_2026_00160,1,piece,47.04,2026-04-22T10:00:00+07:00,material_consumption_00580_1,Tiêu hao thực tế đối chiếu với phiếu xuất.
production_order_2026_00580,rm_0320,issue_2026_00160,2,piece,11.52,2026-04-22T11:00:00+07:00,material_consumption_00580_2,Tiêu hao thực tế đối chiếu với phiếu xuất.
production_order_2026_00581,rm_0001,issue_2026_00161,1,litre,9.2,2026-05-02T10:00:00+07:00,material_consumption_00581_1,Tiêu hao thực tế đối chiếu với phiếu xuất.
production_order_2026_00581,rm_0002,issue_2026_00161,2,kg,11.96,2026-05-02T11:00:00+07:00,material_consumption_00581_2,Tiêu hao thực tế đối chiếu với phiếu xuất.
production_order_2026_00582,rm_0003,issue_2026_00162,1,kg,10.23,2026-05-03T10:00:00+07:00,material_consumption_00582_1,Tiêu hao thực tế đối chiếu với phiếu xuất.
production_order_2026_00582,rm_0004,issue_2026_00162,2,kg,13.02,2026-05-03T11:00:00+07:00,material_consumption_00582_2,Tiêu hao thực tế đối chiếu với phiếu xuất.
production_order_2026_00583,rm_0005,issue_2026_00163,1,kg,11.28,2026-06-07T10:00:00+07:00,material_consumption_00583_1,Tiêu hao thực tế đối chiếu với phiếu xuất.
production_order_2026_00583,rm_0006,issue_2026_00163,2,kg,14.1,2026-06-07T11:00:00+07:00,material_consumption_00583_2,Tiêu hao thực tế đối chiếu với phiếu xuất.
production_order_2026_00584,rm_0007,issue_2026_00164,1,kg,12.35,2026-06-08T10:00:00+07:00,material_consumption_00584_1,Tiêu hao thực tế đối chiếu với phiếu xuất.
production_order_2026_00584,rm_0008,issue_2026_00164,2,litre,15.2,2026-06-08T11:00:00+07:00,material_consumption_00584_2,Tiêu hao thực tế đối chiếu với phiếu xuất.
production_order_2026_00585,rm_0009,issue_2026_00165,1,kg,13.44,2026-07-08T10:00:00+07:00,material_consumption_00585_1,Tiêu hao thực tế đối chiếu với phiếu xuất.
production_order_2026_00585,rm_0010,issue_2026_00165,2,kg,16.32,2026-07-08T11:00:00+07:00,material_consumption_00585_2,Tiêu hao thực tế đối chiếu với phiếu xuất.
production_order_2026_00586,rm_0011,issue_2026_00166,1,kg,13.8,2026-07-09T10:00:00+07:00,material_consumption_00586_1,Tiêu hao thực tế đối chiếu với phiếu xuất.
production_order_2026_00586,rm_0012,issue_2026_00166,2,kg,16.56,2026-07-09T11:00:00+07:00,material_consumption_00586_2,Tiêu hao thực tế đối chiếu với phiếu xuất.
production_order_2026_00587,rm_0013,issue_2026_00167,1,litre,14.88,2026-08-13T10:00:00+07:00,material_consumption_00587_1,Tiêu hao thực tế đối chiếu với phiếu xuất.
production_order_2026_00587,rm_0014,issue_2026_00167,2,kg,17.67,2026-08-13T11:00:00+07:00,material_consumption_00587_2,Tiêu hao thực tế đối chiếu với phiếu xuất.
production_order_2026_00588,rm_0015,issue_2026_00168,1,kg,15.98,2026-08-14T10:00:00+07:00,material_consumption_00588_1,Tiêu hao thực tế đối chiếu với phiếu xuất.
production_order_2026_00588,rm_0016,issue_2026_00168,2,kg,18.8,2026-08-14T11:00:00+07:00,material_consumption_00588_2,Tiêu hao thực tế đối chiếu với phiếu xuất.
production_order_2026_00589,rm_0017,issue_2026_00169,1,kg,17.1,2026-09-14T10:00:00+07:00,material_consumption_00589_1,Tiêu hao thực tế đối chiếu với phiếu xuất.
production_order_2026_00589,rm_0018,issue_2026_00169,2,kg,19.95,2026-09-14T11:00:00+07:00,material_consumption_00589_2,Tiêu hao thực tế đối chiếu với phiếu xuất.
production_order_2026_00590,rm_0019,issue_2026_00170,1,kg,18.24,2026-09-15T10:00:00+07:00,material_consumption_00590_1,Tiêu hao thực tế đối chiếu với phiếu xuất.
production_order_2026_00590,rm_0020,issue_2026_00170,2,kg,21.12,2026-09-15T11:00:00+07:00,material_consumption_00590_2,Tiêu hao thực tế đối chiếu với phiếu xuất.
production_order_2026_00591,rm_0021,issue_2026_00171,1,kg,18.4,2026-01-19T10:00:00+07:00,material_consumption_00591_1,Tiêu hao thực tế đối chiếu với phiếu xuất.
production_order_2026_00591,rm_0022,issue_2026_00171,2,kg,21.16,2026-01-19T11:00:00+07:00,material_consumption_00591_2,Tiêu hao thực tế đối chiếu với phiếu xuất.
production_order_2026_00592,rm_0023,issue_2026_00172,1,kg,19.53,2026-01-20T10:00:00+07:00,material_consumption_00592_1,Tiêu hao thực tế đối chiếu với phiếu xuất.
production_order_2026_00592,rm_0024,issue_2026_00172,2,kg,22.32,2026-01-20T11:00:00+07:00,material_consumption_00592_2,Tiêu hao thực tế đối chiếu với phiếu xuất.
production_order_2026_00593,rm_0025,issue_2026_00173,1,kg,20.68,2026-02-20T10:00:00+07:00,material_consumption_00593_1,Tiêu hao thực tế đối chiếu với phiếu xuất.
production_order_2026_00593,rm_0026,issue_2026_00173,2,kg,23.5,2026-02-20T11:00:00+07:00,material_consumption_00593_2,Tiêu hao thực tế đối chiếu với phiếu xuất.
production_order_2026_00594,rm_0027,issue_2026_00174,1,kg,21.85,2026-02-21T10:00:00+07:00,material_consumption_00594_1,Tiêu hao thực tế đối chiếu với phiếu xuất.
production_order_2026_00594,rm_0028,issue_2026_00174,2,kg,24.7,2026-02-21T11:00:00+07:00,material_consumption_00594_2,Tiêu hao thực tế đối chiếu với phiếu xuất.
production_order_2026_00595,rm_0029,issue_2026_00175,1,kg,23.04,2026-03-05T10:00:00+07:00,material_consumption_00595_1,Tiêu hao thực tế đối chiếu với phiếu xuất.
production_order_2026_00595,rm_0030,issue_2026_00175,2,kg,25.92,2026-03-05T11:00:00+07:00,material_consumption_00595_2,Tiêu hao thực tế đối chiếu với phiếu xuất.
production_order_2026_00596,rm_0031,issue_2026_00176,1,kg,23.0,2026-03-06T10:00:00+07:00,material_consumption_00596_1,Tiêu hao thực tế đối chiếu với phiếu xuất.
production_order_2026_00596,rm_0032,issue_2026_00176,2,kg,25.76,2026-03-06T11:00:00+07:00,material_consumption_00596_2,Tiêu hao thực tế đối chiếu với phiếu xuất.
production_order_2026_00597,rm_0033,issue_2026_00177,1,litre,24.18,2026-04-06T10:00:00+07:00,material_consumption_00597_1,Tiêu hao thực tế đối chiếu với phiếu xuất.
production_order_2026_00597,rm_0034,issue_2026_00177,2,litre,26.97,2026-04-06T11:00:00+07:00,material_consumption_00597_2,Tiêu hao thực tế đối chiếu với phiếu xuất.
production_order_2026_00598,rm_0035,issue_2026_00178,1,litre,25.38,2026-04-07T10:00:00+07:00,material_consumption_00598_1,Tiêu hao thực tế đối chiếu với phiếu xuất.
production_order_2026_00598,rm_0036,issue_2026_00178,2,litre,28.2,2026-04-07T11:00:00+07:00,material_consumption_00598_2,Tiêu hao thực tế đối chiếu với phiếu xuất.
production_order_2026_00599,rm_0037,issue_2026_00179,1,litre,26.6,2026-05-11T10:00:00+07:00,material_consumption_00599_1,Tiêu hao thực tế đối chiếu với phiếu xuất.
production_order_2026_00599,rm_0038,issue_2026_00179,2,litre,29.45,2026-05-11T11:00:00+07:00,material_consumption_00599_2,Tiêu hao thực tế đối chiếu với phiếu xuất.
production_order_2026_00600,rm_0039,issue_2026_00180,1,kg,27.84,2026-05-12T10:00:00+07:00,material_consumption_00600_1,Tiêu hao thực tế đối chiếu với phiếu xuất.
production_order_2026_00600,rm_0040,issue_2026_00180,2,kg,30.72,2026-05-12T11:00:00+07:00,material_consumption_00600_2,Tiêu hao thực tế đối chiếu với phiếu xuất.
