order_code,bom_code,bom_line_code,material_item_code,unit_code,base_quantity_snapshot,scrap_percent_snapshot,required_quantity
production_order_2026_00001,bom_fg_0001,bom_fg_0001_line_01,rm_0001,litre,1000,0.5,60.3
production_order_2026_00001,bom_fg_0001,bom_fg_0001_line_02,rm_0018,kg,1000,1.0,119.18
production_order_2026_00001,bom_fg_0001,bom_fg_0001_line_03,rm_0035,litre,1000,1.5,178.64
production_order_2026_00001,bom_fg_0001,bom_fg_0001_line_04,rm_0052,piece,1000,2.0,238.68
production_order_2026_00001,bom_fg_0001,bom_fg_0001_line_05,rm_0069,kg,1000,0.0,292.0
production_order_2026_00002,bom_fg_0002,bom_fg_0002_line_01,rm_0006,kg,1000,0.5,92.350455
production_order_2026_00002,bom_fg_0002,bom_fg_0002_line_02,rm_0023,kg,1000,1.0,155.40264
production_order_2026_00002,bom_fg_0002,bom_fg_0002_line_03,rm_0040,kg,1000,1.5,219.074555
production_order_2026_00002,bom_fg_0002,bom_fg_0002_line_04,rm_0057,piece,1000,2.0,283.3662
production_order_2026_00002,bom_fg_0002,bom_fg_0002_line_05,rm_0074,kg,1000,0.0,339.783
production_order_2026_00003,bom_fg_0003,bom_fg_0003_line_01,rm_0011,kg,1000,0.5,127.98072
production_order_2026_00003,bom_fg_0003,bom_fg_0003_line_02,rm_0028,kg,1000,1.0,195.2229
production_order_2026_00003,bom_fg_0003,bom_fg_0003_line_03,rm_0045,kg,1000,1.5,263.12454
production_order_2026_00003,bom_fg_0003,bom_fg_0003_line_04,rm_0062,piece,1000,2.0,331.68564
production_order_2026_00003,bom_fg_0003,bom_fg_0003_line_05,rm_0079,kg,1000,0.0,391.128
production_order_2026_00004,bom_fg_0004,bom_fg_0004_line_01,rm_0016,kg,1000,0.5,167.190795
production_order_2026_00004,bom_fg_0004,bom_fg_0004_line_02,rm_0033,litre,1000,1.0,238.64078
production_order_2026_00004,bom_fg_0004,bom_fg_0004_line_03,rm_0050,piece,1000,1.5,310.789955
production_order_2026_00004,bom_fg_0004,bom_fg_0004_line_04,rm_0067,kg,1000,2.0,383.63832
production_order_2026_00004,bom_fg_0004,bom_fg_0004_line_05,rm_0084,kg,1000,0.0,446.035
production_order_2026_00005,bom_fg_0005,bom_fg_0005_line_01,rm_0021,kg,1000,0.5,209.98068
production_order_2026_00005,bom_fg_0005,bom_fg_0005_line_02,rm_0038,litre,1000,1.0,285.65628
production_order_2026_00005,bom_fg_0005,bom_fg_0005_line_03,rm_0055,piece,1000,1.5,362.0708
production_order_2026_00005,bom_fg_0005,bom_fg_0005_line_04,rm_0072,litre,1000,2.0,439.22424
production_order_2026_00005,bom_fg_0005,bom_fg_0005_line_05,rm_0089,kg,1000,0.0,504.504
production_order_2026_00006,bom_fg_0006,bom_fg_0006_line_01,rm_0026,kg,1000,0.5,256.350375
production_order_2026_00006,bom_fg_0006,bom_fg_0006_line_02,rm_0043,kg,1000,1.0,336.2694
production_order_2026_00006,bom_fg_0006,bom_fg_0006_line_03,rm_0060,piece,1000,1.5,416.967075
production_order_2026_00006,bom_fg_0006,bom_fg_0006_line_04,rm_0077,litre,1000,2.0,498.4434
production_order_2026_00006,bom_fg_0006,bom_fg_0006_line_05,rm_0094,kg,1000,0.0,566.535
production_order_2026_00007,bom_fg_0007,bom_fg_0007_line_01,rm_0031,kg,1000,0.5,306.29988
production_order_2026_00007,bom_fg_0007,bom_fg_0007_line_02,rm_0048,kg,1000,1.0,390.48014
production_order_2026_00007,bom_fg_0007,bom_fg_0007_line_03,rm_0065,litre,1000,1.5,475.47878
production_order_2026_00007,bom_fg_0007,bom_fg_0007_line_04,rm_0082,kg,1000,2.0,561.2958
production_order_2026_00007,bom_fg_0007,bom_fg_0007_line_05,rm_0099,litre,1000,0.0,632.128
production_order_2026_00008,bom_fg_0008,bom_fg_0008_line_01,rm_0036,litre,1000,0.5,359.829195
production_order_2026_00008,bom_fg_0008,bom_fg_0008_line_02,rm_0053,piece,1000,1.0,448.2885
production_order_2026_00008,bom_fg_0008,bom_fg_0008_line_03,rm_0070,kg,1000,1.5,537.605915
production_order_2026_00008,bom_fg_0008,bom_fg_0008_line_04,rm_0087,kg,1000,2.0,627.78144
production_order_2026_00008,bom_fg_0008,bom_fg_0008_line_05,rm_0104,kg,1000,0.0,701.283
production_order_2026_00009,bom_fg_0009,bom_fg_0009_line_01,rm_0041,kg,1000,0.5,416.93832
production_order_2026_00009,bom_fg_0009,bom_fg_0009_line_02,rm_0058,kg,1000,1.0,509.69448
production_order_2026_00009,bom_fg_0009,bom_fg_0009_line_03,rm_0075,kg,1000,1.5,603.34848
production_order_2026_00009,bom_fg_0009,bom_fg_0009_line_04,rm_0092,kg,1000,2.0,697.90032
production_order_2026_00009,bom_fg_0009,bom_fg_0009_line_05,rm_0109,kg,1000,0.0,774.0
production_order_2026_00010,bom_fg_0010,bom_fg_0010_line_01,rm_0046,kg,1000,0.5,477.627255
production_order_2026_00010,bom_fg_0010,bom_fg_0010_line_02,rm_0063,piece,1000,1.0,574.69808
production_order_2026_00010,bom_fg_0010,bom_fg_0010_line_03,rm_0080,kg,1000,1.5,672.706475
production_order_2026_00010,bom_fg_0010,bom_fg_0010_line_04,rm_0097,litre,1000,2.0,771.65244
production_order_2026_00010,bom_fg_0010,bom_fg_0010_line_05,rm_0114,piece,1000,0.0,850.279
production_order_2026_00011,bom_fg_0011,bom_fg_0011_line_01,rm_0051,piece,1000,0.5,541.896
production_order_2026_00011,bom_fg_0011,bom_fg_0011_line_02,rm_0068,kg,1000,1.0,643.2993
production_order_2026_00011,bom_fg_0011,bom_fg_0011_line_03,rm_0085,kg,1000,1.5,745.6799
production_order_2026_00011,bom_fg_0011,bom_fg_0011_line_04,rm_0102,litre,1000,2.0,849.0378
production_order_2026_00011,bom_fg_0011,bom_fg_0011_line_05,rm_0119,piece,1000,0.0,930.12
production_order_2026_00012,bom_fg_0012,bom_fg_0012_line_01,rm_0056,piece,1000,0.5,609.744555
production_order_2026_00012,bom_fg_0012,bom_fg_0012_line_02,rm_0073,kg,1000,1.0,715.49814
production_order_2026_00012,bom_fg_0012,bom_fg_0012_line_03,rm_0090,kg,1000,1.5,822.268755
production_order_2026_00012,bom_fg_0012,bom_fg_0012_line_04,rm_0107,kg,1000,2.0,930.0564
production_order_2026_00012,bom_fg_0012,bom_fg_0012_line_05,rm_0124,piece,1000,0.0,1013.523
production_order_2026_00013,bom_fg_0013,bom_fg_0013_line_01,rm_0061,piece,1000,0.5,681.17292
production_order_2026_00013,bom_fg_0013,bom_fg_0013_line_02,rm_0078,kg,1000,1.0,791.2946
production_order_2026_00013,bom_fg_0013,bom_fg_0013_line_03,rm_0095,kg,1000,1.5,902.47304
production_order_2026_00013,bom_fg_0013,bom_fg_0013_line_04,rm_0112,kg,1000,2.0,1014.70824
production_order_2026_00013,bom_fg_0013,bom_fg_0013_line_05,rm_0129,litre,1000,0.0,1100.488
production_order_2026_00014,bom_fg_0014,bom_fg_0014_line_01,rm_0066,kg,1000,0.5,756.181095
production_order_2026_00014,bom_fg_0014,bom_fg_0014_line_02,rm_0083,kg,1000,1.0,870.68868
production_order_2026_00014,bom_fg_0014,bom_fg_0014_line_03,rm_0100,litre,1000,1.5,986.292755
production_order_2026_00014,bom_fg_0014,bom_fg_0014_line_04,rm_0117,piece,1000,2.0,1102.99332
production_order_2026_00014,bom_fg_0014,bom_fg_0014_line_05,rm_0134,kg,1000,0.0,1191.015
production_order_2026_00015,bom_fg_0015,bom_fg_0015_line_01,rm_0071,kg,1000,0.5,834.76908
production_order_2026_00015,bom_fg_0015,bom_fg_0015_line_02,rm_0088,kg,1000,1.0,953.68038
production_order_2026_00015,bom_fg_0015,bom_fg_0015_line_03,rm_0105,kg,1000,1.5,1073.7279
production_order_2026_00015,bom_fg_0015,bom_fg_0015_line_04,rm_0122,kg,1000,2.0,1194.91164
production_order_2026_00015,bom_fg_0015,bom_fg_0015_line_05,rm_0139,kg,1000,0.0,1285.104
production_order_2026_00016,bom_fg_0016,bom_fg_0016_line_01,rm_0076,kg,1000,0.5,916.936875
production_order_2026_00016,bom_fg_0016,bom_fg_0016_line_02,rm_0093,kg,1000,1.0,1040.2697
production_order_2026_00016,bom_fg_0016,bom_fg_0016_line_03,rm_0110,kg,1000,1.5,1164.778475
production_order_2026_00016,bom_fg_0016,bom_fg_0016_line_04,rm_0127,piece,1000,2.0,1290.4632
production_order_2026_00016,bom_fg_0016,bom_fg_0016_line_05,rm_0144,kg,1000,0.0,1382.755
production_order_2026_00017,bom_fg_0017,bom_fg_0017_line_01,rm_0081,kg,1000,0.5,1002.68448
production_order_2026_00017,bom_fg_0017,bom_fg_0017_line_02,rm_0098,litre,1000,1.0,1130.45664
production_order_2026_00017,bom_fg_0017,bom_fg_0017_line_03,rm_0115,piece,1000,1.5,1259.44448
production_order_2026_00017,bom_fg_0017,bom_fg_0017_line_04,rm_0132,kg,1000,2.0,1389.648
production_order_2026_00017,bom_fg_0017,bom_fg_0017_line_05,rm_0149,kg,1000,0.0,1483.968
production_order_2026_00018,bom_fg_0018,bom_fg_0018_line_01,rm_0086,kg,1000,0.5,1092.011895
production_order_2026_00018,bom_fg_0018,bom_fg_0018_line_02,rm_0103,kg,1000,1.0,1224.2412
production_order_2026_00018,bom_fg_0018,bom_fg_0018_line_03,rm_0120,piece,1000,1.5,1357.725915
production_order_2026_00018,bom_fg_0018,bom_fg_0018_line_04,rm_0137,kg,1000,2.0,1492.46604
production_order_2026_00018,bom_fg_0018,bom_fg_0018_line_05,rm_0154,kg,1000,0.0,1588.743
production_order_2026_00019,bom_fg_0019,bom_fg_0019_line_01,rm_0091,kg,1000,0.5,1184.91912
production_order_2026_00019,bom_fg_0019,bom_fg_0019_line_02,rm_0108,kg,1000,1.0,1321.62338
production_order_2026_00019,bom_fg_0019,bom_fg_0019_line_03,rm_0125,piece,1000,1.5,1459.62278
production_order_2026_00019,bom_fg_0019,bom_fg_0019_line_04,rm_0142,kg,1000,2.0,1598.91732
production_order_2026_00019,bom_fg_0019,bom_fg_0019_line_05,rm_0159,kg,1000,0.0,1697.08
production_order_2026_00020,bom_fg_0020,bom_fg_0020_line_01,rm_0096,kg,1000,0.5,1281.406155
production_order_2026_00020,bom_fg_0020,bom_fg_0020_line_02,rm_0113,piece,1000,1.0,1422.60318
production_order_2026_00020,bom_fg_0020,bom_fg_0020_line_03,rm_0130,kg,1000,1.5,1565.135075
production_order_2026_00020,bom_fg_0020,bom_fg_0020_line_04,rm_0147,kg,1000,2.0,1709.00184
production_order_2026_00020,bom_fg_0020,bom_fg_0020_line_05,rm_0164,litre,1000,0.0,1808.979
production_order_2026_00021,bom_fg_0021,bom_fg_0021_line_01,rm_0101,litre,1000,0.5,1381.473
production_order_2026_00021,bom_fg_0021,bom_fg_0021_line_02,rm_0118,piece,1000,1.0,1527.1806
production_order_2026_00021,bom_fg_0021,bom_fg_0021_line_03,rm_0135,kg,1000,1.5,1674.2628
production_order_2026_00021,bom_fg_0021,bom_fg_0021_line_04,rm_0152,kg,1000,2.0,1822.7196
production_order_2026_00021,bom_fg_0021,bom_fg_0021_line_05,rm_0169,kg,1000,0.0,1924.44
production_order_2026_00022,bom_fg_0022,bom_fg_0022_line_01,rm_0106,kg,1000,0.5,1485.119655
production_order_2026_00022,bom_fg_0022,bom_fg_0022_line_02,rm_0123,piece,1000,1.0,1635.35564
production_order_2026_00022,bom_fg_0022,bom_fg_0022_line_03,rm_0140,kg,1000,1.5,1787.005955
production_order_2026_00022,bom_fg_0022,bom_fg_0022_line_04,rm_0157,kg,1000,2.0,1940.0706
production_order_2026_00022,bom_fg_0022,bom_fg_0022_line_05,rm_0174,kg,1000,0.0,2043.463
production_order_2026_00023,bom_fg_0023,bom_fg_0023_line_01,rm_0111,kg,1000,0.5,1592.34612
production_order_2026_00023,bom_fg_0023,bom_fg_0023_line_02,rm_0128,piece,1000,1.0,1747.1283
production_order_2026_00023,bom_fg_0023,bom_fg_0023_line_03,rm_0145,kg,1000,1.5,1903.36454
production_order_2026_00023,bom_fg_0023,bom_fg_0023_line_04,rm_0162,litre,1000,2.0,2061.05484
production_order_2026_00023,bom_fg_0023,bom_fg_0023_line_05,rm_0179,piece,1000,0.0,2166.048
production_order_2026_00024,bom_fg_0024,bom_fg_0024_line_01,rm_0116,piece,1000,0.5,1703.152395
production_order_2026_00024,bom_fg_0024,bom_fg_0024_line_02,rm_0133,kg,1000,1.0,1862.49858
production_order_2026_00024,bom_fg_0024,bom_fg_0024_line_03,rm_0150,kg,1000,1.5,2023.338555
production_order_2026_00024,bom_fg_0024,bom_fg_0024_line_04,rm_0167,kg,1000,2.0,2185.67232
production_order_2026_00024,bom_fg_0024,bom_fg_0024_line_05,rm_0184,piece,1000,0.0,2292.195
production_order_2026_00025,bom_fg_0025,bom_fg_0025_line_01,rm_0121,piece,1000,0.5,1817.53848
production_order_2026_00025,bom_fg_0025,bom_fg_0025_line_02,rm_0138,kg,1000,1.0,1981.46648
production_order_2026_00025,bom_fg_0025,bom_fg_0025_line_03,rm_0155,kg,1000,1.5,2146.928
production_order_2026_00025,bom_fg_0025,bom_fg_0025_line_04,rm_0172,kg,1000,2.0,2313.92304
production_order_2026_00025,bom_fg_0025,bom_fg_0025_line_05,rm_0189,piece,1000,0.0,2421.904
production_order_2026_00026,bom_fg_0026,bom_fg_0026_line_01,rm_0126,piece,1000,0.5,1935.504375
production_order_2026_00026,bom_fg_0026,bom_fg_0026_line_02,rm_0143,kg,1000,1.0,2104.032
production_order_2026_00026,bom_fg_0026,bom_fg_0026_line_03,rm_0160,kg,1000,1.5,2274.132875
production_order_2026_00026,bom_fg_0026,bom_fg_0026_line_04,rm_0177,piece,1000,2.0,2445.807
production_order_2026_00026,bom_fg_0026,bom_fg_0026_line_05,rm_0194,kg,1000,0.0,2555.175
production_order_2026_00027,bom_fg_0027,bom_fg_0027_line_01,rm_0131,kg,1000,0.5,2057.05008
production_order_2026_00027,bom_fg_0027,bom_fg_0027_line_02,rm_0148,kg,1000,1.0,2230.19514
production_order_2026_00027,bom_fg_0027,bom_fg_0027_line_03,rm_0165,litre,1000,1.5,2404.95318
production_order_2026_00027,bom_fg_0027,bom_fg_0027_line_04,rm_0182,piece,1000,2.0,2581.3242
production_order_2026_00027,bom_fg_0027,bom_fg_0027_line_05,rm_0199,kg,1000,0.0,2692.008
production_order_2026_00028,bom_fg_0028,bom_fg_0028_line_01,rm_0136,litre,1000,0.5,2182.175595
production_order_2026_00028,bom_fg_0028,bom_fg_0028_line_02,rm_0153,kg,1000,1.0,2359.9559
production_order_2026_00028,bom_fg_0028,bom_fg_0028_line_03,rm_0170,kg,1000,1.5,2539.388915
production_order_2026_00028,bom_fg_0028,bom_fg_0028_line_04,rm_0187,piece,1000,2.0,2720.47464
production_order_2026_00028,bom_fg_0028,bom_fg_0028_line_05,rm_0204,kg,1000,0.0,2832.403
production_order_2026_00029,bom_fg_0029,bom_fg_0029_line_01,rm_0141,litre,1000,0.5,2310.88092
production_order_2026_00029,bom_fg_0029,bom_fg_0029_line_02,rm_0158,kg,1000,1.0,2493.31428
production_order_2026_00029,bom_fg_0029,bom_fg_0029_line_03,rm_0175,kg,1000,1.5,2677.44008
production_order_2026_00029,bom_fg_0029,bom_fg_0029_line_04,rm_0192,piece,1000,2.0,2863.25832
production_order_2026_00029,bom_fg_0029,bom_fg_0029_line_05,rm_0209,kg,1000,0.0,2976.36
production_order_2026_00030,bom_fg_0030,bom_fg_0030_line_01,rm_0146,kg,1000,0.5,2443.166055
production_order_2026_00030,bom_fg_0030,bom_fg_0030_line_02,rm_0163,litre,1000,1.0,2630.27028
production_order_2026_00030,bom_fg_0030,bom_fg_0030_line_03,rm_0180,piece,1000,1.5,2819.106675
production_order_2026_00030,bom_fg_0030,bom_fg_0030_line_04,rm_0197,kg,1000,2.0,3009.67524
production_order_2026_00030,bom_fg_0030,bom_fg_0030_line_05,rm_0214,kg,1000,0.0,3123.879
production_order_2026_00031,bom_fg_0031,bom_fg_0031_line_01,rm_0151,kg,1000,0.5,2579.031
production_order_2026_00031,bom_fg_0031,bom_fg_0031_line_02,rm_0168,kg,1000,1.0,2770.8239
production_order_2026_00031,bom_fg_0031,bom_fg_0031_line_03,rm_0185,piece,1000,1.5,2964.3887
production_order_2026_00031,bom_fg_0031,bom_fg_0031_line_04,rm_0202,kg,1000,2.0,3159.7254
production_order_2026_00031,bom_fg_0031,bom_fg_0031_line_05,rm_0219,kg,1000,0.0,3274.96
production_order_2026_00032,bom_fg_0032,bom_fg_0032_line_01,rm_0156,kg,1000,0.5,2718.475755
production_order_2026_00032,bom_fg_0032,bom_fg_0032_line_02,rm_0173,kg,1000,1.0,2914.97514
production_order_2026_00032,bom_fg_0032,bom_fg_0032_line_03,rm_0190,piece,1000,1.5,3113.286155
production_order_2026_00032,bom_fg_0032,bom_fg_0032_line_04,rm_0207,kg,1000,2.0,3313.4088
production_order_2026_00032,bom_fg_0032,bom_fg_0032_line_05,rm_0224,kg,1000,0.0,3429.603
production_order_2026_00033,bom_fg_0033,bom_fg_0033_line_01,rm_0161,litre,1000,0.5,2861.50032
production_order_2026_00033,bom_fg_0033,bom_fg_0033_line_02,rm_0178,piece,1000,1.0,3062.724
production_order_2026_00033,bom_fg_0033,bom_fg_0033_line_03,rm_0195,kg,1000,1.5,3265.79904
production_order_2026_00033,bom_fg_0033,bom_fg_0033_line_04,rm_0212,kg,1000,2.0,3470.72544
production_order_2026_00033,bom_fg_0033,bom_fg_0033_line_05,rm_0229,litre,1000,0.0,3587.808
production_order_2026_00034,bom_fg_0034,bom_fg_0034_line_01,rm_0166,litre,1000,0.5,3008.104695
production_order_2026_00034,bom_fg_0034,bom_fg_0034_line_02,rm_0183,piece,1000,1.0,3214.07048
production_order_2026_00034,bom_fg_0034,bom_fg_0034_line_03,rm_0200,litre,1000,1.5,3421.927355
production_order_2026_00034,bom_fg_0034,bom_fg_0034_line_04,rm_0217,kg,1000,2.0,3631.67532
production_order_2026_00034,bom_fg_0034,bom_fg_0034_line_05,rm_0234,kg,1000,0.0,3749.575
production_order_2026_00035,bom_fg_0035,bom_fg_0035_line_01,rm_0171,kg,1000,0.5,3158.28888
production_order_2026_00035,bom_fg_0035,bom_fg_0035_line_02,rm_0188,piece,1000,1.0,3369.01458
production_order_2026_00035,bom_fg_0035,bom_fg_0035_line_03,rm_0205,litre,1000,1.5,3581.6711
production_order_2026_00035,bom_fg_0035,bom_fg_0035_line_04,rm_0222,kg,1000,2.0,3796.25844
production_order_2026_00035,bom_fg_0035,bom_fg_0035_line_05,rm_0239,kg,1000,0.0,3914.904
production_order_2026_00036,bom_fg_0036,bom_fg_0036_line_01,rm_0176,kg,1000,0.5,3312.052875
production_order_2026_00036,bom_fg_0036,bom_fg_0036_line_02,rm_0193,litre,1000,1.0,3527.5563
production_order_2026_00036,bom_fg_0036,bom_fg_0036_line_03,rm_0210,kg,1000,1.5,3745.030275
production_order_2026_00036,bom_fg_0036,bom_fg_0036_line_04,rm_0227,litre,1000,2.0,3964.4748
production_order_2026_00036,bom_fg_0036,bom_fg_0036_line_05,rm_0244,piece,1000,0.0,4083.795
production_order_2026_00037,bom_fg_0037,bom_fg_0037_line_01,rm_0181,piece,1000,0.5,3469.39668
production_order_2026_00037,bom_fg_0037,bom_fg_0037_line_02,rm_0198,kg,1000,1.0,3689.69564
production_order_2026_00037,bom_fg_0037,bom_fg_0037_line_03,rm_0215,kg,1000,1.5,3912.00488
production_order_2026_00037,bom_fg_0037,bom_fg_0037_line_04,rm_0232,kg,1000,2.0,4136.3244
production_order_2026_00037,bom_fg_0037,bom_fg_0037_line_05,rm_0249,piece,1000,0.0,4256.248
production_order_2026_00038,bom_fg_0038,bom_fg_0038_line_01,rm_0186,kg,1000,0.5,3630.320295
production_order_2026_00038,bom_fg_0038,bom_fg_0038_line_02,rm_0203,kg,1000,1.0,3855.4326
production_order_2026_00038,bom_fg_0038,bom_fg_0038_line_03,rm_0220,kg,1000,1.5,4082.594915
production_order_2026_00038,bom_fg_0038,bom_fg_0038_line_04,rm_0237,kg,1000,2.0,4311.80724
production_order_2026_00038,bom_fg_0038,bom_fg_0038_line_05,rm_0254,piece,1000,0.0,4432.263
production_order_2026_00039,bom_fg_0039,bom_fg_0039_line_01,rm_0191,piece,1000,0.5,3794.82372
production_order_2026_00039,bom_fg_0039,bom_fg_0039_line_02,rm_0208,kg,1000,1.0,4024.76718
production_order_2026_00039,bom_fg_0039,bom_fg_0039_line_03,rm_0225,litre,1000,1.5,4256.80038
production_order_2026_00039,bom_fg_0039,bom_fg_0039_line_04,rm_0242,piece,1000,2.0,4490.92332
production_order_2026_00039,bom_fg_0039,bom_fg_0039_line_05,rm_0259,kg,1000,0.0,4611.84
production_order_2026_00040,bom_fg_0040,bom_fg_0040_line_01,rm_0196,kg,1000,0.5,3962.906955
production_order_2026_00040,bom_fg_0040,bom_fg_0040_line_02,rm_0213,kg,1000,1.0,4197.69938
production_order_2026_00040,bom_fg_0040,bom_fg_0040_line_03,rm_0230,litre,1000,1.5,4434.621275
production_order_2026_00040,bom_fg_0040,bom_fg_0040_line_04,rm_0247,piece,1000,2.0,4673.67264
production_order_2026_00040,bom_fg_0040,bom_fg_0040_line_05,rm_0264,litre,1000,0.0,4794.979
production_order_2026_00041,bom_fg_0041,bom_fg_0041_line_01,rm_0201,kg,1000,0.5,4134.57
production_order_2026_00041,bom_fg_0041,bom_fg_0041_line_02,rm_0218,kg,1000,1.0,4374.2292
production_order_2026_00041,bom_fg_0041,bom_fg_0041_line_03,rm_0235,kg,1000,1.5,4616.0576
production_order_2026_00041,bom_fg_0041,bom_fg_0041_line_04,rm_0252,piece,1000,2.0,4860.0552
production_order_2026_00041,bom_fg_0041,bom_fg_0041_line_05,rm_0269,litre,1000,0.0,4981.68
production_order_2026_00042,bom_fg_0042,bom_fg_0042_line_01,rm_0206,kg,1000,0.5,4309.812855
production_order_2026_00042,bom_fg_0042,bom_fg_0042_line_02,rm_0223,kg,1000,1.0,4554.35664
production_order_2026_00042,bom_fg_0042,bom_fg_0042_line_03,rm_0240,kg,1000,1.5,4801.109355
production_order_2026_00042,bom_fg_0042,bom_fg_0042_line_04,rm_0257,litre,1000,2.0,5050.071
production_order_2026_00042,bom_fg_0042,bom_fg_0042_line_05,rm_0274,kg,1000,0.0,5171.943
production_order_2026_00043,bom_fg_0043,bom_fg_0043_line_01,rm_0211,kg,1000,0.5,4488.63552
production_order_2026_00043,bom_fg_0043,bom_fg_0043_line_02,rm_0228,litre,1000,1.0,4738.0817
production_order_2026_00043,bom_fg_0043,bom_fg_0043_line_03,rm_0245,piece,1000,1.5,4989.77654
production_order_2026_00043,bom_fg_0043,bom_fg_0043_line_04,rm_0262,kg,1000,2.0,5243.72004
production_order_2026_00043,bom_fg_0043,bom_fg_0043_line_05,rm_0279,kg,1000,0.0,5365.768
production_order_2026_00044,bom_fg_0044,bom_fg_0044_line_01,rm_0216,kg,1000,0.5,4671.037995
production_order_2026_00044,bom_fg_0044,bom_fg_0044_line_02,rm_0233,kg,1000,1.0,4925.40438
production_order_2026_00044,bom_fg_0044,bom_fg_0044_line_03,rm_0250,kg,1000,1.5,5182.059155
production_order_2026_00044,bom_fg_0044,bom_fg_0044_line_04,rm_0267,kg,1000,2.0,5441.00232
production_order_2026_00044,bom_fg_0044,bom_fg_0044_line_05,rm_0284,kg,1000,0.0,5563.155
production_order_2026_00045,bom_fg_0045,bom_fg_0045_line_01,rm_0221,kg,1000,0.5,4857.02028
production_order_2026_00045,bom_fg_0045,bom_fg_0045_line_02,rm_0238,kg,1000,1.0,5116.32468
production_order_2026_00045,bom_fg_0045,bom_fg_0045_line_03,rm_0255,piece,1000,1.5,5377.9572
production_order_2026_00045,bom_fg_0045,bom_fg_0045_line_04,rm_0272,kg,1000,2.0,5641.91784
production_order_2026_00045,bom_fg_0045,bom_fg_0045_line_05,rm_0289,litre,1000,0.0,5764.104
production_order_2026_00046,bom_fg_0046,bom_fg_0046_line_01,rm_0226,litre,1000,0.5,5046.582375
production_order_2026_00046,bom_fg_0046,bom_fg_0046_line_02,rm_0243,piece,1000,1.0,5310.8426
production_order_2026_00046,bom_fg_0046,bom_fg_0046_line_03,rm_0260,kg,1000,1.5,5577.470675
production_order_2026_00046,bom_fg_0046,bom_fg_0046_line_04,rm_0277,kg,1000,2.0,5846.4666
production_order_2026_00046,bom_fg_0046,bom_fg_0046_line_05,rm_0294,litre,1000,0.0,253.115
production_order_2026_00047,bom_fg_0047,bom_fg_0047_line_01,rm_0231,kg,1000,0.5,5239.72428
production_order_2026_00047,bom_fg_0047,bom_fg_0047_line_02,rm_0248,piece,1000,1.0,5508.95814
production_order_2026_00047,bom_fg_0047,bom_fg_0047_line_03,rm_0265,kg,1000,1.5,5780.59958
production_order_2026_00047,bom_fg_0047,bom_fg_0047_line_04,rm_0282,kg,1000,2.0,6054.6486
production_order_2026_00047,bom_fg_0047,bom_fg_0047_line_05,rm_0299,kg,1000,0.0,365.288
production_order_2026_00048,bom_fg_0048,bom_fg_0048_line_01,rm_0236,kg,1000,0.5,5436.445995
production_order_2026_00048,bom_fg_0048,bom_fg_0048_line_02,rm_0253,piece,1000,1.0,5710.6713
production_order_2026_00048,bom_fg_0048,bom_fg_0048_line_03,rm_0270,kg,1000,1.5,5987.343915
production_order_2026_00048,bom_fg_0048,bom_fg_0048_line_04,rm_0287,kg,1000,2.0,6266.46384
production_order_2026_00048,bom_fg_0048,bom_fg_0048_line_05,rm_0304,kg,1000,0.0,481.023
production_order_2026_00049,bom_fg_0049,bom_fg_0049_line_01,rm_0241,piece,1000,0.5,5636.74752
production_order_2026_00049,bom_fg_0049,bom_fg_0049_line_02,rm_0258,kg,1000,1.0,5915.98208
production_order_2026_00049,bom_fg_0049,bom_fg_0049_line_03,rm_0275,kg,1000,1.5,6197.70368
production_order_2026_00049,bom_fg_0049,bom_fg_0049_line_04,rm_0292,litre,1000,2.0,358.64832
production_order_2026_00049,bom_fg_0049,bom_fg_0049_line_05,rm_0309,piece,1000,0.0,600.32
production_order_2026_00050,bom_fg_0050,bom_fg_0050_line_01,rm_0246,piece,1000,0.5,5840.628855
production_order_2026_00050,bom_fg_0050,bom_fg_0050_line_02,rm_0263,kg,1000,1.0,6124.89048
production_order_2026_00050,bom_fg_0050,bom_fg_0050_line_03,rm_0280,kg,1000,1.5,6411.678875
production_order_2026_00050,bom_fg_0050,bom_fg_0050_line_04,rm_0297,kg,1000,2.0,479.91204
production_order_2026_00050,bom_fg_0050,bom_fg_0050_line_05,rm_0004,kg,1000,0.0,723.179
production_order_2026_00051,bom_fg_0051,bom_fg_0051_line_01,rm_0251,piece,1000,0.5,6048.09
production_order_2026_00051,bom_fg_0051,bom_fg_0051_line_02,rm_0268,kg,1000,1.0,6337.3965
production_order_2026_00051,bom_fg_0051,bom_fg_0051_line_03,rm_0285,kg,1000,1.5,341.3445
production_order_2026_00051,bom_fg_0051,bom_fg_0051_line_04,rm_0302,kg,1000,2.0,604.809
production_order_2026_00051,bom_fg_0051,bom_fg_0051_line_05,rm_0009,kg,1000,0.0,849.6
production_order_2026_00052,bom_fg_0052,bom_fg_0052_line_01,rm_0256,piece,1000,0.5,6259.130955
production_order_2026_00052,bom_fg_0052,bom_fg_0052_line_02,rm_0273,kg,1000,1.0,6553.50014
production_order_2026_00052,bom_fg_0052,bom_fg_0052_line_03,rm_0290,litre,1000,1.5,465.212055
production_order_2026_00052,bom_fg_0052,bom_fg_0052_line_04,rm_0307,piece,1000,2.0,733.3392
production_order_2026_00052,bom_fg_0052,bom_fg_0052_line_05,rm_0014,kg,1000,0.0,979.583
production_order_2026_00053,bom_fg_0053,bom_fg_0053_line_01,rm_0261,kg,1000,0.5,6473.75172
production_order_2026_00053,bom_fg_0053,bom_fg_0053_line_02,rm_0278,kg,1000,1.0,322.5334
production_order_2026_00053,bom_fg_0053,bom_fg_0053_line_03,rm_0295,kg,1000,1.5,592.69504
production_order_2026_00053,bom_fg_0053,bom_fg_0053_line_04,rm_0002,kg,1000,2.0,865.50264
production_order_2026_00053,bom_fg_0053,bom_fg_0053_line_05,rm_0019,kg,1000,0.0,1113.128
production_order_2026_00054,bom_fg_0054,bom_fg_0054_line_01,rm_0266,kg,1000,0.5,6691.952295
production_order_2026_00054,bom_fg_0054,bom_fg_0054_line_02,rm_0283,kg,1000,1.0,448.97328
production_order_2026_00054,bom_fg_0054,bom_fg_0054_line_03,rm_0300,kg,1000,1.5,723.793455
production_order_2026_00054,bom_fg_0054,bom_fg_0054_line_04,rm_0007,kg,1000,2.0,1001.29932
production_order_2026_00054,bom_fg_0054,bom_fg_0054_line_05,rm_0024,kg,1000,0.0,1250.235
production_order_2026_00055,bom_fg_0055,bom_fg_0055_line_01,rm_0271,kg,1000,0.5,302.23968
production_order_2026_00055,bom_fg_0055,bom_fg_0055_line_02,rm_0288,kg,1000,1.0,579.01078
production_order_2026_00055,bom_fg_0055,bom_fg_0055_line_03,rm_0305,piece,1000,1.5,858.5073
production_order_2026_00055,bom_fg_0055,bom_fg_0055_line_04,rm_0012,kg,1000,2.0,1140.72924
production_order_2026_00055,bom_fg_0055,bom_fg_0055_line_05,rm_0029,kg,1000,0.0,1390.904
production_order_2026_00056,bom_fg_0056,bom_fg_0056_line_01,rm_0276,kg,1000,0.5,431.220375
production_order_2026_00056,bom_fg_0056,bom_fg_0056_line_02,rm_0293,litre,1000,1.0,712.6459
production_order_2026_00056,bom_fg_0056,bom_fg_0056_line_03,rm_0310,piece,1000,1.5,996.836575
production_order_2026_00056,bom_fg_0056,bom_fg_0056_line_04,rm_0017,kg,1000,2.0,1283.7924
production_order_2026_00056,bom_fg_0056,bom_fg_0056_line_05,rm_0034,litre,1000,0.0,1535.135
production_order_2026_00057,bom_fg_0057,bom_fg_0057_line_01,rm_0281,kg,1000,0.5,563.78088
production_order_2026_00057,bom_fg_0057,bom_fg_0057_line_02,rm_0298,kg,1000,1.0,849.87864
production_order_2026_00057,bom_fg_0057,bom_fg_0057_line_03,rm_0005,kg,1000,1.5,1138.78128
production_order_2026_00057,bom_fg_0057,bom_fg_0057_line_04,rm_0022,kg,1000,2.0,1430.4888
production_order_2026_00057,bom_fg_0057,bom_fg_0057_line_05,rm_0039,kg,1000,0.0,1682.928
production_order_2026_00058,bom_fg_0058,bom_fg_0058_line_01,rm_0286,kg,1000,0.5,699.921195
production_order_2026_00058,bom_fg_0058,bom_fg_0058_line_02,rm_0303,kg,1000,1.0,990.709
production_order_2026_00058,bom_fg_0058,bom_fg_0058_line_03,rm_0010,kg,1000,1.5,1284.341415
production_order_2026_00058,bom_fg_0058,bom_fg_0058_line_04,rm_0027,kg,1000,2.0,1580.81844
production_order_2026_00058,bom_fg_0058,bom_fg_0058_line_05,rm_0044,kg,1000,0.0,1834.283
production_order_2026_00059,bom_fg_0059,bom_fg_0059_line_01,rm_0291,litre,1000,0.5,839.64132
production_order_2026_00059,bom_fg_0059,bom_fg_0059_line_02,rm_0308,piece,1000,1.0,1135.13698
production_order_2026_00059,bom_fg_0059,bom_fg_0059_line_03,rm_0015,kg,1000,1.5,1433.51698
production_order_2026_00059,bom_fg_0059,bom_fg_0059_line_04,rm_0032,kg,1000,2.0,1734.78132
production_order_2026_00059,bom_fg_0059,bom_fg_0059_line_05,rm_0049,piece,1000,0.0,1989.2
production_order_2026_00060,bom_fg_0060,bom_fg_0060_line_01,rm_0296,kg,1000,0.5,203.061255
production_order_2026_00060,bom_fg_0060,bom_fg_0060_line_02,rm_0003,kg,1000,1.0,265.08258
production_order_2026_00060,bom_fg_0060,bom_fg_0060_line_03,rm_0020,kg,1000,1.5,327.707975
production_order_2026_00060,bom_fg_0060,bom_fg_0060_line_04,rm_0037,litre,1000,2.0,390.93744
production_order_2026_00060,bom_fg_0060,bom_fg_0060_line_05,rm_0054,piece,1000,0.0,443.679
production_order_2026_00061,bom_fg_0061,bom_fg_0061_line_01,rm_0301,kg,1000,0.5,245.421
production_order_2026_00061,bom_fg_0061,bom_fg_0061_line_02,rm_0008,litre,1000,1.0,311.6658
production_order_2026_00061,bom_fg_0061,bom_fg_0061_line_03,rm_0025,kg,1000,1.5,378.5544
production_order_2026_00061,bom_fg_0061,bom_fg_0061_line_04,rm_0042,kg,1000,2.0,446.0868
production_order_2026_00061,bom_fg_0061,bom_fg_0061_line_05,rm_0059,piece,1000,0.0,501.72
production_order_2026_00062,bom_fg_0062,bom_fg_0062_line_01,rm_0306,piece,1000,0.5,291.360555
production_order_2026_00062,bom_fg_0062,bom_fg_0062_line_02,rm_0013,litre,1000,1.0,361.84664
production_order_2026_00062,bom_fg_0062,bom_fg_0062_line_03,rm_0030,kg,1000,1.5,433.016255
production_order_2026_00062,bom_fg_0062,bom_fg_0062_line_04,rm_0047,kg,1000,2.0,504.8694
production_order_2026_00062,bom_fg_0062,bom_fg_0062_line_05,rm_0064,piece,1000,0.0,563.323
production_order_2026_00063,bom_fg_0063,bom_fg_0063_line_01,rm_0001,litre,1000,0.5,340.87992
production_order_2026_00063,bom_fg_0063,bom_fg_0063_line_02,rm_0018,kg,1000,1.0,415.6251
production_order_2026_00063,bom_fg_0063,bom_fg_0063_line_03,rm_0035,litre,1000,1.5,491.09354
production_order_2026_00063,bom_fg_0063,bom_fg_0063_line_04,rm_0052,piece,1000,2.0,567.28524
production_order_2026_00063,bom_fg_0063,bom_fg_0063_line_05,rm_0069,kg,1000,0.0,628.488
production_order_2026_00064,bom_fg_0064,bom_fg_0064_line_01,rm_0006,kg,1000,0.5,393.979095
production_order_2026_00064,bom_fg_0064,bom_fg_0064_line_02,rm_0023,kg,1000,1.0,473.00118
production_order_2026_00064,bom_fg_0064,bom_fg_0064_line_03,rm_0040,kg,1000,1.5,552.786255
production_order_2026_00064,bom_fg_0064,bom_fg_0064_line_04,rm_0057,piece,1000,2.0,633.33432
production_order_2026_00064,bom_fg_0064,bom_fg_0064_line_05,rm_0074,kg,1000,0.0,697.215
production_order_2026_00065,bom_fg_0065,bom_fg_0065_line_01,rm_0011,kg,1000,0.5,450.65808
production_order_2026_00065,bom_fg_0065,bom_fg_0065_line_02,rm_0028,kg,1000,1.0,533.97488
production_order_2026_00065,bom_fg_0065,bom_fg_0065_line_03,rm_0045,kg,1000,1.5,618.0944
production_order_2026_00065,bom_fg_0065,bom_fg_0065_line_04,rm_0062,piece,1000,2.0,703.01664
production_order_2026_00065,bom_fg_0065,bom_fg_0065_line_05,rm_0079,kg,1000,0.0,769.504
production_order_2026_00066,bom_fg_0066,bom_fg_0066_line_01,rm_0016,kg,1000,0.5,510.916875
production_order_2026_00066,bom_fg_0066,bom_fg_0066_line_02,rm_0033,litre,1000,1.0,598.5462
production_order_2026_00066,bom_fg_0066,bom_fg_0066_line_03,rm_0050,piece,1000,1.5,687.017975
production_order_2026_00066,bom_fg_0066,bom_fg_0066_line_04,rm_0067,kg,1000,2.0,776.3322
production_order_2026_00066,bom_fg_0066,bom_fg_0066_line_05,rm_0084,kg,1000,0.0,845.355
production_order_2026_00067,bom_fg_0067,bom_fg_0067_line_01,rm_0021,kg,1000,0.5,574.75548
production_order_2026_00067,bom_fg_0067,bom_fg_0067_line_02,rm_0038,litre,1000,1.0,666.71514
production_order_2026_00067,bom_fg_0067,bom_fg_0067_line_03,rm_0055,piece,1000,1.5,759.55698
production_order_2026_00067,bom_fg_0067,bom_fg_0067_line_04,rm_0072,litre,1000,2.0,853.281
production_order_2026_00067,bom_fg_0067,bom_fg_0067_line_05,rm_0089,kg,1000,0.0,924.768
production_order_2026_00068,bom_fg_0068,bom_fg_0068_line_01,rm_0026,kg,1000,0.5,642.173895
production_order_2026_00068,bom_fg_0068,bom_fg_0068_line_02,rm_0043,kg,1000,1.0,738.4817
production_order_2026_00068,bom_fg_0068,bom_fg_0068_line_03,rm_0060,piece,1000,1.5,835.711415
production_order_2026_00068,bom_fg_0068,bom_fg_0068_line_04,rm_0077,litre,1000,2.0,933.86304
production_order_2026_00068,bom_fg_0068,bom_fg_0068_line_05,rm_0094,kg,1000,0.0,1007.743
production_order_2026_00069,bom_fg_0069,bom_fg_0069_line_01,rm_0031,kg,1000,0.5,713.17212
production_order_2026_00069,bom_fg_0069,bom_fg_0069_line_02,rm_0048,kg,1000,1.0,813.84588
production_order_2026_00069,bom_fg_0069,bom_fg_0069_line_03,rm_0065,litre,1000,1.5,915.48128
production_order_2026_00069,bom_fg_0069,bom_fg_0069_line_04,rm_0082,kg,1000,2.0,1018.07832
production_order_2026_00069,bom_fg_0069,bom_fg_0069_line_05,rm_0099,litre,1000,0.0,1094.28
production_order_2026_00070,bom_fg_0070,bom_fg_0070_line_01,rm_0036,litre,1000,0.5,787.750155
production_order_2026_00070,bom_fg_0070,bom_fg_0070_line_02,rm_0053,piece,1000,1.0,892.80768
production_order_2026_00070,bom_fg_0070,bom_fg_0070_line_03,rm_0070,kg,1000,1.5,998.866575
production_order_2026_00070,bom_fg_0070,bom_fg_0070_line_04,rm_0087,kg,1000,2.0,1105.92684
production_order_2026_00070,bom_fg_0070,bom_fg_0070_line_05,rm_0104,kg,1000,0.0,1184.379
production_order_2026_00071,bom_fg_0071,bom_fg_0071_line_01,rm_0041,kg,1000,0.5,865.908
production_order_2026_00071,bom_fg_0071,bom_fg_0071_line_02,rm_0058,kg,1000,1.0,975.3671
production_order_2026_00071,bom_fg_0071,bom_fg_0071_line_03,rm_0075,kg,1000,1.5,1085.8673
production_order_2026_00071,bom_fg_0071,bom_fg_0071_line_04,rm_0092,kg,1000,2.0,1197.4086
production_order_2026_00071,bom_fg_0071,bom_fg_0071_line_05,rm_0109,kg,1000,0.0,1278.04
production_order_2026_00072,bom_fg_0072,bom_fg_0072_line_01,rm_0046,kg,1000,0.5,947.645655
production_order_2026_00072,bom_fg_0072,bom_fg_0072_line_02,rm_0063,piece,1000,1.0,1061.52414
production_order_2026_00072,bom_fg_0072,bom_fg_0072_line_03,rm_0080,kg,1000,1.5,1176.483455
production_order_2026_00072,bom_fg_0072,bom_fg_0072_line_04,rm_0097,litre,1000,2.0,1292.5236
production_order_2026_00072,bom_fg_0072,bom_fg_0072_line_05,rm_0114,piece,1000,0.0,1375.263
production_order_2026_00073,bom_fg_0073,bom_fg_0073_line_01,rm_0051,piece,1000,0.5,1032.96312
production_order_2026_00073,bom_fg_0073,bom_fg_0073_line_02,rm_0068,kg,1000,1.0,1151.2788
production_order_2026_00073,bom_fg_0073,bom_fg_0073_line_03,rm_0085,kg,1000,1.5,1270.71504
production_order_2026_00073,bom_fg_0073,bom_fg_0073_line_04,rm_0102,litre,1000,2.0,1391.27184
production_order_2026_00073,bom_fg_0073,bom_fg_0073_line_05,rm_0119,piece,1000,0.0,1476.048
production_order_2026_00074,bom_fg_0074,bom_fg_0074_line_01,rm_0056,piece,1000,0.5,1121.860395
production_order_2026_00074,bom_fg_0074,bom_fg_0074_line_02,rm_0073,kg,1000,1.0,1244.63108
production_order_2026_00074,bom_fg_0074,bom_fg_0074_line_03,rm_0090,kg,1000,1.5,1368.562055
production_order_2026_00074,bom_fg_0074,bom_fg_0074_line_04,rm_0107,kg,1000,2.0,1493.65332
production_order_2026_00074,bom_fg_0074,bom_fg_0074_line_05,rm_0124,piece,1000,0.0,1580.395
production_order_2026_00075,bom_fg_0075,bom_fg_0075_line_01,rm_0061,piece,1000,0.5,1214.33748
production_order_2026_00075,bom_fg_0075,bom_fg_0075_line_02,rm_0078,kg,1000,1.0,1341.58098
production_order_2026_00075,bom_fg_0075,bom_fg_0075_line_03,rm_0095,kg,1000,1.5,1470.0245
production_order_2026_00075,bom_fg_0075,bom_fg_0075_line_04,rm_0112,kg,1000,2.0,1599.66804
production_order_2026_00075,bom_fg_0075,bom_fg_0075_line_05,rm_0129,litre,1000,0.0,1688.304
production_order_2026_00076,bom_fg_0076,bom_fg_0076_line_01,rm_0066,kg,1000,0.5,1310.394375
production_order_2026_00076,bom_fg_0076,bom_fg_0076_line_02,rm_0083,kg,1000,1.0,1442.1285
production_order_2026_00076,bom_fg_0076,bom_fg_0076_line_03,rm_0100,litre,1000,1.5,1575.102375
production_order_2026_00076,bom_fg_0076,bom_fg_0076_line_04,rm_0117,piece,1000,2.0,1709.316
production_order_2026_00076,bom_fg_0076,bom_fg_0076_line_05,rm_0134,kg,1000,0.0,1799.775
production_order_2026_00077,bom_fg_0077,bom_fg_0077_line_01,rm_0071,kg,1000,0.5,1410.03108
production_order_2026_00077,bom_fg_0077,bom_fg_0077_line_02,rm_0088,kg,1000,1.0,1546.27364
production_order_2026_00077,bom_fg_0077,bom_fg_0077_line_03,rm_0105,kg,1000,1.5,1683.79568
production_order_2026_00077,bom_fg_0077,bom_fg_0077_line_04,rm_0122,kg,1000,2.0,1822.5972
production_order_2026_00077,bom_fg_0077,bom_fg_0077_line_05,rm_0139,kg,1000,0.0,1914.808
production_order_2026_00078,bom_fg_0078,bom_fg_0078_line_01,rm_0076,kg,1000,0.5,1513.247595
production_order_2026_00078,bom_fg_0078,bom_fg_0078_line_02,rm_0093,kg,1000,1.0,1654.0164
production_order_2026_00078,bom_fg_0078,bom_fg_0078_line_03,rm_0110,kg,1000,1.5,1796.104415
production_order_2026_00078,bom_fg_0078,bom_fg_0078_line_04,rm_0127,piece,1000,2.0,1939.51164
production_order_2026_00078,bom_fg_0078,bom_fg_0078_line_05,rm_0144,kg,1000,0.0,2033.403
production_order_2026_00079,bom_fg_0079,bom_fg_0079_line_01,rm_0081,kg,1000,0.5,1620.04392
production_order_2026_00079,bom_fg_0079,bom_fg_0079_line_02,rm_0098,litre,1000,1.0,1765.35678
production_order_2026_00079,bom_fg_0079,bom_fg_0079_line_03,rm_0115,piece,1000,1.5,1912.02858
production_order_2026_00079,bom_fg_0079,bom_fg_0079_line_04,rm_0132,kg,1000,2.0,2060.05932
production_order_2026_00079,bom_fg_0079,bom_fg_0079_line_05,rm_0149,kg,1000,0.0,2155.56
production_order_2026_00080,bom_fg_0080,bom_fg_0080_line_01,rm_0086,kg,1000,0.5,1730.420055
production_order_2026_00080,bom_fg_0080,bom_fg_0080_line_02,rm_0103,kg,1000,1.0,1880.29478
production_order_2026_00080,bom_fg_0080,bom_fg_0080_line_03,rm_0120,piece,1000,1.5,2031.568175
production_order_2026_00080,bom_fg_0080,bom_fg_0080_line_04,rm_0137,kg,1000,2.0,2184.24024
production_order_2026_00080,bom_fg_0080,bom_fg_0080_line_05,rm_0154,kg,1000,0.0,2281.279
production_order_2026_00081,bom_fg_0081,bom_fg_0081_line_01,rm_0091,kg,1000,0.5,1844.376
production_order_2026_00081,bom_fg_0081,bom_fg_0081_line_02,rm_0108,kg,1000,1.0,1998.8304
production_order_2026_00081,bom_fg_0081,bom_fg_0081_line_03,rm_0125,piece,1000,1.5,2154.7232
production_order_2026_00081,bom_fg_0081,bom_fg_0081_line_04,rm_0142,kg,1000,2.0,2312.0544
production_order_2026_00081,bom_fg_0081,bom_fg_0081_line_05,rm_0159,kg,1000,0.0,2410.56
production_order_2026_00082,bom_fg_0082,bom_fg_0082_line_01,rm_0096,kg,1000,0.5,1961.911755
production_order_2026_00082,bom_fg_0082,bom_fg_0082_line_02,rm_0113,piece,1000,1.0,2120.96364
production_order_2026_00082,bom_fg_0082,bom_fg_0082_line_03,rm_0130,kg,1000,1.5,2281.493655
production_order_2026_00082,bom_fg_0082,bom_fg_0082_line_04,rm_0147,kg,1000,2.0,2443.5018
production_order_2026_00082,bom_fg_0082,bom_fg_0082_line_05,rm_0164,litre,1000,0.0,2543.403
production_order_2026_00083,bom_fg_0083,bom_fg_0083_line_01,rm_0101,litre,1000,0.5,2083.02732
production_order_2026_00083,bom_fg_0083,bom_fg_0083_line_02,rm_0118,piece,1000,1.0,2246.6945
production_order_2026_00083,bom_fg_0083,bom_fg_0083_line_03,rm_0135,kg,1000,1.5,2411.87954
production_order_2026_00083,bom_fg_0083,bom_fg_0083_line_04,rm_0152,kg,1000,2.0,2578.58244
production_order_2026_00083,bom_fg_0083,bom_fg_0083_line_05,rm_0169,kg,1000,0.0,2679.808
production_order_2026_00084,bom_fg_0084,bom_fg_0084_line_01,rm_0106,kg,1000,0.5,2207.722695
production_order_2026_00084,bom_fg_0084,bom_fg_0084_line_02,rm_0123,piece,1000,1.0,2376.02298
production_order_2026_00084,bom_fg_0084,bom_fg_0084_line_03,rm_0140,kg,1000,1.5,2545.880855
production_order_2026_00084,bom_fg_0084,bom_fg_0084_line_04,rm_0157,kg,1000,2.0,2717.29632
production_order_2026_00084,bom_fg_0084,bom_fg_0084_line_05,rm_0174,kg,1000,0.0,2819.775
production_order_2026_00085,bom_fg_0085,bom_fg_0085_line_01,rm_0111,kg,1000,0.5,2335.99788
production_order_2026_00085,bom_fg_0085,bom_fg_0085_line_02,rm_0128,piece,1000,1.0,2508.94908
production_order_2026_00085,bom_fg_0085,bom_fg_0085_line_03,rm_0145,kg,1000,1.5,2683.4976
production_order_2026_00085,bom_fg_0085,bom_fg_0085_line_04,rm_0162,litre,1000,2.0,2859.64344
production_order_2026_00085,bom_fg_0085,bom_fg_0085_line_05,rm_0179,piece,1000,0.0,2963.304
production_order_2026_00086,bom_fg_0086,bom_fg_0086_line_01,rm_0116,piece,1000,0.5,2467.852875
production_order_2026_00086,bom_fg_0086,bom_fg_0086_line_02,rm_0133,kg,1000,1.0,2645.4728
production_order_2026_00086,bom_fg_0086,bom_fg_0086_line_03,rm_0150,kg,1000,1.5,2824.729775
production_order_2026_00086,bom_fg_0086,bom_fg_0086_line_04,rm_0167,kg,1000,2.0,3005.6238
production_order_2026_00086,bom_fg_0086,bom_fg_0086_line_05,rm_0184,piece,1000,0.0,3110.395
production_order_2026_00087,bom_fg_0087,bom_fg_0087_line_01,rm_0121,piece,1000,0.5,2603.28768
production_order_2026_00087,bom_fg_0087,bom_fg_0087_line_02,rm_0138,kg,1000,1.0,2785.59414
production_order_2026_00087,bom_fg_0087,bom_fg_0087_line_03,rm_0155,kg,1000,1.5,2969.57738
production_order_2026_00087,bom_fg_0087,bom_fg_0087_line_04,rm_0172,kg,1000,2.0,3155.2374
production_order_2026_00087,bom_fg_0087,bom_fg_0087_line_05,rm_0189,piece,1000,0.0,3261.048
production_order_2026_00088,bom_fg_0088,bom_fg_0088_line_01,rm_0126,piece,1000,0.5,2742.302295
production_order_2026_00088,bom_fg_0088,bom_fg_0088_line_02,rm_0143,kg,1000,1.0,2929.3131
production_order_2026_00088,bom_fg_0088,bom_fg_0088_line_03,rm_0160,kg,1000,1.5,3118.040415
production_order_2026_00088,bom_fg_0088,bom_fg_0088_line_04,rm_0177,piece,1000,2.0,3308.48424
production_order_2026_00088,bom_fg_0088,bom_fg_0088_line_05,rm_0194,kg,1000,0.0,3415.263
production_order_2026_00089,bom_fg_0089,bom_fg_0089_line_01,rm_0131,kg,1000,0.5,2884.89672
production_order_2026_00089,bom_fg_0089,bom_fg_0089_line_02,rm_0148,kg,1000,1.0,3076.62968
production_order_2026_00089,bom_fg_0089,bom_fg_0089_line_03,rm_0165,litre,1000,1.5,3270.11888
production_order_2026_00089,bom_fg_0089,bom_fg_0089_line_04,rm_0182,piece,1000,2.0,3465.36432
production_order_2026_00089,bom_fg_0089,bom_fg_0089_line_05,rm_0199,kg,1000,0.0,3573.04
production_order_2026_00090,bom_fg_0090,bom_fg_0090_line_01,rm_0136,litre,1000,0.5,3031.070955
production_order_2026_00090,bom_fg_0090,bom_fg_0090_line_02,rm_0153,kg,1000,1.0,3227.54388
production_order_2026_00090,bom_fg_0090,bom_fg_0090_line_03,rm_0170,kg,1000,1.5,3425.812775
production_order_2026_00090,bom_fg_0090,bom_fg_0090_line_04,rm_0187,piece,1000,2.0,3625.87764
production_order_2026_00090,bom_fg_0090,bom_fg_0090_line_05,rm_0204,kg,1000,0.0,3734.379
production_order_2026_00091,bom_fg_0091,bom_fg_0091_line_01,rm_0141,litre,1000,0.5,3180.825
production_order_2026_00091,bom_fg_0091,bom_fg_0091_line_02,rm_0158,kg,1000,1.0,3382.0557
production_order_2026_00091,bom_fg_0091,bom_fg_0091_line_03,rm_0175,kg,1000,1.5,3585.1221
production_order_2026_00091,bom_fg_0091,bom_fg_0091_line_04,rm_0192,piece,1000,2.0,3790.0242
production_order_2026_00091,bom_fg_0091,bom_fg_0091_line_05,rm_0209,kg,1000,0.0,3899.28
production_order_2026_00092,bom_fg_0092,bom_fg_0092_line_01,rm_0146,kg,1000,0.5,3334.158855
production_order_2026_00092,bom_fg_0092,bom_fg_0092_line_02,rm_0163,litre,1000,1.0,3540.16514
production_order_2026_00092,bom_fg_0092,bom_fg_0092_line_03,rm_0180,piece,1000,1.5,3748.046855
production_order_2026_00092,bom_fg_0092,bom_fg_0092_line_04,rm_0197,kg,1000,2.0,3957.804
production_order_2026_00092,bom_fg_0092,bom_fg_0092_line_05,rm_0214,kg,1000,0.0,4067.743
production_order_2026_00093,bom_fg_0093,bom_fg_0093_line_01,rm_0151,kg,1000,0.5,3491.07252
production_order_2026_00093,bom_fg_0093,bom_fg_0093_line_02,rm_0168,kg,1000,1.0,3701.8722
production_order_2026_00093,bom_fg_0093,bom_fg_0093_line_03,rm_0185,piece,1000,1.5,3914.58704
production_order_2026_00093,bom_fg_0093,bom_fg_0093_line_04,rm_0202,kg,1000,2.0,4129.21704
production_order_2026_00093,bom_fg_0093,bom_fg_0093_line_05,rm_0219,kg,1000,0.0,4239.768
production_order_2026_00094,bom_fg_0094,bom_fg_0094_line_01,rm_0156,kg,1000,0.5,3651.565995
production_order_2026_00094,bom_fg_0094,bom_fg_0094_line_02,rm_0173,kg,1000,1.0,3867.17688
production_order_2026_00094,bom_fg_0094,bom_fg_0094_line_03,rm_0190,piece,1000,1.5,4084.742655
production_order_2026_00094,bom_fg_0094,bom_fg_0094_line_04,rm_0207,kg,1000,2.0,4304.26332
production_order_2026_00094,bom_fg_0094,bom_fg_0094_line_05,rm_0224,kg,1000,0.0,4415.355
production_order_2026_00095,bom_fg_0095,bom_fg_0095_line_01,rm_0161,litre,1000,0.5,3815.63928
production_order_2026_00095,bom_fg_0095,bom_fg_0095_line_02,rm_0178,piece,1000,1.0,4036.07918
production_order_2026_00095,bom_fg_0095,bom_fg_0095_line_03,rm_0195,kg,1000,1.5,4258.5137
production_order_2026_00095,bom_fg_0095,bom_fg_0095_line_04,rm_0212,kg,1000,2.0,4482.94284
production_order_2026_00095,bom_fg_0095,bom_fg_0095_line_05,rm_0229,litre,1000,0.0,4594.504
production_order_2026_00096,bom_fg_0096,bom_fg_0096_line_01,rm_0166,litre,1000,0.5,3983.292375
production_order_2026_00096,bom_fg_0096,bom_fg_0096_line_02,rm_0183,piece,1000,1.0,4208.5791
production_order_2026_00096,bom_fg_0096,bom_fg_0096_line_03,rm_0200,litre,1000,1.5,4435.900175
production_order_2026_00096,bom_fg_0096,bom_fg_0096_line_04,rm_0217,kg,1000,2.0,4665.2556
production_order_2026_00096,bom_fg_0096,bom_fg_0096_line_05,rm_0234,kg,1000,0.0,4777.215
production_order_2026_00097,bom_fg_0097,bom_fg_0097_line_01,rm_0171,kg,1000,0.5,4154.52528
production_order_2026_00097,bom_fg_0097,bom_fg_0097_line_02,rm_0188,piece,1000,1.0,4384.67664
production_order_2026_00097,bom_fg_0097,bom_fg_0097_line_03,rm_0205,litre,1000,1.5,4616.90208
production_order_2026_00097,bom_fg_0097,bom_fg_0097_line_04,rm_0222,kg,1000,2.0,4851.2016
production_order_2026_00097,bom_fg_0097,bom_fg_0097_line_05,rm_0239,kg,1000,0.0,4963.488
production_order_2026_00098,bom_fg_0098,bom_fg_0098_line_01,rm_0176,kg,1000,0.5,4329.337995
production_order_2026_00098,bom_fg_0098,bom_fg_0098_line_02,rm_0193,litre,1000,1.0,4564.3718
production_order_2026_00098,bom_fg_0098,bom_fg_0098_line_03,rm_0210,kg,1000,1.5,4801.519415
production_order_2026_00098,bom_fg_0098,bom_fg_0098_line_04,rm_0227,litre,1000,2.0,5040.78084
production_order_2026_00098,bom_fg_0098,bom_fg_0098_line_05,rm_0244,piece,1000,0.0,5153.323
production_order_2026_00099,bom_fg_0099,bom_fg_0099_line_01,rm_0181,piece,1000,0.5,4507.73052
production_order_2026_00099,bom_fg_0099,bom_fg_0099_line_02,rm_0198,kg,1000,1.0,4747.66458
production_order_2026_00099,bom_fg_0099,bom_fg_0099_line_03,rm_0215,kg,1000,1.5,4989.75218
production_order_2026_00099,bom_fg_0099,bom_fg_0099_line_04,rm_0232,kg,1000,2.0,5233.99332
production_order_2026_00099,bom_fg_0099,bom_fg_0099_line_05,rm_0249,piece,1000,0.0,5346.72
production_order_2026_00100,bom_fg_0100,bom_fg_0100_line_01,rm_0186,kg,1000,0.5,4689.702855
production_order_2026_00100,bom_fg_0100,bom_fg_0100_line_02,rm_0203,kg,1000,1.0,4934.55498
production_order_2026_00100,bom_fg_0100,bom_fg_0100_line_03,rm_0220,kg,1000,1.5,5181.600375
production_order_2026_00100,bom_fg_0100,bom_fg_0100_line_04,rm_0237,kg,1000,2.0,5430.83904
production_order_2026_00100,bom_fg_0100,bom_fg_0100_line_05,rm_0254,piece,1000,0.0,249.579
production_order_2026_00101,bom_fg_0101,bom_fg_0101_line_01,rm_0191,piece,1000,0.5,4875.255
production_order_2026_00101,bom_fg_0101,bom_fg_0101_line_02,rm_0208,kg,1000,1.0,5125.043
production_order_2026_00101,bom_fg_0101,bom_fg_0101_line_03,rm_0225,litre,1000,1.5,5377.064
production_order_2026_00101,bom_fg_0101,bom_fg_0101_line_04,rm_0242,piece,1000,2.0,5631.318
production_order_2026_00101,bom_fg_0101,bom_fg_0101_line_05,rm_0259,kg,1000,0.0,354.2
production_order_2026_00102,bom_fg_0102,bom_fg_0102_line_01,rm_0196,kg,1000,0.5,5064.386955
production_order_2026_00102,bom_fg_0102,bom_fg_0102_line_02,rm_0213,kg,1000,1.0,5319.12864
production_order_2026_00102,bom_fg_0102,bom_fg_0102_line_03,rm_0230,litre,1000,1.5,5576.143055
production_order_2026_00102,bom_fg_0102,bom_fg_0102_line_04,rm_0247,piece,1000,2.0,239.8122
production_order_2026_00102,bom_fg_0102,bom_fg_0102_line_05,rm_0264,litre,1000,0.0,462.383
production_order_2026_00103,bom_fg_0103,bom_fg_0103_line_01,rm_0201,kg,1000,0.5,5257.09872
production_order_2026_00103,bom_fg_0103,bom_fg_0103_line_02,rm_0218,kg,1000,1.0,5516.8119
production_order_2026_00103,bom_fg_0103,bom_fg_0103_line_03,rm_0235,kg,1000,1.5,5778.83754
production_order_2026_00103,bom_fg_0103,bom_fg_0103_line_04,rm_0252,piece,1000,2.0,349.73964
production_order_2026_00103,bom_fg_0103,bom_fg_0103_line_05,rm_0269,litre,1000,0.0,574.128
production_order_2026_00104,bom_fg_0104,bom_fg_0104_line_01,rm_0206,kg,1000,0.5,5453.390295
production_order_2026_00104,bom_fg_0104,bom_fg_0104_line_02,rm_0223,kg,1000,1.0,5718.09278
production_order_2026_00104,bom_fg_0104,bom_fg_0104_line_03,rm_0240,kg,1000,1.5,5985.147455
production_order_2026_00104,bom_fg_0104,bom_fg_0104_line_04,rm_0257,litre,1000,2.0,463.30032
production_order_2026_00104,bom_fg_0104,bom_fg_0104_line_05,rm_0274,kg,1000,0.0,689.435
production_order_2026_00105,bom_fg_0105,bom_fg_0105_line_01,rm_0211,kg,1000,0.5,5653.26168
production_order_2026_00105,bom_fg_0105,bom_fg_0105_line_02,rm_0228,litre,1000,1.0,5922.97128
production_order_2026_00105,bom_fg_0105,bom_fg_0105_line_03,rm_0245,piece,1000,1.5,334.8688
production_order_2026_00105,bom_fg_0105,bom_fg_0105_line_04,rm_0262,kg,1000,2.0,580.49424
production_order_2026_00105,bom_fg_0105,bom_fg_0105_line_05,rm_0279,kg,1000,0.0,808.304
production_order_2026_00106,bom_fg_0106,bom_fg_0106_line_01,rm_0216,kg,1000,0.5,5856.712875
production_order_2026_00106,bom_fg_0106,bom_fg_0106_line_02,rm_0233,kg,1000,1.0,6131.4474
production_order_2026_00106,bom_fg_0106,bom_fg_0106_line_03,rm_0250,kg,1000,1.5,451.071075
production_order_2026_00106,bom_fg_0106,bom_fg_0106_line_04,rm_0267,kg,1000,2.0,701.3214
production_order_2026_00106,bom_fg_0106,bom_fg_0106_line_05,rm_0284,kg,1000,0.0,930.735
production_order_2026_00107,bom_fg_0107,bom_fg_0107_line_01,rm_0221,kg,1000,0.5,6063.74388
production_order_2026_00107,bom_fg_0107,bom_fg_0107_line_02,rm_0238,kg,1000,1.0,318.46714
production_order_2026_00107,bom_fg_0107,bom_fg_0107_line_03,rm_0255,piece,1000,1.5,570.88878
production_order_2026_00107,bom_fg_0107,bom_fg_0107_line_04,rm_0272,kg,1000,2.0,825.7818
production_order_2026_00107,bom_fg_0107,bom_fg_0107_line_05,rm_0289,litre,1000,0.0,1056.728
production_order_2026_00108,bom_fg_0108,bom_fg_0108_line_01,rm_0226,litre,1000,0.5,6274.354695
production_order_2026_00108,bom_fg_0108,bom_fg_0108_line_02,rm_0243,piece,1000,1.0,437.2795
production_order_2026_00108,bom_fg_0108,bom_fg_0108_line_03,rm_0260,kg,1000,1.5,694.321915
production_order_2026_00108,bom_fg_0108,bom_fg_0108_line_04,rm_0277,kg,1000,2.0,953.87544
production_order_2026_00108,bom_fg_0108,bom_fg_0108_line_05,rm_0294,litre,1000,0.0,1186.283
production_order_2026_00109,bom_fg_0109,bom_fg_0109_line_01,rm_0231,kg,1000,0.5,300.55932
production_order_2026_00109,bom_fg_0109,bom_fg_0109_line_02,rm_0248,piece,1000,1.0,559.68948
production_order_2026_00109,bom_fg_0109,bom_fg_0109_line_03,rm_0265,kg,1000,1.5,821.37048
production_order_2026_00109,bom_fg_0109,bom_fg_0109_line_04,rm_0282,kg,1000,2.0,1085.60232
production_order_2026_00109,bom_fg_0109,bom_fg_0109_line_05,rm_0299,kg,1000,0.0,1319.4
production_order_2026_00110,bom_fg_0110,bom_fg_0110_line_01,rm_0236,kg,1000,0.5,421.950255
production_order_2026_00110,bom_fg_0110,bom_fg_0110_line_02,rm_0253,piece,1000,1.0,685.69708
production_order_2026_00110,bom_fg_0110,bom_fg_0110_line_03,rm_0270,kg,1000,1.5,952.034475
production_order_2026_00110,bom_fg_0110,bom_fg_0110_line_04,rm_0287,kg,1000,2.0,1220.96244
production_order_2026_00110,bom_fg_0110,bom_fg_0110_line_05,rm_0304,kg,1000,0.0,1456.079
production_order_2026_00111,bom_fg_0111,bom_fg_0111_line_01,rm_0241,piece,1000,0.5,546.921
production_order_2026_00111,bom_fg_0111,bom_fg_0111_line_02,rm_0258,kg,1000,1.0,815.3023
production_order_2026_00111,bom_fg_0111,bom_fg_0111_line_03,rm_0275,kg,1000,1.5,1086.3139
production_order_2026_00111,bom_fg_0111,bom_fg_0111_line_04,rm_0292,litre,1000,2.0,1359.9558
production_order_2026_00111,bom_fg_0111,bom_fg_0111_line_05,rm_0309,piece,1000,0.0,1596.32
production_order_2026_00112,bom_fg_0112,bom_fg_0112_line_01,rm_0246,piece,1000,0.5,675.471555
production_order_2026_00112,bom_fg_0112,bom_fg_0112_line_02,rm_0263,kg,1000,1.0,948.50514
production_order_2026_00112,bom_fg_0112,bom_fg_0112_line_03,rm_0280,kg,1000,1.5,1224.208755
production_order_2026_00112,bom_fg_0112,bom_fg_0112_line_04,rm_0297,kg,1000,2.0,1502.5824
production_order_2026_00112,bom_fg_0112,bom_fg_0112_line_05,rm_0004,kg,1000,0.0,1740.123
production_order_2026_00113,bom_fg_0113,bom_fg_0113_line_01,rm_0251,piece,1000,0.5,807.60192
production_order_2026_00113,bom_fg_0113,bom_fg_0113_line_02,rm_0268,kg,1000,1.0,1085.3056
production_order_2026_00113,bom_fg_0113,bom_fg_0113_line_03,rm_0285,kg,1000,1.5,1365.71904
production_order_2026_00113,bom_fg_0113,bom_fg_0113_line_04,rm_0302,kg,1000,2.0,1648.84224
production_order_2026_00113,bom_fg_0113,bom_fg_0113_line_05,rm_0009,kg,1000,0.0,1887.488
production_order_2026_00114,bom_fg_0114,bom_fg_0114_line_01,rm_0256,piece,1000,0.5,943.312095
production_order_2026_00114,bom_fg_0114,bom_fg_0114_line_02,rm_0273,kg,1000,1.0,1225.70368
production_order_2026_00114,bom_fg_0114,bom_fg_0114_line_03,rm_0290,litre,1000,1.5,1510.844755
production_order_2026_00114,bom_fg_0114,bom_fg_0114_line_04,rm_0307,piece,1000,2.0,1798.73532
production_order_2026_00114,bom_fg_0114,bom_fg_0114_line_05,rm_0014,kg,1000,0.0,2038.415
production_order_2026_00115,bom_fg_0115,bom_fg_0115_line_01,rm_0261,kg,1000,0.5,1082.60208
production_order_2026_00115,bom_fg_0115,bom_fg_0115_line_02,rm_0278,kg,1000,1.0,1369.69938
production_order_2026_00115,bom_fg_0115,bom_fg_0115_line_03,rm_0295,kg,1000,1.5,1659.5859
production_order_2026_00115,bom_fg_0115,bom_fg_0115_line_04,rm_0002,kg,1000,2.0,1952.26164
production_order_2026_00115,bom_fg_0115,bom_fg_0115_line_05,rm_0019,kg,1000,0.0,2192.904
production_order_2026_00116,bom_fg_0116,bom_fg_0116_line_01,rm_0266,kg,1000,0.5,1225.471875
production_order_2026_00116,bom_fg_0116,bom_fg_0116_line_02,rm_0283,kg,1000,1.0,1517.2927
production_order_2026_00116,bom_fg_0116,bom_fg_0116_line_03,rm_0300,kg,1000,1.5,1811.942475
production_order_2026_00116,bom_fg_0116,bom_fg_0116_line_04,rm_0007,kg,1000,2.0,2109.4212
production_order_2026_00116,bom_fg_0116,bom_fg_0116_line_05,rm_0024,kg,1000,0.0,2350.955
production_order_2026_00117,bom_fg_0117,bom_fg_0117_line_01,rm_0271,kg,1000,0.5,1371.92148
production_order_2026_00117,bom_fg_0117,bom_fg_0117_line_02,rm_0288,kg,1000,1.0,1668.48364
production_order_2026_00117,bom_fg_0117,bom_fg_0117_line_03,rm_0305,piece,1000,1.5,1967.91448
production_order_2026_00117,bom_fg_0117,bom_fg_0117_line_04,rm_0012,kg,1000,2.0,2270.214
production_order_2026_00117,bom_fg_0117,bom_fg_0117_line_05,rm_0029,kg,1000,0.0,2512.568
production_order_2026_00118,bom_fg_0118,bom_fg_0118_line_01,rm_0276,kg,1000,0.5,307.910895
production_order_2026_00118,bom_fg_0118,bom_fg_0118_line_02,rm_0293,litre,1000,1.0,368.8722
production_order_2026_00118,bom_fg_0118,bom_fg_0118_line_03,rm_0310,piece,1000,1.5,430.421915
production_order_2026_00118,bom_fg_0118,bom_fg_0118_line_04,rm_0017,kg,1000,2.0,492.56004
production_order_2026_00118,bom_fg_0118,bom_fg_0118_line_05,rm_0034,litre,1000,0.0,541.743
production_order_2026_00119,bom_fg_0119,bom_fg_0119_line_01,rm_0281,kg,1000,0.5,357.00012
production_order_2026_00119,bom_fg_0119,bom_fg_0119_line_02,rm_0298,kg,1000,1.0,422.21838
production_order_2026_00119,bom_fg_0119,bom_fg_0119_line_03,rm_0005,kg,1000,1.5,488.06478
production_order_2026_00119,bom_fg_0119,bom_fg_0119_line_04,rm_0022,kg,1000,2.0,554.53932
production_order_2026_00119,bom_fg_0119,bom_fg_0119_line_05,rm_0039,kg,1000,0.0,606.48
production_order_2026_00120,bom_fg_0120,bom_fg_0120_line_01,rm_0286,kg,1000,0.5,409.669155
production_order_2026_00120,bom_fg_0120,bom_fg_0120_line_02,rm_0303,kg,1000,1.0,479.16218
production_order_2026_00120,bom_fg_0120,bom_fg_0120_line_03,rm_0010,kg,1000,1.5,549.323075
production_order_2026_00120,bom_fg_0120,bom_fg_0120_line_04,rm_0027,kg,1000,2.0,620.15184
production_order_2026_00120,bom_fg_0120,bom_fg_0120_line_05,rm_0044,kg,1000,0.0,674.779
production_order_2026_00121,bom_fg_0121,bom_fg_0121_line_01,rm_0291,litre,1000,0.5,465.918
production_order_2026_00121,bom_fg_0121,bom_fg_0121_line_02,rm_0308,piece,1000,1.0,539.7036
production_order_2026_00121,bom_fg_0121,bom_fg_0121_line_03,rm_0015,kg,1000,1.5,614.1968
production_order_2026_00121,bom_fg_0121,bom_fg_0121_line_04,rm_0032,kg,1000,2.0,689.3976
production_order_2026_00121,bom_fg_0121,bom_fg_0121_line_05,rm_0049,piece,1000,0.0,746.64
production_order_2026_00122,bom_fg_0122,bom_fg_0122_line_01,rm_0296,kg,1000,0.5,525.746655
production_order_2026_00122,bom_fg_0122,bom_fg_0122_line_02,rm_0003,kg,1000,1.0,603.84264
production_order_2026_00122,bom_fg_0122,bom_fg_0122_line_03,rm_0020,kg,1000,1.5,682.685955
production_order_2026_00122,bom_fg_0122,bom_fg_0122_line_04,rm_0037,litre,1000,2.0,762.2766
production_order_2026_00122,bom_fg_0122,bom_fg_0122_line_05,rm_0054,piece,1000,0.0,822.063
production_order_2026_00123,bom_fg_0123,bom_fg_0123_line_01,rm_0301,kg,1000,0.5,589.15512
production_order_2026_00123,bom_fg_0123,bom_fg_0123_line_02,rm_0008,litre,1000,1.0,671.5793
production_order_2026_00123,bom_fg_0123,bom_fg_0123_line_03,rm_0025,kg,1000,1.5,754.79054
production_order_2026_00123,bom_fg_0123,bom_fg_0123_line_04,rm_0042,kg,1000,2.0,838.78884
production_order_2026_00123,bom_fg_0123,bom_fg_0123_line_05,rm_0059,piece,1000,0.0,901.048
production_order_2026_00124,bom_fg_0124,bom_fg_0124_line_01,rm_0306,piece,1000,0.5,656.143395
production_order_2026_00124,bom_fg_0124,bom_fg_0124_line_02,rm_0013,litre,1000,1.0,742.91358
production_order_2026_00124,bom_fg_0124,bom_fg_0124_line_03,rm_0030,kg,1000,1.5,830.510555
production_order_2026_00124,bom_fg_0124,bom_fg_0124_line_04,rm_0047,kg,1000,2.0,918.93432
production_order_2026_00124,bom_fg_0124,bom_fg_0124_line_05,rm_0064,piece,1000,0.0,983.595
production_order_2026_00125,bom_fg_0125,bom_fg_0125_line_01,rm_0001,litre,1000,0.5,726.71148
production_order_2026_00125,bom_fg_0125,bom_fg_0125_line_02,rm_0018,kg,1000,1.0,817.84548
production_order_2026_00125,bom_fg_0125,bom_fg_0125_line_03,rm_0035,litre,1000,1.5,909.846
production_order_2026_00125,bom_fg_0125,bom_fg_0125_line_04,rm_0052,piece,1000,2.0,1002.71304
production_order_2026_00125,bom_fg_0125,bom_fg_0125_line_05,rm_0069,kg,1000,0.0,1069.704
production_order_2026_00126,bom_fg_0126,bom_fg_0126_line_01,rm_0006,kg,1000,0.5,800.859375
production_order_2026_00126,bom_fg_0126,bom_fg_0126_line_02,rm_0023,kg,1000,1.0,896.375
production_order_2026_00126,bom_fg_0126,bom_fg_0126_line_03,rm_0040,kg,1000,1.5,992.796875
production_order_2026_00126,bom_fg_0126,bom_fg_0126_line_04,rm_0057,piece,1000,2.0,1090.125
production_order_2026_00126,bom_fg_0126,bom_fg_0126_line_05,rm_0074,kg,1000,0.0,1159.375
production_order_2026_00127,bom_fg_0127,bom_fg_0127_line_01,rm_0011,kg,1000,0.5,878.58708
production_order_2026_00127,bom_fg_0127,bom_fg_0127_line_02,rm_0028,kg,1000,1.0,978.50214
production_order_2026_00127,bom_fg_0127,bom_fg_0127_line_03,rm_0045,kg,1000,1.5,1079.36318
production_order_2026_00127,bom_fg_0127,bom_fg_0127_line_04,rm_0062,piece,1000,2.0,1181.1702
production_order_2026_00127,bom_fg_0127,bom_fg_0127_line_05,rm_0079,kg,1000,0.0,1252.608
production_order_2026_00128,bom_fg_0128,bom_fg_0128_line_01,rm_0016,kg,1000,0.5,959.894595
production_order_2026_00128,bom_fg_0128,bom_fg_0128_line_02,rm_0033,litre,1000,1.0,1064.2269
production_order_2026_00128,bom_fg_0128,bom_fg_0128_line_03,rm_0050,piece,1000,1.5,1169.544915
production_order_2026_00128,bom_fg_0128,bom_fg_0128_line_04,rm_0067,kg,1000,2.0,1275.84864
production_order_2026_00128,bom_fg_0128,bom_fg_0128_line_05,rm_0084,kg,1000,0.0,1349.403
production_order_2026_00129,bom_fg_0129,bom_fg_0129_line_01,rm_0021,kg,1000,0.5,1044.78192
production_order_2026_00129,bom_fg_0129,bom_fg_0129_line_02,rm_0038,litre,1000,1.0,1153.54928
production_order_2026_00129,bom_fg_0129,bom_fg_0129_line_03,rm_0055,piece,1000,1.5,1263.34208
production_order_2026_00129,bom_fg_0129,bom_fg_0129_line_04,rm_0072,litre,1000,2.0,1374.16032
production_order_2026_00129,bom_fg_0129,bom_fg_0129_line_05,rm_0089,kg,1000,0.0,1449.76
production_order_2026_00130,bom_fg_0130,bom_fg_0130_line_01,rm_0026,kg,1000,0.5,1133.249055
production_order_2026_00130,bom_fg_0130,bom_fg_0130_line_02,rm_0043,kg,1000,1.0,1246.46928
production_order_2026_00130,bom_fg_0130,bom_fg_0130_line_03,rm_0060,piece,1000,1.5,1360.754675
production_order_2026_00130,bom_fg_0130,bom_fg_0130_line_04,rm_0077,litre,1000,2.0,1476.10524
production_order_2026_00130,bom_fg_0130,bom_fg_0130_line_05,rm_0094,kg,1000,0.0,1553.679
production_order_2026_00131,bom_fg_0131,bom_fg_0131_line_01,rm_0031,kg,1000,0.5,1225.296
production_order_2026_00131,bom_fg_0131,bom_fg_0131_line_02,rm_0048,kg,1000,1.0,1342.9869
production_order_2026_00131,bom_fg_0131,bom_fg_0131_line_03,rm_0065,litre,1000,1.5,1461.7827
production_order_2026_00131,bom_fg_0131,bom_fg_0131_line_04,rm_0082,kg,1000,2.0,1581.6834
production_order_2026_00131,bom_fg_0131,bom_fg_0131_line_05,rm_0099,litre,1000,0.0,1661.16
production_order_2026_00132,bom_fg_0132,bom_fg_0132_line_01,rm_0036,litre,1000,0.5,1320.922755
production_order_2026_00132,bom_fg_0132,bom_fg_0132_line_02,rm_0053,piece,1000,1.0,1443.10214
production_order_2026_00132,bom_fg_0132,bom_fg_0132_line_03,rm_0070,kg,1000,1.5,1566.426155
production_order_2026_00132,bom_fg_0132,bom_fg_0132_line_04,rm_0087,kg,1000,2.0,1690.8948
production_order_2026_00132,bom_fg_0132,bom_fg_0132_line_05,rm_0104,kg,1000,0.0,1772.203
production_order_2026_00133,bom_fg_0133,bom_fg_0133_line_01,rm_0041,kg,1000,0.5,1420.12932
production_order_2026_00133,bom_fg_0133,bom_fg_0133_line_02,rm_0058,kg,1000,1.0,1546.815
production_order_2026_00133,bom_fg_0133,bom_fg_0133_line_03,rm_0075,kg,1000,1.5,1674.68504
production_order_2026_00133,bom_fg_0133,bom_fg_0133_line_04,rm_0092,kg,1000,2.0,1803.73944
production_order_2026_00133,bom_fg_0133,bom_fg_0133_line_05,rm_0109,kg,1000,0.0,1886.808
production_order_2026_00134,bom_fg_0134,bom_fg_0134_line_01,rm_0046,kg,1000,0.5,1522.915695
production_order_2026_00134,bom_fg_0134,bom_fg_0134_line_02,rm_0063,piece,1000,1.0,1654.12548
production_order_2026_00134,bom_fg_0134,bom_fg_0134_line_03,rm_0080,kg,1000,1.5,1786.559355
production_order_2026_00134,bom_fg_0134,bom_fg_0134_line_04,rm_0097,litre,1000,2.0,1920.21732
production_order_2026_00134,bom_fg_0134,bom_fg_0134_line_05,rm_0114,piece,1000,0.0,2004.975
production_order_2026_00135,bom_fg_0135,bom_fg_0135_line_01,rm_0051,piece,1000,0.5,1629.28188
production_order_2026_00135,bom_fg_0135,bom_fg_0135_line_02,rm_0068,kg,1000,1.0,1765.03358
production_order_2026_00135,bom_fg_0135,bom_fg_0135_line_03,rm_0085,kg,1000,1.5,1902.0491
production_order_2026_00135,bom_fg_0135,bom_fg_0135_line_04,rm_0102,litre,1000,2.0,2040.32844
production_order_2026_00135,bom_fg_0135,bom_fg_0135_line_05,rm_0119,piece,1000,0.0,2126.704
production_order_2026_00136,bom_fg_0136,bom_fg_0136_line_01,rm_0056,piece,1000,0.5,1739.227875
production_order_2026_00136,bom_fg_0136,bom_fg_0136_line_02,rm_0073,kg,1000,1.0,1879.5393
production_order_2026_00136,bom_fg_0136,bom_fg_0136_line_03,rm_0090,kg,1000,1.5,2021.154275
production_order_2026_00136,bom_fg_0136,bom_fg_0136_line_04,rm_0107,kg,1000,2.0,2164.0728
production_order_2026_00136,bom_fg_0136,bom_fg_0136_line_05,rm_0124,piece,1000,0.0,2251.995
production_order_2026_00137,bom_fg_0137,bom_fg_0137_line_01,rm_0061,piece,1000,0.5,1852.75368
production_order_2026_00137,bom_fg_0137,bom_fg_0137_line_02,rm_0078,kg,1000,1.0,1997.64264
production_order_2026_00137,bom_fg_0137,bom_fg_0137_line_03,rm_0095,kg,1000,1.5,2143.87488
production_order_2026_00137,bom_fg_0137,bom_fg_0137_line_04,rm_0112,kg,1000,2.0,2291.4504
production_order_2026_00137,bom_fg_0137,bom_fg_0137_line_05,rm_0129,litre,1000,0.0,2380.848
production_order_2026_00138,bom_fg_0138,bom_fg_0138_line_01,rm_0066,kg,1000,0.5,1969.859295
production_order_2026_00138,bom_fg_0138,bom_fg_0138_line_02,rm_0083,kg,1000,1.0,2119.3436
production_order_2026_00138,bom_fg_0138,bom_fg_0138_line_03,rm_0100,litre,1000,1.5,2270.210915
production_order_2026_00138,bom_fg_0138,bom_fg_0138_line_04,rm_0117,piece,1000,2.0,2422.46124
production_order_2026_00138,bom_fg_0138,bom_fg_0138_line_05,rm_0134,kg,1000,0.0,2513.263
production_order_2026_00139,bom_fg_0139,bom_fg_0139_line_01,rm_0071,kg,1000,0.5,2090.54472
production_order_2026_00139,bom_fg_0139,bom_fg_0139_line_02,rm_0088,kg,1000,1.0,2244.64218
production_order_2026_00139,bom_fg_0139,bom_fg_0139_line_03,rm_0105,kg,1000,1.5,2400.16238
production_order_2026_00139,bom_fg_0139,bom_fg_0139_line_04,rm_0122,kg,1000,2.0,2557.10532
production_order_2026_00139,bom_fg_0139,bom_fg_0139_line_05,rm_0139,kg,1000,0.0,2649.24
production_order_2026_00140,bom_fg_0140,bom_fg_0140_line_01,rm_0076,kg,1000,0.5,2214.809955
production_order_2026_00140,bom_fg_0140,bom_fg_0140_line_02,rm_0093,kg,1000,1.0,2373.53838
production_order_2026_00140,bom_fg_0140,bom_fg_0140_line_03,rm_0110,kg,1000,1.5,2533.729275
production_order_2026_00140,bom_fg_0140,bom_fg_0140_line_04,rm_0127,piece,1000,2.0,2695.38264
production_order_2026_00140,bom_fg_0140,bom_fg_0140_line_05,rm_0144,kg,1000,0.0,2788.779
production_order_2026_00141,bom_fg_0141,bom_fg_0141_line_01,rm_0081,kg,1000,0.5,2342.655
production_order_2026_00141,bom_fg_0141,bom_fg_0141_line_02,rm_0098,litre,1000,1.0,2506.0322
production_order_2026_00141,bom_fg_0141,bom_fg_0141_line_03,rm_0115,piece,1000,1.5,2670.9116
production_order_2026_00141,bom_fg_0141,bom_fg_0141_line_04,rm_0132,kg,1000,2.0,2837.2932
production_order_2026_00141,bom_fg_0141,bom_fg_0141_line_05,rm_0149,kg,1000,0.0,2931.88
production_order_2026_00142,bom_fg_0142,bom_fg_0142_line_01,rm_0086,kg,1000,0.5,2474.079855
production_order_2026_00142,bom_fg_0142,bom_fg_0142_line_02,rm_0103,kg,1000,1.0,2642.12364
production_order_2026_00142,bom_fg_0142,bom_fg_0142_line_03,rm_0120,piece,1000,1.5,2811.709355
production_order_2026_00142,bom_fg_0142,bom_fg_0142_line_04,rm_0137,kg,1000,2.0,2982.837
production_order_2026_00142,bom_fg_0142,bom_fg_0142_line_05,rm_0154,kg,1000,0.0,3078.543
production_order_2026_00143,bom_fg_0143,bom_fg_0143_line_01,rm_0091,kg,1000,0.5,2609.08452
production_order_2026_00143,bom_fg_0143,bom_fg_0143_line_02,rm_0108,kg,1000,1.0,2781.8127
production_order_2026_00143,bom_fg_0143,bom_fg_0143_line_03,rm_0125,piece,1000,1.5,2956.12254
production_order_2026_00143,bom_fg_0143,bom_fg_0143_line_04,rm_0142,kg,1000,2.0,3132.01404
production_order_2026_00143,bom_fg_0143,bom_fg_0143_line_05,rm_0159,kg,1000,0.0,3228.768
production_order_2026_00144,bom_fg_0144,bom_fg_0144_line_01,rm_0096,kg,1000,0.5,2747.668995
production_order_2026_00144,bom_fg_0144,bom_fg_0144_line_02,rm_0113,piece,1000,1.0,2925.09938
production_order_2026_00144,bom_fg_0144,bom_fg_0144_line_03,rm_0130,kg,1000,1.5,3104.151155
production_order_2026_00144,bom_fg_0144,bom_fg_0144_line_04,rm_0147,kg,1000,2.0,3284.82432
production_order_2026_00144,bom_fg_0144,bom_fg_0144_line_05,rm_0164,litre,1000,0.0,3382.555
production_order_2026_00145,bom_fg_0145,bom_fg_0145_line_01,rm_0101,litre,1000,0.5,2889.83328
production_order_2026_00145,bom_fg_0145,bom_fg_0145_line_02,rm_0118,piece,1000,1.0,3071.98368
production_order_2026_00145,bom_fg_0145,bom_fg_0145_line_03,rm_0135,kg,1000,1.5,3255.7952
production_order_2026_00145,bom_fg_0145,bom_fg_0145_line_04,rm_0152,kg,1000,2.0,3441.26784
production_order_2026_00145,bom_fg_0145,bom_fg_0145_line_05,rm_0169,kg,1000,0.0,3539.904
production_order_2026_00146,bom_fg_0146,bom_fg_0146_line_01,rm_0106,kg,1000,0.5,3035.577375
production_order_2026_00146,bom_fg_0146,bom_fg_0146_line_02,rm_0123,piece,1000,1.0,3222.4656
production_order_2026_00146,bom_fg_0146,bom_fg_0146_line_03,rm_0140,kg,1000,1.5,3411.054675
production_order_2026_00146,bom_fg_0146,bom_fg_0146_line_04,rm_0157,kg,1000,2.0,3601.3446
production_order_2026_00146,bom_fg_0146,bom_fg_0146_line_05,rm_0174,kg,1000,0.0,3700.815
production_order_2026_00147,bom_fg_0147,bom_fg_0147_line_01,rm_0111,kg,1000,0.5,3184.90128
production_order_2026_00147,bom_fg_0147,bom_fg_0147_line_02,rm_0128,piece,1000,1.0,3376.54514
production_order_2026_00147,bom_fg_0147,bom_fg_0147_line_03,rm_0145,kg,1000,1.5,3569.92958
production_order_2026_00147,bom_fg_0147,bom_fg_0147_line_04,rm_0162,litre,1000,2.0,3765.0546
production_order_2026_00147,bom_fg_0147,bom_fg_0147_line_05,rm_0179,piece,1000,0.0,3865.288
production_order_2026_00148,bom_fg_0148,bom_fg_0148_line_01,rm_0116,piece,1000,0.5,3337.804995
production_order_2026_00148,bom_fg_0148,bom_fg_0148_line_02,rm_0133,kg,1000,1.0,3534.2223
production_order_2026_00148,bom_fg_0148,bom_fg_0148_line_03,rm_0150,kg,1000,1.5,3732.419915
production_order_2026_00148,bom_fg_0148,bom_fg_0148_line_04,rm_0167,kg,1000,2.0,3932.39784
production_order_2026_00148,bom_fg_0148,bom_fg_0148_line_05,rm_0184,piece,1000,0.0,4033.323
production_order_2026_00149,bom_fg_0149,bom_fg_0149_line_01,rm_0121,piece,1000,0.5,3494.28852
production_order_2026_00149,bom_fg_0149,bom_fg_0149_line_02,rm_0138,kg,1000,1.0,3695.49708
production_order_2026_00149,bom_fg_0149,bom_fg_0149_line_03,rm_0155,kg,1000,1.5,3898.52568
production_order_2026_00149,bom_fg_0149,bom_fg_0149_line_04,rm_0172,kg,1000,2.0,4103.37432
production_order_2026_00149,bom_fg_0149,bom_fg_0149_line_05,rm_0189,piece,1000,0.0,4204.92
production_order_2026_00150,bom_fg_0150,bom_fg_0150_line_01,rm_0126,piece,1000,0.5,3654.351855
production_order_2026_00150,bom_fg_0150,bom_fg_0150_line_02,rm_0143,kg,1000,1.0,3860.36948
production_order_2026_00150,bom_fg_0150,bom_fg_0150_line_03,rm_0160,kg,1000,1.5,4068.246875
production_order_2026_00150,bom_fg_0150,bom_fg_0150_line_04,rm_0177,piece,1000,2.0,4277.98404
production_order_2026_00150,bom_fg_0150,bom_fg_0150_line_05,rm_0194,kg,1000,0.0,4380.079
production_order_2026_00151,bom_fg_0151,bom_fg_0151_line_01,rm_0131,kg,1000,0.5,3817.995
production_order_2026_00151,bom_fg_0151,bom_fg_0151_line_02,rm_0148,kg,1000,1.0,4028.8395
production_order_2026_00151,bom_fg_0151,bom_fg_0151_line_03,rm_0165,litre,1000,1.5,4241.5835
production_order_2026_00151,bom_fg_0151,bom_fg_0151_line_04,rm_0182,piece,1000,2.0,4456.227
production_order_2026_00151,bom_fg_0151,bom_fg_0151_line_05,rm_0199,kg,1000,0.0,4558.8
production_order_2026_00152,bom_fg_0152,bom_fg_0152_line_01,rm_0136,litre,1000,0.5,3985.217955
production_order_2026_00152,bom_fg_0152,bom_fg_0152_line_02,rm_0153,kg,1000,1.0,4200.90714
production_order_2026_00152,bom_fg_0152,bom_fg_0152_line_03,rm_0170,kg,1000,1.5,4418.535555
production_order_2026_00152,bom_fg_0152,bom_fg_0152_line_04,rm_0187,piece,1000,2.0,4638.1032
production_order_2026_00152,bom_fg_0152,bom_fg_0152_line_05,rm_0204,kg,1000,0.0,4741.083
production_order_2026_00153,bom_fg_0153,bom_fg_0153_line_01,rm_0141,litre,1000,0.5,4156.02072
production_order_2026_00153,bom_fg_0153,bom_fg_0153_line_02,rm_0158,kg,1000,1.0,4376.5724
production_order_2026_00153,bom_fg_0153,bom_fg_0153_line_03,rm_0175,kg,1000,1.5,4599.10304
production_order_2026_00153,bom_fg_0153,bom_fg_0153_line_04,rm_0192,piece,1000,2.0,4823.61264
production_order_2026_00153,bom_fg_0153,bom_fg_0153_line_05,rm_0209,kg,1000,0.0,4926.928
production_order_2026_00154,bom_fg_0154,bom_fg_0154_line_01,rm_0146,kg,1000,0.5,4330.403295
production_order_2026_00154,bom_fg_0154,bom_fg_0154_line_02,rm_0163,litre,1000,1.0,4555.83528
production_order_2026_00154,bom_fg_0154,bom_fg_0154_line_03,rm_0180,piece,1000,1.5,4783.285955
production_order_2026_00154,bom_fg_0154,bom_fg_0154_line_04,rm_0197,kg,1000,2.0,5012.75532
production_order_2026_00154,bom_fg_0154,bom_fg_0154_line_05,rm_0214,kg,1000,0.0,243.635
production_order_2026_00155,bom_fg_0155,bom_fg_0155_line_01,rm_0151,kg,1000,0.5,4508.36568
production_order_2026_00155,bom_fg_0155,bom_fg_0155_line_02,rm_0168,kg,1000,1.0,4738.69578
production_order_2026_00155,bom_fg_0155,bom_fg_0155_line_03,rm_0185,piece,1000,1.5,4971.0843
production_order_2026_00155,bom_fg_0155,bom_fg_0155_line_04,rm_0202,kg,1000,2.0,5205.53124
production_order_2026_00155,bom_fg_0155,bom_fg_0155_line_05,rm_0219,kg,1000,0.0,340.704
production_order_2026_00156,bom_fg_0156,bom_fg_0156_line_01,rm_0156,kg,1000,0.5,4689.907875
production_order_2026_00156,bom_fg_0156,bom_fg_0156_line_02,rm_0173,kg,1000,1.0,4925.1539
production_order_2026_00156,bom_fg_0156,bom_fg_0156_line_03,rm_0190,piece,1000,1.5,5162.498075
production_order_2026_00156,bom_fg_0156,bom_fg_0156_line_04,rm_0207,kg,1000,2.0,236.1504
production_order_2026_00156,bom_fg_0156,bom_fg_0156_line_05,rm_0224,kg,1000,0.0,441.335
production_order_2026_00157,bom_fg_0157,bom_fg_0157_line_01,rm_0161,litre,1000,0.5,4875.02988
production_order_2026_00157,bom_fg_0157,bom_fg_0157_line_02,rm_0178,piece,1000,1.0,5115.20964
production_order_2026_00157,bom_fg_0157,bom_fg_0157_line_03,rm_0195,kg,1000,1.5,5357.52728
production_order_2026_00157,bom_fg_0157,bom_fg_0157_line_04,rm_0212,kg,1000,2.0,338.3748
production_order_2026_00157,bom_fg_0157,bom_fg_0157_line_05,rm_0229,litre,1000,0.0,545.528
production_order_2026_00158,bom_fg_0158,bom_fg_0158_line_01,rm_0166,litre,1000,0.5,5063.731695
production_order_2026_00158,bom_fg_0158,bom_fg_0158_line_02,rm_0183,piece,1000,1.0,5308.863
production_order_2026_00158,bom_fg_0158,bom_fg_0158_line_03,rm_0200,litre,1000,1.5,5556.171915
production_order_2026_00158,bom_fg_0158,bom_fg_0158_line_04,rm_0217,kg,1000,2.0,444.23244
production_order_2026_00158,bom_fg_0158,bom_fg_0158_line_05,rm_0234,kg,1000,0.0,653.283
production_order_2026_00159,bom_fg_0159,bom_fg_0159_line_01,rm_0171,kg,1000,0.5,5256.01332
production_order_2026_00159,bom_fg_0159,bom_fg_0159_line_02,rm_0188,piece,1000,1.0,5506.11398
production_order_2026_00159,bom_fg_0159,bom_fg_0159_line_03,rm_0205,litre,1000,1.5,325.94898
production_order_2026_00159,bom_fg_0159,bom_fg_0159_line_04,rm_0222,kg,1000,2.0,553.72332
production_order_2026_00159,bom_fg_0159,bom_fg_0159_line_05,rm_0239,kg,1000,0.0,764.6
production_order_2026_00160,bom_fg_0160,bom_fg_0160_line_01,rm_0176,kg,1000,0.5,5451.874755
production_order_2026_00160,bom_fg_0160,bom_fg_0160_line_02,rm_0193,litre,1000,1.0,5706.96258
production_order_2026_00160,bom_fg_0160,bom_fg_0160_line_03,rm_0210,kg,1000,1.5,434.485975
production_order_2026_00160,bom_fg_0160,bom_fg_0160_line_04,rm_0227,litre,1000,2.0,666.84744
production_order_2026_00160,bom_fg_0160,bom_fg_0160_line_05,rm_0244,piece,1000,0.0,879.479
production_order_2026_00161,bom_fg_0161,bom_fg_0161_line_01,rm_0181,piece,1000,0.5,5651.316
production_order_2026_00161,bom_fg_0161,bom_fg_0161_line_02,rm_0198,kg,1000,1.0,311.9688
production_order_2026_00161,bom_fg_0161,bom_fg_0161_line_03,rm_0215,kg,1000,1.5,546.6384
production_order_2026_00161,bom_fg_0161,bom_fg_0161_line_04,rm_0232,kg,1000,2.0,783.6048
production_order_2026_00161,bom_fg_0161,bom_fg_0161_line_05,rm_0249,piece,1000,0.0,997.92
production_order_2026_00162,bom_fg_0162,bom_fg_0162_line_01,rm_0186,kg,1000,0.5,5854.337055
production_order_2026_00162,bom_fg_0162,bom_fg_0162_line_02,rm_0203,kg,1000,1.0,423.15364
production_order_2026_00162,bom_fg_0162,bom_fg_0162_line_03,rm_0220,kg,1000,1.5,662.406255
production_order_2026_00162,bom_fg_0162,bom_fg_0162_line_04,rm_0237,kg,1000,2.0,903.9954
production_order_2026_00162,bom_fg_0162,bom_fg_0162_line_05,rm_0254,piece,1000,0.0,1119.923
production_order_2026_00163,bom_fg_0163,bom_fg_0163_line_01,rm_0191,piece,1000,0.5,296.45892
production_order_2026_00163,bom_fg_0163,bom_fg_0163_line_02,rm_0208,kg,1000,1.0,537.9361
production_order_2026_00163,bom_fg_0163,bom_fg_0163_line_03,rm_0225,litre,1000,1.5,781.78954
production_order_2026_00163,bom_fg_0163,bom_fg_0163_line_04,rm_0242,piece,1000,2.0,1028.01924
production_order_2026_00163,bom_fg_0163,bom_fg_0163_line_05,rm_0259,kg,1000,0.0,1245.488
production_order_2026_00164,bom_fg_0164,bom_fg_0164_line_01,rm_0196,kg,1000,0.5,410.260095
production_order_2026_00164,bom_fg_0164,bom_fg_0164_line_02,rm_0213,kg,1000,1.0,656.31618
production_order_2026_00164,bom_fg_0164,bom_fg_0164_line_03,rm_0230,litre,1000,1.5,904.788255
production_order_2026_00164,bom_fg_0164,bom_fg_0164_line_04,rm_0247,piece,1000,2.0,1155.67632
production_order_2026_00164,bom_fg_0164,bom_fg_0164_line_05,rm_0264,litre,1000,0.0,1374.615
production_order_2026_00165,bom_fg_0165,bom_fg_0165_line_01,rm_0201,kg,1000,0.5,527.64108
production_order_2026_00165,bom_fg_0165,bom_fg_0165_line_02,rm_0218,kg,1000,1.0,778.29388
production_order_2026_00165,bom_fg_0165,bom_fg_0165_line_03,rm_0235,kg,1000,1.5,1031.4024
production_order_2026_00165,bom_fg_0165,bom_fg_0165_line_04,rm_0252,piece,1000,2.0,1286.96664
production_order_2026_00165,bom_fg_0165,bom_fg_0165_line_05,rm_0269,litre,1000,0.0,1507.304
production_order_2026_00166,bom_fg_0166,bom_fg_0166_line_01,rm_0206,kg,1000,0.5,648.601875
production_order_2026_00166,bom_fg_0166,bom_fg_0166_line_02,rm_0223,kg,1000,1.0,903.8692
production_order_2026_00166,bom_fg_0166,bom_fg_0166_line_03,rm_0240,kg,1000,1.5,1161.631975
production_order_2026_00166,bom_fg_0166,bom_fg_0166_line_04,rm_0257,litre,1000,2.0,1421.8902
production_order_2026_00166,bom_fg_0166,bom_fg_0166_line_05,rm_0274,kg,1000,0.0,1643.555
production_order_2026_00167,bom_fg_0167,bom_fg_0167_line_01,rm_0211,kg,1000,0.5,773.14248
production_order_2026_00167,bom_fg_0167,bom_fg_0167_line_02,rm_0228,litre,1000,1.0,1033.04214
production_order_2026_00167,bom_fg_0167,bom_fg_0167_line_03,rm_0245,piece,1000,1.5,1295.47698
production_order_2026_00167,bom_fg_0167,bom_fg_0167_line_04,rm_0262,kg,1000,2.0,1560.447
production_order_2026_00167,bom_fg_0167,bom_fg_0167_line_05,rm_0279,kg,1000,0.0,1783.368
production_order_2026_00168,bom_fg_0168,bom_fg_0168_line_01,rm_0216,kg,1000,0.5,901.262895
production_order_2026_00168,bom_fg_0168,bom_fg_0168_line_02,rm_0233,kg,1000,1.0,1165.8127
production_order_2026_00168,bom_fg_0168,bom_fg_0168_line_03,rm_0250,kg,1000,1.5,1432.937415
production_order_2026_00168,bom_fg_0168,bom_fg_0168_line_04,rm_0267,kg,1000,2.0,1702.63704
production_order_2026_00168,bom_fg_0168,bom_fg_0168_line_05,rm_0284,kg,1000,0.0,1926.743
production_order_2026_00169,bom_fg_0169,bom_fg_0169_line_01,rm_0221,kg,1000,0.5,1032.96312
production_order_2026_00169,bom_fg_0169,bom_fg_0169_line_02,rm_0238,kg,1000,1.0,1302.18088
production_order_2026_00169,bom_fg_0169,bom_fg_0169_line_03,rm_0255,piece,1000,1.5,1574.01328
production_order_2026_00169,bom_fg_0169,bom_fg_0169_line_04,rm_0272,kg,1000,2.0,1848.46032
production_order_2026_00169,bom_fg_0169,bom_fg_0169_line_05,rm_0289,litre,1000,0.0,2073.68
production_order_2026_00170,bom_fg_0170,bom_fg_0170_line_01,rm_0226,litre,1000,0.5,1168.243155
production_order_2026_00170,bom_fg_0170,bom_fg_0170_line_02,rm_0243,piece,1000,1.0,1442.14668
production_order_2026_00170,bom_fg_0170,bom_fg_0170_line_03,rm_0260,kg,1000,1.5,1718.704575
production_order_2026_00170,bom_fg_0170,bom_fg_0170_line_04,rm_0277,kg,1000,2.0,1997.91684
production_order_2026_00170,bom_fg_0170,bom_fg_0170_line_05,rm_0294,litre,1000,0.0,2224.179
production_order_2026_00171,bom_fg_0171,bom_fg_0171_line_01,rm_0231,kg,1000,0.5,1307.103
production_order_2026_00171,bom_fg_0171,bom_fg_0171_line_02,rm_0248,piece,1000,1.0,1585.7101
production_order_2026_00171,bom_fg_0171,bom_fg_0171_line_03,rm_0265,kg,1000,1.5,1867.0113
production_order_2026_00171,bom_fg_0171,bom_fg_0171_line_04,rm_0282,kg,1000,2.0,2151.0066
production_order_2026_00171,bom_fg_0171,bom_fg_0171_line_05,rm_0299,kg,1000,0.0,2378.24
production_order_2026_00172,bom_fg_0172,bom_fg_0172_line_01,rm_0236,kg,1000,0.5,1449.542655
production_order_2026_00172,bom_fg_0172,bom_fg_0172_line_02,rm_0253,piece,1000,1.0,1732.87114
production_order_2026_00172,bom_fg_0172,bom_fg_0172_line_03,rm_0270,kg,1000,1.5,2018.933455
production_order_2026_00172,bom_fg_0172,bom_fg_0172_line_04,rm_0287,kg,1000,2.0,2307.7296
production_order_2026_00172,bom_fg_0172,bom_fg_0172_line_05,rm_0304,kg,1000,0.0,2535.863
production_order_2026_00173,bom_fg_0173,bom_fg_0173_line_01,rm_0241,piece,1000,0.5,1595.56212
production_order_2026_00173,bom_fg_0173,bom_fg_0173_line_02,rm_0258,kg,1000,1.0,1883.6298
production_order_2026_00173,bom_fg_0173,bom_fg_0173_line_03,rm_0275,kg,1000,1.5,2174.47104
production_order_2026_00173,bom_fg_0173,bom_fg_0173_line_04,rm_0292,litre,1000,2.0,2468.08584
production_order_2026_00173,bom_fg_0173,bom_fg_0173_line_05,rm_0309,piece,1000,0.0,2697.048
production_order_2026_00174,bom_fg_0174,bom_fg_0174_line_01,rm_0246,piece,1000,0.5,1745.161395
production_order_2026_00174,bom_fg_0174,bom_fg_0174_line_02,rm_0263,kg,1000,1.0,2037.98608
production_order_2026_00174,bom_fg_0174,bom_fg_0174_line_03,rm_0280,kg,1000,1.5,2333.624055
production_order_2026_00174,bom_fg_0174,bom_fg_0174_line_04,rm_0297,kg,1000,2.0,2632.07532
production_order_2026_00174,bom_fg_0174,bom_fg_0174_line_05,rm_0004,kg,1000,0.0,2861.795
production_order_2026_00175,bom_fg_0175,bom_fg_0175_line_01,rm_0251,piece,1000,0.5,1898.34048
production_order_2026_00175,bom_fg_0175,bom_fg_0175_line_02,rm_0268,kg,1000,1.0,2195.93998
production_order_2026_00175,bom_fg_0175,bom_fg_0175_line_03,rm_0285,kg,1000,1.5,2496.3925
production_order_2026_00175,bom_fg_0175,bom_fg_0175_line_04,rm_0302,kg,1000,2.0,2799.69804
production_order_2026_00175,bom_fg_0175,bom_fg_0175_line_05,rm_0009,kg,1000,0.0,3030.104
production_order_2026_00176,bom_fg_0176,bom_fg_0176_line_01,rm_0256,piece,1000,0.5,2055.099375
production_order_2026_00176,bom_fg_0176,bom_fg_0176_line_02,rm_0273,kg,1000,1.0,2357.4915
production_order_2026_00176,bom_fg_0176,bom_fg_0176_line_03,rm_0290,litre,1000,1.5,2662.776375
production_order_2026_00176,bom_fg_0176,bom_fg_0176_line_04,rm_0307,piece,1000,2.0,2970.954
production_order_2026_00176,bom_fg_0176,bom_fg_0176_line_05,rm_0014,kg,1000,0.0,3201.975
production_order_2026_00177,bom_fg_0177,bom_fg_0177_line_01,rm_0261,kg,1000,0.5,462.71808
production_order_2026_00177,bom_fg_0177,bom_fg_0177_line_02,rm_0278,kg,1000,1.0,526.88064
production_order_2026_00177,bom_fg_0177,bom_fg_0177_line_03,rm_0295,kg,1000,1.5,591.65568
production_order_2026_00177,bom_fg_0177,bom_fg_0177_line_04,rm_0002,kg,1000,2.0,657.0432
production_order_2026_00177,bom_fg_0177,bom_fg_0177_line_05,rm_0019,kg,1000,0.0,705.408
production_order_2026_00178,bom_fg_0178,bom_fg_0178_line_01,rm_0266,kg,1000,0.5,522.116595
production_order_2026_00178,bom_fg_0178,bom_fg_0178_line_02,rm_0283,kg,1000,1.0,590.5874
production_order_2026_00178,bom_fg_0178,bom_fg_0178_line_03,rm_0300,kg,1000,1.5,659.710415
production_order_2026_00178,bom_fg_0178,bom_fg_0178_line_04,rm_0007,kg,1000,2.0,729.48564
production_order_2026_00178,bom_fg_0178,bom_fg_0178_line_05,rm_0024,kg,1000,0.0,780.403
production_order_2026_00179,bom_fg_0179,bom_fg_0179_line_01,rm_0271,kg,1000,0.5,585.09492
production_order_2026_00179,bom_fg_0179,bom_fg_0179_line_02,rm_0288,kg,1000,1.0,657.89178
production_order_2026_00179,bom_fg_0179,bom_fg_0179_line_03,rm_0305,piece,1000,1.5,731.38058
production_order_2026_00179,bom_fg_0179,bom_fg_0179_line_04,rm_0012,kg,1000,2.0,805.56132
production_order_2026_00179,bom_fg_0179,bom_fg_0179_line_05,rm_0029,kg,1000,0.0,858.96
production_order_2026_00180,bom_fg_0180,bom_fg_0180_line_01,rm_0276,kg,1000,0.5,651.653055
production_order_2026_00180,bom_fg_0180,bom_fg_0180_line_02,rm_0293,litre,1000,1.0,728.79378
production_order_2026_00180,bom_fg_0180,bom_fg_0180_line_03,rm_0310,piece,1000,1.5,806.666175
production_order_2026_00180,bom_fg_0180,bom_fg_0180_line_04,rm_0017,kg,1000,2.0,885.27024
production_order_2026_00180,bom_fg_0180,bom_fg_0180_line_05,rm_0034,litre,1000,0.0,941.079
production_order_2026_00181,bom_fg_0181,bom_fg_0181_line_01,rm_0281,kg,1000,0.5,721.791
production_order_2026_00181,bom_fg_0181,bom_fg_0181_line_02,rm_0298,kg,1000,1.0,803.2934
production_order_2026_00181,bom_fg_0181,bom_fg_0181_line_03,rm_0005,kg,1000,1.5,885.5672
production_order_2026_00181,bom_fg_0181,bom_fg_0181_line_04,rm_0022,kg,1000,2.0,968.6124
production_order_2026_00181,bom_fg_0181,bom_fg_0181_line_05,rm_0039,kg,1000,0.0,1026.76
production_order_2026_00182,bom_fg_0182,bom_fg_0182_line_01,rm_0286,kg,1000,0.5,795.508755
production_order_2026_00182,bom_fg_0182,bom_fg_0182_line_02,rm_0303,kg,1000,1.0,881.39064
production_order_2026_00182,bom_fg_0182,bom_fg_0182_line_03,rm_0010,kg,1000,1.5,968.083655
production_order_2026_00182,bom_fg_0182,bom_fg_0182_line_04,rm_0027,kg,1000,2.0,1055.5878
production_order_2026_00182,bom_fg_0182,bom_fg_0182_line_05,rm_0044,kg,1000,0.0,1116.003
production_order_2026_00183,bom_fg_0183,bom_fg_0183_line_01,rm_0291,litre,1000,0.5,872.80632
production_order_2026_00183,bom_fg_0183,bom_fg_0183_line_02,rm_0308,piece,1000,1.0,963.0855
production_order_2026_00183,bom_fg_0183,bom_fg_0183_line_03,rm_0015,kg,1000,1.5,1054.21554
production_order_2026_00183,bom_fg_0183,bom_fg_0183_line_04,rm_0032,kg,1000,2.0,1146.19644
production_order_2026_00183,bom_fg_0183,bom_fg_0183_line_05,rm_0049,piece,1000,0.0,1208.808
production_order_2026_00184,bom_fg_0184,bom_fg_0184_line_01,rm_0296,kg,1000,0.5,953.683695
production_order_2026_00184,bom_fg_0184,bom_fg_0184_line_02,rm_0003,kg,1000,1.0,1048.37798
production_order_2026_00184,bom_fg_0184,bom_fg_0184_line_03,rm_0020,kg,1000,1.5,1143.962855
production_order_2026_00184,bom_fg_0184,bom_fg_0184_line_04,rm_0037,litre,1000,2.0,1240.43832
production_order_2026_00184,bom_fg_0184,bom_fg_0184_line_05,rm_0054,piece,1000,0.0,1305.175
production_order_2026_00185,bom_fg_0185,bom_fg_0185_line_01,rm_0301,kg,1000,0.5,1038.14088
production_order_2026_00185,bom_fg_0185,bom_fg_0185_line_02,rm_0008,litre,1000,1.0,1137.26808
production_order_2026_00185,bom_fg_0185,bom_fg_0185_line_03,rm_0025,kg,1000,1.5,1237.3256
production_order_2026_00185,bom_fg_0185,bom_fg_0185_line_04,rm_0042,kg,1000,2.0,1338.31344
production_order_2026_00185,bom_fg_0185,bom_fg_0185_line_05,rm_0059,piece,1000,0.0,1405.104
production_order_2026_00186,bom_fg_0186,bom_fg_0186_line_01,rm_0306,piece,1000,0.5,1126.177875
production_order_2026_00186,bom_fg_0186,bom_fg_0186_line_02,rm_0013,litre,1000,1.0,1229.7558
production_order_2026_00186,bom_fg_0186,bom_fg_0186_line_03,rm_0030,kg,1000,1.5,1334.303775
production_order_2026_00186,bom_fg_0186,bom_fg_0186_line_04,rm_0047,kg,1000,2.0,1439.8218
production_order_2026_00186,bom_fg_0186,bom_fg_0186_line_05,rm_0064,piece,1000,0.0,1508.595
production_order_2026_00187,bom_fg_0187,bom_fg_0187_line_01,rm_0001,litre,1000,0.5,1217.79468
production_order_2026_00187,bom_fg_0187,bom_fg_0187_line_02,rm_0018,kg,1000,1.0,1325.84114
production_order_2026_00187,bom_fg_0187,bom_fg_0187_line_03,rm_0035,litre,1000,1.5,1434.89738
production_order_2026_00187,bom_fg_0187,bom_fg_0187_line_04,rm_0052,piece,1000,2.0,1544.9634
production_order_2026_00187,bom_fg_0187,bom_fg_0187_line_05,rm_0069,kg,1000,0.0,1615.648
production_order_2026_00188,bom_fg_0188,bom_fg_0188_line_01,rm_0006,kg,1000,0.5,1312.991295
production_order_2026_00188,bom_fg_0188,bom_fg_0188_line_02,rm_0023,kg,1000,1.0,1425.5241
production_order_2026_00188,bom_fg_0188,bom_fg_0188_line_03,rm_0040,kg,1000,1.5,1539.106415
production_order_2026_00188,bom_fg_0188,bom_fg_0188_line_04,rm_0057,piece,1000,2.0,1653.73824
production_order_2026_00188,bom_fg_0188,bom_fg_0188_line_05,rm_0074,kg,1000,0.0,1726.263
production_order_2026_00189,bom_fg_0189,bom_fg_0189_line_01,rm_0011,kg,1000,0.5,1411.76772
production_order_2026_00189,bom_fg_0189,bom_fg_0189_line_02,rm_0028,kg,1000,1.0,1528.80468
production_order_2026_00189,bom_fg_0189,bom_fg_0189_line_03,rm_0045,kg,1000,1.5,1646.93088
production_order_2026_00189,bom_fg_0189,bom_fg_0189_line_04,rm_0062,piece,1000,2.0,1766.14632
production_order_2026_00189,bom_fg_0189,bom_fg_0189_line_05,rm_0079,kg,1000,0.0,1840.44
production_order_2026_00190,bom_fg_0190,bom_fg_0190_line_01,rm_0016,kg,1000,0.5,1514.123955
production_order_2026_00190,bom_fg_0190,bom_fg_0190_line_02,rm_0033,litre,1000,1.0,1635.68288
production_order_2026_00190,bom_fg_0190,bom_fg_0190_line_03,rm_0050,piece,1000,1.5,1758.370775
production_order_2026_00190,bom_fg_0190,bom_fg_0190_line_04,rm_0067,kg,1000,2.0,1882.18764
production_order_2026_00190,bom_fg_0190,bom_fg_0190_line_05,rm_0084,kg,1000,0.0,1958.179
production_order_2026_00191,bom_fg_0191,bom_fg_0191_line_01,rm_0021,kg,1000,0.5,1620.06
production_order_2026_00191,bom_fg_0191,bom_fg_0191_line_02,rm_0038,litre,1000,1.0,1746.1587
production_order_2026_00191,bom_fg_0191,bom_fg_0191_line_03,rm_0055,piece,1000,1.5,1873.4261
production_order_2026_00191,bom_fg_0191,bom_fg_0191_line_04,rm_0072,litre,1000,2.0,2001.8622
production_order_2026_00191,bom_fg_0191,bom_fg_0191_line_05,rm_0089,kg,1000,0.0,2079.48
production_order_2026_00192,bom_fg_0192,bom_fg_0192_line_01,rm_0026,kg,1000,0.5,1729.575855
production_order_2026_00192,bom_fg_0192,bom_fg_0192_line_02,rm_0043,kg,1000,1.0,1860.23214
production_order_2026_00192,bom_fg_0192,bom_fg_0192_line_03,rm_0060,piece,1000,1.5,1992.096855
production_order_2026_00192,bom_fg_0192,bom_fg_0192_line_04,rm_0077,litre,1000,2.0,2125.17
production_order_2026_00192,bom_fg_0192,bom_fg_0192_line_05,rm_0094,kg,1000,0.0,2204.343
production_order_2026_00193,bom_fg_0193,bom_fg_0193_line_01,rm_0031,kg,1000,0.5,1842.67152
production_order_2026_00193,bom_fg_0193,bom_fg_0193_line_02,rm_0048,kg,1000,1.0,1977.9032
production_order_2026_00193,bom_fg_0193,bom_fg_0193_line_03,rm_0065,litre,1000,1.5,2114.38304
production_order_2026_00193,bom_fg_0193,bom_fg_0193_line_04,rm_0082,kg,1000,2.0,2252.11104
production_order_2026_00193,bom_fg_0193,bom_fg_0193_line_05,rm_0099,litre,1000,0.0,2332.768
production_order_2026_00194,bom_fg_0194,bom_fg_0194_line_01,rm_0036,litre,1000,0.5,1959.346995
production_order_2026_00194,bom_fg_0194,bom_fg_0194_line_02,rm_0053,piece,1000,1.0,2099.17188
production_order_2026_00194,bom_fg_0194,bom_fg_0194_line_03,rm_0070,kg,1000,1.5,2240.284655
production_order_2026_00194,bom_fg_0194,bom_fg_0194_line_04,rm_0087,kg,1000,2.0,2382.68532
production_order_2026_00194,bom_fg_0194,bom_fg_0194_line_05,rm_0104,kg,1000,0.0,2464.755
production_order_2026_00195,bom_fg_0195,bom_fg_0195_line_01,rm_0041,kg,1000,0.5,2079.60228
production_order_2026_00195,bom_fg_0195,bom_fg_0195_line_02,rm_0058,kg,1000,1.0,2224.03818
production_order_2026_00195,bom_fg_0195,bom_fg_0195_line_03,rm_0075,kg,1000,1.5,2369.8017
production_order_2026_00195,bom_fg_0195,bom_fg_0195_line_04,rm_0092,kg,1000,2.0,2516.89284
production_order_2026_00195,bom_fg_0195,bom_fg_0195_line_05,rm_0109,kg,1000,0.0,2600.304
production_order_2026_00196,bom_fg_0196,bom_fg_0196_line_01,rm_0046,kg,1000,0.5,2203.437375
production_order_2026_00196,bom_fg_0196,bom_fg_0196_line_02,rm_0063,piece,1000,1.0,2352.5021
production_order_2026_00196,bom_fg_0196,bom_fg_0196_line_03,rm_0080,kg,1000,1.5,2502.934175
production_order_2026_00196,bom_fg_0196,bom_fg_0196_line_04,rm_0097,litre,1000,2.0,2654.7336
production_order_2026_00196,bom_fg_0196,bom_fg_0196_line_05,rm_0114,piece,1000,0.0,2739.415
production_order_2026_00197,bom_fg_0197,bom_fg_0197_line_01,rm_0051,piece,1000,0.5,2330.85228
production_order_2026_00197,bom_fg_0197,bom_fg_0197_line_02,rm_0068,kg,1000,1.0,2484.56364
production_order_2026_00197,bom_fg_0197,bom_fg_0197_line_03,rm_0085,kg,1000,1.5,2639.68208
production_order_2026_00197,bom_fg_0197,bom_fg_0197_line_04,rm_0102,litre,1000,2.0,2796.2076
production_order_2026_00197,bom_fg_0197,bom_fg_0197_line_05,rm_0119,piece,1000,0.0,2882.088
production_order_2026_00198,bom_fg_0198,bom_fg_0198_line_01,rm_0056,piece,1000,0.5,2461.846995
production_order_2026_00198,bom_fg_0198,bom_fg_0198_line_02,rm_0073,kg,1000,1.0,2620.2228
production_order_2026_00198,bom_fg_0198,bom_fg_0198_line_03,rm_0090,kg,1000,1.5,2780.045415
production_order_2026_00198,bom_fg_0198,bom_fg_0198_line_04,rm_0107,kg,1000,2.0,2941.31484
production_order_2026_00198,bom_fg_0198,bom_fg_0198_line_05,rm_0124,piece,1000,0.0,3028.323
production_order_2026_00199,bom_fg_0199,bom_fg_0199_line_01,rm_0061,piece,1000,0.5,2596.42152
production_order_2026_00199,bom_fg_0199,bom_fg_0199_line_02,rm_0078,kg,1000,1.0,2759.47958
production_order_2026_00199,bom_fg_0199,bom_fg_0199_line_03,rm_0095,kg,1000,1.5,2924.02418
production_order_2026_00199,bom_fg_0199,bom_fg_0199_line_04,rm_0112,kg,1000,2.0,3090.05532
production_order_2026_00199,bom_fg_0199,bom_fg_0199_line_05,rm_0129,litre,1000,0.0,3178.12
production_order_2026_00200,bom_fg_0200,bom_fg_0200_line_01,rm_0066,kg,1000,0.5,2734.575855
production_order_2026_00200,bom_fg_0200,bom_fg_0200_line_02,rm_0083,kg,1000,1.0,2902.33398
production_order_2026_00200,bom_fg_0200,bom_fg_0200_line_03,rm_0100,litre,1000,1.5,3071.618375
production_order_2026_00200,bom_fg_0200,bom_fg_0200_line_04,rm_0117,piece,1000,2.0,3242.42904
production_order_2026_00200,bom_fg_0200,bom_fg_0200_line_05,rm_0134,kg,1000,0.0,3331.479
production_order_2026_00201,bom_fg_0001,bom_fg_0001_line_01,rm_0001,litre,1000,0.5,162.81
production_order_2026_00201,bom_fg_0001,bom_fg_0001_line_02,rm_0018,kg,1000,1.0,321.786
production_order_2026_00201,bom_fg_0001,bom_fg_0001_line_03,rm_0035,litre,1000,1.5,482.328
production_order_2026_00201,bom_fg_0001,bom_fg_0001_line_04,rm_0052,piece,1000,2.0,644.436
production_order_2026_00201,bom_fg_0001,bom_fg_0001_line_05,rm_0069,kg,1000,0.0,788.4
production_order_2026_00202,bom_fg_0002,bom_fg_0002_line_01,rm_0006,kg,1000,0.5,239.281455
production_order_2026_00202,bom_fg_0002,bom_fg_0002_line_02,rm_0023,kg,1000,1.0,402.65064
production_order_2026_00202,bom_fg_0002,bom_fg_0002_line_03,rm_0040,kg,1000,1.5,567.625555
production_order_2026_00202,bom_fg_0002,bom_fg_0002_line_04,rm_0057,piece,1000,2.0,734.2062
production_order_2026_00202,bom_fg_0002,bom_fg_0002_line_05,rm_0074,kg,1000,0.0,880.383
production_order_2026_00203,bom_fg_0003,bom_fg_0003_line_01,rm_0011,kg,1000,0.5,319.33272
production_order_2026_00203,bom_fg_0003,bom_fg_0003_line_02,rm_0028,kg,1000,1.0,487.1129
production_order_2026_00203,bom_fg_0003,bom_fg_0003_line_03,rm_0045,kg,1000,1.5,656.53854
production_order_2026_00203,bom_fg_0003,bom_fg_0003_line_04,rm_0062,piece,1000,2.0,827.60964
production_order_2026_00203,bom_fg_0003,bom_fg_0003_line_05,rm_0079,kg,1000,0.0,975.928
production_order_2026_00204,bom_fg_0004,bom_fg_0004_line_01,rm_0016,kg,1000,0.5,402.963795
production_order_2026_00204,bom_fg_0004,bom_fg_0004_line_02,rm_0033,litre,1000,1.0,575.17278
production_order_2026_00204,bom_fg_0004,bom_fg_0004_line_03,rm_0050,piece,1000,1.5,749.066955
production_order_2026_00204,bom_fg_0004,bom_fg_0004_line_04,rm_0067,kg,1000,2.0,924.64632
production_order_2026_00204,bom_fg_0004,bom_fg_0004_line_05,rm_0084,kg,1000,0.0,1075.035
production_order_2026_00205,bom_fg_0005,bom_fg_0005_line_01,rm_0021,kg,1000,0.5,490.17468
production_order_2026_00205,bom_fg_0005,bom_fg_0005_line_02,rm_0038,litre,1000,1.0,666.83028
production_order_2026_00205,bom_fg_0005,bom_fg_0005_line_03,rm_0055,piece,1000,1.5,845.2108
production_order_2026_00205,bom_fg_0005,bom_fg_0005_line_04,rm_0072,litre,1000,2.0,1025.31624
production_order_2026_00205,bom_fg_0005,bom_fg_0005_line_05,rm_0089,kg,1000,0.0,1177.704
production_order_2026_00206,bom_fg_0006,bom_fg_0006_line_01,rm_0026,kg,1000,0.5,580.965375
production_order_2026_00206,bom_fg_0006,bom_fg_0006_line_02,rm_0043,kg,1000,1.0,762.0854
production_order_2026_00206,bom_fg_0006,bom_fg_0006_line_03,rm_0060,piece,1000,1.5,944.970075
production_order_2026_00206,bom_fg_0006,bom_fg_0006_line_04,rm_0077,litre,1000,2.0,1129.6194
production_order_2026_00206,bom_fg_0006,bom_fg_0006_line_05,rm_0094,kg,1000,0.0,1283.935
production_order_2026_00207,bom_fg_0007,bom_fg_0007_line_01,rm_0031,kg,1000,0.5,675.33588
production_order_2026_00207,bom_fg_0007,bom_fg_0007_line_02,rm_0048,kg,1000,1.0,860.93814
production_order_2026_00207,bom_fg_0007,bom_fg_0007_line_03,rm_0065,litre,1000,1.5,1048.34478
production_order_2026_00207,bom_fg_0007,bom_fg_0007_line_04,rm_0082,kg,1000,2.0,1237.5558
production_order_2026_00207,bom_fg_0007,bom_fg_0007_line_05,rm_0099,litre,1000,0.0,1393.728
production_order_2026_00208,bom_fg_0008,bom_fg_0008_line_01,rm_0036,litre,1000,0.5,773.286195
production_order_2026_00208,bom_fg_0008,bom_fg_0008_line_02,rm_0053,piece,1000,1.0,963.3885
production_order_2026_00208,bom_fg_0008,bom_fg_0008_line_03,rm_0070,kg,1000,1.5,1155.334915
production_order_2026_00208,bom_fg_0008,bom_fg_0008_line_04,rm_0087,kg,1000,2.0,1349.12544
production_order_2026_00208,bom_fg_0008,bom_fg_0008_line_05,rm_0104,kg,1000,0.0,1507.083
production_order_2026_00209,bom_fg_0009,bom_fg_0009_line_01,rm_0041,kg,1000,0.5,874.81632
production_order_2026_00209,bom_fg_0009,bom_fg_0009_line_02,rm_0058,kg,1000,1.0,1069.43648
production_order_2026_00209,bom_fg_0009,bom_fg_0009_line_03,rm_0075,kg,1000,1.5,1265.94048
production_order_2026_00209,bom_fg_0009,bom_fg_0009_line_04,rm_0092,kg,1000,2.0,1464.32832
production_order_2026_00209,bom_fg_0009,bom_fg_0009_line_05,rm_0109,kg,1000,0.0,1624.0
production_order_2026_00210,bom_fg_0010,bom_fg_0010_line_01,rm_0046,kg,1000,0.5,979.926255
production_order_2026_00210,bom_fg_0010,bom_fg_0010_line_02,rm_0063,piece,1000,1.0,1179.08208
production_order_2026_00210,bom_fg_0010,bom_fg_0010_line_03,rm_0080,kg,1000,1.5,1380.161475
production_order_2026_00210,bom_fg_0010,bom_fg_0010_line_04,rm_0097,litre,1000,2.0,1583.16444
production_order_2026_00210,bom_fg_0010,bom_fg_0010_line_05,rm_0114,piece,1000,0.0,1744.479
production_order_2026_00211,bom_fg_0011,bom_fg_0011_line_01,rm_0051,piece,1000,0.5,1088.616
production_order_2026_00211,bom_fg_0011,bom_fg_0011_line_02,rm_0068,kg,1000,1.0,1292.3253
production_order_2026_00211,bom_fg_0011,bom_fg_0011_line_03,rm_0085,kg,1000,1.5,1497.9979
production_order_2026_00211,bom_fg_0011,bom_fg_0011_line_04,rm_0102,litre,1000,2.0,1705.6338
production_order_2026_00211,bom_fg_0011,bom_fg_0011_line_05,rm_0119,piece,1000,0.0,1868.52
production_order_2026_00212,bom_fg_0012,bom_fg_0012_line_01,rm_0056,piece,1000,0.5,1200.885555
production_order_2026_00212,bom_fg_0012,bom_fg_0012_line_02,rm_0073,kg,1000,1.0,1409.16614
production_order_2026_00212,bom_fg_0012,bom_fg_0012_line_03,rm_0090,kg,1000,1.5,1619.449755
production_order_2026_00212,bom_fg_0012,bom_fg_0012_line_04,rm_0107,kg,1000,2.0,1831.7364
production_order_2026_00212,bom_fg_0012,bom_fg_0012_line_05,rm_0124,piece,1000,0.0,1996.123
production_order_2026_00213,bom_fg_0013,bom_fg_0013_line_01,rm_0061,piece,1000,0.5,1316.73492
production_order_2026_00213,bom_fg_0013,bom_fg_0013_line_02,rm_0078,kg,1000,1.0,1529.6046
production_order_2026_00213,bom_fg_0013,bom_fg_0013_line_03,rm_0095,kg,1000,1.5,1744.51704
production_order_2026_00213,bom_fg_0013,bom_fg_0013_line_04,rm_0112,kg,1000,2.0,1961.47224
production_order_2026_00213,bom_fg_0013,bom_fg_0013_line_05,rm_0129,litre,1000,0.0,2127.288
production_order_2026_00214,bom_fg_0014,bom_fg_0014_line_01,rm_0066,kg,1000,0.5,1436.164095
production_order_2026_00214,bom_fg_0014,bom_fg_0014_line_02,rm_0083,kg,1000,1.0,1653.64068
production_order_2026_00214,bom_fg_0014,bom_fg_0014_line_03,rm_0100,litre,1000,1.5,1873.199755
production_order_2026_00214,bom_fg_0014,bom_fg_0014_line_04,rm_0117,piece,1000,2.0,2094.84132
production_order_2026_00214,bom_fg_0014,bom_fg_0014_line_05,rm_0134,kg,1000,0.0,2262.015
production_order_2026_00215,bom_fg_0015,bom_fg_0015_line_01,rm_0071,kg,1000,0.5,1559.17308
production_order_2026_00215,bom_fg_0015,bom_fg_0015_line_02,rm_0088,kg,1000,1.0,1781.27438
production_order_2026_00215,bom_fg_0015,bom_fg_0015_line_03,rm_0105,kg,1000,1.5,2005.4979
production_order_2026_00215,bom_fg_0015,bom_fg_0015_line_04,rm_0122,kg,1000,2.0,2231.84364
production_order_2026_00215,bom_fg_0015,bom_fg_0015_line_05,rm_0139,kg,1000,0.0,2400.304
production_order_2026_00216,bom_fg_0016,bom_fg_0016_line_01,rm_0076,kg,1000,0.5,1685.761875
production_order_2026_00216,bom_fg_0016,bom_fg_0016_line_02,rm_0093,kg,1000,1.0,1912.5057
production_order_2026_00216,bom_fg_0016,bom_fg_0016_line_03,rm_0110,kg,1000,1.5,2141.411475
production_order_2026_00216,bom_fg_0016,bom_fg_0016_line_04,rm_0127,piece,1000,2.0,2372.4792
production_order_2026_00216,bom_fg_0016,bom_fg_0016_line_05,rm_0144,kg,1000,0.0,2542.155
production_order_2026_00217,bom_fg_0017,bom_fg_0017_line_01,rm_0081,kg,1000,0.5,1815.93048
production_order_2026_00217,bom_fg_0017,bom_fg_0017_line_02,rm_0098,litre,1000,1.0,2047.33464
production_order_2026_00217,bom_fg_0017,bom_fg_0017_line_03,rm_0115,piece,1000,1.5,2280.94048
production_order_2026_00217,bom_fg_0017,bom_fg_0017_line_04,rm_0132,kg,1000,2.0,2516.748
production_order_2026_00217,bom_fg_0017,bom_fg_0017_line_05,rm_0149,kg,1000,0.0,2687.568
production_order_2026_00218,bom_fg_0018,bom_fg_0018_line_01,rm_0086,kg,1000,0.5,1949.678895
production_order_2026_00218,bom_fg_0018,bom_fg_0018_line_02,rm_0103,kg,1000,1.0,2185.7612
production_order_2026_00218,bom_fg_0018,bom_fg_0018_line_03,rm_0120,piece,1000,1.5,2424.084915
production_order_2026_00218,bom_fg_0018,bom_fg_0018_line_04,rm_0137,kg,1000,2.0,2664.65004
production_order_2026_00218,bom_fg_0018,bom_fg_0018_line_05,rm_0154,kg,1000,0.0,2836.543
production_order_2026_00219,bom_fg_0019,bom_fg_0019_line_01,rm_0091,kg,1000,0.5,2087.00712
production_order_2026_00219,bom_fg_0019,bom_fg_0019_line_02,rm_0108,kg,1000,1.0,2327.78538
production_order_2026_00219,bom_fg_0019,bom_fg_0019_line_03,rm_0125,piece,1000,1.5,2570.84478
production_order_2026_00219,bom_fg_0019,bom_fg_0019_line_04,rm_0142,kg,1000,2.0,2816.18532
production_order_2026_00219,bom_fg_0019,bom_fg_0019_line_05,rm_0159,kg,1000,0.0,2989.08
production_order_2026_00220,bom_fg_0020,bom_fg_0020_line_01,rm_0096,kg,1000,0.5,2227.915155
production_order_2026_00220,bom_fg_0020,bom_fg_0020_line_02,rm_0113,piece,1000,1.0,2473.40718
production_order_2026_00220,bom_fg_0020,bom_fg_0020_line_03,rm_0130,kg,1000,1.5,2721.220075
production_order_2026_00220,bom_fg_0020,bom_fg_0020_line_04,rm_0147,kg,1000,2.0,2971.35384
production_order_2026_00220,bom_fg_0020,bom_fg_0020_line_05,rm_0164,litre,1000,0.0,3145.179
production_order_2026_00221,bom_fg_0021,bom_fg_0021_line_01,rm_0101,litre,1000,0.5,2372.403
production_order_2026_00221,bom_fg_0021,bom_fg_0021_line_02,rm_0118,piece,1000,1.0,2622.6266
production_order_2026_00221,bom_fg_0021,bom_fg_0021_line_03,rm_0135,kg,1000,1.5,2875.2108
production_order_2026_00221,bom_fg_0021,bom_fg_0021_line_04,rm_0152,kg,1000,2.0,3130.1556
production_order_2026_00221,bom_fg_0021,bom_fg_0021_line_05,rm_0169,kg,1000,0.0,3304.84
production_order_2026_00222,bom_fg_0022,bom_fg_0022_line_01,rm_0106,kg,1000,0.5,2520.470655
production_order_2026_00222,bom_fg_0022,bom_fg_0022_line_02,rm_0123,piece,1000,1.0,2775.44364
production_order_2026_00222,bom_fg_0022,bom_fg_0022_line_03,rm_0140,kg,1000,1.5,3032.816955
production_order_2026_00222,bom_fg_0022,bom_fg_0022_line_04,rm_0157,kg,1000,2.0,3292.5906
production_order_2026_00222,bom_fg_0022,bom_fg_0022_line_05,rm_0174,kg,1000,0.0,3468.063
production_order_2026_00223,bom_fg_0023,bom_fg_0023_line_01,rm_0111,kg,1000,0.5,2672.11812
production_order_2026_00223,bom_fg_0023,bom_fg_0023_line_02,rm_0128,piece,1000,1.0,2931.8583
production_order_2026_00223,bom_fg_0023,bom_fg_0023_line_03,rm_0145,kg,1000,1.5,3194.03854
production_order_2026_00223,bom_fg_0023,bom_fg_0023_line_04,rm_0162,litre,1000,2.0,3458.65884
production_order_2026_00223,bom_fg_0023,bom_fg_0023_line_05,rm_0179,piece,1000,0.0,3634.848
production_order_2026_00224,bom_fg_0024,bom_fg_0024_line_01,rm_0116,piece,1000,0.5,2827.345395
production_order_2026_00224,bom_fg_0024,bom_fg_0024_line_02,rm_0133,kg,1000,1.0,3091.87058
production_order_2026_00224,bom_fg_0024,bom_fg_0024_line_03,rm_0150,kg,1000,1.5,3358.875555
production_order_2026_00224,bom_fg_0024,bom_fg_0024_line_04,rm_0167,kg,1000,2.0,3628.36032
production_order_2026_00224,bom_fg_0024,bom_fg_0024_line_05,rm_0184,piece,1000,0.0,3805.195
production_order_2026_00225,bom_fg_0025,bom_fg_0025_line_01,rm_0121,piece,1000,0.5,2986.15248
production_order_2026_00225,bom_fg_0025,bom_fg_0025_line_02,rm_0138,kg,1000,1.0,3255.48048
production_order_2026_00225,bom_fg_0025,bom_fg_0025_line_03,rm_0155,kg,1000,1.5,3527.328
production_order_2026_00225,bom_fg_0025,bom_fg_0025_line_04,rm_0172,kg,1000,2.0,3801.69504
production_order_2026_00225,bom_fg_0025,bom_fg_0025_line_05,rm_0189,piece,1000,0.0,3979.104
production_order_2026_00226,bom_fg_0026,bom_fg_0026_line_01,rm_0126,piece,1000,0.5,3148.539375
production_order_2026_00226,bom_fg_0026,bom_fg_0026_line_02,rm_0143,kg,1000,1.0,3422.688
production_order_2026_00226,bom_fg_0026,bom_fg_0026_line_03,rm_0160,kg,1000,1.5,3699.395875
production_order_2026_00226,bom_fg_0026,bom_fg_0026_line_04,rm_0177,piece,1000,2.0,3978.663
production_order_2026_00226,bom_fg_0026,bom_fg_0026_line_05,rm_0194,kg,1000,0.0,4156.575
production_order_2026_00227,bom_fg_0027,bom_fg_0027_line_01,rm_0131,kg,1000,0.5,3314.50608
production_order_2026_00227,bom_fg_0027,bom_fg_0027_line_02,rm_0148,kg,1000,1.0,3593.49314
production_order_2026_00227,bom_fg_0027,bom_fg_0027_line_03,rm_0165,litre,1000,1.5,3875.07918
production_order_2026_00227,bom_fg_0027,bom_fg_0027_line_04,rm_0182,piece,1000,2.0,4159.2642
production_order_2026_00227,bom_fg_0027,bom_fg_0027_line_05,rm_0199,kg,1000,0.0,4337.608
production_order_2026_00228,bom_fg_0028,bom_fg_0028_line_01,rm_0136,litre,1000,0.5,3484.052595
production_order_2026_00228,bom_fg_0028,bom_fg_0028_line_02,rm_0153,kg,1000,1.0,3767.8959
production_order_2026_00228,bom_fg_0028,bom_fg_0028_line_03,rm_0170,kg,1000,1.5,4054.377915
production_order_2026_00228,bom_fg_0028,bom_fg_0028_line_04,rm_0187,piece,1000,2.0,4343.49864
production_order_2026_00228,bom_fg_0028,bom_fg_0028_line_05,rm_0204,kg,1000,0.0,4522.203
production_order_2026_00229,bom_fg_0029,bom_fg_0029_line_01,rm_0141,litre,1000,0.5,3657.17892
production_order_2026_00229,bom_fg_0029,bom_fg_0029_line_02,rm_0158,kg,1000,1.0,3945.89628
production_order_2026_00229,bom_fg_0029,bom_fg_0029_line_03,rm_0175,kg,1000,1.5,4237.29208
production_order_2026_00229,bom_fg_0029,bom_fg_0029_line_04,rm_0192,piece,1000,2.0,4531.36632
production_order_2026_00229,bom_fg_0029,bom_fg_0029_line_05,rm_0209,kg,1000,0.0,4710.36
production_order_2026_00230,bom_fg_0030,bom_fg_0030_line_01,rm_0146,kg,1000,0.5,3833.885055
production_order_2026_00230,bom_fg_0030,bom_fg_0030_line_02,rm_0163,litre,1000,1.0,4127.49428
production_order_2026_00230,bom_fg_0030,bom_fg_0030_line_03,rm_0180,piece,1000,1.5,4423.821675
production_order_2026_00230,bom_fg_0030,bom_fg_0030_line_04,rm_0197,kg,1000,2.0,4722.86724
production_order_2026_00230,bom_fg_0030,bom_fg_0030_line_05,rm_0214,kg,1000,0.0,4902.079
production_order_2026_00231,bom_fg_0031,bom_fg_0031_line_01,rm_0151,kg,1000,0.5,4014.171
production_order_2026_00231,bom_fg_0031,bom_fg_0031_line_02,rm_0168,kg,1000,1.0,4312.6899
production_order_2026_00231,bom_fg_0031,bom_fg_0031_line_03,rm_0185,piece,1000,1.5,4613.9667
production_order_2026_00231,bom_fg_0031,bom_fg_0031_line_04,rm_0202,kg,1000,2.0,4918.0014
production_order_2026_00231,bom_fg_0031,bom_fg_0031_line_05,rm_0219,kg,1000,0.0,5097.36
production_order_2026_00232,bom_fg_0032,bom_fg_0032_line_01,rm_0156,kg,1000,0.5,4198.036755
production_order_2026_00232,bom_fg_0032,bom_fg_0032_line_02,rm_0173,kg,1000,1.0,4501.48314
production_order_2026_00232,bom_fg_0032,bom_fg_0032_line_03,rm_0190,piece,1000,1.5,4807.727155
production_order_2026_00232,bom_fg_0032,bom_fg_0032_line_04,rm_0207,kg,1000,2.0,5116.7688
production_order_2026_00232,bom_fg_0032,bom_fg_0032_line_05,rm_0224,kg,1000,0.0,5296.203
production_order_2026_00233,bom_fg_0033,bom_fg_0033_line_01,rm_0161,litre,1000,0.5,4385.48232
production_order_2026_00233,bom_fg_0033,bom_fg_0033_line_02,rm_0178,piece,1000,1.0,4693.874
production_order_2026_00233,bom_fg_0033,bom_fg_0033_line_03,rm_0195,kg,1000,1.5,5005.10304
production_order_2026_00233,bom_fg_0033,bom_fg_0033_line_04,rm_0212,kg,1000,2.0,5319.16944
production_order_2026_00233,bom_fg_0033,bom_fg_0033_line_05,rm_0229,litre,1000,0.0,5498.608
production_order_2026_00234,bom_fg_0034,bom_fg_0034_line_01,rm_0166,litre,1000,0.5,4576.507695
production_order_2026_00234,bom_fg_0034,bom_fg_0034_line_02,rm_0183,piece,1000,1.0,4889.86248
production_order_2026_00234,bom_fg_0034,bom_fg_0034_line_03,rm_0200,litre,1000,1.5,5206.094355
production_order_2026_00234,bom_fg_0034,bom_fg_0034_line_04,rm_0217,kg,1000,2.0,5525.20332
production_order_2026_00234,bom_fg_0034,bom_fg_0034_line_05,rm_0234,kg,1000,0.0,5704.575
production_order_2026_00235,bom_fg_0035,bom_fg_0035_line_01,rm_0171,kg,1000,0.5,976.23288
production_order_2026_00235,bom_fg_0035,bom_fg_0035_line_02,rm_0188,piece,1000,1.0,1041.36858
production_order_2026_00235,bom_fg_0035,bom_fg_0035_line_03,rm_0205,litre,1000,1.5,1107.1011
production_order_2026_00235,bom_fg_0035,bom_fg_0035_line_04,rm_0222,kg,1000,2.0,1173.43044
production_order_2026_00235,bom_fg_0035,bom_fg_0035_line_05,rm_0239,kg,1000,0.0,1210.104
production_order_2026_00236,bom_fg_0036,bom_fg_0036_line_01,rm_0176,kg,1000,0.5,1069.897875
production_order_2026_00236,bom_fg_0036,bom_fg_0036_line_02,rm_0193,litre,1000,1.0,1139.5123
production_order_2026_00236,bom_fg_0036,bom_fg_0036_line_03,rm_0210,kg,1000,1.5,1209.763275
production_order_2026_00236,bom_fg_0036,bom_fg_0036_line_04,rm_0227,litre,1000,2.0,1280.6508
production_order_2026_00236,bom_fg_0036,bom_fg_0036_line_05,rm_0244,piece,1000,0.0,1319.195
production_order_2026_00237,bom_fg_0037,bom_fg_0037_line_01,rm_0181,piece,1000,0.5,1167.14268
production_order_2026_00237,bom_fg_0037,bom_fg_0037_line_02,rm_0198,kg,1000,1.0,1241.25364
production_order_2026_00237,bom_fg_0037,bom_fg_0037_line_03,rm_0215,kg,1000,1.5,1316.04088
production_order_2026_00237,bom_fg_0037,bom_fg_0037_line_04,rm_0232,kg,1000,2.0,1391.5044
production_order_2026_00237,bom_fg_0037,bom_fg_0037_line_05,rm_0249,piece,1000,0.0,1431.848
production_order_2026_00238,bom_fg_0038,bom_fg_0038_line_01,rm_0186,kg,1000,0.5,1267.967295
production_order_2026_00238,bom_fg_0038,bom_fg_0038_line_02,rm_0203,kg,1000,1.0,1346.5926
production_order_2026_00238,bom_fg_0038,bom_fg_0038_line_03,rm_0220,kg,1000,1.5,1425.933915
production_order_2026_00238,bom_fg_0038,bom_fg_0038_line_04,rm_0237,kg,1000,2.0,1505.99124
production_order_2026_00238,bom_fg_0038,bom_fg_0038_line_05,rm_0254,piece,1000,0.0,1548.063
production_order_2026_00239,bom_fg_0039,bom_fg_0039_line_01,rm_0191,piece,1000,0.5,1372.37172
production_order_2026_00239,bom_fg_0039,bom_fg_0039_line_02,rm_0208,kg,1000,1.0,1455.52918
production_order_2026_00239,bom_fg_0039,bom_fg_0039_line_03,rm_0225,litre,1000,1.5,1539.44238
production_order_2026_00239,bom_fg_0039,bom_fg_0039_line_04,rm_0242,piece,1000,2.0,1624.11132
production_order_2026_00239,bom_fg_0039,bom_fg_0039_line_05,rm_0259,kg,1000,0.0,1667.84
production_order_2026_00240,bom_fg_0040,bom_fg_0040_line_01,rm_0196,kg,1000,0.5,1480.355955
production_order_2026_00240,bom_fg_0040,bom_fg_0040_line_02,rm_0213,kg,1000,1.0,1568.06338
production_order_2026_00240,bom_fg_0040,bom_fg_0040_line_03,rm_0230,litre,1000,1.5,1656.566275
production_order_2026_00240,bom_fg_0040,bom_fg_0040_line_04,rm_0247,piece,1000,2.0,1745.86464
production_order_2026_00240,bom_fg_0040,bom_fg_0040_line_05,rm_0264,litre,1000,0.0,1791.179
production_order_2026_00241,bom_fg_0041,bom_fg_0041_line_01,rm_0201,kg,1000,0.5,1591.92
production_order_2026_00241,bom_fg_0041,bom_fg_0041_line_02,rm_0218,kg,1000,1.0,1684.1952
production_order_2026_00241,bom_fg_0041,bom_fg_0041_line_03,rm_0235,kg,1000,1.5,1777.3056
production_order_2026_00241,bom_fg_0041,bom_fg_0041_line_04,rm_0252,piece,1000,2.0,1871.2512
production_order_2026_00241,bom_fg_0041,bom_fg_0041_line_05,rm_0269,litre,1000,0.0,1918.08
production_order_2026_00242,bom_fg_0042,bom_fg_0042_line_01,rm_0206,kg,1000,0.5,1707.063855
production_order_2026_00242,bom_fg_0042,bom_fg_0042_line_02,rm_0223,kg,1000,1.0,1803.92464
production_order_2026_00242,bom_fg_0042,bom_fg_0042_line_03,rm_0240,kg,1000,1.5,1901.660355
production_order_2026_00242,bom_fg_0042,bom_fg_0042_line_04,rm_0257,litre,1000,2.0,2000.271
production_order_2026_00242,bom_fg_0042,bom_fg_0042_line_05,rm_0274,kg,1000,0.0,2048.543
production_order_2026_00243,bom_fg_0043,bom_fg_0043_line_01,rm_0211,kg,1000,0.5,1825.78752
production_order_2026_00243,bom_fg_0043,bom_fg_0043_line_02,rm_0228,litre,1000,1.0,1927.2517
production_order_2026_00243,bom_fg_0043,bom_fg_0043_line_03,rm_0245,piece,1000,1.5,2029.63054
production_order_2026_00243,bom_fg_0043,bom_fg_0043_line_04,rm_0262,kg,1000,2.0,2132.92404
production_order_2026_00243,bom_fg_0043,bom_fg_0043_line_05,rm_0279,kg,1000,0.0,2182.568
production_order_2026_00244,bom_fg_0044,bom_fg_0044_line_01,rm_0216,kg,1000,0.5,1948.090995
production_order_2026_00244,bom_fg_0044,bom_fg_0044_line_02,rm_0233,kg,1000,1.0,2054.17638
production_order_2026_00244,bom_fg_0044,bom_fg_0044_line_03,rm_0250,kg,1000,1.5,2161.216155
production_order_2026_00244,bom_fg_0044,bom_fg_0044_line_04,rm_0267,kg,1000,2.0,2269.21032
production_order_2026_00244,bom_fg_0044,bom_fg_0044_line_05,rm_0284,kg,1000,0.0,2320.155
production_order_2026_00245,bom_fg_0045,bom_fg_0045_line_01,rm_0221,kg,1000,0.5,2073.97428
production_order_2026_00245,bom_fg_0045,bom_fg_0045_line_02,rm_0238,kg,1000,1.0,2184.69868
production_order_2026_00245,bom_fg_0045,bom_fg_0045_line_03,rm_0255,piece,1000,1.5,2296.4172
production_order_2026_00245,bom_fg_0045,bom_fg_0045_line_04,rm_0272,kg,1000,2.0,2409.12984
production_order_2026_00245,bom_fg_0045,bom_fg_0045_line_05,rm_0289,litre,1000,0.0,2461.304
production_order_2026_00246,bom_fg_0046,bom_fg_0046_line_01,rm_0226,litre,1000,0.5,2203.437375
production_order_2026_00246,bom_fg_0046,bom_fg_0046_line_02,rm_0243,piece,1000,1.0,2318.8186
production_order_2026_00246,bom_fg_0046,bom_fg_0046_line_03,rm_0260,kg,1000,1.5,2435.233675
production_order_2026_00246,bom_fg_0046,bom_fg_0046_line_04,rm_0277,kg,1000,2.0,2552.6826
production_order_2026_00246,bom_fg_0046,bom_fg_0046_line_05,rm_0294,litre,1000,0.0,110.515
production_order_2026_00247,bom_fg_0047,bom_fg_0047_line_01,rm_0231,kg,1000,0.5,2336.48028
production_order_2026_00247,bom_fg_0047,bom_fg_0047_line_02,rm_0248,piece,1000,1.0,2456.53614
production_order_2026_00247,bom_fg_0047,bom_fg_0047_line_03,rm_0265,kg,1000,1.5,2577.66558
production_order_2026_00247,bom_fg_0047,bom_fg_0047_line_04,rm_0282,kg,1000,2.0,2699.8686
production_order_2026_00247,bom_fg_0047,bom_fg_0047_line_05,rm_0299,kg,1000,0.0,162.888
production_order_2026_00248,bom_fg_0048,bom_fg_0048_line_01,rm_0236,kg,1000,0.5,2473.102995
production_order_2026_00248,bom_fg_0048,bom_fg_0048_line_02,rm_0253,piece,1000,1.0,2597.8513
production_order_2026_00248,bom_fg_0048,bom_fg_0048_line_03,rm_0270,kg,1000,1.5,2723.712915
production_order_2026_00248,bom_fg_0048,bom_fg_0048_line_04,rm_0287,kg,1000,2.0,2850.68784
production_order_2026_00248,bom_fg_0048,bom_fg_0048_line_05,rm_0304,kg,1000,0.0,218.823
production_order_2026_00249,bom_fg_0049,bom_fg_0049_line_01,rm_0241,piece,1000,0.5,2613.30552
production_order_2026_00249,bom_fg_0049,bom_fg_0049_line_02,rm_0258,kg,1000,1.0,2742.76408
production_order_2026_00249,bom_fg_0049,bom_fg_0049_line_03,rm_0275,kg,1000,1.5,2873.37568
production_order_2026_00249,bom_fg_0049,bom_fg_0049_line_04,rm_0292,litre,1000,2.0,166.27632
production_order_2026_00249,bom_fg_0049,bom_fg_0049_line_05,rm_0309,piece,1000,0.0,278.32
production_order_2026_00250,bom_fg_0050,bom_fg_0050_line_01,rm_0246,piece,1000,0.5,2757.087855
production_order_2026_00250,bom_fg_0050,bom_fg_0050_line_02,rm_0263,kg,1000,1.0,2891.27448
production_order_2026_00250,bom_fg_0050,bom_fg_0050_line_03,rm_0280,kg,1000,1.5,3026.653875
production_order_2026_00250,bom_fg_0050,bom_fg_0050_line_04,rm_0297,kg,1000,2.0,226.54404
production_order_2026_00250,bom_fg_0050,bom_fg_0050_line_05,rm_0004,kg,1000,0.0,341.379
production_order_2026_00251,bom_fg_0051,bom_fg_0051_line_01,rm_0251,piece,1000,0.5,2904.45
production_order_2026_00251,bom_fg_0051,bom_fg_0051_line_02,rm_0268,kg,1000,1.0,3043.3825
production_order_2026_00251,bom_fg_0051,bom_fg_0051_line_03,rm_0285,kg,1000,1.5,163.9225
production_order_2026_00251,bom_fg_0051,bom_fg_0051_line_04,rm_0302,kg,1000,2.0,290.445
production_order_2026_00251,bom_fg_0051,bom_fg_0051_line_05,rm_0009,kg,1000,0.0,408.0
production_order_2026_00252,bom_fg_0052,bom_fg_0052_line_01,rm_0256,piece,1000,0.5,3055.391955
production_order_2026_00252,bom_fg_0052,bom_fg_0052_line_02,rm_0273,kg,1000,1.0,3199.08814
production_order_2026_00252,bom_fg_0052,bom_fg_0052_line_03,rm_0290,litre,1000,1.5,227.093055
production_order_2026_00252,bom_fg_0052,bom_fg_0052_line_04,rm_0307,piece,1000,2.0,357.9792
production_order_2026_00252,bom_fg_0052,bom_fg_0052_line_05,rm_0014,kg,1000,0.0,478.183
production_order_2026_00253,bom_fg_0053,bom_fg_0053_line_01,rm_0261,kg,1000,0.5,3209.91372
production_order_2026_00253,bom_fg_0053,bom_fg_0053_line_02,rm_0278,kg,1000,1.0,159.9234
production_order_2026_00253,bom_fg_0053,bom_fg_0053_line_03,rm_0295,kg,1000,1.5,293.87904
production_order_2026_00253,bom_fg_0053,bom_fg_0053_line_04,rm_0002,kg,1000,2.0,429.14664
production_order_2026_00253,bom_fg_0053,bom_fg_0053_line_05,rm_0019,kg,1000,0.0,551.928
production_order_2026_00254,bom_fg_0054,bom_fg_0054_line_01,rm_0266,kg,1000,0.5,3368.015295
production_order_2026_00254,bom_fg_0054,bom_fg_0054_line_02,rm_0283,kg,1000,1.0,225.96528
production_order_2026_00254,bom_fg_0054,bom_fg_0054_line_03,rm_0300,kg,1000,1.5,364.280455
production_order_2026_00254,bom_fg_0054,bom_fg_0054_line_04,rm_0007,kg,1000,2.0,503.94732
production_order_2026_00254,bom_fg_0054,bom_fg_0054_line_05,rm_0024,kg,1000,0.0,629.235
production_order_2026_00255,bom_fg_0055,bom_fg_0055_line_01,rm_0271,kg,1000,0.5,154.30368
production_order_2026_00255,bom_fg_0055,bom_fg_0055_line_02,rm_0288,kg,1000,1.0,295.60478
production_order_2026_00255,bom_fg_0055,bom_fg_0055_line_03,rm_0305,piece,1000,1.5,438.2973
production_order_2026_00255,bom_fg_0055,bom_fg_0055_line_04,rm_0012,kg,1000,2.0,582.38124
production_order_2026_00255,bom_fg_0055,bom_fg_0055_line_05,rm_0029,kg,1000,0.0,710.104
production_order_2026_00256,bom_fg_0056,bom_fg_0056_line_01,rm_0276,kg,1000,0.5,223.185375
production_order_2026_00256,bom_fg_0056,bom_fg_0056_line_02,rm_0293,litre,1000,1.0,368.8419
production_order_2026_00256,bom_fg_0056,bom_fg_0056_line_03,rm_0310,piece,1000,1.5,515.929575
production_order_2026_00256,bom_fg_0056,bom_fg_0056_line_04,rm_0017,kg,1000,2.0,664.4484
production_order_2026_00256,bom_fg_0056,bom_fg_0056_line_05,rm_0034,litre,1000,0.0,794.535
production_order_2026_00257,bom_fg_0057,bom_fg_0057_line_01,rm_0281,kg,1000,0.5,295.64688
production_order_2026_00257,bom_fg_0057,bom_fg_0057_line_02,rm_0298,kg,1000,1.0,445.67664
production_order_2026_00257,bom_fg_0057,bom_fg_0057_line_03,rm_0005,kg,1000,1.5,597.17728
production_order_2026_00257,bom_fg_0057,bom_fg_0057_line_04,rm_0022,kg,1000,2.0,750.1488
production_order_2026_00257,bom_fg_0057,bom_fg_0057_line_05,rm_0039,kg,1000,0.0,882.528
production_order_2026_00258,bom_fg_0058,bom_fg_0058_line_01,rm_0286,kg,1000,0.5,371.688195
production_order_2026_00258,bom_fg_0058,bom_fg_0058_line_02,rm_0303,kg,1000,1.0,526.109
production_order_2026_00258,bom_fg_0058,bom_fg_0058_line_03,rm_0010,kg,1000,1.5,682.040415
production_order_2026_00258,bom_fg_0058,bom_fg_0058_line_04,rm_0027,kg,1000,2.0,839.48244
production_order_2026_00258,bom_fg_0058,bom_fg_0058_line_05,rm_0044,kg,1000,0.0,974.083
production_order_2026_00259,bom_fg_0059,bom_fg_0059_line_01,rm_0291,litre,1000,0.5,451.30932
production_order_2026_00259,bom_fg_0059,bom_fg_0059_line_02,rm_0308,piece,1000,1.0,610.13898
production_order_2026_00259,bom_fg_0059,bom_fg_0059_line_03,rm_0015,kg,1000,1.5,770.51898
production_order_2026_00259,bom_fg_0059,bom_fg_0059_line_04,rm_0032,kg,1000,2.0,932.44932
production_order_2026_00259,bom_fg_0059,bom_fg_0059_line_05,rm_0049,piece,1000,0.0,1069.2
production_order_2026_00260,bom_fg_0060,bom_fg_0060_line_01,rm_0296,kg,1000,0.5,534.510255
production_order_2026_00260,bom_fg_0060,bom_fg_0060_line_02,rm_0003,kg,1000,1.0,697.76658
production_order_2026_00260,bom_fg_0060,bom_fg_0060_line_03,rm_0020,kg,1000,1.5,862.612975
production_order_2026_00260,bom_fg_0060,bom_fg_0060_line_04,rm_0037,litre,1000,2.0,1029.04944
production_order_2026_00260,bom_fg_0060,bom_fg_0060_line_05,rm_0054,piece,1000,0.0,1167.879
production_order_2026_00261,bom_fg_0061,bom_fg_0061_line_01,rm_0301,kg,1000,0.5,621.291
production_order_2026_00261,bom_fg_0061,bom_fg_0061_line_02,rm_0008,litre,1000,1.0,788.9918
production_order_2026_00261,bom_fg_0061,bom_fg_0061_line_03,rm_0025,kg,1000,1.5,958.3224
production_order_2026_00261,bom_fg_0061,bom_fg_0061_line_04,rm_0042,kg,1000,2.0,1129.2828
production_order_2026_00261,bom_fg_0061,bom_fg_0061_line_05,rm_0059,piece,1000,0.0,1270.12
production_order_2026_00262,bom_fg_0062,bom_fg_0062_line_01,rm_0306,piece,1000,0.5,711.651555
production_order_2026_00262,bom_fg_0062,bom_fg_0062_line_02,rm_0013,litre,1000,1.0,883.81464
production_order_2026_00262,bom_fg_0062,bom_fg_0062_line_03,rm_0030,kg,1000,1.5,1057.647255
production_order_2026_00262,bom_fg_0062,bom_fg_0062_line_04,rm_0047,kg,1000,2.0,1233.1494
production_order_2026_00262,bom_fg_0062,bom_fg_0062_line_05,rm_0064,piece,1000,0.0,1375.923
production_order_2026_00263,bom_fg_0063,bom_fg_0063_line_01,rm_0001,litre,1000,0.5,805.59192
production_order_2026_00263,bom_fg_0063,bom_fg_0063_line_02,rm_0018,kg,1000,1.0,982.2351
production_order_2026_00263,bom_fg_0063,bom_fg_0063_line_03,rm_0035,litre,1000,1.5,1160.58754
production_order_2026_00263,bom_fg_0063,bom_fg_0063_line_04,rm_0052,piece,1000,2.0,1340.64924
production_order_2026_00263,bom_fg_0063,bom_fg_0063_line_05,rm_0069,kg,1000,0.0,1485.288
production_order_2026_00264,bom_fg_0064,bom_fg_0064_line_01,rm_0006,kg,1000,0.5,903.112095
production_order_2026_00264,bom_fg_0064,bom_fg_0064_line_02,rm_0023,kg,1000,1.0,1084.25318
production_order_2026_00264,bom_fg_0064,bom_fg_0064_line_03,rm_0040,kg,1000,1.5,1267.143255
production_order_2026_00264,bom_fg_0064,bom_fg_0064_line_04,rm_0057,piece,1000,2.0,1451.78232
production_order_2026_00264,bom_fg_0064,bom_fg_0064_line_05,rm_0074,kg,1000,0.0,1598.215
production_order_2026_00265,bom_fg_0065,bom_fg_0065_line_01,rm_0011,kg,1000,0.5,1004.21208
production_order_2026_00265,bom_fg_0065,bom_fg_0065_line_02,rm_0028,kg,1000,1.0,1189.86888
production_order_2026_00265,bom_fg_0065,bom_fg_0065_line_03,rm_0045,kg,1000,1.5,1377.3144
production_order_2026_00265,bom_fg_0065,bom_fg_0065_line_04,rm_0062,piece,1000,2.0,1566.54864
production_order_2026_00265,bom_fg_0065,bom_fg_0065_line_05,rm_0079,kg,1000,0.0,1714.704
production_order_2026_00266,bom_fg_0066,bom_fg_0066_line_01,rm_0016,kg,1000,0.5,1108.891875
production_order_2026_00266,bom_fg_0066,bom_fg_0066_line_02,rm_0033,litre,1000,1.0,1299.0822
production_order_2026_00266,bom_fg_0066,bom_fg_0066_line_03,rm_0050,piece,1000,1.5,1491.100975
production_order_2026_00266,bom_fg_0066,bom_fg_0066_line_04,rm_0067,kg,1000,2.0,1684.9482
production_order_2026_00266,bom_fg_0066,bom_fg_0066_line_05,rm_0084,kg,1000,0.0,1834.755
production_order_2026_00267,bom_fg_0067,bom_fg_0067_line_01,rm_0021,kg,1000,0.5,1217.15148
production_order_2026_00267,bom_fg_0067,bom_fg_0067_line_02,rm_0038,litre,1000,1.0,1411.89314
production_order_2026_00267,bom_fg_0067,bom_fg_0067_line_03,rm_0055,piece,1000,1.5,1608.50298
production_order_2026_00267,bom_fg_0067,bom_fg_0067_line_04,rm_0072,litre,1000,2.0,1806.981
production_order_2026_00267,bom_fg_0067,bom_fg_0067_line_05,rm_0089,kg,1000,0.0,1958.368
production_order_2026_00268,bom_fg_0068,bom_fg_0068_line_01,rm_0026,kg,1000,0.5,1328.990895
production_order_2026_00268,bom_fg_0068,bom_fg_0068_line_02,rm_0043,kg,1000,1.0,1528.3017
production_order_2026_00268,bom_fg_0068,bom_fg_0068_line_03,rm_0060,piece,1000,1.5,1729.520415
production_order_2026_00268,bom_fg_0068,bom_fg_0068_line_04,rm_0077,litre,1000,2.0,1932.64704
production_order_2026_00268,bom_fg_0068,bom_fg_0068_line_05,rm_0094,kg,1000,0.0,2085.543
production_order_2026_00269,bom_fg_0069,bom_fg_0069_line_01,rm_0031,kg,1000,0.5,1444.41012
production_order_2026_00269,bom_fg_0069,bom_fg_0069_line_02,rm_0048,kg,1000,1.0,1648.30788
production_order_2026_00269,bom_fg_0069,bom_fg_0069_line_03,rm_0065,litre,1000,1.5,1854.15328
production_order_2026_00269,bom_fg_0069,bom_fg_0069_line_04,rm_0082,kg,1000,2.0,2061.94632
production_order_2026_00269,bom_fg_0069,bom_fg_0069_line_05,rm_0099,litre,1000,0.0,2216.28
production_order_2026_00270,bom_fg_0070,bom_fg_0070_line_01,rm_0036,litre,1000,0.5,1563.409155
production_order_2026_00270,bom_fg_0070,bom_fg_0070_line_02,rm_0053,piece,1000,1.0,1771.91168
production_order_2026_00270,bom_fg_0070,bom_fg_0070_line_03,rm_0070,kg,1000,1.5,1982.401575
production_order_2026_00270,bom_fg_0070,bom_fg_0070_line_04,rm_0087,kg,1000,2.0,2194.87884
production_order_2026_00270,bom_fg_0070,bom_fg_0070_line_05,rm_0104,kg,1000,0.0,2350.579
production_order_2026_00271,bom_fg_0071,bom_fg_0071_line_01,rm_0041,kg,1000,0.5,1685.988
production_order_2026_00271,bom_fg_0071,bom_fg_0071_line_02,rm_0058,kg,1000,1.0,1899.1131
production_order_2026_00271,bom_fg_0071,bom_fg_0071_line_03,rm_0075,kg,1000,1.5,2114.2653
production_order_2026_00271,bom_fg_0071,bom_fg_0071_line_04,rm_0092,kg,1000,2.0,2331.4446
production_order_2026_00271,bom_fg_0071,bom_fg_0071_line_05,rm_0109,kg,1000,0.0,2488.44
production_order_2026_00272,bom_fg_0072,bom_fg_0072_line_01,rm_0046,kg,1000,0.5,1812.146655
production_order_2026_00272,bom_fg_0072,bom_fg_0072_line_02,rm_0063,piece,1000,1.0,2029.91214
production_order_2026_00272,bom_fg_0072,bom_fg_0072_line_03,rm_0080,kg,1000,1.5,2249.744455
production_order_2026_00272,bom_fg_0072,bom_fg_0072_line_04,rm_0097,litre,1000,2.0,2471.6436
production_order_2026_00272,bom_fg_0072,bom_fg_0072_line_05,rm_0114,piece,1000,0.0,2629.863
production_order_2026_00273,bom_fg_0073,bom_fg_0073_line_01,rm_0051,piece,1000,0.5,1941.88512
production_order_2026_00273,bom_fg_0073,bom_fg_0073_line_02,rm_0068,kg,1000,1.0,2164.3088
production_order_2026_00273,bom_fg_0073,bom_fg_0073_line_03,rm_0085,kg,1000,1.5,2388.83904
production_order_2026_00273,bom_fg_0073,bom_fg_0073_line_04,rm_0102,litre,1000,2.0,2615.47584
production_order_2026_00273,bom_fg_0073,bom_fg_0073_line_05,rm_0119,piece,1000,0.0,2774.848
production_order_2026_00274,bom_fg_0074,bom_fg_0074_line_01,rm_0056,piece,1000,0.5,2075.203395
production_order_2026_00274,bom_fg_0074,bom_fg_0074_line_02,rm_0073,kg,1000,1.0,2302.30308
production_order_2026_00274,bom_fg_0074,bom_fg_0074_line_03,rm_0090,kg,1000,1.5,2531.549055
production_order_2026_00274,bom_fg_0074,bom_fg_0074_line_04,rm_0107,kg,1000,2.0,2762.94132
production_order_2026_00274,bom_fg_0074,bom_fg_0074_line_05,rm_0124,piece,1000,0.0,2923.395
production_order_2026_00275,bom_fg_0075,bom_fg_0075_line_01,rm_0061,piece,1000,0.5,2212.10148
production_order_2026_00275,bom_fg_0075,bom_fg_0075_line_02,rm_0078,kg,1000,1.0,2443.89498
production_order_2026_00275,bom_fg_0075,bom_fg_0075_line_03,rm_0095,kg,1000,1.5,2677.8745
production_order_2026_00275,bom_fg_0075,bom_fg_0075_line_04,rm_0112,kg,1000,2.0,2914.04004
production_order_2026_00275,bom_fg_0075,bom_fg_0075_line_05,rm_0129,litre,1000,0.0,3075.504
production_order_2026_00276,bom_fg_0076,bom_fg_0076_line_01,rm_0066,kg,1000,0.5,2352.579375
production_order_2026_00276,bom_fg_0076,bom_fg_0076_line_02,rm_0083,kg,1000,1.0,2589.0845
production_order_2026_00276,bom_fg_0076,bom_fg_0076_line_03,rm_0100,litre,1000,1.5,2827.815375
production_order_2026_00276,bom_fg_0076,bom_fg_0076_line_04,rm_0117,piece,1000,2.0,3068.772
production_order_2026_00276,bom_fg_0076,bom_fg_0076_line_05,rm_0134,kg,1000,0.0,3231.175
production_order_2026_00277,bom_fg_0077,bom_fg_0077_line_01,rm_0071,kg,1000,0.5,2496.63708
production_order_2026_00277,bom_fg_0077,bom_fg_0077_line_02,rm_0088,kg,1000,1.0,2737.87164
production_order_2026_00277,bom_fg_0077,bom_fg_0077_line_03,rm_0105,kg,1000,1.5,2981.37168
production_order_2026_00277,bom_fg_0077,bom_fg_0077_line_04,rm_0122,kg,1000,2.0,3227.1372
production_order_2026_00277,bom_fg_0077,bom_fg_0077_line_05,rm_0139,kg,1000,0.0,3390.408
production_order_2026_00278,bom_fg_0078,bom_fg_0078_line_01,rm_0076,kg,1000,0.5,2644.274595
production_order_2026_00278,bom_fg_0078,bom_fg_0078_line_02,rm_0093,kg,1000,1.0,2890.2564
production_order_2026_00278,bom_fg_0078,bom_fg_0078_line_03,rm_0110,kg,1000,1.5,3138.543415
production_order_2026_00278,bom_fg_0078,bom_fg_0078_line_04,rm_0127,piece,1000,2.0,3389.13564
production_order_2026_00278,bom_fg_0078,bom_fg_0078_line_05,rm_0144,kg,1000,0.0,3553.203
production_order_2026_00279,bom_fg_0079,bom_fg_0079_line_01,rm_0081,kg,1000,0.5,2795.49192
production_order_2026_00279,bom_fg_0079,bom_fg_0079_line_02,rm_0098,litre,1000,1.0,3046.23878
production_order_2026_00279,bom_fg_0079,bom_fg_0079_line_03,rm_0115,piece,1000,1.5,3299.33058
production_order_2026_00279,bom_fg_0079,bom_fg_0079_line_04,rm_0132,kg,1000,2.0,3554.76732
production_order_2026_00279,bom_fg_0079,bom_fg_0079_line_05,rm_0149,kg,1000,0.0,3719.56
production_order_2026_00280,bom_fg_0080,bom_fg_0080_line_01,rm_0086,kg,1000,0.5,2950.289055
production_order_2026_00280,bom_fg_0080,bom_fg_0080_line_02,rm_0103,kg,1000,1.0,3205.81878
production_order_2026_00280,bom_fg_0080,bom_fg_0080_line_03,rm_0120,piece,1000,1.5,3463.733175
production_order_2026_00280,bom_fg_0080,bom_fg_0080_line_04,rm_0137,kg,1000,2.0,3724.03224
production_order_2026_00280,bom_fg_0080,bom_fg_0080_line_05,rm_0154,kg,1000,0.0,3889.479
production_order_2026_00281,bom_fg_0081,bom_fg_0081_line_01,rm_0091,kg,1000,0.5,3108.666
production_order_2026_00281,bom_fg_0081,bom_fg_0081_line_02,rm_0108,kg,1000,1.0,3368.9964
production_order_2026_00281,bom_fg_0081,bom_fg_0081_line_03,rm_0125,piece,1000,1.5,3631.7512
production_order_2026_00281,bom_fg_0081,bom_fg_0081_line_04,rm_0142,kg,1000,2.0,3896.9304
production_order_2026_00281,bom_fg_0081,bom_fg_0081_line_05,rm_0159,kg,1000,0.0,4062.96
production_order_2026_00282,bom_fg_0082,bom_fg_0082_line_01,rm_0096,kg,1000,0.5,3270.622755
production_order_2026_00282,bom_fg_0082,bom_fg_0082_line_02,rm_0113,piece,1000,1.0,3535.77164
production_order_2026_00282,bom_fg_0082,bom_fg_0082_line_03,rm_0130,kg,1000,1.5,3803.384655
production_order_2026_00282,bom_fg_0082,bom_fg_0082_line_04,rm_0147,kg,1000,2.0,4073.4618
production_order_2026_00282,bom_fg_0082,bom_fg_0082_line_05,rm_0164,litre,1000,0.0,4240.003
production_order_2026_00283,bom_fg_0083,bom_fg_0083_line_01,rm_0101,litre,1000,0.5,3436.15932
production_order_2026_00283,bom_fg_0083,bom_fg_0083_line_02,rm_0118,piece,1000,1.0,3706.1445
production_order_2026_00283,bom_fg_0083,bom_fg_0083_line_03,rm_0135,kg,1000,1.5,3978.63354
production_order_2026_00283,bom_fg_0083,bom_fg_0083_line_04,rm_0152,kg,1000,2.0,4253.62644
production_order_2026_00283,bom_fg_0083,bom_fg_0083_line_05,rm_0169,kg,1000,0.0,4420.608
production_order_2026_00284,bom_fg_0084,bom_fg_0084_line_01,rm_0106,kg,1000,0.5,3605.275695
production_order_2026_00284,bom_fg_0084,bom_fg_0084_line_02,rm_0123,piece,1000,1.0,3880.11498
production_order_2026_00284,bom_fg_0084,bom_fg_0084_line_03,rm_0140,kg,1000,1.5,4157.497855
production_order_2026_00284,bom_fg_0084,bom_fg_0084_line_04,rm_0157,kg,1000,2.0,4437.42432
production_order_2026_00284,bom_fg_0084,bom_fg_0084_line_05,rm_0174,kg,1000,0.0,4604.775
production_order_2026_00285,bom_fg_0085,bom_fg_0085_line_01,rm_0111,kg,1000,0.5,3777.97188
production_order_2026_00285,bom_fg_0085,bom_fg_0085_line_02,rm_0128,piece,1000,1.0,4057.68308
production_order_2026_00285,bom_fg_0085,bom_fg_0085_line_03,rm_0145,kg,1000,1.5,4339.9776
production_order_2026_00285,bom_fg_0085,bom_fg_0085_line_04,rm_0162,litre,1000,2.0,4624.85544
production_order_2026_00285,bom_fg_0085,bom_fg_0085_line_05,rm_0179,piece,1000,0.0,4792.504
production_order_2026_00286,bom_fg_0086,bom_fg_0086_line_01,rm_0116,piece,1000,0.5,3954.247875
production_order_2026_00286,bom_fg_0086,bom_fg_0086_line_02,rm_0133,kg,1000,1.0,4238.8488
production_order_2026_00286,bom_fg_0086,bom_fg_0086_line_03,rm_0150,kg,1000,1.5,4526.072775
production_order_2026_00286,bom_fg_0086,bom_fg_0086_line_04,rm_0167,kg,1000,2.0,4815.9198
production_order_2026_00286,bom_fg_0086,bom_fg_0086_line_05,rm_0184,piece,1000,0.0,4983.795
production_order_2026_00287,bom_fg_0087,bom_fg_0087_line_01,rm_0121,piece,1000,0.5,4134.10368
production_order_2026_00287,bom_fg_0087,bom_fg_0087_line_02,rm_0138,kg,1000,1.0,4423.61214
production_order_2026_00287,bom_fg_0087,bom_fg_0087_line_03,rm_0155,kg,1000,1.5,4715.78338
production_order_2026_00287,bom_fg_0087,bom_fg_0087_line_04,rm_0172,kg,1000,2.0,5010.6174
production_order_2026_00287,bom_fg_0087,bom_fg_0087_line_05,rm_0189,piece,1000,0.0,5178.648
production_order_2026_00288,bom_fg_0088,bom_fg_0088_line_01,rm_0126,piece,1000,0.5,4317.539295
production_order_2026_00288,bom_fg_0088,bom_fg_0088_line_02,rm_0143,kg,1000,1.0,4611.9731
production_order_2026_00288,bom_fg_0088,bom_fg_0088_line_03,rm_0160,kg,1000,1.5,4909.109415
production_order_2026_00288,bom_fg_0088,bom_fg_0088_line_04,rm_0177,piece,1000,2.0,5208.94824
production_order_2026_00288,bom_fg_0088,bom_fg_0088_line_05,rm_0194,kg,1000,0.0,5377.063
production_order_2026_00289,bom_fg_0089,bom_fg_0089_line_01,rm_0131,kg,1000,0.5,4504.55472
production_order_2026_00289,bom_fg_0089,bom_fg_0089_line_02,rm_0148,kg,1000,1.0,4803.93168
production_order_2026_00289,bom_fg_0089,bom_fg_0089_line_03,rm_0165,litre,1000,1.5,5106.05088
production_order_2026_00289,bom_fg_0089,bom_fg_0089_line_04,rm_0182,piece,1000,2.0,5410.91232
production_order_2026_00289,bom_fg_0089,bom_fg_0089_line_05,rm_0199,kg,1000,0.0,5579.04
production_order_2026_00290,bom_fg_0090,bom_fg_0090_line_01,rm_0136,litre,1000,0.5,4695.149955
production_order_2026_00290,bom_fg_0090,bom_fg_0090_line_02,rm_0153,kg,1000,1.0,4999.48788
production_order_2026_00290,bom_fg_0090,bom_fg_0090_line_03,rm_0170,kg,1000,1.5,5306.607775
production_order_2026_00290,bom_fg_0090,bom_fg_0090_line_04,rm_0187,piece,1000,2.0,5616.50964
production_order_2026_00290,bom_fg_0090,bom_fg_0090_line_05,rm_0204,kg,1000,0.0,5784.579
production_order_2026_00291,bom_fg_0091,bom_fg_0091_line_01,rm_0141,litre,1000,0.5,4889.325
production_order_2026_00291,bom_fg_0091,bom_fg_0091_line_02,rm_0158,kg,1000,1.0,5198.6417
production_order_2026_00291,bom_fg_0091,bom_fg_0091_line_03,rm_0175,kg,1000,1.5,5510.7801
production_order_2026_00291,bom_fg_0091,bom_fg_0091_line_04,rm_0192,piece,1000,2.0,5825.7402
production_order_2026_00291,bom_fg_0091,bom_fg_0091_line_05,rm_0209,kg,1000,0.0,5993.68
production_order_2026_00292,bom_fg_0092,bom_fg_0092_line_01,rm_0146,kg,1000,0.5,5087.079855
production_order_2026_00292,bom_fg_0092,bom_fg_0092_line_02,rm_0163,litre,1000,1.0,5401.39314
production_order_2026_00292,bom_fg_0092,bom_fg_0092_line_03,rm_0180,piece,1000,1.5,5718.567855
production_order_2026_00292,bom_fg_0092,bom_fg_0092_line_04,rm_0197,kg,1000,2.0,6038.604
production_order_2026_00292,bom_fg_0092,bom_fg_0092_line_05,rm_0214,kg,1000,0.0,6206.343
production_order_2026_00293,bom_fg_0093,bom_fg_0093_line_01,rm_0151,kg,1000,0.5,1059.37452
production_order_2026_00293,bom_fg_0093,bom_fg_0093_line_02,rm_0168,kg,1000,1.0,1123.3422
production_order_2026_00293,bom_fg_0093,bom_fg_0093_line_03,rm_0185,piece,1000,1.5,1187.89104
production_order_2026_00293,bom_fg_0093,bom_fg_0093_line_04,rm_0202,kg,1000,2.0,1253.02104
production_order_2026_00293,bom_fg_0093,bom_fg_0093_line_05,rm_0219,kg,1000,0.0,1286.568
production_order_2026_00294,bom_fg_0094,bom_fg_0094_line_01,rm_0156,kg,1000,0.5,1159.768995
production_order_2026_00294,bom_fg_0094,bom_fg_0094_line_02,rm_0173,kg,1000,1.0,1228.24888
production_order_2026_00294,bom_fg_0094,bom_fg_0094_line_03,rm_0190,piece,1000,1.5,1297.349655
production_order_2026_00294,bom_fg_0094,bom_fg_0094_line_04,rm_0207,kg,1000,2.0,1367.07132
production_order_2026_00294,bom_fg_0094,bom_fg_0094_line_05,rm_0224,kg,1000,0.0,1402.355
production_order_2026_00295,bom_fg_0095,bom_fg_0095_line_01,rm_0161,litre,1000,0.5,1263.74328
production_order_2026_00295,bom_fg_0095,bom_fg_0095_line_02,rm_0178,piece,1000,1.0,1336.75318
production_order_2026_00295,bom_fg_0095,bom_fg_0095_line_03,rm_0195,kg,1000,1.5,1410.4237
production_order_2026_00295,bom_fg_0095,bom_fg_0095_line_04,rm_0212,kg,1000,2.0,1484.75484
production_order_2026_00295,bom_fg_0095,bom_fg_0095_line_05,rm_0229,litre,1000,0.0,1521.704
production_order_2026_00296,bom_fg_0096,bom_fg_0096_line_01,rm_0166,litre,1000,0.5,1371.297375
production_order_2026_00296,bom_fg_0096,bom_fg_0096_line_02,rm_0183,piece,1000,1.0,1448.8551
production_order_2026_00296,bom_fg_0096,bom_fg_0096_line_03,rm_0200,litre,1000,1.5,1527.113175
production_order_2026_00296,bom_fg_0096,bom_fg_0096_line_04,rm_0217,kg,1000,2.0,1606.0716
production_order_2026_00296,bom_fg_0096,bom_fg_0096_line_05,rm_0234,kg,1000,0.0,1644.615
production_order_2026_00297,bom_fg_0097,bom_fg_0097_line_01,rm_0171,kg,1000,0.5,1482.43128
production_order_2026_00297,bom_fg_0097,bom_fg_0097_line_02,rm_0188,piece,1000,1.0,1564.55464
production_order_2026_00297,bom_fg_0097,bom_fg_0097_line_03,rm_0205,litre,1000,1.5,1647.41808
production_order_2026_00297,bom_fg_0097,bom_fg_0097_line_04,rm_0222,kg,1000,2.0,1731.0216
production_order_2026_00297,bom_fg_0097,bom_fg_0097_line_05,rm_0239,kg,1000,0.0,1771.088
production_order_2026_00298,bom_fg_0098,bom_fg_0098_line_01,rm_0176,kg,1000,0.5,1597.144995
production_order_2026_00298,bom_fg_0098,bom_fg_0098_line_02,rm_0193,litre,1000,1.0,1683.8518
production_order_2026_00298,bom_fg_0098,bom_fg_0098_line_03,rm_0210,kg,1000,1.5,1771.338415
production_order_2026_00298,bom_fg_0098,bom_fg_0098_line_04,rm_0227,litre,1000,2.0,1859.60484
production_order_2026_00298,bom_fg_0098,bom_fg_0098_line_05,rm_0244,piece,1000,0.0,1901.123
production_order_2026_00299,bom_fg_0099,bom_fg_0099_line_01,rm_0181,piece,1000,0.5,1715.43852
production_order_2026_00299,bom_fg_0099,bom_fg_0099_line_02,rm_0198,kg,1000,1.0,1806.74658
production_order_2026_00299,bom_fg_0099,bom_fg_0099_line_03,rm_0215,kg,1000,1.5,1898.87418
production_order_2026_00299,bom_fg_0099,bom_fg_0099_line_04,rm_0232,kg,1000,2.0,1991.82132
production_order_2026_00299,bom_fg_0099,bom_fg_0099_line_05,rm_0249,piece,1000,0.0,2034.72
production_order_2026_00300,bom_fg_0100,bom_fg_0100_line_01,rm_0186,kg,1000,0.5,1837.311855
production_order_2026_00300,bom_fg_0100,bom_fg_0100_line_02,rm_0203,kg,1000,1.0,1933.23898
production_order_2026_00300,bom_fg_0100,bom_fg_0100_line_03,rm_0220,kg,1000,1.5,2030.025375
production_order_2026_00300,bom_fg_0100,bom_fg_0100_line_04,rm_0237,kg,1000,2.0,2127.67104
production_order_2026_00300,bom_fg_0100,bom_fg_0100_line_05,rm_0254,piece,1000,0.0,97.779
production_order_2026_00301,bom_fg_0101,bom_fg_0101_line_01,rm_0191,piece,1000,0.5,1962.765
production_order_2026_00301,bom_fg_0101,bom_fg_0101_line_02,rm_0208,kg,1000,1.0,2063.329
production_order_2026_00301,bom_fg_0101,bom_fg_0101_line_03,rm_0225,litre,1000,1.5,2164.792
production_order_2026_00301,bom_fg_0101,bom_fg_0101_line_04,rm_0242,piece,1000,2.0,2267.154
production_order_2026_00301,bom_fg_0101,bom_fg_0101_line_05,rm_0259,kg,1000,0.0,142.6
production_order_2026_00302,bom_fg_0102,bom_fg_0102_line_01,rm_0196,kg,1000,0.5,2091.797955
production_order_2026_00302,bom_fg_0102,bom_fg_0102_line_02,rm_0213,kg,1000,1.0,2197.01664
production_order_2026_00302,bom_fg_0102,bom_fg_0102_line_03,rm_0230,litre,1000,1.5,2303.174055
production_order_2026_00302,bom_fg_0102,bom_fg_0102_line_04,rm_0247,piece,1000,2.0,99.0522
production_order_2026_00302,bom_fg_0102,bom_fg_0102_line_05,rm_0264,litre,1000,0.0,190.983
production_order_2026_00303,bom_fg_0103,bom_fg_0103_line_01,rm_0201,kg,1000,0.5,2224.41072
production_order_2026_00303,bom_fg_0103,bom_fg_0103_line_02,rm_0218,kg,1000,1.0,2334.3019
production_order_2026_00303,bom_fg_0103,bom_fg_0103_line_03,rm_0235,kg,1000,1.5,2445.17154
production_order_2026_00303,bom_fg_0103,bom_fg_0103_line_04,rm_0252,piece,1000,2.0,147.98364
production_order_2026_00303,bom_fg_0103,bom_fg_0103_line_05,rm_0269,litre,1000,0.0,242.928
production_order_2026_00304,bom_fg_0104,bom_fg_0104_line_01,rm_0206,kg,1000,0.5,2360.603295
production_order_2026_00304,bom_fg_0104,bom_fg_0104_line_02,rm_0223,kg,1000,1.0,2475.18478
production_order_2026_00304,bom_fg_0104,bom_fg_0104_line_03,rm_0240,kg,1000,1.5,2590.784455
production_order_2026_00304,bom_fg_0104,bom_fg_0104_line_04,rm_0257,litre,1000,2.0,200.54832
production_order_2026_00304,bom_fg_0104,bom_fg_0104_line_05,rm_0274,kg,1000,0.0,298.435
production_order_2026_00305,bom_fg_0105,bom_fg_0105_line_01,rm_0211,kg,1000,0.5,2500.37568
production_order_2026_00305,bom_fg_0105,bom_fg_0105_line_02,rm_0228,litre,1000,1.0,2619.66528
production_order_2026_00305,bom_fg_0105,bom_fg_0105_line_03,rm_0245,piece,1000,1.5,148.1088
production_order_2026_00305,bom_fg_0105,bom_fg_0105_line_04,rm_0262,kg,1000,2.0,256.74624
production_order_2026_00305,bom_fg_0105,bom_fg_0105_line_05,rm_0279,kg,1000,0.0,357.504
production_order_2026_00306,bom_fg_0106,bom_fg_0106_line_01,rm_0216,kg,1000,0.5,2643.727875
production_order_2026_00306,bom_fg_0106,bom_fg_0106_line_02,rm_0233,kg,1000,1.0,2767.7434
production_order_2026_00306,bom_fg_0106,bom_fg_0106_line_03,rm_0250,kg,1000,1.5,203.614075
production_order_2026_00306,bom_fg_0106,bom_fg_0106_line_04,rm_0267,kg,1000,2.0,316.5774
production_order_2026_00306,bom_fg_0106,bom_fg_0106_line_05,rm_0284,kg,1000,0.0,420.135
production_order_2026_00307,bom_fg_0107,bom_fg_0107_line_01,rm_0221,kg,1000,0.5,2790.65988
production_order_2026_00307,bom_fg_0107,bom_fg_0107_line_02,rm_0238,kg,1000,1.0,146.56514
production_order_2026_00307,bom_fg_0107,bom_fg_0107_line_03,rm_0255,piece,1000,1.5,262.73478
production_order_2026_00307,bom_fg_0107,bom_fg_0107_line_04,rm_0272,kg,1000,2.0,380.0418
production_order_2026_00307,bom_fg_0107,bom_fg_0107_line_05,rm_0289,litre,1000,0.0,486.328
production_order_2026_00308,bom_fg_0108,bom_fg_0108_line_01,rm_0226,litre,1000,0.5,2941.171695
production_order_2026_00308,bom_fg_0108,bom_fg_0108_line_02,rm_0243,piece,1000,1.0,204.9795
production_order_2026_00308,bom_fg_0108,bom_fg_0108_line_03,rm_0260,kg,1000,1.5,325.470915
production_order_2026_00308,bom_fg_0108,bom_fg_0108_line_04,rm_0277,kg,1000,2.0,447.13944
production_order_2026_00308,bom_fg_0108,bom_fg_0108_line_05,rm_0294,litre,1000,0.0,556.083
production_order_2026_00309,bom_fg_0109,bom_fg_0109_line_01,rm_0231,kg,1000,0.5,143.37732
production_order_2026_00309,bom_fg_0109,bom_fg_0109_line_02,rm_0248,piece,1000,1.0,266.99148
production_order_2026_00309,bom_fg_0109,bom_fg_0109_line_03,rm_0265,kg,1000,1.5,391.82248
production_order_2026_00309,bom_fg_0109,bom_fg_0109_line_04,rm_0282,kg,1000,2.0,517.87032
production_order_2026_00309,bom_fg_0109,bom_fg_0109_line_05,rm_0299,kg,1000,0.0,629.4
production_order_2026_00310,bom_fg_0110,bom_fg_0110_line_01,rm_0236,kg,1000,0.5,204.669255
production_order_2026_00310,bom_fg_0110,bom_fg_0110_line_02,rm_0253,piece,1000,1.0,332.60108
production_order_2026_00310,bom_fg_0110,bom_fg_0110_line_03,rm_0270,kg,1000,1.5,461.789475
production_order_2026_00310,bom_fg_0110,bom_fg_0110_line_04,rm_0287,kg,1000,2.0,592.23444
production_order_2026_00310,bom_fg_0110,bom_fg_0110_line_05,rm_0304,kg,1000,0.0,706.279
production_order_2026_00311,bom_fg_0111,bom_fg_0111_line_01,rm_0241,piece,1000,0.5,269.541
production_order_2026_00311,bom_fg_0111,bom_fg_0111_line_02,rm_0258,kg,1000,1.0,401.8083
production_order_2026_00311,bom_fg_0111,bom_fg_0111_line_03,rm_0275,kg,1000,1.5,535.3719
production_order_2026_00311,bom_fg_0111,bom_fg_0111_line_04,rm_0292,litre,1000,2.0,670.2318
production_order_2026_00311,bom_fg_0111,bom_fg_0111_line_05,rm_0309,piece,1000,0.0,786.72
production_order_2026_00312,bom_fg_0112,bom_fg_0112_line_01,rm_0246,piece,1000,0.5,337.992555
production_order_2026_00312,bom_fg_0112,bom_fg_0112_line_02,rm_0263,kg,1000,1.0,474.61314
production_order_2026_00312,bom_fg_0112,bom_fg_0112_line_03,rm_0280,kg,1000,1.5,612.569755
production_order_2026_00312,bom_fg_0112,bom_fg_0112_line_04,rm_0297,kg,1000,2.0,751.8624
production_order_2026_00312,bom_fg_0112,bom_fg_0112_line_05,rm_0004,kg,1000,0.0,870.723
production_order_2026_00313,bom_fg_0113,bom_fg_0113_line_01,rm_0251,piece,1000,0.5,410.02392
production_order_2026_00313,bom_fg_0113,bom_fg_0113_line_02,rm_0268,kg,1000,1.0,551.0156
production_order_2026_00313,bom_fg_0113,bom_fg_0113_line_03,rm_0285,kg,1000,1.5,693.38304
production_order_2026_00313,bom_fg_0113,bom_fg_0113_line_04,rm_0302,kg,1000,2.0,837.12624
production_order_2026_00313,bom_fg_0113,bom_fg_0113_line_05,rm_0009,kg,1000,0.0,958.288
production_order_2026_00314,bom_fg_0114,bom_fg_0114_line_01,rm_0256,piece,1000,0.5,485.635095
production_order_2026_00314,bom_fg_0114,bom_fg_0114_line_02,rm_0273,kg,1000,1.0,631.01568
production_order_2026_00314,bom_fg_0114,bom_fg_0114_line_03,rm_0290,litre,1000,1.5,777.811755
production_order_2026_00314,bom_fg_0114,bom_fg_0114_line_04,rm_0307,piece,1000,2.0,926.02332
production_order_2026_00314,bom_fg_0114,bom_fg_0114_line_05,rm_0014,kg,1000,0.0,1049.415
production_order_2026_00315,bom_fg_0115,bom_fg_0115_line_01,rm_0261,kg,1000,0.5,564.82608
production_order_2026_00315,bom_fg_0115,bom_fg_0115_line_02,rm_0278,kg,1000,1.0,714.61338
production_order_2026_00315,bom_fg_0115,bom_fg_0115_line_03,rm_0295,kg,1000,1.5,865.8559
production_order_2026_00315,bom_fg_0115,bom_fg_0115_line_04,rm_0002,kg,1000,2.0,1018.55364
production_order_2026_00315,bom_fg_0115,bom_fg_0115_line_05,rm_0019,kg,1000,0.0,1144.104
production_order_2026_00316,bom_fg_0116,bom_fg_0116_line_01,rm_0266,kg,1000,0.5,647.596875
production_order_2026_00316,bom_fg_0116,bom_fg_0116_line_02,rm_0283,kg,1000,1.0,801.8087
production_order_2026_00316,bom_fg_0116,bom_fg_0116_line_03,rm_0300,kg,1000,1.5,957.515475
production_order_2026_00316,bom_fg_0116,bom_fg_0116_line_04,rm_0007,kg,1000,2.0,1114.7172
production_order_2026_00316,bom_fg_0116,bom_fg_0116_line_05,rm_0024,kg,1000,0.0,1242.355
production_order_2026_00317,bom_fg_0117,bom_fg_0117_line_01,rm_0271,kg,1000,0.5,733.94748
production_order_2026_00317,bom_fg_0117,bom_fg_0117_line_02,rm_0288,kg,1000,1.0,892.60164
production_order_2026_00317,bom_fg_0117,bom_fg_0117_line_03,rm_0305,piece,1000,1.5,1052.79048
production_order_2026_00317,bom_fg_0117,bom_fg_0117_line_04,rm_0012,kg,1000,2.0,1214.514
production_order_2026_00317,bom_fg_0117,bom_fg_0117_line_05,rm_0029,kg,1000,0.0,1344.168
production_order_2026_00318,bom_fg_0118,bom_fg_0118_line_01,rm_0276,kg,1000,0.5,823.877895
production_order_2026_00318,bom_fg_0118,bom_fg_0118_line_02,rm_0293,litre,1000,1.0,986.9922
production_order_2026_00318,bom_fg_0118,bom_fg_0118_line_03,rm_0310,piece,1000,1.5,1151.680915
production_order_2026_00318,bom_fg_0118,bom_fg_0118_line_04,rm_0017,kg,1000,2.0,1317.94404
production_order_2026_00318,bom_fg_0118,bom_fg_0118_line_05,rm_0034,litre,1000,0.0,1449.543
production_order_2026_00319,bom_fg_0119,bom_fg_0119_line_01,rm_0281,kg,1000,0.5,917.38812
production_order_2026_00319,bom_fg_0119,bom_fg_0119_line_02,rm_0298,kg,1000,1.0,1084.98038
production_order_2026_00319,bom_fg_0119,bom_fg_0119_line_03,rm_0005,kg,1000,1.5,1254.18678
production_order_2026_00319,bom_fg_0119,bom_fg_0119_line_04,rm_0022,kg,1000,2.0,1425.00732
production_order_2026_00319,bom_fg_0119,bom_fg_0119_line_05,rm_0039,kg,1000,0.0,1558.48
production_order_2026_00320,bom_fg_0120,bom_fg_0120_line_01,rm_0286,kg,1000,0.5,1014.478155
production_order_2026_00320,bom_fg_0120,bom_fg_0120_line_02,rm_0303,kg,1000,1.0,1186.56618
production_order_2026_00320,bom_fg_0120,bom_fg_0120_line_03,rm_0010,kg,1000,1.5,1360.308075
production_order_2026_00320,bom_fg_0120,bom_fg_0120_line_04,rm_0027,kg,1000,2.0,1535.70384
production_order_2026_00320,bom_fg_0120,bom_fg_0120_line_05,rm_0044,kg,1000,0.0,1670.979
production_order_2026_00321,bom_fg_0121,bom_fg_0121_line_01,rm_0291,litre,1000,0.5,1115.148
production_order_2026_00321,bom_fg_0121,bom_fg_0121_line_02,rm_0308,piece,1000,1.0,1291.7496
production_order_2026_00321,bom_fg_0121,bom_fg_0121_line_03,rm_0015,kg,1000,1.5,1470.0448
production_order_2026_00321,bom_fg_0121,bom_fg_0121_line_04,rm_0032,kg,1000,2.0,1650.0336
production_order_2026_00321,bom_fg_0121,bom_fg_0121_line_05,rm_0049,piece,1000,0.0,1787.04
production_order_2026_00322,bom_fg_0122,bom_fg_0122_line_01,rm_0296,kg,1000,0.5,1219.397655
production_order_2026_00322,bom_fg_0122,bom_fg_0122_line_02,rm_0003,kg,1000,1.0,1400.53064
production_order_2026_00322,bom_fg_0122,bom_fg_0122_line_03,rm_0020,kg,1000,1.5,1583.396955
production_order_2026_00322,bom_fg_0122,bom_fg_0122_line_04,rm_0037,litre,1000,2.0,1767.9966
production_order_2026_00322,bom_fg_0122,bom_fg_0122_line_05,rm_0054,piece,1000,0.0,1906.663
production_order_2026_00323,bom_fg_0123,bom_fg_0123_line_01,rm_0301,kg,1000,0.5,1327.22712
production_order_2026_00323,bom_fg_0123,bom_fg_0123_line_02,rm_0008,litre,1000,1.0,1512.9093
production_order_2026_00323,bom_fg_0123,bom_fg_0123_line_03,rm_0025,kg,1000,1.5,1700.36454
production_order_2026_00323,bom_fg_0123,bom_fg_0123_line_04,rm_0042,kg,1000,2.0,1889.59284
production_order_2026_00323,bom_fg_0123,bom_fg_0123_line_05,rm_0059,piece,1000,0.0,2029.848
production_order_2026_00324,bom_fg_0124,bom_fg_0124_line_01,rm_0306,piece,1000,0.5,1438.636395
production_order_2026_00324,bom_fg_0124,bom_fg_0124_line_02,rm_0013,litre,1000,1.0,1628.88558
production_order_2026_00324,bom_fg_0124,bom_fg_0124_line_03,rm_0030,kg,1000,1.5,1820.947555
production_order_2026_00324,bom_fg_0124,bom_fg_0124_line_04,rm_0047,kg,1000,2.0,2014.82232
production_order_2026_00324,bom_fg_0124,bom_fg_0124_line_05,rm_0064,piece,1000,0.0,2156.595
production_order_2026_00325,bom_fg_0125,bom_fg_0125_line_01,rm_0001,litre,1000,0.5,1553.62548
production_order_2026_00325,bom_fg_0125,bom_fg_0125_line_02,rm_0018,kg,1000,1.0,1748.45948
production_order_2026_00325,bom_fg_0125,bom_fg_0125_line_03,rm_0035,litre,1000,1.5,1945.146
production_order_2026_00325,bom_fg_0125,bom_fg_0125_line_04,rm_0052,piece,1000,2.0,2143.68504
production_order_2026_00325,bom_fg_0125,bom_fg_0125_line_05,rm_0069,kg,1000,0.0,2286.904
production_order_2026_00326,bom_fg_0126,bom_fg_0126_line_01,rm_0006,kg,1000,0.5,1672.194375
production_order_2026_00326,bom_fg_0126,bom_fg_0126_line_02,rm_0023,kg,1000,1.0,1871.631
production_order_2026_00326,bom_fg_0126,bom_fg_0126_line_03,rm_0040,kg,1000,1.5,2072.959875
production_order_2026_00326,bom_fg_0126,bom_fg_0126_line_04,rm_0057,piece,1000,2.0,2276.181
production_order_2026_00326,bom_fg_0126,bom_fg_0126_line_05,rm_0074,kg,1000,0.0,2420.775
production_order_2026_00327,bom_fg_0127,bom_fg_0127_line_01,rm_0011,kg,1000,0.5,1794.34308
production_order_2026_00327,bom_fg_0127,bom_fg_0127_line_02,rm_0028,kg,1000,1.0,1998.40014
production_order_2026_00327,bom_fg_0127,bom_fg_0127_line_03,rm_0045,kg,1000,1.5,2204.38918
production_order_2026_00327,bom_fg_0127,bom_fg_0127_line_04,rm_0062,piece,1000,2.0,2412.3102
production_order_2026_00327,bom_fg_0127,bom_fg_0127_line_05,rm_0079,kg,1000,0.0,2558.208
production_order_2026_00328,bom_fg_0128,bom_fg_0128_line_01,rm_0016,kg,1000,0.5,1920.071595
production_order_2026_00328,bom_fg_0128,bom_fg_0128_line_02,rm_0033,litre,1000,1.0,2128.7669
production_order_2026_00328,bom_fg_0128,bom_fg_0128_line_03,rm_0050,piece,1000,1.5,2339.433915
production_order_2026_00328,bom_fg_0128,bom_fg_0128_line_04,rm_0067,kg,1000,2.0,2552.07264
production_order_2026_00328,bom_fg_0128,bom_fg_0128_line_05,rm_0084,kg,1000,0.0,2699.203
production_order_2026_00329,bom_fg_0129,bom_fg_0129_line_01,rm_0021,kg,1000,0.5,2049.37992
production_order_2026_00329,bom_fg_0129,bom_fg_0129_line_02,rm_0038,litre,1000,1.0,2262.73128
production_order_2026_00329,bom_fg_0129,bom_fg_0129_line_03,rm_0055,piece,1000,1.5,2478.09408
production_order_2026_00329,bom_fg_0129,bom_fg_0129_line_04,rm_0072,litre,1000,2.0,2695.46832
production_order_2026_00329,bom_fg_0129,bom_fg_0129_line_05,rm_0089,kg,1000,0.0,2843.76
production_order_2026_00330,bom_fg_0130,bom_fg_0130_line_01,rm_0026,kg,1000,0.5,2182.268055
production_order_2026_00330,bom_fg_0130,bom_fg_0130_line_02,rm_0043,kg,1000,1.0,2400.29328
production_order_2026_00330,bom_fg_0130,bom_fg_0130_line_03,rm_0060,piece,1000,1.5,2620.369675
production_order_2026_00330,bom_fg_0130,bom_fg_0130_line_04,rm_0077,litre,1000,2.0,2842.49724
production_order_2026_00330,bom_fg_0130,bom_fg_0130_line_05,rm_0094,kg,1000,0.0,2991.879
production_order_2026_00331,bom_fg_0131,bom_fg_0131_line_01,rm_0031,kg,1000,0.5,2318.736
production_order_2026_00331,bom_fg_0131,bom_fg_0131_line_02,rm_0048,kg,1000,1.0,2541.4529
production_order_2026_00331,bom_fg_0131,bom_fg_0131_line_03,rm_0065,litre,1000,1.5,2766.2607
production_order_2026_00331,bom_fg_0131,bom_fg_0131_line_04,rm_0082,kg,1000,2.0,2993.1594
production_order_2026_00331,bom_fg_0131,bom_fg_0131_line_05,rm_0099,litre,1000,0.0,3143.56
production_order_2026_00332,bom_fg_0132,bom_fg_0132_line_01,rm_0036,litre,1000,0.5,2458.783755
production_order_2026_00332,bom_fg_0132,bom_fg_0132_line_02,rm_0053,piece,1000,1.0,2686.21014
production_order_2026_00332,bom_fg_0132,bom_fg_0132_line_03,rm_0070,kg,1000,1.5,2915.767155
production_order_2026_00332,bom_fg_0132,bom_fg_0132_line_04,rm_0087,kg,1000,2.0,3147.4548
production_order_2026_00332,bom_fg_0132,bom_fg_0132_line_05,rm_0104,kg,1000,0.0,3298.803
production_order_2026_00333,bom_fg_0133,bom_fg_0133_line_01,rm_0041,kg,1000,0.5,2602.41132
production_order_2026_00333,bom_fg_0133,bom_fg_0133_line_02,rm_0058,kg,1000,1.0,2834.565
production_order_2026_00333,bom_fg_0133,bom_fg_0133_line_03,rm_0075,kg,1000,1.5,3068.88904
production_order_2026_00333,bom_fg_0133,bom_fg_0133_line_04,rm_0092,kg,1000,2.0,3305.38344
production_order_2026_00333,bom_fg_0133,bom_fg_0133_line_05,rm_0109,kg,1000,0.0,3457.608
production_order_2026_00334,bom_fg_0134,bom_fg_0134_line_01,rm_0046,kg,1000,0.5,2749.618695
production_order_2026_00334,bom_fg_0134,bom_fg_0134_line_02,rm_0063,piece,1000,1.0,2986.51748
production_order_2026_00334,bom_fg_0134,bom_fg_0134_line_03,rm_0080,kg,1000,1.5,3225.626355
production_order_2026_00334,bom_fg_0134,bom_fg_0134_line_04,rm_0097,litre,1000,2.0,3466.94532
production_order_2026_00334,bom_fg_0134,bom_fg_0134_line_05,rm_0114,piece,1000,0.0,3619.975
production_order_2026_00335,bom_fg_0135,bom_fg_0135_line_01,rm_0051,piece,1000,0.5,2900.40588
production_order_2026_00335,bom_fg_0135,bom_fg_0135_line_02,rm_0068,kg,1000,1.0,3142.06758
production_order_2026_00335,bom_fg_0135,bom_fg_0135_line_03,rm_0085,kg,1000,1.5,3385.9791
production_order_2026_00335,bom_fg_0135,bom_fg_0135_line_04,rm_0102,litre,1000,2.0,3632.14044
production_order_2026_00335,bom_fg_0135,bom_fg_0135_line_05,rm_0119,piece,1000,0.0,3785.904
production_order_2026_00336,bom_fg_0136,bom_fg_0136_line_01,rm_0056,piece,1000,0.5,3054.772875
production_order_2026_00336,bom_fg_0136,bom_fg_0136_line_02,rm_0073,kg,1000,1.0,3301.2153
production_order_2026_00336,bom_fg_0136,bom_fg_0136_line_03,rm_0090,kg,1000,1.5,3549.947275
production_order_2026_00336,bom_fg_0136,bom_fg_0136_line_04,rm_0107,kg,1000,2.0,3800.9688
production_order_2026_00336,bom_fg_0136,bom_fg_0136_line_05,rm_0124,piece,1000,0.0,3955.395
production_order_2026_00337,bom_fg_0137,bom_fg_0137_line_01,rm_0061,piece,1000,0.5,3212.71968
production_order_2026_00337,bom_fg_0137,bom_fg_0137_line_02,rm_0078,kg,1000,1.0,3463.96064
production_order_2026_00337,bom_fg_0137,bom_fg_0137_line_03,rm_0095,kg,1000,1.5,3717.53088
production_order_2026_00337,bom_fg_0137,bom_fg_0137_line_04,rm_0112,kg,1000,2.0,3973.4304
production_order_2026_00337,bom_fg_0137,bom_fg_0137_line_05,rm_0129,litre,1000,0.0,4128.448
production_order_2026_00338,bom_fg_0138,bom_fg_0138_line_01,rm_0066,kg,1000,0.5,3374.246295
production_order_2026_00338,bom_fg_0138,bom_fg_0138_line_02,rm_0083,kg,1000,1.0,3630.3036
production_order_2026_00338,bom_fg_0138,bom_fg_0138_line_03,rm_0100,litre,1000,1.5,3888.729915
production_order_2026_00338,bom_fg_0138,bom_fg_0138_line_04,rm_0117,piece,1000,2.0,4149.52524
production_order_2026_00338,bom_fg_0138,bom_fg_0138_line_05,rm_0134,kg,1000,0.0,4305.063
production_order_2026_00339,bom_fg_0139,bom_fg_0139_line_01,rm_0071,kg,1000,0.5,3539.35272
production_order_2026_00339,bom_fg_0139,bom_fg_0139_line_02,rm_0088,kg,1000,1.0,3800.24418
production_order_2026_00339,bom_fg_0139,bom_fg_0139_line_03,rm_0105,kg,1000,1.5,4063.54438
production_order_2026_00339,bom_fg_0139,bom_fg_0139_line_04,rm_0122,kg,1000,2.0,4329.25332
production_order_2026_00339,bom_fg_0139,bom_fg_0139_line_05,rm_0139,kg,1000,0.0,4485.24
production_order_2026_00340,bom_fg_0140,bom_fg_0140_line_01,rm_0076,kg,1000,0.5,3708.038955
production_order_2026_00340,bom_fg_0140,bom_fg_0140_line_02,rm_0093,kg,1000,1.0,3973.78238
production_order_2026_00340,bom_fg_0140,bom_fg_0140_line_03,rm_0110,kg,1000,1.5,4241.974275
production_order_2026_00340,bom_fg_0140,bom_fg_0140_line_04,rm_0127,piece,1000,2.0,4512.61464
production_order_2026_00340,bom_fg_0140,bom_fg_0140_line_05,rm_0144,kg,1000,0.0,4668.979
production_order_2026_00341,bom_fg_0141,bom_fg_0141_line_01,rm_0081,kg,1000,0.5,3880.305
production_order_2026_00341,bom_fg_0141,bom_fg_0141_line_02,rm_0098,litre,1000,1.0,4150.9182
production_order_2026_00341,bom_fg_0141,bom_fg_0141_line_03,rm_0115,piece,1000,1.5,4424.0196
production_order_2026_00341,bom_fg_0141,bom_fg_0141_line_04,rm_0132,kg,1000,2.0,4699.6092
production_order_2026_00341,bom_fg_0141,bom_fg_0141_line_05,rm_0149,kg,1000,0.0,4856.28
production_order_2026_00342,bom_fg_0142,bom_fg_0142_line_01,rm_0086,kg,1000,0.5,4056.150855
production_order_2026_00342,bom_fg_0142,bom_fg_0142_line_02,rm_0103,kg,1000,1.0,4331.65164
production_order_2026_00342,bom_fg_0142,bom_fg_0142_line_03,rm_0120,piece,1000,1.5,4609.680355
production_order_2026_00342,bom_fg_0142,bom_fg_0142_line_04,rm_0137,kg,1000,2.0,4890.237
production_order_2026_00342,bom_fg_0142,bom_fg_0142_line_05,rm_0154,kg,1000,0.0,5047.143
production_order_2026_00343,bom_fg_0143,bom_fg_0143_line_01,rm_0091,kg,1000,0.5,4235.57652
production_order_2026_00343,bom_fg_0143,bom_fg_0143_line_02,rm_0108,kg,1000,1.0,4515.9827
production_order_2026_00343,bom_fg_0143,bom_fg_0143_line_03,rm_0125,piece,1000,1.5,4798.95654
production_order_2026_00343,bom_fg_0143,bom_fg_0143_line_04,rm_0142,kg,1000,2.0,5084.49804
production_order_2026_00343,bom_fg_0143,bom_fg_0143_line_05,rm_0159,kg,1000,0.0,5241.568
production_order_2026_00344,bom_fg_0144,bom_fg_0144_line_01,rm_0096,kg,1000,0.5,4418.581995
production_order_2026_00344,bom_fg_0144,bom_fg_0144_line_02,rm_0113,piece,1000,1.0,4703.91138
production_order_2026_00344,bom_fg_0144,bom_fg_0144_line_03,rm_0130,kg,1000,1.5,4991.848155
production_order_2026_00344,bom_fg_0144,bom_fg_0144_line_04,rm_0147,kg,1000,2.0,5282.39232
production_order_2026_00344,bom_fg_0144,bom_fg_0144_line_05,rm_0164,litre,1000,0.0,5439.555
production_order_2026_00345,bom_fg_0145,bom_fg_0145_line_01,rm_0101,litre,1000,0.5,4605.16728
production_order_2026_00345,bom_fg_0145,bom_fg_0145_line_02,rm_0118,piece,1000,1.0,4895.43768
production_order_2026_00345,bom_fg_0145,bom_fg_0145_line_03,rm_0135,kg,1000,1.5,5188.3552
production_order_2026_00345,bom_fg_0145,bom_fg_0145_line_04,rm_0152,kg,1000,2.0,5483.91984
production_order_2026_00345,bom_fg_0145,bom_fg_0145_line_05,rm_0169,kg,1000,0.0,5641.104
production_order_2026_00346,bom_fg_0146,bom_fg_0146_line_01,rm_0106,kg,1000,0.5,4795.332375
production_order_2026_00346,bom_fg_0146,bom_fg_0146_line_02,rm_0123,piece,1000,1.0,5090.5616
production_order_2026_00346,bom_fg_0146,bom_fg_0146_line_03,rm_0140,kg,1000,1.5,5388.477675
production_order_2026_00346,bom_fg_0146,bom_fg_0146_line_04,rm_0157,kg,1000,2.0,5689.0806
production_order_2026_00346,bom_fg_0146,bom_fg_0146_line_05,rm_0174,kg,1000,0.0,5846.215
production_order_2026_00347,bom_fg_0147,bom_fg_0147_line_01,rm_0111,kg,1000,0.5,4989.07728
production_order_2026_00347,bom_fg_0147,bom_fg_0147_line_02,rm_0128,piece,1000,1.0,5289.28314
production_order_2026_00347,bom_fg_0147,bom_fg_0147_line_03,rm_0145,kg,1000,1.5,5592.21558
production_order_2026_00347,bom_fg_0147,bom_fg_0147_line_04,rm_0162,litre,1000,2.0,5897.8746
production_order_2026_00347,bom_fg_0147,bom_fg_0147_line_05,rm_0179,piece,1000,0.0,6054.888
production_order_2026_00348,bom_fg_0148,bom_fg_0148_line_01,rm_0116,piece,1000,0.5,5186.401995
production_order_2026_00348,bom_fg_0148,bom_fg_0148_line_02,rm_0133,kg,1000,1.0,5491.6023
production_order_2026_00348,bom_fg_0148,bom_fg_0148_line_03,rm_0150,kg,1000,1.5,5799.568915
production_order_2026_00348,bom_fg_0148,bom_fg_0148_line_04,rm_0167,kg,1000,2.0,6110.30184
production_order_2026_00348,bom_fg_0148,bom_fg_0148_line_05,rm_0184,piece,1000,0.0,6267.123
production_order_2026_00349,bom_fg_0149,bom_fg_0149_line_01,rm_0121,piece,1000,0.5,5387.30652
production_order_2026_00349,bom_fg_0149,bom_fg_0149_line_02,rm_0138,kg,1000,1.0,5697.51908
production_order_2026_00349,bom_fg_0149,bom_fg_0149_line_03,rm_0155,kg,1000,1.5,6010.53768
production_order_2026_00349,bom_fg_0149,bom_fg_0149_line_04,rm_0172,kg,1000,2.0,6326.36232
production_order_2026_00349,bom_fg_0149,bom_fg_0149_line_05,rm_0189,piece,1000,0.0,6482.92
production_order_2026_00350,bom_fg_0150,bom_fg_0150_line_01,rm_0126,piece,1000,0.5,5591.790855
production_order_2026_00350,bom_fg_0150,bom_fg_0150_line_02,rm_0143,kg,1000,1.0,5907.03348
production_order_2026_00350,bom_fg_0150,bom_fg_0150_line_03,rm_0160,kg,1000,1.5,6225.121875
production_order_2026_00350,bom_fg_0150,bom_fg_0150_line_04,rm_0177,piece,1000,2.0,6546.05604
production_order_2026_00350,bom_fg_0150,bom_fg_0150_line_05,rm_0194,kg,1000,0.0,6702.279
production_order_2026_00351,bom_fg_0151,bom_fg_0151_line_01,rm_0131,kg,1000,0.5,5799.855
production_order_2026_00351,bom_fg_0151,bom_fg_0151_line_02,rm_0148,kg,1000,1.0,6120.1455
production_order_2026_00351,bom_fg_0151,bom_fg_0151_line_03,rm_0165,litre,1000,1.5,6443.3215
production_order_2026_00351,bom_fg_0151,bom_fg_0151_line_04,rm_0182,piece,1000,2.0,6769.383
production_order_2026_00351,bom_fg_0151,bom_fg_0151_line_05,rm_0199,kg,1000,0.0,6925.2
production_order_2026_00352,bom_fg_0152,bom_fg_0152_line_01,rm_0136,litre,1000,0.5,1243.778955
production_order_2026_00352,bom_fg_0152,bom_fg_0152_line_02,rm_0153,kg,1000,1.0,1311.09514
production_order_2026_00352,bom_fg_0152,bom_fg_0152_line_03,rm_0170,kg,1000,1.5,1379.016555
production_order_2026_00352,bom_fg_0152,bom_fg_0152_line_04,rm_0187,piece,1000,2.0,1447.5432
production_order_2026_00352,bom_fg_0152,bom_fg_0152_line_05,rm_0204,kg,1000,0.0,1479.683
production_order_2026_00353,bom_fg_0153,bom_fg_0153_line_01,rm_0141,litre,1000,0.5,1354.48272
production_order_2026_00353,bom_fg_0153,bom_fg_0153_line_02,rm_0158,kg,1000,1.0,1426.3624
production_order_2026_00353,bom_fg_0153,bom_fg_0153_line_03,rm_0175,kg,1000,1.5,1498.88704
production_order_2026_00353,bom_fg_0153,bom_fg_0153_line_04,rm_0192,piece,1000,2.0,1572.05664
production_order_2026_00353,bom_fg_0153,bom_fg_0153_line_05,rm_0209,kg,1000,0.0,1605.728
production_order_2026_00354,bom_fg_0154,bom_fg_0154_line_01,rm_0146,kg,1000,0.5,1468.766295
production_order_2026_00354,bom_fg_0154,bom_fg_0154_line_02,rm_0163,litre,1000,1.0,1545.22728
production_order_2026_00354,bom_fg_0154,bom_fg_0154_line_03,rm_0180,piece,1000,1.5,1622.372955
production_order_2026_00354,bom_fg_0154,bom_fg_0154_line_04,rm_0197,kg,1000,2.0,1700.20332
production_order_2026_00354,bom_fg_0154,bom_fg_0154_line_05,rm_0214,kg,1000,0.0,82.635
production_order_2026_00355,bom_fg_0155,bom_fg_0155_line_01,rm_0151,kg,1000,0.5,1586.62968
production_order_2026_00355,bom_fg_0155,bom_fg_0155_line_02,rm_0168,kg,1000,1.0,1667.68978
production_order_2026_00355,bom_fg_0155,bom_fg_0155_line_03,rm_0185,piece,1000,1.5,1749.4743
production_order_2026_00355,bom_fg_0155,bom_fg_0155_line_04,rm_0202,kg,1000,2.0,1831.98324
production_order_2026_00355,bom_fg_0155,bom_fg_0155_line_05,rm_0219,kg,1000,0.0,119.904
production_order_2026_00356,bom_fg_0156,bom_fg_0156_line_01,rm_0156,kg,1000,0.5,1708.072875
production_order_2026_00356,bom_fg_0156,bom_fg_0156_line_02,rm_0173,kg,1000,1.0,1793.7499
production_order_2026_00356,bom_fg_0156,bom_fg_0156_line_03,rm_0190,piece,1000,1.5,1880.191075
production_order_2026_00356,bom_fg_0156,bom_fg_0156_line_04,rm_0207,kg,1000,2.0,86.0064
production_order_2026_00356,bom_fg_0156,bom_fg_0156_line_05,rm_0224,kg,1000,0.0,160.735
production_order_2026_00357,bom_fg_0157,bom_fg_0157_line_01,rm_0161,litre,1000,0.5,1833.09588
production_order_2026_00357,bom_fg_0157,bom_fg_0157_line_02,rm_0178,piece,1000,1.0,1923.40764
production_order_2026_00357,bom_fg_0157,bom_fg_0157_line_03,rm_0195,kg,1000,1.5,2014.52328
production_order_2026_00357,bom_fg_0157,bom_fg_0157_line_04,rm_0212,kg,1000,2.0,127.2348
production_order_2026_00357,bom_fg_0157,bom_fg_0157_line_05,rm_0229,litre,1000,0.0,205.128
production_order_2026_00358,bom_fg_0158,bom_fg_0158_line_01,rm_0166,litre,1000,0.5,1961.698695
production_order_2026_00358,bom_fg_0158,bom_fg_0158_line_02,rm_0183,piece,1000,1.0,2056.663
production_order_2026_00358,bom_fg_0158,bom_fg_0158_line_03,rm_0200,litre,1000,1.5,2152.470915
production_order_2026_00358,bom_fg_0158,bom_fg_0158_line_04,rm_0217,kg,1000,2.0,172.09644
production_order_2026_00358,bom_fg_0158,bom_fg_0158_line_05,rm_0234,kg,1000,0.0,253.083
production_order_2026_00359,bom_fg_0159,bom_fg_0159_line_01,rm_0171,kg,1000,0.5,2093.88132
production_order_2026_00359,bom_fg_0159,bom_fg_0159_line_02,rm_0188,piece,1000,1.0,2193.51598
production_order_2026_00359,bom_fg_0159,bom_fg_0159_line_03,rm_0205,litre,1000,1.5,129.85098
production_order_2026_00359,bom_fg_0159,bom_fg_0159_line_04,rm_0222,kg,1000,2.0,220.59132
production_order_2026_00359,bom_fg_0159,bom_fg_0159_line_05,rm_0239,kg,1000,0.0,304.6
production_order_2026_00360,bom_fg_0160,bom_fg_0160_line_01,rm_0176,kg,1000,0.5,2229.643755
production_order_2026_00360,bom_fg_0160,bom_fg_0160_line_02,rm_0193,litre,1000,1.0,2333.96658
production_order_2026_00360,bom_fg_0160,bom_fg_0160_line_03,rm_0210,kg,1000,1.5,177.690975
production_order_2026_00360,bom_fg_0160,bom_fg_0160_line_04,rm_0227,litre,1000,2.0,272.71944
production_order_2026_00360,bom_fg_0160,bom_fg_0160_line_05,rm_0244,piece,1000,0.0,359.679
production_order_2026_00361,bom_fg_0161,bom_fg_0161_line_01,rm_0181,piece,1000,0.5,2368.986
production_order_2026_00361,bom_fg_0161,bom_fg_0161_line_02,rm_0198,kg,1000,1.0,130.7748
production_order_2026_00361,bom_fg_0161,bom_fg_0161_line_03,rm_0215,kg,1000,1.5,229.1464
production_order_2026_00361,bom_fg_0161,bom_fg_0161_line_04,rm_0232,kg,1000,2.0,328.4808
production_order_2026_00361,bom_fg_0161,bom_fg_0161_line_05,rm_0249,piece,1000,0.0,418.32
production_order_2026_00362,bom_fg_0162,bom_fg_0162_line_01,rm_0186,kg,1000,0.5,2511.908055
production_order_2026_00362,bom_fg_0162,bom_fg_0162_line_02,rm_0203,kg,1000,1.0,181.56164
production_order_2026_00362,bom_fg_0162,bom_fg_0162_line_03,rm_0220,kg,1000,1.5,284.217255
production_order_2026_00362,bom_fg_0162,bom_fg_0162_line_04,rm_0237,kg,1000,2.0,387.8754
production_order_2026_00362,bom_fg_0162,bom_fg_0162_line_05,rm_0254,piece,1000,0.0,480.523
production_order_2026_00363,bom_fg_0163,bom_fg_0163_line_01,rm_0191,piece,1000,0.5,130.03092
production_order_2026_00363,bom_fg_0163,bom_fg_0163_line_02,rm_0208,kg,1000,1.0,235.9461
production_order_2026_00363,bom_fg_0163,bom_fg_0163_line_03,rm_0225,litre,1000,1.5,342.90354
production_order_2026_00363,bom_fg_0163,bom_fg_0163_line_04,rm_0242,piece,1000,2.0,450.90324
production_order_2026_00363,bom_fg_0163,bom_fg_0163_line_05,rm_0259,kg,1000,0.0,546.288
production_order_2026_00364,bom_fg_0164,bom_fg_0164_line_01,rm_0196,kg,1000,0.5,183.733095
production_order_2026_00364,bom_fg_0164,bom_fg_0164_line_02,rm_0213,kg,1000,1.0,293.92818
production_order_2026_00364,bom_fg_0164,bom_fg_0164_line_03,rm_0230,litre,1000,1.5,405.205255
production_order_2026_00364,bom_fg_0164,bom_fg_0164_line_04,rm_0247,piece,1000,2.0,517.56432
production_order_2026_00364,bom_fg_0164,bom_fg_0164_line_05,rm_0264,litre,1000,0.0,615.615
production_order_2026_00365,bom_fg_0165,bom_fg_0165_line_01,rm_0201,kg,1000,0.5,241.01508
production_order_2026_00365,bom_fg_0165,bom_fg_0165_line_02,rm_0218,kg,1000,1.0,355.50788
production_order_2026_00365,bom_fg_0165,bom_fg_0165_line_03,rm_0235,kg,1000,1.5,471.1224
production_order_2026_00365,bom_fg_0165,bom_fg_0165_line_04,rm_0252,piece,1000,2.0,587.85864
production_order_2026_00365,bom_fg_0165,bom_fg_0165_line_05,rm_0269,litre,1000,0.0,688.504
production_order_2026_00366,bom_fg_0166,bom_fg_0166_line_01,rm_0206,kg,1000,0.5,301.876875
production_order_2026_00366,bom_fg_0166,bom_fg_0166_line_02,rm_0223,kg,1000,1.0,420.6852
production_order_2026_00366,bom_fg_0166,bom_fg_0166_line_03,rm_0240,kg,1000,1.5,540.654975
production_order_2026_00366,bom_fg_0166,bom_fg_0166_line_04,rm_0257,litre,1000,2.0,661.7862
production_order_2026_00366,bom_fg_0166,bom_fg_0166_line_05,rm_0274,kg,1000,0.0,764.955
production_order_2026_00367,bom_fg_0167,bom_fg_0167_line_01,rm_0211,kg,1000,0.5,366.31848
production_order_2026_00367,bom_fg_0167,bom_fg_0167_line_02,rm_0228,litre,1000,1.0,489.46014
production_order_2026_00367,bom_fg_0167,bom_fg_0167_line_03,rm_0245,piece,1000,1.5,613.80298
production_order_2026_00367,bom_fg_0167,bom_fg_0167_line_04,rm_0262,kg,1000,2.0,739.347
production_order_2026_00367,bom_fg_0167,bom_fg_0167_line_05,rm_0279,kg,1000,0.0,844.968
production_order_2026_00368,bom_fg_0168,bom_fg_0168_line_01,rm_0216,kg,1000,0.5,434.339895
production_order_2026_00368,bom_fg_0168,bom_fg_0168_line_02,rm_0233,kg,1000,1.0,561.8327
production_order_2026_00368,bom_fg_0168,bom_fg_0168_line_03,rm_0250,kg,1000,1.5,690.566415
production_order_2026_00368,bom_fg_0168,bom_fg_0168_line_04,rm_0267,kg,1000,2.0,820.54104
production_order_2026_00368,bom_fg_0168,bom_fg_0168_line_05,rm_0284,kg,1000,0.0,928.543
production_order_2026_00369,bom_fg_0169,bom_fg_0169_line_01,rm_0221,kg,1000,0.5,505.94112
production_order_2026_00369,bom_fg_0169,bom_fg_0169_line_02,rm_0238,kg,1000,1.0,637.80288
production_order_2026_00369,bom_fg_0169,bom_fg_0169_line_03,rm_0255,piece,1000,1.5,770.94528
production_order_2026_00369,bom_fg_0169,bom_fg_0169_line_04,rm_0272,kg,1000,2.0,905.36832
production_order_2026_00369,bom_fg_0169,bom_fg_0169_line_05,rm_0289,litre,1000,0.0,1015.68
production_order_2026_00370,bom_fg_0170,bom_fg_0170_line_01,rm_0226,litre,1000,0.5,581.122155
production_order_2026_00370,bom_fg_0170,bom_fg_0170_line_02,rm_0243,piece,1000,1.0,717.37068
production_order_2026_00370,bom_fg_0170,bom_fg_0170_line_03,rm_0260,kg,1000,1.5,854.939575
production_order_2026_00370,bom_fg_0170,bom_fg_0170_line_04,rm_0277,kg,1000,2.0,993.82884
production_order_2026_00370,bom_fg_0170,bom_fg_0170_line_05,rm_0294,litre,1000,0.0,1106.379
production_order_2026_00371,bom_fg_0171,bom_fg_0171_line_01,rm_0231,kg,1000,0.5,659.883
production_order_2026_00371,bom_fg_0171,bom_fg_0171_line_02,rm_0248,piece,1000,1.0,800.5361
production_order_2026_00371,bom_fg_0171,bom_fg_0171_line_03,rm_0265,kg,1000,1.5,942.5493
production_order_2026_00371,bom_fg_0171,bom_fg_0171_line_04,rm_0282,kg,1000,2.0,1085.9226
production_order_2026_00371,bom_fg_0171,bom_fg_0171_line_05,rm_0299,kg,1000,0.0,1200.64
production_order_2026_00372,bom_fg_0172,bom_fg_0172_line_01,rm_0236,kg,1000,0.5,742.223655
production_order_2026_00372,bom_fg_0172,bom_fg_0172_line_02,rm_0253,piece,1000,1.0,887.29914
production_order_2026_00372,bom_fg_0172,bom_fg_0172_line_03,rm_0270,kg,1000,1.5,1033.774455
production_order_2026_00372,bom_fg_0172,bom_fg_0172_line_04,rm_0287,kg,1000,2.0,1181.6496
production_order_2026_00372,bom_fg_0172,bom_fg_0172_line_05,rm_0304,kg,1000,0.0,1298.463
production_order_2026_00373,bom_fg_0173,bom_fg_0173_line_01,rm_0241,piece,1000,0.5,828.14412
production_order_2026_00373,bom_fg_0173,bom_fg_0173_line_02,rm_0258,kg,1000,1.0,977.6598
production_order_2026_00373,bom_fg_0173,bom_fg_0173_line_03,rm_0275,kg,1000,1.5,1128.61504
production_order_2026_00373,bom_fg_0173,bom_fg_0173_line_04,rm_0292,litre,1000,2.0,1281.00984
production_order_2026_00373,bom_fg_0173,bom_fg_0173_line_05,rm_0309,piece,1000,0.0,1399.848
production_order_2026_00374,bom_fg_0174,bom_fg_0174_line_01,rm_0246,piece,1000,0.5,917.644395
production_order_2026_00374,bom_fg_0174,bom_fg_0174_line_02,rm_0263,kg,1000,1.0,1071.61808
production_order_2026_00374,bom_fg_0174,bom_fg_0174_line_03,rm_0280,kg,1000,1.5,1227.071055
production_order_2026_00374,bom_fg_0174,bom_fg_0174_line_04,rm_0297,kg,1000,2.0,1384.00332
production_order_2026_00374,bom_fg_0174,bom_fg_0174_line_05,rm_0004,kg,1000,0.0,1504.795
production_order_2026_00375,bom_fg_0175,bom_fg_0175_line_01,rm_0251,piece,1000,0.5,1010.72448
production_order_2026_00375,bom_fg_0175,bom_fg_0175_line_02,rm_0268,kg,1000,1.0,1169.17398
production_order_2026_00375,bom_fg_0175,bom_fg_0175_line_03,rm_0285,kg,1000,1.5,1329.1425
production_order_2026_00375,bom_fg_0175,bom_fg_0175_line_04,rm_0302,kg,1000,2.0,1490.63004
production_order_2026_00375,bom_fg_0175,bom_fg_0175_line_05,rm_0009,kg,1000,0.0,1613.304
production_order_2026_00376,bom_fg_0176,bom_fg_0176_line_01,rm_0256,piece,1000,0.5,1107.384375
production_order_2026_00376,bom_fg_0176,bom_fg_0176_line_02,rm_0273,kg,1000,1.0,1270.3275
production_order_2026_00376,bom_fg_0176,bom_fg_0176_line_03,rm_0290,litre,1000,1.5,1434.829375
production_order_2026_00376,bom_fg_0176,bom_fg_0176_line_04,rm_0307,piece,1000,2.0,1600.89
production_order_2026_00376,bom_fg_0176,bom_fg_0176_line_05,rm_0014,kg,1000,0.0,1725.375
production_order_2026_00377,bom_fg_0177,bom_fg_0177_line_01,rm_0261,kg,1000,0.5,1207.62408
production_order_2026_00377,bom_fg_0177,bom_fg_0177_line_02,rm_0278,kg,1000,1.0,1375.07864
production_order_2026_00377,bom_fg_0177,bom_fg_0177_line_03,rm_0295,kg,1000,1.5,1544.13168
production_order_2026_00377,bom_fg_0177,bom_fg_0177_line_04,rm_0002,kg,1000,2.0,1714.7832
production_order_2026_00377,bom_fg_0177,bom_fg_0177_line_05,rm_0019,kg,1000,0.0,1841.008
production_order_2026_00378,bom_fg_0178,bom_fg_0178_line_01,rm_0266,kg,1000,0.5,1311.443595
production_order_2026_00378,bom_fg_0178,bom_fg_0178_line_02,rm_0283,kg,1000,1.0,1483.4274
production_order_2026_00378,bom_fg_0178,bom_fg_0178_line_03,rm_0300,kg,1000,1.5,1657.049415
production_order_2026_00378,bom_fg_0178,bom_fg_0178_line_04,rm_0007,kg,1000,2.0,1832.30964
production_order_2026_00378,bom_fg_0178,bom_fg_0178_line_05,rm_0024,kg,1000,0.0,1960.203
production_order_2026_00379,bom_fg_0179,bom_fg_0179_line_01,rm_0271,kg,1000,0.5,1418.84292
production_order_2026_00379,bom_fg_0179,bom_fg_0179_line_02,rm_0288,kg,1000,1.0,1595.37378
production_order_2026_00379,bom_fg_0179,bom_fg_0179_line_03,rm_0305,piece,1000,1.5,1773.58258
production_order_2026_00379,bom_fg_0179,bom_fg_0179_line_04,rm_0012,kg,1000,2.0,1953.46932
production_order_2026_00379,bom_fg_0179,bom_fg_0179_line_05,rm_0029,kg,1000,0.0,2082.96
production_order_2026_00380,bom_fg_0180,bom_fg_0180_line_01,rm_0276,kg,1000,0.5,1529.822055
production_order_2026_00380,bom_fg_0180,bom_fg_0180_line_02,rm_0293,litre,1000,1.0,1710.91778
production_order_2026_00380,bom_fg_0180,bom_fg_0180_line_03,rm_0310,piece,1000,1.5,1893.731175
production_order_2026_00380,bom_fg_0180,bom_fg_0180_line_04,rm_0017,kg,1000,2.0,2078.26224
production_order_2026_00380,bom_fg_0180,bom_fg_0180_line_05,rm_0034,litre,1000,0.0,2209.279
production_order_2026_00381,bom_fg_0181,bom_fg_0181_line_01,rm_0281,kg,1000,0.5,1644.381
production_order_2026_00381,bom_fg_0181,bom_fg_0181_line_02,rm_0298,kg,1000,1.0,1830.0594
production_order_2026_00381,bom_fg_0181,bom_fg_0181_line_03,rm_0005,kg,1000,1.5,2017.4952
production_order_2026_00381,bom_fg_0181,bom_fg_0181_line_04,rm_0022,kg,1000,2.0,2206.6884
production_order_2026_00381,bom_fg_0181,bom_fg_0181_line_05,rm_0039,kg,1000,0.0,2339.16
production_order_2026_00382,bom_fg_0182,bom_fg_0182_line_01,rm_0286,kg,1000,0.5,1762.519755
production_order_2026_00382,bom_fg_0182,bom_fg_0182_line_02,rm_0303,kg,1000,1.0,1952.79864
production_order_2026_00382,bom_fg_0182,bom_fg_0182_line_03,rm_0010,kg,1000,1.5,2144.874655
production_order_2026_00382,bom_fg_0182,bom_fg_0182_line_04,rm_0027,kg,1000,2.0,2338.7478
production_order_2026_00382,bom_fg_0182,bom_fg_0182_line_05,rm_0044,kg,1000,0.0,2472.603
production_order_2026_00383,bom_fg_0183,bom_fg_0183_line_01,rm_0291,litre,1000,0.5,1884.23832
production_order_2026_00383,bom_fg_0183,bom_fg_0183_line_02,rm_0308,piece,1000,1.0,2079.1355
production_order_2026_00383,bom_fg_0183,bom_fg_0183_line_03,rm_0015,kg,1000,1.5,2275.86954
production_order_2026_00383,bom_fg_0183,bom_fg_0183_line_04,rm_0032,kg,1000,2.0,2474.44044
production_order_2026_00383,bom_fg_0183,bom_fg_0183_line_05,rm_0049,piece,1000,0.0,2609.608
production_order_2026_00384,bom_fg_0184,bom_fg_0184_line_01,rm_0296,kg,1000,0.5,2009.536695
production_order_2026_00384,bom_fg_0184,bom_fg_0184_line_02,rm_0003,kg,1000,1.0,2209.06998
production_order_2026_00384,bom_fg_0184,bom_fg_0184_line_03,rm_0020,kg,1000,1.5,2410.479855
production_order_2026_00384,bom_fg_0184,bom_fg_0184_line_04,rm_0037,litre,1000,2.0,2613.76632
production_order_2026_00384,bom_fg_0184,bom_fg_0184_line_05,rm_0054,piece,1000,0.0,2750.175
production_order_2026_00385,bom_fg_0185,bom_fg_0185_line_01,rm_0301,kg,1000,0.5,2138.41488
production_order_2026_00385,bom_fg_0185,bom_fg_0185_line_02,rm_0008,litre,1000,1.0,2342.60208
production_order_2026_00385,bom_fg_0185,bom_fg_0185_line_03,rm_0025,kg,1000,1.5,2548.7056
production_order_2026_00385,bom_fg_0185,bom_fg_0185_line_04,rm_0042,kg,1000,2.0,2756.72544
production_order_2026_00385,bom_fg_0185,bom_fg_0185_line_05,rm_0059,piece,1000,0.0,2894.304
production_order_2026_00386,bom_fg_0186,bom_fg_0186_line_01,rm_0306,piece,1000,0.5,2270.872875
production_order_2026_00386,bom_fg_0186,bom_fg_0186_line_02,rm_0013,litre,1000,1.0,2479.7318
production_order_2026_00386,bom_fg_0186,bom_fg_0186_line_03,rm_0030,kg,1000,1.5,2690.546775
production_order_2026_00386,bom_fg_0186,bom_fg_0186_line_04,rm_0047,kg,1000,2.0,2903.3178
production_order_2026_00386,bom_fg_0186,bom_fg_0186_line_05,rm_0064,piece,1000,0.0,3041.995
production_order_2026_00387,bom_fg_0187,bom_fg_0187_line_01,rm_0001,litre,1000,0.5,2406.91068
production_order_2026_00387,bom_fg_0187,bom_fg_0187_line_02,rm_0018,kg,1000,1.0,2620.45914
production_order_2026_00387,bom_fg_0187,bom_fg_0187_line_03,rm_0035,litre,1000,1.5,2836.00338
production_order_2026_00387,bom_fg_0187,bom_fg_0187_line_04,rm_0052,piece,1000,2.0,3053.5434
production_order_2026_00387,bom_fg_0187,bom_fg_0187_line_05,rm_0069,kg,1000,0.0,3193.248
production_order_2026_00388,bom_fg_0188,bom_fg_0188_line_01,rm_0006,kg,1000,0.5,2546.528295
production_order_2026_00388,bom_fg_0188,bom_fg_0188_line_02,rm_0023,kg,1000,1.0,2764.7841
production_order_2026_00388,bom_fg_0188,bom_fg_0188_line_03,rm_0040,kg,1000,1.5,2985.075415
production_order_2026_00388,bom_fg_0188,bom_fg_0188_line_04,rm_0057,piece,1000,2.0,3207.40224
production_order_2026_00388,bom_fg_0188,bom_fg_0188_line_05,rm_0074,kg,1000,0.0,3348.063
production_order_2026_00389,bom_fg_0189,bom_fg_0189_line_01,rm_0011,kg,1000,0.5,2689.72572
production_order_2026_00389,bom_fg_0189,bom_fg_0189_line_02,rm_0028,kg,1000,1.0,2912.70668
production_order_2026_00389,bom_fg_0189,bom_fg_0189_line_03,rm_0045,kg,1000,1.5,3137.76288
production_order_2026_00389,bom_fg_0189,bom_fg_0189_line_04,rm_0062,piece,1000,2.0,3364.89432
production_order_2026_00389,bom_fg_0189,bom_fg_0189_line_05,rm_0079,kg,1000,0.0,3506.44
production_order_2026_00390,bom_fg_0190,bom_fg_0190_line_01,rm_0016,kg,1000,0.5,2836.502955
production_order_2026_00390,bom_fg_0190,bom_fg_0190_line_02,rm_0033,litre,1000,1.0,3064.22688
production_order_2026_00390,bom_fg_0190,bom_fg_0190_line_03,rm_0050,piece,1000,1.5,3294.065775
production_order_2026_00390,bom_fg_0190,bom_fg_0190_line_04,rm_0067,kg,1000,2.0,3526.01964
production_order_2026_00390,bom_fg_0190,bom_fg_0190_line_05,rm_0084,kg,1000,0.0,3668.379
production_order_2026_00391,bom_fg_0191,bom_fg_0191_line_01,rm_0021,kg,1000,0.5,2986.86
production_order_2026_00391,bom_fg_0191,bom_fg_0191_line_02,rm_0038,litre,1000,1.0,3219.3447
production_order_2026_00391,bom_fg_0191,bom_fg_0191_line_03,rm_0055,piece,1000,1.5,3453.9841
production_order_2026_00391,bom_fg_0191,bom_fg_0191_line_04,rm_0072,litre,1000,2.0,3690.7782
production_order_2026_00391,bom_fg_0191,bom_fg_0191_line_05,rm_0089,kg,1000,0.0,3833.88
production_order_2026_00392,bom_fg_0192,bom_fg_0192_line_01,rm_0026,kg,1000,0.5,3140.796855
production_order_2026_00392,bom_fg_0192,bom_fg_0192_line_02,rm_0043,kg,1000,1.0,3378.06014
production_order_2026_00392,bom_fg_0192,bom_fg_0192_line_03,rm_0060,piece,1000,1.5,3617.517855
production_order_2026_00392,bom_fg_0192,bom_fg_0192_line_04,rm_0077,litre,1000,2.0,3859.17
production_order_2026_00392,bom_fg_0192,bom_fg_0192_line_05,rm_0094,kg,1000,0.0,4002.943
production_order_2026_00393,bom_fg_0193,bom_fg_0193_line_01,rm_0031,kg,1000,0.5,3298.31352
production_order_2026_00393,bom_fg_0193,bom_fg_0193_line_02,rm_0048,kg,1000,1.0,3540.3732
production_order_2026_00393,bom_fg_0193,bom_fg_0193_line_03,rm_0065,litre,1000,1.5,3784.66704
production_order_2026_00393,bom_fg_0193,bom_fg_0193_line_04,rm_0082,kg,1000,2.0,4031.19504
production_order_2026_00393,bom_fg_0193,bom_fg_0193_line_05,rm_0099,litre,1000,0.0,4175.568
production_order_2026_00394,bom_fg_0194,bom_fg_0194_line_01,rm_0036,litre,1000,0.5,3459.409995
production_order_2026_00394,bom_fg_0194,bom_fg_0194_line_02,rm_0053,piece,1000,1.0,3706.28388
production_order_2026_00394,bom_fg_0194,bom_fg_0194_line_03,rm_0070,kg,1000,1.5,3955.431655
production_order_2026_00394,bom_fg_0194,bom_fg_0194_line_04,rm_0087,kg,1000,2.0,4206.85332
production_order_2026_00394,bom_fg_0194,bom_fg_0194_line_05,rm_0104,kg,1000,0.0,4351.755
production_order_2026_00395,bom_fg_0195,bom_fg_0195_line_01,rm_0041,kg,1000,0.5,3624.08628
production_order_2026_00395,bom_fg_0195,bom_fg_0195_line_02,rm_0058,kg,1000,1.0,3875.79218
production_order_2026_00395,bom_fg_0195,bom_fg_0195_line_03,rm_0075,kg,1000,1.5,4129.8117
production_order_2026_00395,bom_fg_0195,bom_fg_0195_line_04,rm_0092,kg,1000,2.0,4386.14484
production_order_2026_00395,bom_fg_0195,bom_fg_0195_line_05,rm_0109,kg,1000,0.0,4531.504
production_order_2026_00396,bom_fg_0196,bom_fg_0196_line_01,rm_0046,kg,1000,0.5,3792.342375
production_order_2026_00396,bom_fg_0196,bom_fg_0196_line_02,rm_0063,piece,1000,1.0,4048.8981
production_order_2026_00396,bom_fg_0196,bom_fg_0196_line_03,rm_0080,kg,1000,1.5,4307.807175
production_order_2026_00396,bom_fg_0196,bom_fg_0196_line_04,rm_0097,litre,1000,2.0,4569.0696
production_order_2026_00396,bom_fg_0196,bom_fg_0196_line_05,rm_0114,piece,1000,0.0,4714.815
production_order_2026_00397,bom_fg_0197,bom_fg_0197_line_01,rm_0051,piece,1000,0.5,3964.17828
production_order_2026_00397,bom_fg_0197,bom_fg_0197_line_02,rm_0068,kg,1000,1.0,4225.60164
production_order_2026_00397,bom_fg_0197,bom_fg_0197_line_03,rm_0085,kg,1000,1.5,4489.41808
production_order_2026_00397,bom_fg_0197,bom_fg_0197_line_04,rm_0102,litre,1000,2.0,4755.6276
production_order_2026_00397,bom_fg_0197,bom_fg_0197_line_05,rm_0119,piece,1000,0.0,4901.688
production_order_2026_00398,bom_fg_0198,bom_fg_0198_line_01,rm_0056,piece,1000,0.5,4139.593995
production_order_2026_00398,bom_fg_0198,bom_fg_0198_line_02,rm_0073,kg,1000,1.0,4405.9028
production_order_2026_00398,bom_fg_0198,bom_fg_0198_line_03,rm_0090,kg,1000,1.5,4674.644415
production_order_2026_00398,bom_fg_0198,bom_fg_0198_line_04,rm_0107,kg,1000,2.0,4945.81884
production_order_2026_00398,bom_fg_0198,bom_fg_0198_line_05,rm_0124,piece,1000,0.0,5092.123
production_order_2026_00399,bom_fg_0199,bom_fg_0199_line_01,rm_0061,piece,1000,0.5,4318.58952
production_order_2026_00399,bom_fg_0199,bom_fg_0199_line_02,rm_0078,kg,1000,1.0,4589.80158
production_order_2026_00399,bom_fg_0199,bom_fg_0199_line_03,rm_0095,kg,1000,1.5,4863.48618
production_order_2026_00399,bom_fg_0199,bom_fg_0199_line_04,rm_0112,kg,1000,2.0,5139.64332
production_order_2026_00399,bom_fg_0199,bom_fg_0199_line_05,rm_0129,litre,1000,0.0,5286.12
production_order_2026_00400,bom_fg_0200,bom_fg_0200_line_01,rm_0066,kg,1000,0.5,4501.164855
production_order_2026_00400,bom_fg_0200,bom_fg_0200_line_02,rm_0083,kg,1000,1.0,4777.29798
production_order_2026_00400,bom_fg_0200,bom_fg_0200_line_03,rm_0100,litre,1000,1.5,5055.943375
production_order_2026_00400,bom_fg_0200,bom_fg_0200_line_04,rm_0117,piece,1000,2.0,5337.10104
production_order_2026_00400,bom_fg_0200,bom_fg_0200_line_05,rm_0134,kg,1000,0.0,5483.679
production_order_2026_00401,bom_fg_0001,bom_fg_0001_line_01,rm_0001,litre,1000,0.5,265.32
production_order_2026_00401,bom_fg_0001,bom_fg_0001_line_02,rm_0018,kg,1000,1.0,524.392
production_order_2026_00401,bom_fg_0001,bom_fg_0001_line_03,rm_0035,litre,1000,1.5,786.016
production_order_2026_00401,bom_fg_0001,bom_fg_0001_line_04,rm_0052,piece,1000,2.0,1050.192
production_order_2026_00401,bom_fg_0001,bom_fg_0001_line_05,rm_0069,kg,1000,0.0,1284.8
production_order_2026_00402,bom_fg_0002,bom_fg_0002_line_01,rm_0006,kg,1000,0.5,386.212455
production_order_2026_00402,bom_fg_0002,bom_fg_0002_line_02,rm_0023,kg,1000,1.0,649.89864
production_order_2026_00402,bom_fg_0002,bom_fg_0002_line_03,rm_0040,kg,1000,1.5,916.176555
production_order_2026_00402,bom_fg_0002,bom_fg_0002_line_04,rm_0057,piece,1000,2.0,1185.0462
production_order_2026_00402,bom_fg_0002,bom_fg_0002_line_05,rm_0074,kg,1000,0.0,1420.983
production_order_2026_00403,bom_fg_0003,bom_fg_0003_line_01,rm_0011,kg,1000,0.5,510.68472
production_order_2026_00403,bom_fg_0003,bom_fg_0003_line_02,rm_0028,kg,1000,1.0,779.0029
production_order_2026_00403,bom_fg_0003,bom_fg_0003_line_03,rm_0045,kg,1000,1.5,1049.95254
production_order_2026_00403,bom_fg_0003,bom_fg_0003_line_04,rm_0062,piece,1000,2.0,1323.53364
production_order_2026_00403,bom_fg_0003,bom_fg_0003_line_05,rm_0079,kg,1000,0.0,1560.728
production_order_2026_00404,bom_fg_0004,bom_fg_0004_line_01,rm_0016,kg,1000,0.5,638.736795
production_order_2026_00404,bom_fg_0004,bom_fg_0004_line_02,rm_0033,litre,1000,1.0,911.70478
production_order_2026_00404,bom_fg_0004,bom_fg_0004_line_03,rm_0050,piece,1000,1.5,1187.343955
production_order_2026_00404,bom_fg_0004,bom_fg_0004_line_04,rm_0067,kg,1000,2.0,1465.65432
production_order_2026_00404,bom_fg_0004,bom_fg_0004_line_05,rm_0084,kg,1000,0.0,1704.035
production_order_2026_00405,bom_fg_0005,bom_fg_0005_line_01,rm_0021,kg,1000,0.5,770.36868
production_order_2026_00405,bom_fg_0005,bom_fg_0005_line_02,rm_0038,litre,1000,1.0,1048.00428
production_order_2026_00405,bom_fg_0005,bom_fg_0005_line_03,rm_0055,piece,1000,1.5,1328.3508
production_order_2026_00405,bom_fg_0005,bom_fg_0005_line_04,rm_0072,litre,1000,2.0,1611.40824
production_order_2026_00405,bom_fg_0005,bom_fg_0005_line_05,rm_0089,kg,1000,0.0,1850.904
production_order_2026_00406,bom_fg_0006,bom_fg_0006_line_01,rm_0026,kg,1000,0.5,905.580375
production_order_2026_00406,bom_fg_0006,bom_fg_0006_line_02,rm_0043,kg,1000,1.0,1187.9014
production_order_2026_00406,bom_fg_0006,bom_fg_0006_line_03,rm_0060,piece,1000,1.5,1472.973075
production_order_2026_00406,bom_fg_0006,bom_fg_0006_line_04,rm_0077,litre,1000,2.0,1760.7954
production_order_2026_00406,bom_fg_0006,bom_fg_0006_line_05,rm_0094,kg,1000,0.0,2001.335
production_order_2026_00407,bom_fg_0007,bom_fg_0007_line_01,rm_0031,kg,1000,0.5,1044.37188
production_order_2026_00407,bom_fg_0007,bom_fg_0007_line_02,rm_0048,kg,1000,1.0,1331.39614
production_order_2026_00407,bom_fg_0007,bom_fg_0007_line_03,rm_0065,litre,1000,1.5,1621.21078
production_order_2026_00407,bom_fg_0007,bom_fg_0007_line_04,rm_0082,kg,1000,2.0,1913.8158
production_order_2026_00407,bom_fg_0007,bom_fg_0007_line_05,rm_0099,litre,1000,0.0,2155.328
production_order_2026_00408,bom_fg_0008,bom_fg_0008_line_01,rm_0036,litre,1000,0.5,1186.743195
production_order_2026_00408,bom_fg_0008,bom_fg_0008_line_02,rm_0053,piece,1000,1.0,1478.4885
production_order_2026_00408,bom_fg_0008,bom_fg_0008_line_03,rm_0070,kg,1000,1.5,1773.063915
production_order_2026_00408,bom_fg_0008,bom_fg_0008_line_04,rm_0087,kg,1000,2.0,2070.46944
production_order_2026_00408,bom_fg_0008,bom_fg_0008_line_05,rm_0104,kg,1000,0.0,2312.883
production_order_2026_00409,bom_fg_0009,bom_fg_0009_line_01,rm_0041,kg,1000,0.5,1332.69432
production_order_2026_00409,bom_fg_0009,bom_fg_0009_line_02,rm_0058,kg,1000,1.0,1629.17848
production_order_2026_00409,bom_fg_0009,bom_fg_0009_line_03,rm_0075,kg,1000,1.5,1928.53248
production_order_2026_00409,bom_fg_0009,bom_fg_0009_line_04,rm_0092,kg,1000,2.0,2230.75632
production_order_2026_00409,bom_fg_0009,bom_fg_0009_line_05,rm_0109,kg,1000,0.0,2474.0
production_order_2026_00410,bom_fg_0010,bom_fg_0010_line_01,rm_0046,kg,1000,0.5,300.345255
production_order_2026_00410,bom_fg_0010,bom_fg_0010_line_02,rm_0063,piece,1000,1.0,361.38608
production_order_2026_00410,bom_fg_0010,bom_fg_0010_line_03,rm_0080,kg,1000,1.5,423.016475
production_order_2026_00410,bom_fg_0010,bom_fg_0010_line_04,rm_0097,litre,1000,2.0,485.23644
production_order_2026_00410,bom_fg_0010,bom_fg_0010_line_05,rm_0114,piece,1000,0.0,534.679
production_order_2026_00411,bom_fg_0011,bom_fg_0011_line_01,rm_0051,piece,1000,0.5,348.936
production_order_2026_00411,bom_fg_0011,bom_fg_0011_line_02,rm_0068,kg,1000,1.0,414.2313
production_order_2026_00411,bom_fg_0011,bom_fg_0011_line_03,rm_0085,kg,1000,1.5,480.1559
production_order_2026_00411,bom_fg_0011,bom_fg_0011_line_04,rm_0102,litre,1000,2.0,546.7098
production_order_2026_00411,bom_fg_0011,bom_fg_0011_line_05,rm_0119,piece,1000,0.0,598.92
production_order_2026_00412,bom_fg_0012,bom_fg_0012_line_01,rm_0056,piece,1000,0.5,401.106555
production_order_2026_00412,bom_fg_0012,bom_fg_0012_line_02,rm_0073,kg,1000,1.0,470.67414
production_order_2026_00412,bom_fg_0012,bom_fg_0012_line_03,rm_0090,kg,1000,1.5,540.910755
production_order_2026_00412,bom_fg_0012,bom_fg_0012_line_04,rm_0107,kg,1000,2.0,611.8164
production_order_2026_00412,bom_fg_0012,bom_fg_0012_line_05,rm_0124,piece,1000,0.0,666.723
production_order_2026_00413,bom_fg_0013,bom_fg_0013_line_01,rm_0061,piece,1000,0.5,456.85692
production_order_2026_00413,bom_fg_0013,bom_fg_0013_line_02,rm_0078,kg,1000,1.0,530.7146
production_order_2026_00413,bom_fg_0013,bom_fg_0013_line_03,rm_0095,kg,1000,1.5,605.28104
production_order_2026_00413,bom_fg_0013,bom_fg_0013_line_04,rm_0112,kg,1000,2.0,680.55624
production_order_2026_00413,bom_fg_0013,bom_fg_0013_line_05,rm_0129,litre,1000,0.0,738.088
production_order_2026_00414,bom_fg_0014,bom_fg_0014_line_01,rm_0066,kg,1000,0.5,516.187095
production_order_2026_00414,bom_fg_0014,bom_fg_0014_line_02,rm_0083,kg,1000,1.0,594.35268
production_order_2026_00414,bom_fg_0014,bom_fg_0014_line_03,rm_0100,litre,1000,1.5,673.266755
production_order_2026_00414,bom_fg_0014,bom_fg_0014_line_04,rm_0117,piece,1000,2.0,752.92932
production_order_2026_00414,bom_fg_0014,bom_fg_0014_line_05,rm_0134,kg,1000,0.0,813.015
production_order_2026_00415,bom_fg_0015,bom_fg_0015_line_01,rm_0071,kg,1000,0.5,579.09708
production_order_2026_00415,bom_fg_0015,bom_fg_0015_line_02,rm_0088,kg,1000,1.0,661.58838
production_order_2026_00415,bom_fg_0015,bom_fg_0015_line_03,rm_0105,kg,1000,1.5,744.8679
production_order_2026_00415,bom_fg_0015,bom_fg_0015_line_04,rm_0122,kg,1000,2.0,828.93564
production_order_2026_00415,bom_fg_0015,bom_fg_0015_line_05,rm_0139,kg,1000,0.0,891.504
production_order_2026_00416,bom_fg_0016,bom_fg_0016_line_01,rm_0076,kg,1000,0.5,645.586875
production_order_2026_00416,bom_fg_0016,bom_fg_0016_line_02,rm_0093,kg,1000,1.0,732.4217
production_order_2026_00416,bom_fg_0016,bom_fg_0016_line_03,rm_0110,kg,1000,1.5,820.084475
production_order_2026_00416,bom_fg_0016,bom_fg_0016_line_04,rm_0127,piece,1000,2.0,908.5752
production_order_2026_00416,bom_fg_0016,bom_fg_0016_line_05,rm_0144,kg,1000,0.0,973.555
production_order_2026_00417,bom_fg_0017,bom_fg_0017_line_01,rm_0081,kg,1000,0.5,715.65648
production_order_2026_00417,bom_fg_0017,bom_fg_0017_line_02,rm_0098,litre,1000,1.0,806.85264
production_order_2026_00417,bom_fg_0017,bom_fg_0017_line_03,rm_0115,piece,1000,1.5,898.91648
production_order_2026_00417,bom_fg_0017,bom_fg_0017_line_04,rm_0132,kg,1000,2.0,991.848
production_order_2026_00417,bom_fg_0017,bom_fg_0017_line_05,rm_0149,kg,1000,0.0,1059.168
production_order_2026_00418,bom_fg_0018,bom_fg_0018_line_01,rm_0086,kg,1000,0.5,789.305895
production_order_2026_00418,bom_fg_0018,bom_fg_0018_line_02,rm_0103,kg,1000,1.0,884.8812
production_order_2026_00418,bom_fg_0018,bom_fg_0018_line_03,rm_0120,piece,1000,1.5,981.363915
production_order_2026_00418,bom_fg_0018,bom_fg_0018_line_04,rm_0137,kg,1000,2.0,1078.75404
production_order_2026_00418,bom_fg_0018,bom_fg_0018_line_05,rm_0154,kg,1000,0.0,1148.343
production_order_2026_00419,bom_fg_0019,bom_fg_0019_line_01,rm_0091,kg,1000,0.5,866.53512
production_order_2026_00419,bom_fg_0019,bom_fg_0019_line_02,rm_0108,kg,1000,1.0,966.50738
production_order_2026_00419,bom_fg_0019,bom_fg_0019_line_03,rm_0125,piece,1000,1.5,1067.42678
production_order_2026_00419,bom_fg_0019,bom_fg_0019_line_04,rm_0142,kg,1000,2.0,1169.29332
production_order_2026_00419,bom_fg_0019,bom_fg_0019_line_05,rm_0159,kg,1000,0.0,1241.08
production_order_2026_00420,bom_fg_0020,bom_fg_0020_line_01,rm_0096,kg,1000,0.5,947.344155
production_order_2026_00420,bom_fg_0020,bom_fg_0020_line_02,rm_0113,piece,1000,1.0,1051.73118
production_order_2026_00420,bom_fg_0020,bom_fg_0020_line_03,rm_0130,kg,1000,1.5,1157.105075
production_order_2026_00420,bom_fg_0020,bom_fg_0020_line_04,rm_0147,kg,1000,2.0,1263.46584
production_order_2026_00420,bom_fg_0020,bom_fg_0020_line_05,rm_0164,litre,1000,0.0,1337.379
production_order_2026_00421,bom_fg_0021,bom_fg_0021_line_01,rm_0101,litre,1000,0.5,1031.733
production_order_2026_00421,bom_fg_0021,bom_fg_0021_line_02,rm_0118,piece,1000,1.0,1140.5526
production_order_2026_00421,bom_fg_0021,bom_fg_0021_line_03,rm_0135,kg,1000,1.5,1250.3988
production_order_2026_00421,bom_fg_0021,bom_fg_0021_line_04,rm_0152,kg,1000,2.0,1361.2716
production_order_2026_00421,bom_fg_0021,bom_fg_0021_line_05,rm_0169,kg,1000,0.0,1437.24
production_order_2026_00422,bom_fg_0022,bom_fg_0022_line_01,rm_0106,kg,1000,0.5,1119.701655
production_order_2026_00422,bom_fg_0022,bom_fg_0022_line_02,rm_0123,piece,1000,1.0,1232.97164
production_order_2026_00422,bom_fg_0022,bom_fg_0022_line_03,rm_0140,kg,1000,1.5,1347.307955
production_order_2026_00422,bom_fg_0022,bom_fg_0022_line_04,rm_0157,kg,1000,2.0,1462.7106
production_order_2026_00422,bom_fg_0022,bom_fg_0022_line_05,rm_0174,kg,1000,0.0,1540.663
production_order_2026_00423,bom_fg_0023,bom_fg_0023_line_01,rm_0111,kg,1000,0.5,1211.25012
production_order_2026_00423,bom_fg_0023,bom_fg_0023_line_02,rm_0128,piece,1000,1.0,1328.9883
production_order_2026_00423,bom_fg_0023,bom_fg_0023_line_03,rm_0145,kg,1000,1.5,1447.83254
production_order_2026_00423,bom_fg_0023,bom_fg_0023_line_04,rm_0162,litre,1000,2.0,1567.78284
production_order_2026_00423,bom_fg_0023,bom_fg_0023_line_05,rm_0179,piece,1000,0.0,1647.648
production_order_2026_00424,bom_fg_0024,bom_fg_0024_line_01,rm_0116,piece,1000,0.5,1306.378395
production_order_2026_00424,bom_fg_0024,bom_fg_0024_line_02,rm_0133,kg,1000,1.0,1428.60258
production_order_2026_00424,bom_fg_0024,bom_fg_0024_line_03,rm_0150,kg,1000,1.5,1551.972555
production_order_2026_00424,bom_fg_0024,bom_fg_0024_line_04,rm_0167,kg,1000,2.0,1676.48832
production_order_2026_00424,bom_fg_0024,bom_fg_0024_line_05,rm_0184,piece,1000,0.0,1758.195
production_order_2026_00425,bom_fg_0025,bom_fg_0025_line_01,rm_0121,piece,1000,0.5,1405.08648
production_order_2026_00425,bom_fg_0025,bom_fg_0025_line_02,rm_0138,kg,1000,1.0,1531.81448
production_order_2026_00425,bom_fg_0025,bom_fg_0025_line_03,rm_0155,kg,1000,1.5,1659.728
production_order_2026_00425,bom_fg_0025,bom_fg_0025_line_04,rm_0172,kg,1000,2.0,1788.82704
production_order_2026_00425,bom_fg_0025,bom_fg_0025_line_05,rm_0189,piece,1000,0.0,1872.304
production_order_2026_00426,bom_fg_0026,bom_fg_0026_line_01,rm_0126,piece,1000,0.5,1507.374375
production_order_2026_00426,bom_fg_0026,bom_fg_0026_line_02,rm_0143,kg,1000,1.0,1638.624
production_order_2026_00426,bom_fg_0026,bom_fg_0026_line_03,rm_0160,kg,1000,1.5,1771.098875
production_order_2026_00426,bom_fg_0026,bom_fg_0026_line_04,rm_0177,piece,1000,2.0,1904.799
production_order_2026_00426,bom_fg_0026,bom_fg_0026_line_05,rm_0194,kg,1000,0.0,1989.975
production_order_2026_00427,bom_fg_0027,bom_fg_0027_line_01,rm_0131,kg,1000,0.5,1613.24208
production_order_2026_00427,bom_fg_0027,bom_fg_0027_line_02,rm_0148,kg,1000,1.0,1749.03114
production_order_2026_00427,bom_fg_0027,bom_fg_0027_line_03,rm_0165,litre,1000,1.5,1886.08518
production_order_2026_00427,bom_fg_0027,bom_fg_0027_line_04,rm_0182,piece,1000,2.0,2024.4042
production_order_2026_00427,bom_fg_0027,bom_fg_0027_line_05,rm_0199,kg,1000,0.0,2111.208
production_order_2026_00428,bom_fg_0028,bom_fg_0028_line_01,rm_0136,litre,1000,0.5,1722.689595
production_order_2026_00428,bom_fg_0028,bom_fg_0028_line_02,rm_0153,kg,1000,1.0,1863.0359
production_order_2026_00428,bom_fg_0028,bom_fg_0028_line_03,rm_0170,kg,1000,1.5,2004.686915
production_order_2026_00428,bom_fg_0028,bom_fg_0028_line_04,rm_0187,piece,1000,2.0,2147.64264
production_order_2026_00428,bom_fg_0028,bom_fg_0028_line_05,rm_0204,kg,1000,0.0,2236.003
production_order_2026_00429,bom_fg_0029,bom_fg_0029_line_01,rm_0141,litre,1000,0.5,1835.71692
production_order_2026_00429,bom_fg_0029,bom_fg_0029_line_02,rm_0158,kg,1000,1.0,1980.63828
production_order_2026_00429,bom_fg_0029,bom_fg_0029_line_03,rm_0175,kg,1000,1.5,2126.90408
production_order_2026_00429,bom_fg_0029,bom_fg_0029_line_04,rm_0192,piece,1000,2.0,2274.51432
production_order_2026_00429,bom_fg_0029,bom_fg_0029_line_05,rm_0209,kg,1000,0.0,2364.36
production_order_2026_00430,bom_fg_0030,bom_fg_0030_line_01,rm_0146,kg,1000,0.5,1952.324055
production_order_2026_00430,bom_fg_0030,bom_fg_0030_line_02,rm_0163,litre,1000,1.0,2101.83828
production_order_2026_00430,bom_fg_0030,bom_fg_0030_line_03,rm_0180,piece,1000,1.5,2252.736675
production_order_2026_00430,bom_fg_0030,bom_fg_0030_line_04,rm_0197,kg,1000,2.0,2405.01924
production_order_2026_00430,bom_fg_0030,bom_fg_0030_line_05,rm_0214,kg,1000,0.0,2496.279
production_order_2026_00431,bom_fg_0031,bom_fg_0031_line_01,rm_0151,kg,1000,0.5,2072.511
production_order_2026_00431,bom_fg_0031,bom_fg_0031_line_02,rm_0168,kg,1000,1.0,2226.6359
production_order_2026_00431,bom_fg_0031,bom_fg_0031_line_03,rm_0185,piece,1000,1.5,2382.1847
production_order_2026_00431,bom_fg_0031,bom_fg_0031_line_04,rm_0202,kg,1000,2.0,2539.1574
production_order_2026_00431,bom_fg_0031,bom_fg_0031_line_05,rm_0219,kg,1000,0.0,2631.76
production_order_2026_00432,bom_fg_0032,bom_fg_0032_line_01,rm_0156,kg,1000,0.5,2196.277755
production_order_2026_00432,bom_fg_0032,bom_fg_0032_line_02,rm_0173,kg,1000,1.0,2355.03114
production_order_2026_00432,bom_fg_0032,bom_fg_0032_line_03,rm_0190,piece,1000,1.5,2515.248155
production_order_2026_00432,bom_fg_0032,bom_fg_0032_line_04,rm_0207,kg,1000,2.0,2676.9288
production_order_2026_00432,bom_fg_0032,bom_fg_0032_line_05,rm_0224,kg,1000,0.0,2770.803
production_order_2026_00433,bom_fg_0033,bom_fg_0033_line_01,rm_0161,litre,1000,0.5,2323.62432
production_order_2026_00433,bom_fg_0033,bom_fg_0033_line_02,rm_0178,piece,1000,1.0,2487.024
production_order_2026_00433,bom_fg_0033,bom_fg_0033_line_03,rm_0195,kg,1000,1.5,2651.92704
production_order_2026_00433,bom_fg_0033,bom_fg_0033_line_04,rm_0212,kg,1000,2.0,2818.33344
production_order_2026_00433,bom_fg_0033,bom_fg_0033_line_05,rm_0229,litre,1000,0.0,2913.408
production_order_2026_00434,bom_fg_0034,bom_fg_0034_line_01,rm_0166,litre,1000,0.5,2454.550695
production_order_2026_00434,bom_fg_0034,bom_fg_0034_line_02,rm_0183,piece,1000,1.0,2622.61448
production_order_2026_00434,bom_fg_0034,bom_fg_0034_line_03,rm_0200,litre,1000,1.5,2792.221355
production_order_2026_00434,bom_fg_0034,bom_fg_0034_line_04,rm_0217,kg,1000,2.0,2963.37132
production_order_2026_00434,bom_fg_0034,bom_fg_0034_line_05,rm_0234,kg,1000,0.0,3059.575
production_order_2026_00435,bom_fg_0035,bom_fg_0035_line_01,rm_0171,kg,1000,0.5,2589.05688
production_order_2026_00435,bom_fg_0035,bom_fg_0035_line_02,rm_0188,piece,1000,1.0,2761.80258
production_order_2026_00435,bom_fg_0035,bom_fg_0035_line_03,rm_0205,litre,1000,1.5,2936.1311
production_order_2026_00435,bom_fg_0035,bom_fg_0035_line_04,rm_0222,kg,1000,2.0,3112.04244
production_order_2026_00435,bom_fg_0035,bom_fg_0035_line_05,rm_0239,kg,1000,0.0,3209.304
production_order_2026_00436,bom_fg_0036,bom_fg_0036_line_01,rm_0176,kg,1000,0.5,2727.142875
production_order_2026_00436,bom_fg_0036,bom_fg_0036_line_02,rm_0193,litre,1000,1.0,2904.5883
production_order_2026_00436,bom_fg_0036,bom_fg_0036_line_03,rm_0210,kg,1000,1.5,3083.656275
production_order_2026_00436,bom_fg_0036,bom_fg_0036_line_04,rm_0227,litre,1000,2.0,3264.3468
production_order_2026_00436,bom_fg_0036,bom_fg_0036_line_05,rm_0244,piece,1000,0.0,3362.595
production_order_2026_00437,bom_fg_0037,bom_fg_0037_line_01,rm_0181,piece,1000,0.5,2868.80868
production_order_2026_00437,bom_fg_0037,bom_fg_0037_line_02,rm_0198,kg,1000,1.0,3050.97164
production_order_2026_00437,bom_fg_0037,bom_fg_0037_line_03,rm_0215,kg,1000,1.5,3234.79688
production_order_2026_00437,bom_fg_0037,bom_fg_0037_line_04,rm_0232,kg,1000,2.0,3420.2844
production_order_2026_00437,bom_fg_0037,bom_fg_0037_line_05,rm_0249,piece,1000,0.0,3519.448
production_order_2026_00438,bom_fg_0038,bom_fg_0038_line_01,rm_0186,kg,1000,0.5,3014.054295
production_order_2026_00438,bom_fg_0038,bom_fg_0038_line_02,rm_0203,kg,1000,1.0,3200.9526
production_order_2026_00438,bom_fg_0038,bom_fg_0038_line_03,rm_0220,kg,1000,1.5,3389.552915
production_order_2026_00438,bom_fg_0038,bom_fg_0038_line_04,rm_0237,kg,1000,2.0,3579.85524
production_order_2026_00438,bom_fg_0038,bom_fg_0038_line_05,rm_0254,piece,1000,0.0,3679.863
production_order_2026_00439,bom_fg_0039,bom_fg_0039_line_01,rm_0191,piece,1000,0.5,3162.87972
production_order_2026_00439,bom_fg_0039,bom_fg_0039_line_02,rm_0208,kg,1000,1.0,3354.53118
production_order_2026_00439,bom_fg_0039,bom_fg_0039_line_03,rm_0225,litre,1000,1.5,3547.92438
production_order_2026_00439,bom_fg_0039,bom_fg_0039_line_04,rm_0242,piece,1000,2.0,3743.05932
production_order_2026_00439,bom_fg_0039,bom_fg_0039_line_05,rm_0259,kg,1000,0.0,3843.84
production_order_2026_00440,bom_fg_0040,bom_fg_0040_line_01,rm_0196,kg,1000,0.5,3315.284955
production_order_2026_00440,bom_fg_0040,bom_fg_0040_line_02,rm_0213,kg,1000,1.0,3511.70738
production_order_2026_00440,bom_fg_0040,bom_fg_0040_line_03,rm_0230,litre,1000,1.5,3709.911275
production_order_2026_00440,bom_fg_0040,bom_fg_0040_line_04,rm_0247,piece,1000,2.0,3909.89664
production_order_2026_00440,bom_fg_0040,bom_fg_0040_line_05,rm_0264,litre,1000,0.0,4011.379
production_order_2026_00441,bom_fg_0041,bom_fg_0041_line_01,rm_0201,kg,1000,0.5,3471.27
production_order_2026_00441,bom_fg_0041,bom_fg_0041_line_02,rm_0218,kg,1000,1.0,3672.4812
production_order_2026_00441,bom_fg_0041,bom_fg_0041_line_03,rm_0235,kg,1000,1.5,3875.5136
production_order_2026_00441,bom_fg_0041,bom_fg_0041_line_04,rm_0252,piece,1000,2.0,4080.3672
production_order_2026_00441,bom_fg_0041,bom_fg_0041_line_05,rm_0269,litre,1000,0.0,4182.48
production_order_2026_00442,bom_fg_0042,bom_fg_0042_line_01,rm_0206,kg,1000,0.5,3630.834855
production_order_2026_00442,bom_fg_0042,bom_fg_0042_line_02,rm_0223,kg,1000,1.0,3836.85264
production_order_2026_00442,bom_fg_0042,bom_fg_0042_line_03,rm_0240,kg,1000,1.5,4044.731355
production_order_2026_00442,bom_fg_0042,bom_fg_0042_line_04,rm_0257,litre,1000,2.0,4254.471
production_order_2026_00442,bom_fg_0042,bom_fg_0042_line_05,rm_0274,kg,1000,0.0,4357.143
production_order_2026_00443,bom_fg_0043,bom_fg_0043_line_01,rm_0211,kg,1000,0.5,3793.97952
production_order_2026_00443,bom_fg_0043,bom_fg_0043_line_02,rm_0228,litre,1000,1.0,4004.8217
production_order_2026_00443,bom_fg_0043,bom_fg_0043_line_03,rm_0245,piece,1000,1.5,4217.56454
production_order_2026_00443,bom_fg_0043,bom_fg_0043_line_04,rm_0262,kg,1000,2.0,4432.20804
production_order_2026_00443,bom_fg_0043,bom_fg_0043_line_05,rm_0279,kg,1000,0.0,4535.368
production_order_2026_00444,bom_fg_0044,bom_fg_0044_line_01,rm_0216,kg,1000,0.5,3960.703995
production_order_2026_00444,bom_fg_0044,bom_fg_0044_line_02,rm_0233,kg,1000,1.0,4176.38838
production_order_2026_00444,bom_fg_0044,bom_fg_0044_line_03,rm_0250,kg,1000,1.5,4394.013155
production_order_2026_00444,bom_fg_0044,bom_fg_0044_line_04,rm_0267,kg,1000,2.0,4613.57832
production_order_2026_00444,bom_fg_0044,bom_fg_0044_line_05,rm_0284,kg,1000,0.0,4717.155
production_order_2026_00445,bom_fg_0045,bom_fg_0045_line_01,rm_0221,kg,1000,0.5,4131.00828
production_order_2026_00445,bom_fg_0045,bom_fg_0045_line_02,rm_0238,kg,1000,1.0,4351.55268
production_order_2026_00445,bom_fg_0045,bom_fg_0045_line_03,rm_0255,piece,1000,1.5,4574.0772
production_order_2026_00445,bom_fg_0045,bom_fg_0045_line_04,rm_0272,kg,1000,2.0,4798.58184
production_order_2026_00445,bom_fg_0045,bom_fg_0045_line_05,rm_0289,litre,1000,0.0,4902.504
production_order_2026_00446,bom_fg_0046,bom_fg_0046_line_01,rm_0226,litre,1000,0.5,4304.892375
production_order_2026_00446,bom_fg_0046,bom_fg_0046_line_02,rm_0243,piece,1000,1.0,4530.3146
production_order_2026_00446,bom_fg_0046,bom_fg_0046_line_03,rm_0260,kg,1000,1.5,4757.756675
production_order_2026_00446,bom_fg_0046,bom_fg_0046_line_04,rm_0277,kg,1000,2.0,4987.2186
production_order_2026_00446,bom_fg_0046,bom_fg_0046_line_05,rm_0294,litre,1000,0.0,215.915
production_order_2026_00447,bom_fg_0047,bom_fg_0047_line_01,rm_0231,kg,1000,0.5,4482.35628
production_order_2026_00447,bom_fg_0047,bom_fg_0047_line_02,rm_0248,piece,1000,1.0,4712.67414
production_order_2026_00447,bom_fg_0047,bom_fg_0047_line_03,rm_0265,kg,1000,1.5,4945.05158
production_order_2026_00447,bom_fg_0047,bom_fg_0047_line_04,rm_0282,kg,1000,2.0,5179.4886
production_order_2026_00447,bom_fg_0047,bom_fg_0047_line_05,rm_0299,kg,1000,0.0,312.488
production_order_2026_00448,bom_fg_0048,bom_fg_0048_line_01,rm_0236,kg,1000,0.5,4663.399995
production_order_2026_00448,bom_fg_0048,bom_fg_0048_line_02,rm_0253,piece,1000,1.0,4898.6313
production_order_2026_00448,bom_fg_0048,bom_fg_0048_line_03,rm_0270,kg,1000,1.5,5135.961915
production_order_2026_00448,bom_fg_0048,bom_fg_0048_line_04,rm_0287,kg,1000,2.0,5375.39184
production_order_2026_00448,bom_fg_0048,bom_fg_0048_line_05,rm_0304,kg,1000,0.0,412.623
production_order_2026_00449,bom_fg_0049,bom_fg_0049_line_01,rm_0241,piece,1000,0.5,4848.02352
production_order_2026_00449,bom_fg_0049,bom_fg_0049_line_02,rm_0258,kg,1000,1.0,5088.18608
production_order_2026_00449,bom_fg_0049,bom_fg_0049_line_03,rm_0275,kg,1000,1.5,5330.48768
production_order_2026_00449,bom_fg_0049,bom_fg_0049_line_04,rm_0292,litre,1000,2.0,308.46432
production_order_2026_00449,bom_fg_0049,bom_fg_0049_line_05,rm_0309,piece,1000,0.0,516.32
production_order_2026_00450,bom_fg_0050,bom_fg_0050_line_01,rm_0246,piece,1000,0.5,5036.226855
production_order_2026_00450,bom_fg_0050,bom_fg_0050_line_02,rm_0263,kg,1000,1.0,5281.33848
production_order_2026_00450,bom_fg_0050,bom_fg_0050_line_03,rm_0280,kg,1000,1.5,5528.628875
production_order_2026_00450,bom_fg_0050,bom_fg_0050_line_04,rm_0297,kg,1000,2.0,413.81604
production_order_2026_00450,bom_fg_0050,bom_fg_0050_line_05,rm_0004,kg,1000,0.0,623.579
production_order_2026_00451,bom_fg_0051,bom_fg_0051_line_01,rm_0251,piece,1000,0.5,5228.01
production_order_2026_00451,bom_fg_0051,bom_fg_0051_line_02,rm_0268,kg,1000,1.0,5478.0885
production_order_2026_00451,bom_fg_0051,bom_fg_0051_line_03,rm_0285,kg,1000,1.5,295.0605
production_order_2026_00451,bom_fg_0051,bom_fg_0051_line_04,rm_0302,kg,1000,2.0,522.801
production_order_2026_00451,bom_fg_0051,bom_fg_0051_line_05,rm_0009,kg,1000,0.0,734.4
production_order_2026_00452,bom_fg_0052,bom_fg_0052_line_01,rm_0256,piece,1000,0.5,5423.372955
production_order_2026_00452,bom_fg_0052,bom_fg_0052_line_02,rm_0273,kg,1000,1.0,5678.43614
production_order_2026_00452,bom_fg_0052,bom_fg_0052_line_03,rm_0290,litre,1000,1.5,403.094055
production_order_2026_00452,bom_fg_0052,bom_fg_0052_line_04,rm_0307,piece,1000,2.0,635.4192
production_order_2026_00452,bom_fg_0052,bom_fg_0052_line_05,rm_0014,kg,1000,0.0,848.783
production_order_2026_00453,bom_fg_0053,bom_fg_0053_line_01,rm_0261,kg,1000,0.5,5622.31572
production_order_2026_00453,bom_fg_0053,bom_fg_0053_line_02,rm_0278,kg,1000,1.0,280.1134
production_order_2026_00453,bom_fg_0053,bom_fg_0053_line_03,rm_0295,kg,1000,1.5,514.74304
production_order_2026_00453,bom_fg_0053,bom_fg_0053_line_04,rm_0002,kg,1000,2.0,751.67064
production_order_2026_00453,bom_fg_0053,bom_fg_0053_line_05,rm_0019,kg,1000,0.0,966.728
production_order_2026_00454,bom_fg_0054,bom_fg_0054_line_01,rm_0266,kg,1000,0.5,5824.838295
production_order_2026_00454,bom_fg_0054,bom_fg_0054_line_02,rm_0283,kg,1000,1.0,390.79728
production_order_2026_00454,bom_fg_0054,bom_fg_0054_line_03,rm_0300,kg,1000,1.5,630.007455
production_order_2026_00454,bom_fg_0054,bom_fg_0054_line_04,rm_0007,kg,1000,2.0,871.55532
production_order_2026_00454,bom_fg_0054,bom_fg_0054_line_05,rm_0024,kg,1000,0.0,1088.235
production_order_2026_00455,bom_fg_0055,bom_fg_0055_line_01,rm_0271,kg,1000,0.5,263.64768
production_order_2026_00455,bom_fg_0055,bom_fg_0055_line_02,rm_0288,kg,1000,1.0,505.07878
production_order_2026_00455,bom_fg_0055,bom_fg_0055_line_03,rm_0305,piece,1000,1.5,748.8873
production_order_2026_00455,bom_fg_0055,bom_fg_0055_line_04,rm_0012,kg,1000,2.0,995.07324
production_order_2026_00455,bom_fg_0055,bom_fg_0055_line_05,rm_0029,kg,1000,0.0,1213.304
production_order_2026_00456,bom_fg_0056,bom_fg_0056_line_01,rm_0276,kg,1000,0.5,376.950375
production_order_2026_00456,bom_fg_0056,bom_fg_0056_line_02,rm_0293,litre,1000,1.0,622.9579
production_order_2026_00456,bom_fg_0056,bom_fg_0056_line_03,rm_0310,piece,1000,1.5,871.382575
production_order_2026_00456,bom_fg_0056,bom_fg_0056_line_04,rm_0017,kg,1000,2.0,1122.2244
production_order_2026_00456,bom_fg_0056,bom_fg_0056_line_05,rm_0034,litre,1000,0.0,1341.935
production_order_2026_00457,bom_fg_0057,bom_fg_0057_line_01,rm_0281,kg,1000,0.5,493.83288
production_order_2026_00457,bom_fg_0057,bom_fg_0057_line_02,rm_0298,kg,1000,1.0,744.43464
production_order_2026_00457,bom_fg_0057,bom_fg_0057_line_03,rm_0005,kg,1000,1.5,997.49328
production_order_2026_00457,bom_fg_0057,bom_fg_0057_line_04,rm_0022,kg,1000,2.0,1253.0088
production_order_2026_00457,bom_fg_0057,bom_fg_0057_line_05,rm_0039,kg,1000,0.0,1474.128
production_order_2026_00458,bom_fg_0058,bom_fg_0058_line_01,rm_0286,kg,1000,0.5,614.295195
production_order_2026_00458,bom_fg_0058,bom_fg_0058_line_02,rm_0303,kg,1000,1.0,869.509
production_order_2026_00458,bom_fg_0058,bom_fg_0058_line_03,rm_0010,kg,1000,1.5,1127.219415
production_order_2026_00458,bom_fg_0058,bom_fg_0058_line_04,rm_0027,kg,1000,2.0,1387.42644
production_order_2026_00458,bom_fg_0058,bom_fg_0058_line_05,rm_0044,kg,1000,0.0,1609.883
production_order_2026_00459,bom_fg_0059,bom_fg_0059_line_01,rm_0291,litre,1000,0.5,738.33732
production_order_2026_00459,bom_fg_0059,bom_fg_0059_line_02,rm_0308,piece,1000,1.0,998.18098
production_order_2026_00459,bom_fg_0059,bom_fg_0059_line_03,rm_0015,kg,1000,1.5,1260.56098
production_order_2026_00459,bom_fg_0059,bom_fg_0059_line_04,rm_0032,kg,1000,2.0,1525.47732
production_order_2026_00459,bom_fg_0059,bom_fg_0059_line_05,rm_0049,piece,1000,0.0,1749.2
production_order_2026_00460,bom_fg_0060,bom_fg_0060_line_01,rm_0296,kg,1000,0.5,865.959255
production_order_2026_00460,bom_fg_0060,bom_fg_0060_line_02,rm_0003,kg,1000,1.0,1130.45058
production_order_2026_00460,bom_fg_0060,bom_fg_0060_line_03,rm_0020,kg,1000,1.5,1397.517975
production_order_2026_00460,bom_fg_0060,bom_fg_0060_line_04,rm_0037,litre,1000,2.0,1667.16144
production_order_2026_00460,bom_fg_0060,bom_fg_0060_line_05,rm_0054,piece,1000,0.0,1892.079
production_order_2026_00461,bom_fg_0061,bom_fg_0061_line_01,rm_0301,kg,1000,0.5,997.161
production_order_2026_00461,bom_fg_0061,bom_fg_0061_line_02,rm_0008,litre,1000,1.0,1266.3178
production_order_2026_00461,bom_fg_0061,bom_fg_0061_line_03,rm_0025,kg,1000,1.5,1538.0904
production_order_2026_00461,bom_fg_0061,bom_fg_0061_line_04,rm_0042,kg,1000,2.0,1812.4788
production_order_2026_00461,bom_fg_0061,bom_fg_0061_line_05,rm_0059,piece,1000,0.0,2038.52
production_order_2026_00462,bom_fg_0062,bom_fg_0062_line_01,rm_0306,piece,1000,0.5,1131.942555
production_order_2026_00462,bom_fg_0062,bom_fg_0062_line_02,rm_0013,litre,1000,1.0,1405.78264
production_order_2026_00462,bom_fg_0062,bom_fg_0062_line_03,rm_0030,kg,1000,1.5,1682.278255
production_order_2026_00462,bom_fg_0062,bom_fg_0062_line_04,rm_0047,kg,1000,2.0,1961.4294
production_order_2026_00462,bom_fg_0062,bom_fg_0062_line_05,rm_0064,piece,1000,0.0,2188.523
production_order_2026_00463,bom_fg_0063,bom_fg_0063_line_01,rm_0001,litre,1000,0.5,1270.30392
production_order_2026_00463,bom_fg_0063,bom_fg_0063_line_02,rm_0018,kg,1000,1.0,1548.8451
production_order_2026_00463,bom_fg_0063,bom_fg_0063_line_03,rm_0035,litre,1000,1.5,1830.08154
production_order_2026_00463,bom_fg_0063,bom_fg_0063_line_04,rm_0052,piece,1000,2.0,2114.01324
production_order_2026_00463,bom_fg_0063,bom_fg_0063_line_05,rm_0069,kg,1000,0.0,2342.088
production_order_2026_00464,bom_fg_0064,bom_fg_0064_line_01,rm_0006,kg,1000,0.5,1412.245095
production_order_2026_00464,bom_fg_0064,bom_fg_0064_line_02,rm_0023,kg,1000,1.0,1695.50518
production_order_2026_00464,bom_fg_0064,bom_fg_0064_line_03,rm_0040,kg,1000,1.5,1981.500255
production_order_2026_00464,bom_fg_0064,bom_fg_0064_line_04,rm_0057,piece,1000,2.0,2270.23032
production_order_2026_00464,bom_fg_0064,bom_fg_0064_line_05,rm_0074,kg,1000,0.0,2499.215
production_order_2026_00465,bom_fg_0065,bom_fg_0065_line_01,rm_0011,kg,1000,0.5,1557.76608
production_order_2026_00465,bom_fg_0065,bom_fg_0065_line_02,rm_0028,kg,1000,1.0,1845.76288
production_order_2026_00465,bom_fg_0065,bom_fg_0065_line_03,rm_0045,kg,1000,1.5,2136.5344
production_order_2026_00465,bom_fg_0065,bom_fg_0065_line_04,rm_0062,piece,1000,2.0,2430.08064
production_order_2026_00465,bom_fg_0065,bom_fg_0065_line_05,rm_0079,kg,1000,0.0,2659.904
production_order_2026_00466,bom_fg_0066,bom_fg_0066_line_01,rm_0016,kg,1000,0.5,1706.866875
production_order_2026_00466,bom_fg_0066,bom_fg_0066_line_02,rm_0033,litre,1000,1.0,1999.6182
production_order_2026_00466,bom_fg_0066,bom_fg_0066_line_03,rm_0050,piece,1000,1.5,2295.183975
production_order_2026_00466,bom_fg_0066,bom_fg_0066_line_04,rm_0067,kg,1000,2.0,2593.5642
production_order_2026_00466,bom_fg_0066,bom_fg_0066_line_05,rm_0084,kg,1000,0.0,2824.155
production_order_2026_00467,bom_fg_0067,bom_fg_0067_line_01,rm_0021,kg,1000,0.5,1859.54748
production_order_2026_00467,bom_fg_0067,bom_fg_0067_line_02,rm_0038,litre,1000,1.0,2157.07114
production_order_2026_00467,bom_fg_0067,bom_fg_0067_line_03,rm_0055,piece,1000,1.5,2457.44898
production_order_2026_00467,bom_fg_0067,bom_fg_0067_line_04,rm_0072,litre,1000,2.0,2760.681
production_order_2026_00467,bom_fg_0067,bom_fg_0067_line_05,rm_0089,kg,1000,0.0,2991.968
production_order_2026_00468,bom_fg_0068,bom_fg_0068_line_01,rm_0026,kg,1000,0.5,2015.807895
production_order_2026_00468,bom_fg_0068,bom_fg_0068_line_02,rm_0043,kg,1000,1.0,2318.1217
production_order_2026_00468,bom_fg_0068,bom_fg_0068_line_03,rm_0060,piece,1000,1.5,2623.329415
production_order_2026_00468,bom_fg_0068,bom_fg_0068_line_04,rm_0077,litre,1000,2.0,2931.43104
production_order_2026_00468,bom_fg_0068,bom_fg_0068_line_05,rm_0094,kg,1000,0.0,3163.343
production_order_2026_00469,bom_fg_0069,bom_fg_0069_line_01,rm_0031,kg,1000,0.5,455.08812
production_order_2026_00469,bom_fg_0069,bom_fg_0069_line_02,rm_0048,kg,1000,1.0,519.32988
production_order_2026_00469,bom_fg_0069,bom_fg_0069_line_03,rm_0065,litre,1000,1.5,584.18528
production_order_2026_00469,bom_fg_0069,bom_fg_0069_line_04,rm_0082,kg,1000,2.0,649.65432
production_order_2026_00469,bom_fg_0069,bom_fg_0069_line_05,rm_0099,litre,1000,0.0,698.28
production_order_2026_00470,bom_fg_0070,bom_fg_0070_line_01,rm_0036,litre,1000,0.5,513.988155
production_order_2026_00470,bom_fg_0070,bom_fg_0070_line_02,rm_0053,piece,1000,1.0,582.53568
production_order_2026_00470,bom_fg_0070,bom_fg_0070_line_03,rm_0070,kg,1000,1.5,651.736575
production_order_2026_00470,bom_fg_0070,bom_fg_0070_line_04,rm_0087,kg,1000,2.0,721.59084
production_order_2026_00470,bom_fg_0070,bom_fg_0070_line_05,rm_0104,kg,1000,0.0,772.779
production_order_2026_00471,bom_fg_0071,bom_fg_0071_line_01,rm_0041,kg,1000,0.5,576.468
production_order_2026_00471,bom_fg_0071,bom_fg_0071_line_02,rm_0058,kg,1000,1.0,649.3391
production_order_2026_00471,bom_fg_0071,bom_fg_0071_line_03,rm_0075,kg,1000,1.5,722.9033
production_order_2026_00471,bom_fg_0071,bom_fg_0071_line_04,rm_0092,kg,1000,2.0,797.1606
production_order_2026_00471,bom_fg_0071,bom_fg_0071_line_05,rm_0109,kg,1000,0.0,850.84
production_order_2026_00472,bom_fg_0072,bom_fg_0072_line_01,rm_0046,kg,1000,0.5,642.527655
production_order_2026_00472,bom_fg_0072,bom_fg_0072_line_02,rm_0063,piece,1000,1.0,719.74014
production_order_2026_00472,bom_fg_0072,bom_fg_0072_line_03,rm_0080,kg,1000,1.5,797.685455
production_order_2026_00472,bom_fg_0072,bom_fg_0072_line_04,rm_0097,litre,1000,2.0,876.3636
production_order_2026_00472,bom_fg_0072,bom_fg_0072_line_05,rm_0114,piece,1000,0.0,932.463
production_order_2026_00473,bom_fg_0073,bom_fg_0073_line_01,rm_0051,piece,1000,0.5,712.16712
production_order_2026_00473,bom_fg_0073,bom_fg_0073_line_02,rm_0068,kg,1000,1.0,793.7388
production_order_2026_00473,bom_fg_0073,bom_fg_0073_line_03,rm_0085,kg,1000,1.5,876.08304
production_order_2026_00473,bom_fg_0073,bom_fg_0073_line_04,rm_0102,litre,1000,2.0,959.19984
production_order_2026_00473,bom_fg_0073,bom_fg_0073_line_05,rm_0119,piece,1000,0.0,1017.648
production_order_2026_00474,bom_fg_0074,bom_fg_0074_line_01,rm_0056,piece,1000,0.5,785.386395
production_order_2026_00474,bom_fg_0074,bom_fg_0074_line_02,rm_0073,kg,1000,1.0,871.33508
production_order_2026_00474,bom_fg_0074,bom_fg_0074_line_03,rm_0090,kg,1000,1.5,958.096055
production_order_2026_00474,bom_fg_0074,bom_fg_0074_line_04,rm_0107,kg,1000,2.0,1045.66932
production_order_2026_00474,bom_fg_0074,bom_fg_0074_line_05,rm_0124,piece,1000,0.0,1106.395
production_order_2026_00475,bom_fg_0075,bom_fg_0075_line_01,rm_0061,piece,1000,0.5,862.18548
production_order_2026_00475,bom_fg_0075,bom_fg_0075_line_02,rm_0078,kg,1000,1.0,952.52898
production_order_2026_00475,bom_fg_0075,bom_fg_0075_line_03,rm_0095,kg,1000,1.5,1043.7245
production_order_2026_00475,bom_fg_0075,bom_fg_0075_line_04,rm_0112,kg,1000,2.0,1135.77204
production_order_2026_00475,bom_fg_0075,bom_fg_0075_line_05,rm_0129,litre,1000,0.0,1198.704
production_order_2026_00476,bom_fg_0076,bom_fg_0076_line_01,rm_0066,kg,1000,0.5,942.564375
production_order_2026_00476,bom_fg_0076,bom_fg_0076_line_02,rm_0083,kg,1000,1.0,1037.3205
production_order_2026_00476,bom_fg_0076,bom_fg_0076_line_03,rm_0100,litre,1000,1.5,1132.968375
production_order_2026_00476,bom_fg_0076,bom_fg_0076_line_04,rm_0117,piece,1000,2.0,1229.508
production_order_2026_00476,bom_fg_0076,bom_fg_0076_line_05,rm_0134,kg,1000,0.0,1294.575
production_order_2026_00477,bom_fg_0077,bom_fg_0077_line_01,rm_0071,kg,1000,0.5,1026.52308
production_order_2026_00477,bom_fg_0077,bom_fg_0077_line_02,rm_0088,kg,1000,1.0,1125.70964
production_order_2026_00477,bom_fg_0077,bom_fg_0077_line_03,rm_0105,kg,1000,1.5,1225.82768
production_order_2026_00477,bom_fg_0077,bom_fg_0077_line_04,rm_0122,kg,1000,2.0,1326.8772
production_order_2026_00477,bom_fg_0077,bom_fg_0077_line_05,rm_0139,kg,1000,0.0,1394.008
production_order_2026_00478,bom_fg_0078,bom_fg_0078_line_01,rm_0076,kg,1000,0.5,1114.061595
production_order_2026_00478,bom_fg_0078,bom_fg_0078_line_02,rm_0093,kg,1000,1.0,1217.6964
production_order_2026_00478,bom_fg_0078,bom_fg_0078_line_03,rm_0110,kg,1000,1.5,1322.302415
production_order_2026_00478,bom_fg_0078,bom_fg_0078_line_04,rm_0127,piece,1000,2.0,1427.87964
production_order_2026_00478,bom_fg_0078,bom_fg_0078_line_05,rm_0144,kg,1000,0.0,1497.003
production_order_2026_00479,bom_fg_0079,bom_fg_0079_line_01,rm_0081,kg,1000,0.5,1205.17992
production_order_2026_00479,bom_fg_0079,bom_fg_0079_line_02,rm_0098,litre,1000,1.0,1313.28078
production_order_2026_00479,bom_fg_0079,bom_fg_0079_line_03,rm_0115,piece,1000,1.5,1422.39258
production_order_2026_00479,bom_fg_0079,bom_fg_0079_line_04,rm_0132,kg,1000,2.0,1532.51532
production_order_2026_00479,bom_fg_0079,bom_fg_0079_line_05,rm_0149,kg,1000,0.0,1603.56
production_order_2026_00480,bom_fg_0080,bom_fg_0080_line_01,rm_0086,kg,1000,0.5,1299.878055
production_order_2026_00480,bom_fg_0080,bom_fg_0080_line_02,rm_0103,kg,1000,1.0,1412.46278
production_order_2026_00480,bom_fg_0080,bom_fg_0080_line_03,rm_0120,piece,1000,1.5,1526.098175
production_order_2026_00480,bom_fg_0080,bom_fg_0080_line_04,rm_0137,kg,1000,2.0,1640.78424
production_order_2026_00480,bom_fg_0080,bom_fg_0080_line_05,rm_0154,kg,1000,0.0,1713.679
production_order_2026_00481,bom_fg_0081,bom_fg_0081_line_01,rm_0091,kg,1000,0.5,1398.156
production_order_2026_00481,bom_fg_0081,bom_fg_0081_line_02,rm_0108,kg,1000,1.0,1515.2424
production_order_2026_00481,bom_fg_0081,bom_fg_0081_line_03,rm_0125,piece,1000,1.5,1633.4192
production_order_2026_00481,bom_fg_0081,bom_fg_0081_line_04,rm_0142,kg,1000,2.0,1752.6864
production_order_2026_00481,bom_fg_0081,bom_fg_0081_line_05,rm_0159,kg,1000,0.0,1827.36
production_order_2026_00482,bom_fg_0082,bom_fg_0082_line_01,rm_0096,kg,1000,0.5,1500.013755
production_order_2026_00482,bom_fg_0082,bom_fg_0082_line_02,rm_0113,piece,1000,1.0,1621.61964
production_order_2026_00482,bom_fg_0082,bom_fg_0082_line_03,rm_0130,kg,1000,1.5,1744.355655
production_order_2026_00482,bom_fg_0082,bom_fg_0082_line_04,rm_0147,kg,1000,2.0,1868.2218
production_order_2026_00482,bom_fg_0082,bom_fg_0082_line_05,rm_0164,litre,1000,0.0,1944.603
production_order_2026_00483,bom_fg_0083,bom_fg_0083_line_01,rm_0101,litre,1000,0.5,1605.45132
production_order_2026_00483,bom_fg_0083,bom_fg_0083_line_02,rm_0118,piece,1000,1.0,1731.5945
production_order_2026_00483,bom_fg_0083,bom_fg_0083_line_03,rm_0135,kg,1000,1.5,1858.90754
production_order_2026_00483,bom_fg_0083,bom_fg_0083_line_04,rm_0152,kg,1000,2.0,1987.39044
production_order_2026_00483,bom_fg_0083,bom_fg_0083_line_05,rm_0169,kg,1000,0.0,2065.408
production_order_2026_00484,bom_fg_0084,bom_fg_0084_line_01,rm_0106,kg,1000,0.5,1714.468695
production_order_2026_00484,bom_fg_0084,bom_fg_0084_line_02,rm_0123,piece,1000,1.0,1845.16698
production_order_2026_00484,bom_fg_0084,bom_fg_0084_line_03,rm_0140,kg,1000,1.5,1977.074855
production_order_2026_00484,bom_fg_0084,bom_fg_0084_line_04,rm_0157,kg,1000,2.0,2110.19232
production_order_2026_00484,bom_fg_0084,bom_fg_0084_line_05,rm_0174,kg,1000,0.0,2189.775
production_order_2026_00485,bom_fg_0085,bom_fg_0085_line_01,rm_0111,kg,1000,0.5,1827.06588
production_order_2026_00485,bom_fg_0085,bom_fg_0085_line_02,rm_0128,piece,1000,1.0,1962.33708
production_order_2026_00485,bom_fg_0085,bom_fg_0085_line_03,rm_0145,kg,1000,1.5,2098.8576
production_order_2026_00485,bom_fg_0085,bom_fg_0085_line_04,rm_0162,litre,1000,2.0,2236.62744
production_order_2026_00485,bom_fg_0085,bom_fg_0085_line_05,rm_0179,piece,1000,0.0,2317.704
production_order_2026_00486,bom_fg_0086,bom_fg_0086_line_01,rm_0116,piece,1000,0.5,1943.242875
production_order_2026_00486,bom_fg_0086,bom_fg_0086_line_02,rm_0133,kg,1000,1.0,2083.1048
production_order_2026_00486,bom_fg_0086,bom_fg_0086_line_03,rm_0150,kg,1000,1.5,2224.255775
production_order_2026_00486,bom_fg_0086,bom_fg_0086_line_04,rm_0167,kg,1000,2.0,2366.6958
production_order_2026_00486,bom_fg_0086,bom_fg_0086_line_05,rm_0184,piece,1000,0.0,2449.195
production_order_2026_00487,bom_fg_0087,bom_fg_0087_line_01,rm_0121,piece,1000,0.5,2062.99968
production_order_2026_00487,bom_fg_0087,bom_fg_0087_line_02,rm_0138,kg,1000,1.0,2207.47014
production_order_2026_00487,bom_fg_0087,bom_fg_0087_line_03,rm_0155,kg,1000,1.5,2353.26938
production_order_2026_00487,bom_fg_0087,bom_fg_0087_line_04,rm_0172,kg,1000,2.0,2500.3974
production_order_2026_00487,bom_fg_0087,bom_fg_0087_line_05,rm_0189,piece,1000,0.0,2584.248
production_order_2026_00488,bom_fg_0088,bom_fg_0088_line_01,rm_0126,piece,1000,0.5,2186.336295
production_order_2026_00488,bom_fg_0088,bom_fg_0088_line_02,rm_0143,kg,1000,1.0,2335.4331
production_order_2026_00488,bom_fg_0088,bom_fg_0088_line_03,rm_0160,kg,1000,1.5,2485.898415
production_order_2026_00488,bom_fg_0088,bom_fg_0088_line_04,rm_0177,piece,1000,2.0,2637.73224
production_order_2026_00488,bom_fg_0088,bom_fg_0088_line_05,rm_0194,kg,1000,0.0,2722.863
production_order_2026_00489,bom_fg_0089,bom_fg_0089_line_01,rm_0131,kg,1000,0.5,2313.25272
production_order_2026_00489,bom_fg_0089,bom_fg_0089_line_02,rm_0148,kg,1000,1.0,2466.99368
production_order_2026_00489,bom_fg_0089,bom_fg_0089_line_03,rm_0165,litre,1000,1.5,2622.14288
production_order_2026_00489,bom_fg_0089,bom_fg_0089_line_04,rm_0182,piece,1000,2.0,2778.70032
production_order_2026_00489,bom_fg_0089,bom_fg_0089_line_05,rm_0199,kg,1000,0.0,2865.04
production_order_2026_00490,bom_fg_0090,bom_fg_0090_line_01,rm_0136,litre,1000,0.5,2443.748955
production_order_2026_00490,bom_fg_0090,bom_fg_0090_line_02,rm_0153,kg,1000,1.0,2602.15188
production_order_2026_00490,bom_fg_0090,bom_fg_0090_line_03,rm_0170,kg,1000,1.5,2762.002775
production_order_2026_00490,bom_fg_0090,bom_fg_0090_line_04,rm_0187,piece,1000,2.0,2923.30164
production_order_2026_00490,bom_fg_0090,bom_fg_0090_line_05,rm_0204,kg,1000,0.0,3010.779
production_order_2026_00491,bom_fg_0091,bom_fg_0091_line_01,rm_0141,litre,1000,0.5,2577.825
production_order_2026_00491,bom_fg_0091,bom_fg_0091_line_02,rm_0158,kg,1000,1.0,2740.9077
production_order_2026_00491,bom_fg_0091,bom_fg_0091_line_03,rm_0175,kg,1000,1.5,2905.4781
production_order_2026_00491,bom_fg_0091,bom_fg_0091_line_04,rm_0192,piece,1000,2.0,3071.5362
production_order_2026_00491,bom_fg_0091,bom_fg_0091_line_05,rm_0209,kg,1000,0.0,3160.08
production_order_2026_00492,bom_fg_0092,bom_fg_0092_line_01,rm_0146,kg,1000,0.5,2715.480855
production_order_2026_00492,bom_fg_0092,bom_fg_0092_line_02,rm_0163,litre,1000,1.0,2883.26114
production_order_2026_00492,bom_fg_0092,bom_fg_0092_line_03,rm_0180,piece,1000,1.5,3052.568855
production_order_2026_00492,bom_fg_0092,bom_fg_0092_line_04,rm_0197,kg,1000,2.0,3223.404
production_order_2026_00492,bom_fg_0092,bom_fg_0092_line_05,rm_0214,kg,1000,0.0,3312.943
production_order_2026_00493,bom_fg_0093,bom_fg_0093_line_01,rm_0151,kg,1000,0.5,2856.71652
production_order_2026_00493,bom_fg_0093,bom_fg_0093_line_02,rm_0168,kg,1000,1.0,3029.2122
production_order_2026_00493,bom_fg_0093,bom_fg_0093_line_03,rm_0185,piece,1000,1.5,3203.27504
production_order_2026_00493,bom_fg_0093,bom_fg_0093_line_04,rm_0202,kg,1000,2.0,3378.90504
production_order_2026_00493,bom_fg_0093,bom_fg_0093_line_05,rm_0219,kg,1000,0.0,3469.368
production_order_2026_00494,bom_fg_0094,bom_fg_0094_line_01,rm_0156,kg,1000,0.5,3001.531995
production_order_2026_00494,bom_fg_0094,bom_fg_0094_line_02,rm_0173,kg,1000,1.0,3178.76088
production_order_2026_00494,bom_fg_0094,bom_fg_0094_line_03,rm_0190,piece,1000,1.5,3357.596655
production_order_2026_00494,bom_fg_0094,bom_fg_0094_line_04,rm_0207,kg,1000,2.0,3538.03932
production_order_2026_00494,bom_fg_0094,bom_fg_0094_line_05,rm_0224,kg,1000,0.0,3629.355
production_order_2026_00495,bom_fg_0095,bom_fg_0095_line_01,rm_0161,litre,1000,0.5,3149.92728
production_order_2026_00495,bom_fg_0095,bom_fg_0095_line_02,rm_0178,piece,1000,1.0,3331.90718
production_order_2026_00495,bom_fg_0095,bom_fg_0095_line_03,rm_0195,kg,1000,1.5,3515.5337
production_order_2026_00495,bom_fg_0095,bom_fg_0095_line_04,rm_0212,kg,1000,2.0,3700.80684
production_order_2026_00495,bom_fg_0095,bom_fg_0095_line_05,rm_0229,litre,1000,0.0,3792.904
production_order_2026_00496,bom_fg_0096,bom_fg_0096_line_01,rm_0166,litre,1000,0.5,3301.902375
production_order_2026_00496,bom_fg_0096,bom_fg_0096_line_02,rm_0183,piece,1000,1.0,3488.6511
production_order_2026_00496,bom_fg_0096,bom_fg_0096_line_03,rm_0200,litre,1000,1.5,3677.086175
production_order_2026_00496,bom_fg_0096,bom_fg_0096_line_04,rm_0217,kg,1000,2.0,3867.2076
production_order_2026_00496,bom_fg_0096,bom_fg_0096_line_05,rm_0234,kg,1000,0.0,3960.015
production_order_2026_00497,bom_fg_0097,bom_fg_0097_line_01,rm_0171,kg,1000,0.5,3457.45728
production_order_2026_00497,bom_fg_0097,bom_fg_0097_line_02,rm_0188,piece,1000,1.0,3648.99264
production_order_2026_00497,bom_fg_0097,bom_fg_0097_line_03,rm_0205,litre,1000,1.5,3842.25408
production_order_2026_00497,bom_fg_0097,bom_fg_0097_line_04,rm_0222,kg,1000,2.0,4037.2416
production_order_2026_00497,bom_fg_0097,bom_fg_0097_line_05,rm_0239,kg,1000,0.0,4130.688
production_order_2026_00498,bom_fg_0098,bom_fg_0098_line_01,rm_0176,kg,1000,0.5,3616.591995
production_order_2026_00498,bom_fg_0098,bom_fg_0098_line_02,rm_0193,litre,1000,1.0,3812.9318
production_order_2026_00498,bom_fg_0098,bom_fg_0098_line_03,rm_0210,kg,1000,1.5,4011.037415
production_order_2026_00498,bom_fg_0098,bom_fg_0098_line_04,rm_0227,litre,1000,2.0,4210.90884
production_order_2026_00498,bom_fg_0098,bom_fg_0098_line_05,rm_0244,piece,1000,0.0,4304.923
production_order_2026_00499,bom_fg_0099,bom_fg_0099_line_01,rm_0181,piece,1000,0.5,3779.30652
production_order_2026_00499,bom_fg_0099,bom_fg_0099_line_02,rm_0198,kg,1000,1.0,3980.46858
production_order_2026_00499,bom_fg_0099,bom_fg_0099_line_03,rm_0215,kg,1000,1.5,4183.43618
production_order_2026_00499,bom_fg_0099,bom_fg_0099_line_04,rm_0232,kg,1000,2.0,4388.20932
production_order_2026_00499,bom_fg_0099,bom_fg_0099_line_05,rm_0249,piece,1000,0.0,4482.72
production_order_2026_00500,bom_fg_0100,bom_fg_0100_line_01,rm_0186,kg,1000,0.5,3945.600855
production_order_2026_00500,bom_fg_0100,bom_fg_0100_line_02,rm_0203,kg,1000,1.0,4151.60298
production_order_2026_00500,bom_fg_0100,bom_fg_0100_line_03,rm_0220,kg,1000,1.5,4359.450375
production_order_2026_00500,bom_fg_0100,bom_fg_0100_line_04,rm_0237,kg,1000,2.0,4569.14304
production_order_2026_00500,bom_fg_0100,bom_fg_0100_line_05,rm_0254,piece,1000,0.0,209.979
production_order_2026_00501,bom_fg_0001,bom_fg_0001_line_01,rm_0001,litre,1000,0.5,195.975
production_order_2026_00501,bom_fg_0001,bom_fg_0001_line_02,rm_0018,kg,1000,1.0,387.335
production_order_2026_00501,bom_fg_0001,bom_fg_0001_line_03,rm_0035,litre,1000,1.5,580.58
production_order_2026_00501,bom_fg_0001,bom_fg_0001_line_04,rm_0052,piece,1000,2.0,775.71
production_order_2026_00501,bom_fg_0001,bom_fg_0001_line_05,rm_0069,kg,1000,0.0,949.0
production_order_2026_00502,bom_fg_0002,bom_fg_0002_line_01,rm_0006,kg,1000,0.5,286.817955
production_order_2026_00502,bom_fg_0002,bom_fg_0002_line_02,rm_0023,kg,1000,1.0,482.64264
production_order_2026_00502,bom_fg_0002,bom_fg_0002_line_03,rm_0040,kg,1000,1.5,680.392055
production_order_2026_00502,bom_fg_0002,bom_fg_0002_line_04,rm_0057,piece,1000,2.0,880.0662
production_order_2026_00502,bom_fg_0002,bom_fg_0002_line_05,rm_0074,kg,1000,0.0,1055.283
production_order_2026_00503,bom_fg_0003,bom_fg_0003_line_01,rm_0011,kg,1000,0.5,381.24072
production_order_2026_00503,bom_fg_0003,bom_fg_0003_line_02,rm_0028,kg,1000,1.0,581.5479
production_order_2026_00503,bom_fg_0003,bom_fg_0003_line_03,rm_0045,kg,1000,1.5,783.81954
production_order_2026_00503,bom_fg_0003,bom_fg_0003_line_04,rm_0062,piece,1000,2.0,988.05564
production_order_2026_00503,bom_fg_0003,bom_fg_0003_line_05,rm_0079,kg,1000,0.0,1165.128
production_order_2026_00504,bom_fg_0004,bom_fg_0004_line_01,rm_0016,kg,1000,0.5,479.243295
production_order_2026_00504,bom_fg_0004,bom_fg_0004_line_02,rm_0033,litre,1000,1.0,684.05078
production_order_2026_00504,bom_fg_0004,bom_fg_0004_line_03,rm_0050,piece,1000,1.5,890.862455
production_order_2026_00504,bom_fg_0004,bom_fg_0004_line_04,rm_0067,kg,1000,2.0,1099.67832
production_order_2026_00504,bom_fg_0004,bom_fg_0004_line_05,rm_0084,kg,1000,0.0,1278.535
production_order_2026_00505,bom_fg_0005,bom_fg_0005_line_01,rm_0021,kg,1000,0.5,580.82568
production_order_2026_00505,bom_fg_0005,bom_fg_0005_line_02,rm_0038,litre,1000,1.0,790.15128
production_order_2026_00505,bom_fg_0005,bom_fg_0005_line_03,rm_0055,piece,1000,1.5,1001.5208
production_order_2026_00505,bom_fg_0005,bom_fg_0005_line_04,rm_0072,litre,1000,2.0,1214.93424
production_order_2026_00505,bom_fg_0005,bom_fg_0005_line_05,rm_0089,kg,1000,0.0,1395.504
production_order_2026_00506,bom_fg_0006,bom_fg_0006_line_01,rm_0026,kg,1000,0.5,685.987875
production_order_2026_00506,bom_fg_0006,bom_fg_0006_line_02,rm_0043,kg,1000,1.0,899.8494
production_order_2026_00506,bom_fg_0006,bom_fg_0006_line_03,rm_0060,piece,1000,1.5,1115.794575
production_order_2026_00506,bom_fg_0006,bom_fg_0006_line_04,rm_0077,litre,1000,2.0,1333.8234
production_order_2026_00506,bom_fg_0006,bom_fg_0006_line_05,rm_0094,kg,1000,0.0,1516.035
production_order_2026_00507,bom_fg_0007,bom_fg_0007_line_01,rm_0031,kg,1000,0.5,794.72988
production_order_2026_00507,bom_fg_0007,bom_fg_0007_line_02,rm_0048,kg,1000,1.0,1013.14514
production_order_2026_00507,bom_fg_0007,bom_fg_0007_line_03,rm_0065,litre,1000,1.5,1233.68378
production_order_2026_00507,bom_fg_0007,bom_fg_0007_line_04,rm_0082,kg,1000,2.0,1456.3458
production_order_2026_00507,bom_fg_0007,bom_fg_0007_line_05,rm_0099,litre,1000,0.0,1640.128
production_order_2026_00508,bom_fg_0008,bom_fg_0008_line_01,rm_0036,litre,1000,0.5,907.051695
production_order_2026_00508,bom_fg_0008,bom_fg_0008_line_02,rm_0053,piece,1000,1.0,1130.0385
production_order_2026_00508,bom_fg_0008,bom_fg_0008_line_03,rm_0070,kg,1000,1.5,1355.188415
production_order_2026_00508,bom_fg_0008,bom_fg_0008_line_04,rm_0087,kg,1000,2.0,1582.50144
production_order_2026_00508,bom_fg_0008,bom_fg_0008_line_05,rm_0104,kg,1000,0.0,1767.783
production_order_2026_00509,bom_fg_0009,bom_fg_0009_line_01,rm_0041,kg,1000,0.5,1022.95332
production_order_2026_00509,bom_fg_0009,bom_fg_0009_line_02,rm_0058,kg,1000,1.0,1250.52948
production_order_2026_00509,bom_fg_0009,bom_fg_0009_line_03,rm_0075,kg,1000,1.5,1480.30848
production_order_2026_00509,bom_fg_0009,bom_fg_0009_line_04,rm_0092,kg,1000,2.0,1712.29032
production_order_2026_00509,bom_fg_0009,bom_fg_0009_line_05,rm_0109,kg,1000,0.0,1899.0
production_order_2026_00510,bom_fg_0010,bom_fg_0010_line_01,rm_0046,kg,1000,0.5,1142.434755
production_order_2026_00510,bom_fg_0010,bom_fg_0010_line_02,rm_0063,piece,1000,1.0,1374.61808
production_order_2026_00510,bom_fg_0010,bom_fg_0010_line_03,rm_0080,kg,1000,1.5,1609.043975
production_order_2026_00510,bom_fg_0010,bom_fg_0010_line_04,rm_0097,litre,1000,2.0,1845.71244
production_order_2026_00510,bom_fg_0010,bom_fg_0010_line_05,rm_0114,piece,1000,0.0,2033.779
production_order_2026_00511,bom_fg_0011,bom_fg_0011_line_01,rm_0051,piece,1000,0.5,1265.496
production_order_2026_00511,bom_fg_0011,bom_fg_0011_line_02,rm_0068,kg,1000,1.0,1502.3043
production_order_2026_00511,bom_fg_0011,bom_fg_0011_line_03,rm_0085,kg,1000,1.5,1741.3949
production_order_2026_00511,bom_fg_0011,bom_fg_0011_line_04,rm_0102,litre,1000,2.0,1982.7678
production_order_2026_00511,bom_fg_0011,bom_fg_0011_line_05,rm_0119,piece,1000,0.0,2172.12
production_order_2026_00512,bom_fg_0012,bom_fg_0012_line_01,rm_0056,piece,1000,0.5,1392.137055
production_order_2026_00512,bom_fg_0012,bom_fg_0012_line_02,rm_0073,kg,1000,1.0,1633.58814
production_order_2026_00512,bom_fg_0012,bom_fg_0012_line_03,rm_0090,kg,1000,1.5,1877.361255
production_order_2026_00512,bom_fg_0012,bom_fg_0012_line_04,rm_0107,kg,1000,2.0,2123.4564
production_order_2026_00512,bom_fg_0012,bom_fg_0012_line_05,rm_0124,piece,1000,0.0,2314.023
production_order_2026_00513,bom_fg_0013,bom_fg_0013_line_01,rm_0061,piece,1000,0.5,1522.35792
production_order_2026_00513,bom_fg_0013,bom_fg_0013_line_02,rm_0078,kg,1000,1.0,1768.4696
production_order_2026_00513,bom_fg_0013,bom_fg_0013_line_03,rm_0095,kg,1000,1.5,2016.94304
production_order_2026_00513,bom_fg_0013,bom_fg_0013_line_04,rm_0112,kg,1000,2.0,2267.77824
production_order_2026_00513,bom_fg_0013,bom_fg_0013_line_05,rm_0129,litre,1000,0.0,2459.488
production_order_2026_00514,bom_fg_0014,bom_fg_0014_line_01,rm_0066,kg,1000,0.5,1656.158595
production_order_2026_00514,bom_fg_0014,bom_fg_0014_line_02,rm_0083,kg,1000,1.0,1906.94868
production_order_2026_00514,bom_fg_0014,bom_fg_0014_line_03,rm_0100,litre,1000,1.5,2160.140255
production_order_2026_00514,bom_fg_0014,bom_fg_0014_line_04,rm_0117,piece,1000,2.0,2415.73332
production_order_2026_00514,bom_fg_0014,bom_fg_0014_line_05,rm_0134,kg,1000,0.0,2608.515
production_order_2026_00515,bom_fg_0015,bom_fg_0015_line_01,rm_0071,kg,1000,0.5,1793.53908
production_order_2026_00515,bom_fg_0015,bom_fg_0015_line_02,rm_0088,kg,1000,1.0,2049.02538
production_order_2026_00515,bom_fg_0015,bom_fg_0015_line_03,rm_0105,kg,1000,1.5,2306.9529
production_order_2026_00515,bom_fg_0015,bom_fg_0015_line_04,rm_0122,kg,1000,2.0,2567.32164
production_order_2026_00515,bom_fg_0015,bom_fg_0015_line_05,rm_0139,kg,1000,0.0,2761.104
production_order_2026_00516,bom_fg_0016,bom_fg_0016_line_01,rm_0076,kg,1000,0.5,1934.499375
production_order_2026_00516,bom_fg_0016,bom_fg_0016_line_02,rm_0093,kg,1000,1.0,2194.6997
production_order_2026_00516,bom_fg_0016,bom_fg_0016_line_03,rm_0110,kg,1000,1.5,2457.380975
production_order_2026_00516,bom_fg_0016,bom_fg_0016_line_04,rm_0127,piece,1000,2.0,2722.5432
production_order_2026_00516,bom_fg_0016,bom_fg_0016_line_05,rm_0144,kg,1000,0.0,2917.255
production_order_2026_00517,bom_fg_0017,bom_fg_0017_line_01,rm_0081,kg,1000,0.5,2079.03948
production_order_2026_00517,bom_fg_0017,bom_fg_0017_line_02,rm_0098,litre,1000,1.0,2343.97164
production_order_2026_00517,bom_fg_0017,bom_fg_0017_line_03,rm_0115,piece,1000,1.5,2611.42448
production_order_2026_00517,bom_fg_0017,bom_fg_0017_line_04,rm_0132,kg,1000,2.0,2881.398
production_order_2026_00517,bom_fg_0017,bom_fg_0017_line_05,rm_0149,kg,1000,0.0,3076.968
production_order_2026_00518,bom_fg_0018,bom_fg_0018_line_01,rm_0086,kg,1000,0.5,2227.159395
production_order_2026_00518,bom_fg_0018,bom_fg_0018_line_02,rm_0103,kg,1000,1.0,2496.8412
production_order_2026_00518,bom_fg_0018,bom_fg_0018_line_03,rm_0120,piece,1000,1.5,2769.083415
production_order_2026_00518,bom_fg_0018,bom_fg_0018_line_04,rm_0137,kg,1000,2.0,3043.88604
production_order_2026_00518,bom_fg_0018,bom_fg_0018_line_05,rm_0154,kg,1000,0.0,3240.243
production_order_2026_00519,bom_fg_0019,bom_fg_0019_line_01,rm_0091,kg,1000,0.5,2378.85912
production_order_2026_00519,bom_fg_0019,bom_fg_0019_line_02,rm_0108,kg,1000,1.0,2653.30838
production_order_2026_00519,bom_fg_0019,bom_fg_0019_line_03,rm_0125,piece,1000,1.5,2930.35778
production_order_2026_00519,bom_fg_0019,bom_fg_0019_line_04,rm_0142,kg,1000,2.0,3210.00732
production_order_2026_00519,bom_fg_0019,bom_fg_0019_line_05,rm_0159,kg,1000,0.0,3407.08
production_order_2026_00520,bom_fg_0020,bom_fg_0020_line_01,rm_0096,kg,1000,0.5,2534.138655
production_order_2026_00520,bom_fg_0020,bom_fg_0020_line_02,rm_0113,piece,1000,1.0,2813.37318
production_order_2026_00520,bom_fg_0020,bom_fg_0020_line_03,rm_0130,kg,1000,1.5,3095.247575
production_order_2026_00520,bom_fg_0020,bom_fg_0020_line_04,rm_0147,kg,1000,2.0,3379.76184
production_order_2026_00520,bom_fg_0020,bom_fg_0020_line_05,rm_0164,litre,1000,0.0,3577.479
production_order_2026_00521,bom_fg_0021,bom_fg_0021_line_01,rm_0101,litre,1000,0.5,2692.998
production_order_2026_00521,bom_fg_0021,bom_fg_0021_line_02,rm_0118,piece,1000,1.0,2977.0356
production_order_2026_00521,bom_fg_0021,bom_fg_0021_line_03,rm_0135,kg,1000,1.5,3263.7528
production_order_2026_00521,bom_fg_0021,bom_fg_0021_line_04,rm_0152,kg,1000,2.0,3553.1496
production_order_2026_00521,bom_fg_0021,bom_fg_0021_line_05,rm_0169,kg,1000,0.0,3751.44
production_order_2026_00522,bom_fg_0022,bom_fg_0022_line_01,rm_0106,kg,1000,0.5,2855.437155
production_order_2026_00522,bom_fg_0022,bom_fg_0022_line_02,rm_0123,piece,1000,1.0,3144.29564
production_order_2026_00522,bom_fg_0022,bom_fg_0022_line_03,rm_0140,kg,1000,1.5,3435.873455
production_order_2026_00522,bom_fg_0022,bom_fg_0022_line_04,rm_0157,kg,1000,2.0,3730.1706
production_order_2026_00522,bom_fg_0022,bom_fg_0022_line_05,rm_0174,kg,1000,0.0,3928.963
production_order_2026_00523,bom_fg_0023,bom_fg_0023_line_01,rm_0111,kg,1000,0.5,3021.45612
production_order_2026_00523,bom_fg_0023,bom_fg_0023_line_02,rm_0128,piece,1000,1.0,3315.1533
production_order_2026_00523,bom_fg_0023,bom_fg_0023_line_03,rm_0145,kg,1000,1.5,3611.60954
production_order_2026_00523,bom_fg_0023,bom_fg_0023_line_04,rm_0162,litre,1000,2.0,3910.82484
production_order_2026_00523,bom_fg_0023,bom_fg_0023_line_05,rm_0179,piece,1000,0.0,4110.048
production_order_2026_00524,bom_fg_0024,bom_fg_0024_line_01,rm_0116,piece,1000,0.5,3191.054895
production_order_2026_00524,bom_fg_0024,bom_fg_0024_line_02,rm_0133,kg,1000,1.0,3489.60858
production_order_2026_00524,bom_fg_0024,bom_fg_0024_line_03,rm_0150,kg,1000,1.5,3790.961055
production_order_2026_00524,bom_fg_0024,bom_fg_0024_line_04,rm_0167,kg,1000,2.0,4095.11232
production_order_2026_00524,bom_fg_0024,bom_fg_0024_line_05,rm_0184,piece,1000,0.0,4294.695
production_order_2026_00525,bom_fg_0025,bom_fg_0025_line_01,rm_0121,piece,1000,0.5,3364.23348
production_order_2026_00525,bom_fg_0025,bom_fg_0025_line_02,rm_0138,kg,1000,1.0,3667.66148
production_order_2026_00525,bom_fg_0025,bom_fg_0025_line_03,rm_0155,kg,1000,1.5,3973.928
production_order_2026_00525,bom_fg_0025,bom_fg_0025_line_04,rm_0172,kg,1000,2.0,4283.03304
production_order_2026_00525,bom_fg_0025,bom_fg_0025_line_05,rm_0189,piece,1000,0.0,4482.904
production_order_2026_00526,bom_fg_0026,bom_fg_0026_line_01,rm_0126,piece,1000,0.5,3540.991875
production_order_2026_00526,bom_fg_0026,bom_fg_0026_line_02,rm_0143,kg,1000,1.0,3849.312
production_order_2026_00526,bom_fg_0026,bom_fg_0026_line_03,rm_0160,kg,1000,1.5,4160.510375
production_order_2026_00526,bom_fg_0026,bom_fg_0026_line_04,rm_0177,piece,1000,2.0,4474.587
production_order_2026_00526,bom_fg_0026,bom_fg_0026_line_05,rm_0194,kg,1000,0.0,4674.675
production_order_2026_00527,bom_fg_0027,bom_fg_0027_line_01,rm_0131,kg,1000,0.5,762.61008
production_order_2026_00527,bom_fg_0027,bom_fg_0027_line_02,rm_0148,kg,1000,1.0,826.80014
production_order_2026_00527,bom_fg_0027,bom_fg_0027_line_03,rm_0165,litre,1000,1.5,891.58818
production_order_2026_00527,bom_fg_0027,bom_fg_0027_line_04,rm_0182,piece,1000,2.0,956.9742
production_order_2026_00527,bom_fg_0027,bom_fg_0027_line_05,rm_0199,kg,1000,0.0,998.008
production_order_2026_00528,bom_fg_0028,bom_fg_0028_line_01,rm_0136,litre,1000,0.5,842.008095
production_order_2026_00528,bom_fg_0028,bom_fg_0028_line_02,rm_0153,kg,1000,1.0,910.6059
production_order_2026_00528,bom_fg_0028,bom_fg_0028_line_03,rm_0170,kg,1000,1.5,979.841415
production_order_2026_00528,bom_fg_0028,bom_fg_0028_line_04,rm_0187,piece,1000,2.0,1049.71464
production_order_2026_00528,bom_fg_0028,bom_fg_0028_line_05,rm_0204,kg,1000,0.0,1092.903
production_order_2026_00529,bom_fg_0029,bom_fg_0029_line_01,rm_0141,litre,1000,0.5,924.98592
production_order_2026_00529,bom_fg_0029,bom_fg_0029_line_02,rm_0158,kg,1000,1.0,998.00928
production_order_2026_00529,bom_fg_0029,bom_fg_0029_line_03,rm_0175,kg,1000,1.5,1071.71008
production_order_2026_00529,bom_fg_0029,bom_fg_0029_line_04,rm_0192,piece,1000,2.0,1146.08832
production_order_2026_00529,bom_fg_0029,bom_fg_0029_line_05,rm_0209,kg,1000,0.0,1191.36
production_order_2026_00530,bom_fg_0030,bom_fg_0030_line_01,rm_0146,kg,1000,0.5,1011.543555
production_order_2026_00530,bom_fg_0030,bom_fg_0030_line_02,rm_0163,litre,1000,1.0,1089.01028
production_order_2026_00530,bom_fg_0030,bom_fg_0030_line_03,rm_0180,piece,1000,1.5,1167.194175
production_order_2026_00530,bom_fg_0030,bom_fg_0030_line_04,rm_0197,kg,1000,2.0,1246.09524
production_order_2026_00530,bom_fg_0030,bom_fg_0030_line_05,rm_0214,kg,1000,0.0,1293.379
production_order_2026_00531,bom_fg_0031,bom_fg_0031_line_01,rm_0151,kg,1000,0.5,1101.681
production_order_2026_00531,bom_fg_0031,bom_fg_0031_line_02,rm_0168,kg,1000,1.0,1183.6089
production_order_2026_00531,bom_fg_0031,bom_fg_0031_line_03,rm_0185,piece,1000,1.5,1266.2937
production_order_2026_00531,bom_fg_0031,bom_fg_0031_line_04,rm_0202,kg,1000,2.0,1349.7354
production_order_2026_00531,bom_fg_0031,bom_fg_0031_line_05,rm_0219,kg,1000,0.0,1398.96
production_order_2026_00532,bom_fg_0032,bom_fg_0032_line_01,rm_0156,kg,1000,0.5,1195.398255
production_order_2026_00532,bom_fg_0032,bom_fg_0032_line_02,rm_0173,kg,1000,1.0,1281.80514
production_order_2026_00532,bom_fg_0032,bom_fg_0032_line_03,rm_0190,piece,1000,1.5,1369.008655
production_order_2026_00532,bom_fg_0032,bom_fg_0032_line_04,rm_0207,kg,1000,2.0,1457.0088
production_order_2026_00532,bom_fg_0032,bom_fg_0032_line_05,rm_0224,kg,1000,0.0,1508.103
production_order_2026_00533,bom_fg_0033,bom_fg_0033_line_01,rm_0161,litre,1000,0.5,1292.69532
production_order_2026_00533,bom_fg_0033,bom_fg_0033_line_02,rm_0178,piece,1000,1.0,1383.599
production_order_2026_00533,bom_fg_0033,bom_fg_0033_line_03,rm_0195,kg,1000,1.5,1475.33904
production_order_2026_00533,bom_fg_0033,bom_fg_0033_line_04,rm_0212,kg,1000,2.0,1567.91544
production_order_2026_00533,bom_fg_0033,bom_fg_0033_line_05,rm_0229,litre,1000,0.0,1620.808
production_order_2026_00534,bom_fg_0034,bom_fg_0034_line_01,rm_0166,litre,1000,0.5,1393.572195
production_order_2026_00534,bom_fg_0034,bom_fg_0034_line_02,rm_0183,piece,1000,1.0,1488.99048
production_order_2026_00534,bom_fg_0034,bom_fg_0034_line_03,rm_0200,litre,1000,1.5,1585.284855
production_order_2026_00534,bom_fg_0034,bom_fg_0034_line_04,rm_0217,kg,1000,2.0,1682.45532
production_order_2026_00534,bom_fg_0034,bom_fg_0034_line_05,rm_0234,kg,1000,0.0,1737.075
production_order_2026_00535,bom_fg_0035,bom_fg_0035_line_01,rm_0171,kg,1000,0.5,1498.02888
production_order_2026_00535,bom_fg_0035,bom_fg_0035_line_02,rm_0188,piece,1000,1.0,1597.97958
production_order_2026_00535,bom_fg_0035,bom_fg_0035_line_03,rm_0205,litre,1000,1.5,1698.8461
production_order_2026_00535,bom_fg_0035,bom_fg_0035_line_04,rm_0222,kg,1000,2.0,1800.62844
production_order_2026_00535,bom_fg_0035,bom_fg_0035_line_05,rm_0239,kg,1000,0.0,1856.904
production_order_2026_00536,bom_fg_0036,bom_fg_0036_line_01,rm_0176,kg,1000,0.5,1606.065375
production_order_2026_00536,bom_fg_0036,bom_fg_0036_line_02,rm_0193,litre,1000,1.0,1710.5663
production_order_2026_00536,bom_fg_0036,bom_fg_0036_line_03,rm_0210,kg,1000,1.5,1816.022775
production_order_2026_00536,bom_fg_0036,bom_fg_0036_line_04,rm_0227,litre,1000,2.0,1922.4348
production_order_2026_00536,bom_fg_0036,bom_fg_0036_line_05,rm_0244,piece,1000,0.0,1980.295
production_order_2026_00537,bom_fg_0037,bom_fg_0037_line_01,rm_0181,piece,1000,0.5,1717.68168
production_order_2026_00537,bom_fg_0037,bom_fg_0037_line_02,rm_0198,kg,1000,1.0,1826.75064
production_order_2026_00537,bom_fg_0037,bom_fg_0037_line_03,rm_0215,kg,1000,1.5,1936.81488
production_order_2026_00537,bom_fg_0037,bom_fg_0037_line_04,rm_0232,kg,1000,2.0,2047.8744
production_order_2026_00537,bom_fg_0037,bom_fg_0037_line_05,rm_0249,piece,1000,0.0,2107.248
production_order_2026_00538,bom_fg_0038,bom_fg_0038_line_01,rm_0186,kg,1000,0.5,1832.877795
production_order_2026_00538,bom_fg_0038,bom_fg_0038_line_02,rm_0203,kg,1000,1.0,1946.5326
production_order_2026_00538,bom_fg_0038,bom_fg_0038_line_03,rm_0220,kg,1000,1.5,2061.222415
production_order_2026_00538,bom_fg_0038,bom_fg_0038_line_04,rm_0237,kg,1000,2.0,2176.94724
production_order_2026_00538,bom_fg_0038,bom_fg_0038_line_05,rm_0254,piece,1000,0.0,2237.763
production_order_2026_00539,bom_fg_0039,bom_fg_0039_line_01,rm_0191,piece,1000,0.5,1951.65372
production_order_2026_00539,bom_fg_0039,bom_fg_0039_line_02,rm_0208,kg,1000,1.0,2069.91218
production_order_2026_00539,bom_fg_0039,bom_fg_0039_line_03,rm_0225,litre,1000,1.5,2189.24538
production_order_2026_00539,bom_fg_0039,bom_fg_0039_line_04,rm_0242,piece,1000,2.0,2309.65332
production_order_2026_00539,bom_fg_0039,bom_fg_0039_line_05,rm_0259,kg,1000,0.0,2371.84
production_order_2026_00540,bom_fg_0040,bom_fg_0040_line_01,rm_0196,kg,1000,0.5,2074.009455
production_order_2026_00540,bom_fg_0040,bom_fg_0040_line_02,rm_0213,kg,1000,1.0,2196.88938
production_order_2026_00540,bom_fg_0040,bom_fg_0040_line_03,rm_0230,litre,1000,1.5,2320.883775
production_order_2026_00540,bom_fg_0040,bom_fg_0040_line_04,rm_0247,piece,1000,2.0,2445.99264
production_order_2026_00540,bom_fg_0040,bom_fg_0040_line_05,rm_0264,litre,1000,0.0,2509.479
production_order_2026_00541,bom_fg_0041,bom_fg_0041_line_01,rm_0201,kg,1000,0.5,2199.945
production_order_2026_00541,bom_fg_0041,bom_fg_0041_line_02,rm_0218,kg,1000,1.0,2327.4642
production_order_2026_00541,bom_fg_0041,bom_fg_0041_line_03,rm_0235,kg,1000,1.5,2456.1376
production_order_2026_00541,bom_fg_0041,bom_fg_0041_line_04,rm_0252,piece,1000,2.0,2585.9652
production_order_2026_00541,bom_fg_0041,bom_fg_0041_line_05,rm_0269,litre,1000,0.0,2650.68
production_order_2026_00542,bom_fg_0042,bom_fg_0042_line_01,rm_0206,kg,1000,0.5,2329.460355
production_order_2026_00542,bom_fg_0042,bom_fg_0042_line_02,rm_0223,kg,1000,1.0,2461.63664
production_order_2026_00542,bom_fg_0042,bom_fg_0042_line_03,rm_0240,kg,1000,1.5,2595.006855
production_order_2026_00542,bom_fg_0042,bom_fg_0042_line_04,rm_0257,litre,1000,2.0,2729.571
production_order_2026_00542,bom_fg_0042,bom_fg_0042_line_05,rm_0274,kg,1000,0.0,2795.443
production_order_2026_00543,bom_fg_0043,bom_fg_0043_line_01,rm_0211,kg,1000,0.5,2462.55552
production_order_2026_00543,bom_fg_0043,bom_fg_0043_line_02,rm_0228,litre,1000,1.0,2599.4067
production_order_2026_00543,bom_fg_0043,bom_fg_0043_line_03,rm_0245,piece,1000,1.5,2737.49154
production_order_2026_00543,bom_fg_0043,bom_fg_0043_line_04,rm_0262,kg,1000,2.0,2876.81004
production_order_2026_00543,bom_fg_0043,bom_fg_0043_line_05,rm_0279,kg,1000,0.0,2943.768
production_order_2026_00544,bom_fg_0044,bom_fg_0044_line_01,rm_0216,kg,1000,0.5,2599.230495
production_order_2026_00544,bom_fg_0044,bom_fg_0044_line_02,rm_0233,kg,1000,1.0,2740.77438
production_order_2026_00544,bom_fg_0044,bom_fg_0044_line_03,rm_0250,kg,1000,1.5,2883.591655
production_order_2026_00544,bom_fg_0044,bom_fg_0044_line_04,rm_0267,kg,1000,2.0,3027.68232
production_order_2026_00544,bom_fg_0044,bom_fg_0044_line_05,rm_0284,kg,1000,0.0,3095.655
production_order_2026_00545,bom_fg_0045,bom_fg_0045_line_01,rm_0221,kg,1000,0.5,2739.48528
production_order_2026_00545,bom_fg_0045,bom_fg_0045_line_02,rm_0238,kg,1000,1.0,2885.73968
production_order_2026_00545,bom_fg_0045,bom_fg_0045_line_03,rm_0255,piece,1000,1.5,3033.3072
production_order_2026_00545,bom_fg_0045,bom_fg_0045_line_04,rm_0272,kg,1000,2.0,3182.18784
production_order_2026_00545,bom_fg_0045,bom_fg_0045_line_05,rm_0289,litre,1000,0.0,3251.104
production_order_2026_00546,bom_fg_0046,bom_fg_0046_line_01,rm_0226,litre,1000,0.5,2883.319875
production_order_2026_00546,bom_fg_0046,bom_fg_0046_line_02,rm_0243,piece,1000,1.0,3034.3026
production_order_2026_00546,bom_fg_0046,bom_fg_0046_line_03,rm_0260,kg,1000,1.5,3186.638175
production_order_2026_00546,bom_fg_0046,bom_fg_0046_line_04,rm_0277,kg,1000,2.0,3340.3266
production_order_2026_00546,bom_fg_0046,bom_fg_0046_line_05,rm_0294,litre,1000,0.0,144.615
production_order_2026_00547,bom_fg_0047,bom_fg_0047_line_01,rm_0231,kg,1000,0.5,3030.73428
production_order_2026_00547,bom_fg_0047,bom_fg_0047_line_02,rm_0248,piece,1000,1.0,3186.46314
production_order_2026_00547,bom_fg_0047,bom_fg_0047_line_03,rm_0265,kg,1000,1.5,3343.58458
production_order_2026_00547,bom_fg_0047,bom_fg_0047_line_04,rm_0282,kg,1000,2.0,3502.0986
production_order_2026_00547,bom_fg_0047,bom_fg_0047_line_05,rm_0299,kg,1000,0.0,211.288
production_order_2026_00548,bom_fg_0048,bom_fg_0048_line_01,rm_0236,kg,1000,0.5,3181.728495
production_order_2026_00548,bom_fg_0048,bom_fg_0048_line_02,rm_0253,piece,1000,1.0,3342.2213
production_order_2026_00548,bom_fg_0048,bom_fg_0048_line_03,rm_0270,kg,1000,1.5,3504.146415
production_order_2026_00548,bom_fg_0048,bom_fg_0048_line_04,rm_0287,kg,1000,2.0,3667.50384
production_order_2026_00548,bom_fg_0048,bom_fg_0048_line_05,rm_0304,kg,1000,0.0,281.523
production_order_2026_00549,bom_fg_0049,bom_fg_0049_line_01,rm_0241,piece,1000,0.5,3336.30252
production_order_2026_00549,bom_fg_0049,bom_fg_0049_line_02,rm_0258,kg,1000,1.0,3501.57708
production_order_2026_00549,bom_fg_0049,bom_fg_0049_line_03,rm_0275,kg,1000,1.5,3668.32368
production_order_2026_00549,bom_fg_0049,bom_fg_0049_line_04,rm_0292,litre,1000,2.0,212.27832
production_order_2026_00549,bom_fg_0049,bom_fg_0049_line_05,rm_0309,piece,1000,0.0,355.32
production_order_2026_00550,bom_fg_0050,bom_fg_0050_line_01,rm_0246,piece,1000,0.5,3494.456355
production_order_2026_00550,bom_fg_0050,bom_fg_0050_line_02,rm_0263,kg,1000,1.0,3664.53048
production_order_2026_00550,bom_fg_0050,bom_fg_0050_line_03,rm_0280,kg,1000,1.5,3836.116375
production_order_2026_00550,bom_fg_0050,bom_fg_0050_line_04,rm_0297,kg,1000,2.0,287.13204
production_order_2026_00550,bom_fg_0050,bom_fg_0050_line_05,rm_0004,kg,1000,0.0,432.679
production_order_2026_00551,bom_fg_0051,bom_fg_0051_line_01,rm_0251,piece,1000,0.5,3656.19
production_order_2026_00551,bom_fg_0051,bom_fg_0051_line_02,rm_0268,kg,1000,1.0,3831.0815
production_order_2026_00551,bom_fg_0051,bom_fg_0051_line_03,rm_0285,kg,1000,1.5,206.3495
production_order_2026_00551,bom_fg_0051,bom_fg_0051_line_04,rm_0302,kg,1000,2.0,365.619
production_order_2026_00551,bom_fg_0051,bom_fg_0051_line_05,rm_0009,kg,1000,0.0,513.6
production_order_2026_00552,bom_fg_0052,bom_fg_0052_line_01,rm_0256,piece,1000,0.5,3821.503455
production_order_2026_00552,bom_fg_0052,bom_fg_0052_line_02,rm_0273,kg,1000,1.0,4001.23014
production_order_2026_00552,bom_fg_0052,bom_fg_0052_line_03,rm_0290,litre,1000,1.5,284.034555
production_order_2026_00552,bom_fg_0052,bom_fg_0052_line_04,rm_0307,piece,1000,2.0,447.7392
production_order_2026_00552,bom_fg_0052,bom_fg_0052_line_05,rm_0014,kg,1000,0.0,598.083
production_order_2026_00553,bom_fg_0053,bom_fg_0053_line_01,rm_0261,kg,1000,0.5,3990.39672
production_order_2026_00553,bom_fg_0053,bom_fg_0053_line_02,rm_0278,kg,1000,1.0,198.8084
production_order_2026_00553,bom_fg_0053,bom_fg_0053_line_03,rm_0295,kg,1000,1.5,365.33504
production_order_2026_00553,bom_fg_0053,bom_fg_0053_line_04,rm_0002,kg,1000,2.0,533.49264
production_order_2026_00553,bom_fg_0053,bom_fg_0053_line_05,rm_0019,kg,1000,0.0,686.128
production_order_2026_00554,bom_fg_0054,bom_fg_0054_line_01,rm_0266,kg,1000,0.5,4162.869795
production_order_2026_00554,bom_fg_0054,bom_fg_0054_line_02,rm_0283,kg,1000,1.0,279.29328
production_order_2026_00554,bom_fg_0054,bom_fg_0054_line_03,rm_0300,kg,1000,1.5,450.250955
production_order_2026_00554,bom_fg_0054,bom_fg_0054_line_04,rm_0007,kg,1000,2.0,622.87932
production_order_2026_00554,bom_fg_0054,bom_fg_0054_line_05,rm_0024,kg,1000,0.0,777.735
production_order_2026_00555,bom_fg_0055,bom_fg_0055_line_01,rm_0271,kg,1000,0.5,189.67968
production_order_2026_00555,bom_fg_0055,bom_fg_0055_line_02,rm_0288,kg,1000,1.0,363.37578
production_order_2026_00555,bom_fg_0055,bom_fg_0055_line_03,rm_0305,piece,1000,1.5,538.7823
production_order_2026_00555,bom_fg_0055,bom_fg_0055_line_04,rm_0012,kg,1000,2.0,715.89924
production_order_2026_00555,bom_fg_0055,bom_fg_0055_line_05,rm_0029,kg,1000,0.0,872.904
production_order_2026_00556,bom_fg_0056,bom_fg_0056_line_01,rm_0276,kg,1000,0.5,272.932875
production_order_2026_00556,bom_fg_0056,bom_fg_0056_line_02,rm_0293,litre,1000,1.0,451.0559
production_order_2026_00556,bom_fg_0056,bom_fg_0056_line_03,rm_0310,piece,1000,1.5,630.929075
production_order_2026_00556,bom_fg_0056,bom_fg_0056_line_04,rm_0017,kg,1000,2.0,812.5524
production_order_2026_00556,bom_fg_0056,bom_fg_0056_line_05,rm_0034,litre,1000,0.0,971.635
production_order_2026_00557,bom_fg_0057,bom_fg_0057_line_01,rm_0281,kg,1000,0.5,359.76588
production_order_2026_00557,bom_fg_0057,bom_fg_0057_line_02,rm_0298,kg,1000,1.0,542.33364
production_order_2026_00557,bom_fg_0057,bom_fg_0057_line_03,rm_0005,kg,1000,1.5,726.69128
production_order_2026_00557,bom_fg_0057,bom_fg_0057_line_04,rm_0022,kg,1000,2.0,912.8388
production_order_2026_00557,bom_fg_0057,bom_fg_0057_line_05,rm_0039,kg,1000,0.0,1073.928
production_order_2026_00558,bom_fg_0058,bom_fg_0058_line_01,rm_0286,kg,1000,0.5,450.178695
production_order_2026_00558,bom_fg_0058,bom_fg_0058_line_02,rm_0303,kg,1000,1.0,637.209
production_order_2026_00558,bom_fg_0058,bom_fg_0058_line_03,rm_0010,kg,1000,1.5,826.068915
production_order_2026_00558,bom_fg_0058,bom_fg_0058_line_04,rm_0027,kg,1000,2.0,1016.75844
production_order_2026_00558,bom_fg_0058,bom_fg_0058_line_05,rm_0044,kg,1000,0.0,1179.783
production_order_2026_00559,bom_fg_0059,bom_fg_0059_line_01,rm_0291,litre,1000,0.5,544.17132
production_order_2026_00559,bom_fg_0059,bom_fg_0059_line_02,rm_0308,piece,1000,1.0,735.68198
production_order_2026_00559,bom_fg_0059,bom_fg_0059_line_03,rm_0015,kg,1000,1.5,929.06198
production_order_2026_00559,bom_fg_0059,bom_fg_0059_line_04,rm_0032,kg,1000,2.0,1124.31132
production_order_2026_00559,bom_fg_0059,bom_fg_0059_line_05,rm_0049,piece,1000,0.0,1289.2
production_order_2026_00560,bom_fg_0060,bom_fg_0060_line_01,rm_0296,kg,1000,0.5,641.743755
production_order_2026_00560,bom_fg_0060,bom_fg_0060_line_02,rm_0003,kg,1000,1.0,837.75258
production_order_2026_00560,bom_fg_0060,bom_fg_0060_line_03,rm_0020,kg,1000,1.5,1035.670475
production_order_2026_00560,bom_fg_0060,bom_fg_0060_line_04,rm_0037,litre,1000,2.0,1235.49744
production_order_2026_00560,bom_fg_0060,bom_fg_0060_line_05,rm_0054,piece,1000,0.0,1402.179
production_order_2026_00561,bom_fg_0061,bom_fg_0061_line_01,rm_0301,kg,1000,0.5,742.896
production_order_2026_00561,bom_fg_0061,bom_fg_0061_line_02,rm_0008,litre,1000,1.0,943.4208
production_order_2026_00561,bom_fg_0061,bom_fg_0061_line_03,rm_0025,kg,1000,1.5,1145.8944
production_order_2026_00561,bom_fg_0061,bom_fg_0061_line_04,rm_0042,kg,1000,2.0,1350.3168
production_order_2026_00561,bom_fg_0061,bom_fg_0061_line_05,rm_0059,piece,1000,0.0,1518.72
production_order_2026_00562,bom_fg_0062,bom_fg_0062_line_01,rm_0306,piece,1000,0.5,847.628055
production_order_2026_00562,bom_fg_0062,bom_fg_0062_line_02,rm_0013,litre,1000,1.0,1052.68664
production_order_2026_00562,bom_fg_0062,bom_fg_0062_line_03,rm_0030,kg,1000,1.5,1259.733755
production_order_2026_00562,bom_fg_0062,bom_fg_0062_line_04,rm_0047,kg,1000,2.0,1468.7694
production_order_2026_00562,bom_fg_0062,bom_fg_0062_line_05,rm_0064,piece,1000,0.0,1638.823
production_order_2026_00563,bom_fg_0063,bom_fg_0063_line_01,rm_0001,litre,1000,0.5,955.93992
production_order_2026_00563,bom_fg_0063,bom_fg_0063_line_02,rm_0018,kg,1000,1.0,1165.5501
production_order_2026_00563,bom_fg_0063,bom_fg_0063_line_03,rm_0035,litre,1000,1.5,1377.18854
production_order_2026_00563,bom_fg_0063,bom_fg_0063_line_04,rm_0052,piece,1000,2.0,1590.85524
production_order_2026_00563,bom_fg_0063,bom_fg_0063_line_05,rm_0069,kg,1000,0.0,1762.488
production_order_2026_00564,bom_fg_0064,bom_fg_0064_line_01,rm_0006,kg,1000,0.5,1067.831595
production_order_2026_00564,bom_fg_0064,bom_fg_0064_line_02,rm_0023,kg,1000,1.0,1282.01118
production_order_2026_00564,bom_fg_0064,bom_fg_0064_line_03,rm_0040,kg,1000,1.5,1498.258755
production_order_2026_00564,bom_fg_0064,bom_fg_0064_line_04,rm_0057,piece,1000,2.0,1716.57432
production_order_2026_00564,bom_fg_0064,bom_fg_0064_line_05,rm_0074,kg,1000,0.0,1889.715
production_order_2026_00565,bom_fg_0065,bom_fg_0065_line_01,rm_0011,kg,1000,0.5,1183.30308
production_order_2026_00565,bom_fg_0065,bom_fg_0065_line_02,rm_0028,kg,1000,1.0,1402.06988
production_order_2026_00565,bom_fg_0065,bom_fg_0065_line_03,rm_0045,kg,1000,1.5,1622.9444
production_order_2026_00565,bom_fg_0065,bom_fg_0065_line_04,rm_0062,piece,1000,2.0,1845.92664
production_order_2026_00565,bom_fg_0065,bom_fg_0065_line_05,rm_0079,kg,1000,0.0,2020.504
production_order_2026_00566,bom_fg_0066,bom_fg_0066_line_01,rm_0016,kg,1000,0.5,1302.354375
production_order_2026_00566,bom_fg_0066,bom_fg_0066_line_02,rm_0033,litre,1000,1.0,1525.7262
production_order_2026_00566,bom_fg_0066,bom_fg_0066_line_03,rm_0050,piece,1000,1.5,1751.245475
production_order_2026_00566,bom_fg_0066,bom_fg_0066_line_04,rm_0067,kg,1000,2.0,1978.9122
production_order_2026_00566,bom_fg_0066,bom_fg_0066_line_05,rm_0084,kg,1000,0.0,2154.855
production_order_2026_00567,bom_fg_0067,bom_fg_0067_line_01,rm_0021,kg,1000,0.5,1424.98548
production_order_2026_00567,bom_fg_0067,bom_fg_0067_line_02,rm_0038,litre,1000,1.0,1652.98014
production_order_2026_00567,bom_fg_0067,bom_fg_0067_line_03,rm_0055,piece,1000,1.5,1883.16198
production_order_2026_00567,bom_fg_0067,bom_fg_0067_line_04,rm_0072,litre,1000,2.0,2115.531
production_order_2026_00567,bom_fg_0067,bom_fg_0067_line_05,rm_0089,kg,1000,0.0,2292.768
production_order_2026_00568,bom_fg_0068,bom_fg_0068_line_01,rm_0026,kg,1000,0.5,1551.196395
production_order_2026_00568,bom_fg_0068,bom_fg_0068_line_02,rm_0043,kg,1000,1.0,1783.8317
production_order_2026_00568,bom_fg_0068,bom_fg_0068_line_03,rm_0060,piece,1000,1.5,2018.693915
production_order_2026_00568,bom_fg_0068,bom_fg_0068_line_04,rm_0077,litre,1000,2.0,2255.78304
production_order_2026_00568,bom_fg_0068,bom_fg_0068_line_05,rm_0094,kg,1000,0.0,2434.243
production_order_2026_00569,bom_fg_0069,bom_fg_0069_line_01,rm_0031,kg,1000,0.5,1680.98712
production_order_2026_00569,bom_fg_0069,bom_fg_0069_line_02,rm_0048,kg,1000,1.0,1918.28088
production_order_2026_00569,bom_fg_0069,bom_fg_0069_line_03,rm_0065,litre,1000,1.5,2157.84128
production_order_2026_00569,bom_fg_0069,bom_fg_0069_line_04,rm_0082,kg,1000,2.0,2399.66832
production_order_2026_00569,bom_fg_0069,bom_fg_0069_line_05,rm_0099,litre,1000,0.0,2579.28
production_order_2026_00570,bom_fg_0070,bom_fg_0070_line_01,rm_0036,litre,1000,0.5,1814.357655
production_order_2026_00570,bom_fg_0070,bom_fg_0070_line_02,rm_0053,piece,1000,1.0,2056.32768
production_order_2026_00570,bom_fg_0070,bom_fg_0070_line_03,rm_0070,kg,1000,1.5,2300.604075
production_order_2026_00570,bom_fg_0070,bom_fg_0070_line_04,rm_0087,kg,1000,2.0,2547.18684
production_order_2026_00570,bom_fg_0070,bom_fg_0070_line_05,rm_0104,kg,1000,0.0,2727.879
production_order_2026_00571,bom_fg_0071,bom_fg_0071_line_01,rm_0041,kg,1000,0.5,1951.308
production_order_2026_00571,bom_fg_0071,bom_fg_0071_line_02,rm_0058,kg,1000,1.0,2197.9721
production_order_2026_00571,bom_fg_0071,bom_fg_0071_line_03,rm_0075,kg,1000,1.5,2446.9823
production_order_2026_00571,bom_fg_0071,bom_fg_0071_line_04,rm_0092,kg,1000,2.0,2698.3386
production_order_2026_00571,bom_fg_0071,bom_fg_0071_line_05,rm_0109,kg,1000,0.0,2880.04
production_order_2026_00572,bom_fg_0072,bom_fg_0072_line_01,rm_0046,kg,1000,0.5,2091.838155
production_order_2026_00572,bom_fg_0072,bom_fg_0072_line_02,rm_0063,piece,1000,1.0,2343.21414
production_order_2026_00572,bom_fg_0072,bom_fg_0072_line_03,rm_0080,kg,1000,1.5,2596.975955
production_order_2026_00572,bom_fg_0072,bom_fg_0072_line_04,rm_0097,litre,1000,2.0,2853.1236
production_order_2026_00572,bom_fg_0072,bom_fg_0072_line_05,rm_0114,piece,1000,0.0,3035.763
production_order_2026_00573,bom_fg_0073,bom_fg_0073_line_01,rm_0051,piece,1000,0.5,2235.94812
production_order_2026_00573,bom_fg_0073,bom_fg_0073_line_02,rm_0068,kg,1000,1.0,2492.0538
production_order_2026_00573,bom_fg_0073,bom_fg_0073_line_03,rm_0085,kg,1000,1.5,2750.58504
production_order_2026_00573,bom_fg_0073,bom_fg_0073_line_04,rm_0102,litre,1000,2.0,3011.54184
production_order_2026_00573,bom_fg_0073,bom_fg_0073_line_05,rm_0119,piece,1000,0.0,3195.048
production_order_2026_00574,bom_fg_0074,bom_fg_0074_line_01,rm_0056,piece,1000,0.5,2383.637895
production_order_2026_00574,bom_fg_0074,bom_fg_0074_line_02,rm_0073,kg,1000,1.0,2644.49108
production_order_2026_00574,bom_fg_0074,bom_fg_0074_line_03,rm_0090,kg,1000,1.5,2907.809555
production_order_2026_00574,bom_fg_0074,bom_fg_0074_line_04,rm_0107,kg,1000,2.0,3173.59332
production_order_2026_00574,bom_fg_0074,bom_fg_0074_line_05,rm_0124,piece,1000,0.0,3357.895
production_order_2026_00575,bom_fg_0075,bom_fg_0075_line_01,rm_0061,piece,1000,0.5,2534.90748
production_order_2026_00575,bom_fg_0075,bom_fg_0075_line_02,rm_0078,kg,1000,1.0,2800.52598
production_order_2026_00575,bom_fg_0075,bom_fg_0075_line_03,rm_0095,kg,1000,1.5,3068.6495
production_order_2026_00575,bom_fg_0075,bom_fg_0075_line_04,rm_0112,kg,1000,2.0,3339.27804
production_order_2026_00575,bom_fg_0075,bom_fg_0075_line_05,rm_0129,litre,1000,0.0,3524.304
production_order_2026_00576,bom_fg_0076,bom_fg_0076_line_01,rm_0066,kg,1000,0.5,2689.756875
production_order_2026_00576,bom_fg_0076,bom_fg_0076_line_02,rm_0083,kg,1000,1.0,2960.1585
production_order_2026_00576,bom_fg_0076,bom_fg_0076_line_03,rm_0100,litre,1000,1.5,3233.104875
production_order_2026_00576,bom_fg_0076,bom_fg_0076_line_04,rm_0117,piece,1000,2.0,3508.596
production_order_2026_00576,bom_fg_0076,bom_fg_0076_line_05,rm_0134,kg,1000,0.0,3694.275
production_order_2026_00577,bom_fg_0077,bom_fg_0077_line_01,rm_0071,kg,1000,0.5,2848.18608
production_order_2026_00577,bom_fg_0077,bom_fg_0077_line_02,rm_0088,kg,1000,1.0,3123.38864
production_order_2026_00577,bom_fg_0077,bom_fg_0077_line_03,rm_0105,kg,1000,1.5,3401.17568
production_order_2026_00577,bom_fg_0077,bom_fg_0077_line_04,rm_0122,kg,1000,2.0,3681.5472
production_order_2026_00577,bom_fg_0077,bom_fg_0077_line_05,rm_0139,kg,1000,0.0,3867.808
production_order_2026_00578,bom_fg_0078,bom_fg_0078_line_01,rm_0076,kg,1000,0.5,3010.195095
production_order_2026_00578,bom_fg_0078,bom_fg_0078_line_02,rm_0093,kg,1000,1.0,3290.2164
production_order_2026_00578,bom_fg_0078,bom_fg_0078_line_03,rm_0110,kg,1000,1.5,3572.861915
production_order_2026_00578,bom_fg_0078,bom_fg_0078_line_04,rm_0127,piece,1000,2.0,3858.13164
production_order_2026_00578,bom_fg_0078,bom_fg_0078_line_05,rm_0144,kg,1000,0.0,4044.903
production_order_2026_00579,bom_fg_0079,bom_fg_0079_line_01,rm_0081,kg,1000,0.5,3175.78392
production_order_2026_00579,bom_fg_0079,bom_fg_0079_line_02,rm_0098,litre,1000,1.0,3460.64178
production_order_2026_00579,bom_fg_0079,bom_fg_0079_line_03,rm_0115,piece,1000,1.5,3748.16358
production_order_2026_00579,bom_fg_0079,bom_fg_0079_line_04,rm_0132,kg,1000,2.0,4038.34932
production_order_2026_00579,bom_fg_0079,bom_fg_0079_line_05,rm_0149,kg,1000,0.0,4225.56
production_order_2026_00580,bom_fg_0080,bom_fg_0080_line_01,rm_0086,kg,1000,0.5,3344.952555
production_order_2026_00580,bom_fg_0080,bom_fg_0080_line_02,rm_0103,kg,1000,1.0,3634.66478
production_order_2026_00580,bom_fg_0080,bom_fg_0080_line_03,rm_0120,piece,1000,1.5,3927.080675
production_order_2026_00580,bom_fg_0080,bom_fg_0080_line_04,rm_0137,kg,1000,2.0,4222.20024
production_order_2026_00580,bom_fg_0080,bom_fg_0080_line_05,rm_0154,kg,1000,0.0,4409.779
production_order_2026_00581,bom_fg_0081,bom_fg_0081_line_01,rm_0091,kg,1000,0.5,3517.701
production_order_2026_00581,bom_fg_0081,bom_fg_0081_line_02,rm_0108,kg,1000,1.0,3812.2854
production_order_2026_00581,bom_fg_0081,bom_fg_0081_line_03,rm_0125,piece,1000,1.5,4109.6132
production_order_2026_00581,bom_fg_0081,bom_fg_0081_line_04,rm_0142,kg,1000,2.0,4409.6844
production_order_2026_00581,bom_fg_0081,bom_fg_0081_line_05,rm_0159,kg,1000,0.0,4597.56
production_order_2026_00582,bom_fg_0082,bom_fg_0082_line_01,rm_0096,kg,1000,0.5,3694.029255
production_order_2026_00582,bom_fg_0082,bom_fg_0082_line_02,rm_0113,piece,1000,1.0,3993.50364
production_order_2026_00582,bom_fg_0082,bom_fg_0082_line_03,rm_0130,kg,1000,1.5,4295.761155
production_order_2026_00582,bom_fg_0082,bom_fg_0082_line_04,rm_0147,kg,1000,2.0,4600.8018
production_order_2026_00582,bom_fg_0082,bom_fg_0082_line_05,rm_0164,litre,1000,0.0,4788.903
production_order_2026_00583,bom_fg_0083,bom_fg_0083_line_01,rm_0101,litre,1000,0.5,3873.93732
production_order_2026_00583,bom_fg_0083,bom_fg_0083_line_02,rm_0118,piece,1000,1.0,4178.3195
production_order_2026_00583,bom_fg_0083,bom_fg_0083_line_03,rm_0135,kg,1000,1.5,4485.52454
production_order_2026_00583,bom_fg_0083,bom_fg_0083_line_04,rm_0152,kg,1000,2.0,4795.55244
production_order_2026_00583,bom_fg_0083,bom_fg_0083_line_05,rm_0169,kg,1000,0.0,4983.808
production_order_2026_00584,bom_fg_0084,bom_fg_0084_line_01,rm_0106,kg,1000,0.5,4057.425195
production_order_2026_00584,bom_fg_0084,bom_fg_0084_line_02,rm_0123,piece,1000,1.0,4366.73298
production_order_2026_00584,bom_fg_0084,bom_fg_0084_line_03,rm_0140,kg,1000,1.5,4678.903355
production_order_2026_00584,bom_fg_0084,bom_fg_0084_line_04,rm_0157,kg,1000,2.0,4993.93632
production_order_2026_00584,bom_fg_0084,bom_fg_0084_line_05,rm_0174,kg,1000,0.0,5182.275
production_order_2026_00585,bom_fg_0085,bom_fg_0085_line_01,rm_0111,kg,1000,0.5,851.61288
production_order_2026_00585,bom_fg_0085,bom_fg_0085_line_02,rm_0128,piece,1000,1.0,914.66408
production_order_2026_00585,bom_fg_0085,bom_fg_0085_line_03,rm_0145,kg,1000,1.5,978.2976
production_order_2026_00585,bom_fg_0085,bom_fg_0085_line_04,rm_0162,litre,1000,2.0,1042.51344
production_order_2026_00585,bom_fg_0085,bom_fg_0085_line_05,rm_0179,piece,1000,0.0,1080.304
production_order_2026_00586,bom_fg_0086,bom_fg_0086_line_01,rm_0116,piece,1000,0.5,937.740375
production_order_2026_00586,bom_fg_0086,bom_fg_0086_line_02,rm_0133,kg,1000,1.0,1005.2328
production_order_2026_00586,bom_fg_0086,bom_fg_0086_line_03,rm_0150,kg,1000,1.5,1073.347275
production_order_2026_00586,bom_fg_0086,bom_fg_0086_line_04,rm_0167,kg,1000,2.0,1142.0838
production_order_2026_00586,bom_fg_0086,bom_fg_0086_line_05,rm_0184,piece,1000,0.0,1181.895
production_order_2026_00587,bom_fg_0087,bom_fg_0087_line_01,rm_0121,piece,1000,0.5,1027.44768
production_order_2026_00587,bom_fg_0087,bom_fg_0087_line_02,rm_0138,kg,1000,1.0,1099.39914
production_order_2026_00587,bom_fg_0087,bom_fg_0087_line_03,rm_0155,kg,1000,1.5,1172.01238
production_order_2026_00587,bom_fg_0087,bom_fg_0087_line_04,rm_0172,kg,1000,2.0,1245.2874
production_order_2026_00587,bom_fg_0087,bom_fg_0087_line_05,rm_0189,piece,1000,0.0,1287.048
production_order_2026_00588,bom_fg_0088,bom_fg_0088_line_01,rm_0126,piece,1000,0.5,1120.734795
production_order_2026_00588,bom_fg_0088,bom_fg_0088_line_02,rm_0143,kg,1000,1.0,1197.1631
production_order_2026_00588,bom_fg_0088,bom_fg_0088_line_03,rm_0160,kg,1000,1.5,1274.292915
production_order_2026_00588,bom_fg_0088,bom_fg_0088_line_04,rm_0177,piece,1000,2.0,1352.12424
production_order_2026_00588,bom_fg_0088,bom_fg_0088_line_05,rm_0194,kg,1000,0.0,1395.763
production_order_2026_00589,bom_fg_0089,bom_fg_0089_line_01,rm_0131,kg,1000,0.5,1217.60172
production_order_2026_00589,bom_fg_0089,bom_fg_0089_line_02,rm_0148,kg,1000,1.0,1298.52468
production_order_2026_00589,bom_fg_0089,bom_fg_0089_line_03,rm_0165,litre,1000,1.5,1380.18888
production_order_2026_00589,bom_fg_0089,bom_fg_0089_line_04,rm_0182,piece,1000,2.0,1462.59432
production_order_2026_00589,bom_fg_0089,bom_fg_0089_line_05,rm_0199,kg,1000,0.0,1508.04
production_order_2026_00590,bom_fg_0090,bom_fg_0090_line_01,rm_0136,litre,1000,0.5,1318.048455
production_order_2026_00590,bom_fg_0090,bom_fg_0090_line_02,rm_0153,kg,1000,1.0,1403.48388
production_order_2026_00590,bom_fg_0090,bom_fg_0090_line_03,rm_0170,kg,1000,1.5,1489.700275
production_order_2026_00590,bom_fg_0090,bom_fg_0090_line_04,rm_0187,piece,1000,2.0,1576.69764
production_order_2026_00590,bom_fg_0090,bom_fg_0090_line_05,rm_0204,kg,1000,0.0,1623.879
production_order_2026_00591,bom_fg_0091,bom_fg_0091_line_01,rm_0141,litre,1000,0.5,1422.075
production_order_2026_00591,bom_fg_0091,bom_fg_0091_line_02,rm_0158,kg,1000,1.0,1512.0407
production_order_2026_00591,bom_fg_0091,bom_fg_0091_line_03,rm_0175,kg,1000,1.5,1602.8271
production_order_2026_00591,bom_fg_0091,bom_fg_0091_line_04,rm_0192,piece,1000,2.0,1694.4342
production_order_2026_00591,bom_fg_0091,bom_fg_0091_line_05,rm_0209,kg,1000,0.0,1743.28
production_order_2026_00592,bom_fg_0092,bom_fg_0092_line_01,rm_0146,kg,1000,0.5,1529.681355
production_order_2026_00592,bom_fg_0092,bom_fg_0092_line_02,rm_0163,litre,1000,1.0,1624.19514
production_order_2026_00592,bom_fg_0092,bom_fg_0092_line_03,rm_0180,piece,1000,1.5,1719.569355
production_order_2026_00592,bom_fg_0092,bom_fg_0092_line_04,rm_0197,kg,1000,2.0,1815.804
production_order_2026_00592,bom_fg_0092,bom_fg_0092_line_05,rm_0214,kg,1000,0.0,1866.243
production_order_2026_00593,bom_fg_0093,bom_fg_0093_line_01,rm_0151,kg,1000,0.5,1640.86752
production_order_2026_00593,bom_fg_0093,bom_fg_0093_line_02,rm_0168,kg,1000,1.0,1739.9472
production_order_2026_00593,bom_fg_0093,bom_fg_0093_line_03,rm_0185,piece,1000,1.5,1839.92704
production_order_2026_00593,bom_fg_0093,bom_fg_0093_line_04,rm_0202,kg,1000,2.0,1940.80704
production_order_2026_00593,bom_fg_0093,bom_fg_0093_line_05,rm_0219,kg,1000,0.0,1992.768
production_order_2026_00594,bom_fg_0094,bom_fg_0094_line_01,rm_0156,kg,1000,0.5,1755.633495
production_order_2026_00594,bom_fg_0094,bom_fg_0094_line_02,rm_0173,kg,1000,1.0,1859.29688
production_order_2026_00594,bom_fg_0094,bom_fg_0094_line_03,rm_0190,piece,1000,1.5,1963.900155
production_order_2026_00594,bom_fg_0094,bom_fg_0094_line_04,rm_0207,kg,1000,2.0,2069.44332
production_order_2026_00594,bom_fg_0094,bom_fg_0094_line_05,rm_0224,kg,1000,0.0,2122.855
production_order_2026_00595,bom_fg_0095,bom_fg_0095_line_01,rm_0161,litre,1000,0.5,1873.97928
production_order_2026_00595,bom_fg_0095,bom_fg_0095_line_02,rm_0178,piece,1000,1.0,1982.24418
production_order_2026_00595,bom_fg_0095,bom_fg_0095_line_03,rm_0195,kg,1000,1.5,2091.4887
production_order_2026_00595,bom_fg_0095,bom_fg_0095_line_04,rm_0212,kg,1000,2.0,2201.71284
production_order_2026_00595,bom_fg_0095,bom_fg_0095_line_05,rm_0229,litre,1000,0.0,2256.504
production_order_2026_00596,bom_fg_0096,bom_fg_0096_line_01,rm_0166,litre,1000,0.5,1995.904875
production_order_2026_00596,bom_fg_0096,bom_fg_0096_line_02,rm_0183,piece,1000,1.0,2108.7891
production_order_2026_00596,bom_fg_0096,bom_fg_0096_line_03,rm_0200,litre,1000,1.5,2222.692675
production_order_2026_00596,bom_fg_0096,bom_fg_0096_line_04,rm_0217,kg,1000,2.0,2337.6156
production_order_2026_00596,bom_fg_0096,bom_fg_0096_line_05,rm_0234,kg,1000,0.0,2393.715
production_order_2026_00597,bom_fg_0097,bom_fg_0097_line_01,rm_0171,kg,1000,0.5,2121.41028
production_order_2026_00597,bom_fg_0097,bom_fg_0097_line_02,rm_0188,piece,1000,1.0,2238.93164
production_order_2026_00597,bom_fg_0097,bom_fg_0097_line_03,rm_0205,litre,1000,1.5,2357.51208
production_order_2026_00597,bom_fg_0097,bom_fg_0097_line_04,rm_0222,kg,1000,2.0,2477.1516
production_order_2026_00597,bom_fg_0097,bom_fg_0097_line_05,rm_0239,kg,1000,0.0,2534.488
production_order_2026_00598,bom_fg_0098,bom_fg_0098_line_01,rm_0176,kg,1000,0.5,2250.495495
production_order_2026_00598,bom_fg_0098,bom_fg_0098_line_02,rm_0193,litre,1000,1.0,2372.6718
production_order_2026_00598,bom_fg_0098,bom_fg_0098_line_03,rm_0210,kg,1000,1.5,2495.946915
production_order_2026_00598,bom_fg_0098,bom_fg_0098_line_04,rm_0227,litre,1000,2.0,2620.32084
production_order_2026_00598,bom_fg_0098,bom_fg_0098_line_05,rm_0244,piece,1000,0.0,2678.823
production_order_2026_00599,bom_fg_0099,bom_fg_0099_line_01,rm_0181,piece,1000,0.5,2383.16052
production_order_2026_00599,bom_fg_0099,bom_fg_0099_line_02,rm_0198,kg,1000,1.0,2510.00958
production_order_2026_00599,bom_fg_0099,bom_fg_0099_line_03,rm_0215,kg,1000,1.5,2637.99718
production_order_2026_00599,bom_fg_0099,bom_fg_0099_line_04,rm_0232,kg,1000,2.0,2767.12332
production_order_2026_00599,bom_fg_0099,bom_fg_0099_line_05,rm_0249,piece,1000,0.0,2826.72
production_order_2026_00600,bom_fg_0100,bom_fg_0100_line_01,rm_0186,kg,1000,0.5,2519.405355
production_order_2026_00600,bom_fg_0100,bom_fg_0100_line_02,rm_0203,kg,1000,1.0,2650.94498
production_order_2026_00600,bom_fg_0100,bom_fg_0100_line_03,rm_0220,kg,1000,1.5,2783.662875
production_order_2026_00600,bom_fg_0100,bom_fg_0100_line_04,rm_0237,kg,1000,2.0,2917.55904
production_order_2026_00600,bom_fg_0100,bom_fg_0100_line_05,rm_0254,piece,1000,0.0,134.079
