order_code,plan_code,plan_line_number,item_code,bom_code,bom_version_number,target_quantity,unit_code,planned_starts_on,planned_ends_on,production_line_name,status,notes
production_order_2026_00001,plan_2026_0001,1,fg_0001,bom_fg_0001,1,2000,piece,2026-01-01,2026-01-03,Dây chuyền 01,planned,Lệnh sản xuất phát hành từ kế hoạch đã được duyệt.
production_order_2026_00002,plan_2026_0001,2,fg_0002,bom_fg_0002,1,2137,piece,2026-01-02,2026-01-04,Dây chuyền 02,released,Lệnh sản xuất phát hành từ kế hoạch đã được duyệt.
production_order_2026_00003,plan_2026_0002,1,fg_0003,bom_fg_0003,1,2274,piece,2026-02-06,2026-02-08,Dây chuyền 03,in_progress,Lệnh sản xuất phát hành từ kế hoạch đã được duyệt.
production_order_2026_00004,plan_2026_0002,2,fg_0004,bom_fg_0004,1,2411,piece,2026-02-07,2026-02-09,Dây chuyền 04,completed,Lệnh sản xuất phát hành từ kế hoạch đã được duyệt.
production_order_2026_00005,plan_2026_0003,1,fg_0005,bom_fg_0005,1,2548,piece,2026-03-07,2026-03-09,Dây chuyền 05,paused,Lệnh sản xuất phát hành từ kế hoạch đã được duyệt.
production_order_2026_00006,plan_2026_0003,2,fg_0006,bom_fg_0006,1,2685,piece,2026-03-08,2026-03-10,Dây chuyền 06,planned,Lệnh sản xuất phát hành từ kế hoạch đã được duyệt.
production_order_2026_00007,plan_2026_0004,1,fg_0007,bom_fg_0007,1,2822,piece,2026-04-12,2026-04-14,Dây chuyền 07,released,Lệnh sản xuất phát hành từ kế hoạch đã được duyệt.
production_order_2026_00008,plan_2026_0004,2,fg_0008,bom_fg_0008,1,2959,piece,2026-04-13,2026-04-15,Dây chuyền 08,in_progress,Lệnh sản xuất phát hành từ kế hoạch đã được duyệt.
production_order_2026_00009,plan_2026_0005,1,fg_0009,bom_fg_0009,1,3096,piece,2026-05-13,2026-05-15,Dây chuyền 09,completed,Lệnh sản xuất phát hành từ kế hoạch đã được duyệt.
production_order_2026_00010,plan_2026_0005,2,fg_0010,bom_fg_0010,1,3233,piece,2026-05-14,2026-05-16,Dây chuyền 10,paused,Lệnh sản xuất phát hành từ kế hoạch đã được duyệt.
production_order_2026_00011,plan_2026_0006,1,fg_0011,bom_fg_0011,1,3370,piece,2026-06-18,2026-06-20,Dây chuyền 11,planned,Lệnh sản xuất phát hành từ kế hoạch đã được duyệt.
production_order_2026_00012,plan_2026_0006,2,fg_0012,bom_fg_0012,1,3507,piece,2026-06-19,2026-06-21,Dây chuyền 12,released,Lệnh sản xuất phát hành từ kế hoạch đã được duyệt.
production_order_2026_00013,plan_2026_0007,1,fg_0013,bom_fg_0013,1,3644,piece,2026-07-19,2026-07-21,Dây chuyền 01,in_progress,Lệnh sản xuất phát hành từ kế hoạch đã được duyệt.
production_order_2026_00014,plan_2026_0007,2,fg_0014,bom_fg_0014,1,3781,piece,2026-07-20,2026-07-22,Dây chuyền 02,completed,Lệnh sản xuất phát hành từ kế hoạch đã được duyệt.
production_order_2026_00015,plan_2026_0008,1,fg_0015,bom_fg_0015,1,3918,piece,2026-08-04,2026-08-06,Dây chuyền 03,paused,Lệnh sản xuất phát hành từ kế hoạch đã được duyệt.
production_order_2026_00016,plan_2026_0008,2,fg_0016,bom_fg_0016,1,4055,piece,2026-08-05,2026-08-07,Dây chuyền 04,planned,Lệnh sản xuất phát hành từ kế hoạch đã được duyệt.
production_order_2026_00017,plan_2026_0009,1,fg_0017,bom_fg_0017,1,4192,piece,2026-09-05,2026-09-07,Dây chuyền 05,released,Lệnh sản xuất phát hành từ kế hoạch đã được duyệt.
production_order_2026_00018,plan_2026_0009,2,fg_0018,bom_fg_0018,1,4329,piece,2026-09-06,2026-09-08,Dây chuyền 06,in_progress,Lệnh sản xuất phát hành từ kế hoạch đã được duyệt.
production_order_2026_00019,plan_2026_0010,1,fg_0019,bom_fg_0019,1,4466,piece,2026-01-10,2026-01-12,Dây chuyền 07,completed,Lệnh sản xuất phát hành từ kế hoạch đã được duyệt.
production_order_2026_00020,plan_2026_0010,2,fg_0020,bom_fg_0020,1,4603,piece,2026-01-11,2026-01-13,Dây chuyền 08,paused,Lệnh sản xuất phát hành từ kế hoạch đã được duyệt.
production_order_2026_00021,plan_2026_0011,1,fg_0021,bom_fg_0021,1,4740,piece,2026-02-11,2026-02-13,Dây chuyền 09,planned,Lệnh sản xuất phát hành từ kế hoạch đã được duyệt.
production_order_2026_00022,plan_2026_0011,2,fg_0022,bom_fg_0022,1,4877,piece,2026-02-12,2026-02-14,Dây chuyền 10,released,Lệnh sản xuất phát hành từ kế hoạch đã được duyệt.
production_order_2026_00023,plan_2026_0012,1,fg_0023,bom_fg_0023,1,5014,piece,2026-03-16,2026-03-18,Dây chuyền 11,in_progress,Lệnh sản xuất phát hành từ kế hoạch đã được duyệt.
production_order_2026_00024,plan_2026_0012,2,fg_0024,bom_fg_0024,1,5151,piece,2026-03-17,2026-03-19,Dây chuyền 12,completed,Lệnh sản xuất phát hành từ kế hoạch đã được duyệt.
production_order_2026_00025,plan_2026_0013,1,fg_0025,bom_fg_0025,1,5288,piece,2026-04-17,2026-04-19,Dây chuyền 01,paused,Lệnh sản xuất phát hành từ kế hoạch đã được duyệt.
production_order_2026_00026,plan_2026_0013,2,fg_0026,bom_fg_0026,1,5425,piece,2026-04-18,2026-04-20,Dây chuyền 02,planned,Lệnh sản xuất phát hành từ kế hoạch đã được duyệt.
production_order_2026_00027,plan_2026_0014,1,fg_0027,bom_fg_0027,1,5562,piece,2026-05-22,2026-05-24,Dây chuyền 03,released,Lệnh sản xuất phát hành từ kế hoạch đã được duyệt.
production_order_2026_00028,plan_2026_0014,2,fg_0028,bom_fg_0028,1,5699,piece,2026-05-23,2026-05-25,Dây chuyền 04,in_progress,Lệnh sản xuất phát hành từ kế hoạch đã được duyệt.
production_order_2026_00029,plan_2026_0015,1,fg_0029,bom_fg_0029,1,5836,piece,2026-06-03,2026-06-05,Dây chuyền 05,completed,Lệnh sản xuất phát hành từ kế hoạch đã được duyệt.
production_order_2026_00030,plan_2026_0015,2,fg_0030,bom_fg_0030,1,5973,piece,2026-06-04,2026-06-06,Dây chuyền 06,paused,Lệnh sản xuất phát hành từ kế hoạch đã được duyệt.
production_order_2026_00031,plan_2026_0016,1,fg_0031,bom_fg_0031,1,6110,piece,2026-07-08,2026-07-10,Dây chuyền 07,planned,Lệnh sản xuất phát hành từ kế hoạch đã được duyệt.
production_order_2026_00032,plan_2026_0016,2,fg_0032,bom_fg_0032,1,6247,piece,2026-07-09,2026-07-11,Dây chuyền 08,released,Lệnh sản xuất phát hành từ kế hoạch đã được duyệt.
production_order_2026_00033,plan_2026_0017,1,fg_0033,bom_fg_0033,1,6384,piece,2026-08-09,2026-08-11,Dây chuyền 09,in_progress,Lệnh sản xuất phát hành từ kế hoạch đã được duyệt.
production_order_2026_00034,plan_2026_0017,2,fg_0034,bom_fg_0034,1,6521,piece,2026-08-10,2026-08-12,Dây chuyền 10,completed,Lệnh sản xuất phát hành từ kế hoạch đã được duyệt.
production_order_2026_00035,plan_2026_0018,1,fg_0035,bom_fg_0035,1,6658,piece,2026-09-14,2026-09-16,Dây chuyền 11,paused,Lệnh sản xuất phát hành từ kế hoạch đã được duyệt.
production_order_2026_00036,plan_2026_0018,2,fg_0036,bom_fg_0036,1,6795,piece,2026-09-15,2026-09-17,Dây chuyền 12,planned,Lệnh sản xuất phát hành từ kế hoạch đã được duyệt.
production_order_2026_00037,plan_2026_0019,1,fg_0037,bom_fg_0037,1,6932,piece,2026-01-15,2026-01-17,Dây chuyền 01,released,Lệnh sản xuất phát hành từ kế hoạch đã được duyệt.
production_order_2026_00038,plan_2026_0019,2,fg_0038,bom_fg_0038,1,7069,piece,2026-01-16,2026-01-18,Dây chuyền 02,in_progress,Lệnh sản xuất phát hành từ kế hoạch đã được duyệt.
production_order_2026_00039,plan_2026_0020,1,fg_0039,bom_fg_0039,1,7206,piece,2026-02-20,2026-02-22,Dây chuyền 03,completed,Lệnh sản xuất phát hành từ kế hoạch đã được duyệt.
production_order_2026_00040,plan_2026_0020,2,fg_0040,bom_fg_0040,1,7343,piece,2026-02-21,2026-02-23,Dây chuyền 04,paused,Lệnh sản xuất phát hành từ kế hoạch đã được duyệt.
production_order_2026_00041,plan_2026_0021,1,fg_0041,bom_fg_0041,1,7480,piece,2026-03-01,2026-03-03,Dây chuyền 05,planned,Lệnh sản xuất phát hành từ kế hoạch đã được duyệt.
production_order_2026_00042,plan_2026_0021,2,fg_0042,bom_fg_0042,1,7617,piece,2026-03-02,2026-03-04,Dây chuyền 06,released,Lệnh sản xuất phát hành từ kế hoạch đã được duyệt.
production_order_2026_00043,plan_2026_0022,1,fg_0043,bom_fg_0043,1,7754,piece,2026-04-06,2026-04-08,Dây chuyền 07,in_progress,Lệnh sản xuất phát hành từ kế hoạch đã được duyệt.
production_order_2026_00044,plan_2026_0022,2,fg_0044,bom_fg_0044,1,7891,piece,2026-04-07,2026-04-09,Dây chuyền 08,completed,Lệnh sản xuất phát hành từ kế hoạch đã được duyệt.
production_order_2026_00045,plan_2026_0023,1,fg_0045,bom_fg_0045,1,8028,piece,2026-05-07,2026-05-09,Dây chuyền 09,paused,Lệnh sản xuất phát hành từ kế hoạch đã được duyệt.
production_order_2026_00046,plan_2026_0023,2,fg_0046,bom_fg_0046,1,8165,piece,2026-05-08,2026-05-10,Dây chuyền 10,planned,Lệnh sản xuất phát hành từ kế hoạch đã được duyệt.
production_order_2026_00047,plan_2026_0024,1,fg_0047,bom_fg_0047,1,8302,piece,2026-06-12,2026-06-14,Dây chuyền 11,released,Lệnh sản xuất phát hành từ kế hoạch đã được duyệt.
production_order_2026_00048,plan_2026_0024,2,fg_0048,bom_fg_0048,1,8439,piece,2026-06-13,2026-06-15,Dây chuyền 12,in_progress,Lệnh sản xuất phát hành từ kế hoạch đã được duyệt.
production_order_2026_00049,plan_2026_0025,1,fg_0049,bom_fg_0049,1,8576,piece,2026-07-13,2026-07-15,Dây chuyền 01,completed,Lệnh sản xuất phát hành từ kế hoạch đã được duyệt.
production_order_2026_00050,plan_2026_0025,2,fg_0050,bom_fg_0050,1,8713,piece,2026-07-14,2026-07-16,Dây chuyền 02,paused,Lệnh sản xuất phát hành từ kế hoạch đã được duyệt.
production_order_2026_00051,plan_2026_0026,1,fg_0051,bom_fg_0051,1,8850,piece,2026-08-18,2026-08-20,Dây chuyền 03,planned,Lệnh sản xuất phát hành từ kế hoạch đã được duyệt.
production_order_2026_00052,plan_2026_0026,2,fg_0052,bom_fg_0052,1,8987,piece,2026-08-19,2026-08-21,Dây chuyền 04,released,Lệnh sản xuất phát hành từ kế hoạch đã được duyệt.
production_order_2026_00053,plan_2026_0027,1,fg_0053,bom_fg_0053,1,9124,piece,2026-09-19,2026-09-21,Dây chuyền 05,in_progress,Lệnh sản xuất phát hành từ kế hoạch đã được duyệt.
production_order_2026_00054,plan_2026_0027,2,fg_0054,bom_fg_0054,1,9261,piece,2026-09-20,2026-09-22,Dây chuyền 06,completed,Lệnh sản xuất phát hành từ kế hoạch đã được duyệt.
production_order_2026_00055,plan_2026_0028,1,fg_0055,bom_fg_0055,1,9398,piece,2026-01-04,2026-01-06,Dây chuyền 07,paused,Lệnh sản xuất phát hành từ kế hoạch đã được duyệt.
production_order_2026_00056,plan_2026_0028,2,fg_0056,bom_fg_0056,1,9535,piece,2026-01-05,2026-01-07,Dây chuyền 08,planned,Lệnh sản xuất phát hành từ kế hoạch đã được duyệt.
production_order_2026_00057,plan_2026_0029,1,fg_0057,bom_fg_0057,1,9672,piece,2026-02-05,2026-02-07,Dây chuyền 09,released,Lệnh sản xuất phát hành từ kế hoạch đã được duyệt.
production_order_2026_00058,plan_2026_0029,2,fg_0058,bom_fg_0058,1,9809,piece,2026-02-06,2026-02-08,Dây chuyền 10,in_progress,Lệnh sản xuất phát hành từ kế hoạch đã được duyệt.
production_order_2026_00059,plan_2026_0030,1,fg_0059,bom_fg_0059,1,9946,piece,2026-03-10,2026-03-12,Dây chuyền 11,completed,Lệnh sản xuất phát hành từ kế hoạch đã được duyệt.
production_order_2026_00060,plan_2026_0030,2,fg_0060,bom_fg_0060,1,2083,piece,2026-03-11,2026-03-13,Dây chuyền 12,paused,Lệnh sản xuất phát hành từ kế hoạch đã được duyệt.
production_order_2026_00061,plan_2026_0031,1,fg_0061,bom_fg_0061,1,2220,piece,2026-04-11,2026-04-13,Dây chuyền 01,planned,Lệnh sản xuất phát hành từ kế hoạch đã được duyệt.
production_order_2026_00062,plan_2026_0031,2,fg_0062,bom_fg_0062,1,2357,piece,2026-04-12,2026-04-14,Dây chuyền 02,released,Lệnh sản xuất phát hành từ kế hoạch đã được duyệt.
production_order_2026_00063,plan_2026_0032,1,fg_0063,bom_fg_0063,1,2494,piece,2026-05-16,2026-05-18,Dây chuyền 03,in_progress,Lệnh sản xuất phát hành từ kế hoạch đã được duyệt.
production_order_2026_00064,plan_2026_0032,2,fg_0064,bom_fg_0064,1,2631,piece,2026-05-17,2026-05-19,Dây chuyền 04,completed,Lệnh sản xuất phát hành từ kế hoạch đã được duyệt.
production_order_2026_00065,plan_2026_0033,1,fg_0065,bom_fg_0065,1,2768,piece,2026-06-17,2026-06-19,Dây chuyền 05,paused,Lệnh sản xuất phát hành từ kế hoạch đã được duyệt.
production_order_2026_00066,plan_2026_0033,2,fg_0066,bom_fg_0066,1,2905,piece,2026-06-18,2026-06-20,Dây chuyền 06,planned,Lệnh sản xuất phát hành từ kế hoạch đã được duyệt.
production_order_2026_00067,plan_2026_0034,1,fg_0067,bom_fg_0067,1,3042,piece,2026-07-22,2026-07-24,Dây chuyền 07,released,Lệnh sản xuất phát hành từ kế hoạch đã được duyệt.
production_order_2026_00068,plan_2026_0034,2,fg_0068,bom_fg_0068,1,3179,piece,2026-07-23,2026-07-25,Dây chuyền 08,in_progress,Lệnh sản xuất phát hành từ kế hoạch đã được duyệt.
production_order_2026_00069,plan_2026_0035,1,fg_0069,bom_fg_0069,1,3316,piece,2026-08-03,2026-08-05,Dây chuyền 09,completed,Lệnh sản xuất phát hành từ kế hoạch đã được duyệt.
production_order_2026_00070,plan_2026_0035,2,fg_0070,bom_fg_0070,1,3453,piece,2026-08-04,2026-08-06,Dây chuyền 10,paused,Lệnh sản xuất phát hành từ kế hoạch đã được duyệt.
production_order_2026_00071,plan_2026_0036,1,fg_0071,bom_fg_0071,1,3590,piece,2026-09-08,2026-09-10,Dây chuyền 11,planned,Lệnh sản xuất phát hành từ kế hoạch đã được duyệt.
production_order_2026_00072,plan_2026_0036,2,fg_0072,bom_fg_0072,1,3727,piece,2026-09-09,2026-09-11,Dây chuyền 12,released,Lệnh sản xuất phát hành từ kế hoạch đã được duyệt.
production_order_2026_00073,plan_2026_0037,1,fg_0073,bom_fg_0073,1,3864,piece,2026-01-09,2026-01-11,Dây chuyền 01,in_progress,Lệnh sản xuất phát hành từ kế hoạch đã được duyệt.
production_order_2026_00074,plan_2026_0037,2,fg_0074,bom_fg_0074,1,4001,piece,2026-01-10,2026-01-12,Dây chuyền 02,completed,Lệnh sản xuất phát hành từ kế hoạch đã được duyệt.
production_order_2026_00075,plan_2026_0038,1,fg_0075,bom_fg_0075,1,4138,piece,2026-02-14,2026-02-16,Dây chuyền 03,paused,Lệnh sản xuất phát hành từ kế hoạch đã được duyệt.
production_order_2026_00076,plan_2026_0038,2,fg_0076,bom_fg_0076,1,4275,piece,2026-02-15,2026-02-17,Dây chuyền 04,planned,Lệnh sản xuất phát hành từ kế hoạch đã được duyệt.
production_order_2026_00077,plan_2026_0039,1,fg_0077,bom_fg_0077,1,4412,piece,2026-03-15,2026-03-17,Dây chuyền 05,released,Lệnh sản xuất phát hành từ kế hoạch đã được duyệt.
production_order_2026_00078,plan_2026_0039,2,fg_0078,bom_fg_0078,1,4549,piece,2026-03-16,2026-03-18,Dây chuyền 06,in_progress,Lệnh sản xuất phát hành từ kế hoạch đã được duyệt.
production_order_2026_00079,plan_2026_0040,1,fg_0079,bom_fg_0079,1,4686,piece,2026-04-20,2026-04-22,Dây chuyền 07,completed,Lệnh sản xuất phát hành từ kế hoạch đã được duyệt.
production_order_2026_00080,plan_2026_0040,2,fg_0080,bom_fg_0080,1,4823,piece,2026-04-21,2026-04-23,Dây chuyền 08,paused,Lệnh sản xuất phát hành từ kế hoạch đã được duyệt.
production_order_2026_00081,plan_2026_0041,1,fg_0081,bom_fg_0081,1,4960,piece,2026-05-01,2026-05-03,Dây chuyền 09,planned,Lệnh sản xuất phát hành từ kế hoạch đã được duyệt.
production_order_2026_00082,plan_2026_0041,2,fg_0082,bom_fg_0082,1,5097,piece,2026-05-02,2026-05-04,Dây chuyền 10,released,Lệnh sản xuất phát hành từ kế hoạch đã được duyệt.
production_order_2026_00083,plan_2026_0042,1,fg_0083,bom_fg_0083,1,5234,piece,2026-06-06,2026-06-08,Dây chuyền 11,in_progress,Lệnh sản xuất phát hành từ kế hoạch đã được duyệt.
production_order_2026_00084,plan_2026_0042,2,fg_0084,bom_fg_0084,1,5371,piece,2026-06-07,2026-06-09,Dây chuyền 12,completed,Lệnh sản xuất phát hành từ kế hoạch đã được duyệt.
production_order_2026_00085,plan_2026_0043,1,fg_0085,bom_fg_0085,1,5508,piece,2026-07-07,2026-07-09,Dây chuyền 01,paused,Lệnh sản xuất phát hành từ kế hoạch đã được duyệt.
production_order_2026_00086,plan_2026_0043,2,fg_0086,bom_fg_0086,1,5645,piece,2026-07-08,2026-07-10,Dây chuyền 02,planned,Lệnh sản xuất phát hành từ kế hoạch đã được duyệt.
production_order_2026_00087,plan_2026_0044,1,fg_0087,bom_fg_0087,1,5782,piece,2026-08-12,2026-08-14,Dây chuyền 03,released,Lệnh sản xuất phát hành từ kế hoạch đã được duyệt.
production_order_2026_00088,plan_2026_0044,2,fg_0088,bom_fg_0088,1,5919,piece,2026-08-13,2026-08-15,Dây chuyền 04,in_progress,Lệnh sản xuất phát hành từ kế hoạch đã được duyệt.
production_order_2026_00089,plan_2026_0045,1,fg_0089,bom_fg_0089,1,6056,piece,2026-09-13,2026-09-15,Dây chuyền 05,completed,Lệnh sản xuất phát hành từ kế hoạch đã được duyệt.
production_order_2026_00090,plan_2026_0045,2,fg_0090,bom_fg_0090,1,6193,piece,2026-09-14,2026-09-16,Dây chuyền 06,paused,Lệnh sản xuất phát hành từ kế hoạch đã được duyệt.
production_order_2026_00091,plan_2026_0046,1,fg_0091,bom_fg_0091,1,6330,piece,2026-01-18,2026-01-20,Dây chuyền 07,planned,Lệnh sản xuất phát hành từ kế hoạch đã được duyệt.
production_order_2026_00092,plan_2026_0046,2,fg_0092,bom_fg_0092,1,6467,piece,2026-01-19,2026-01-21,Dây chuyền 08,released,Lệnh sản xuất phát hành từ kế hoạch đã được duyệt.
production_order_2026_00093,plan_2026_0047,1,fg_0093,bom_fg_0093,1,6604,piece,2026-02-19,2026-02-21,Dây chuyền 09,in_progress,Lệnh sản xuất phát hành từ kế hoạch đã được duyệt.
production_order_2026_00094,plan_2026_0047,2,fg_0094,bom_fg_0094,1,6741,piece,2026-02-20,2026-02-22,Dây chuyền 10,completed,Lệnh sản xuất phát hành từ kế hoạch đã được duyệt.
production_order_2026_00095,plan_2026_0048,1,fg_0095,bom_fg_0095,1,6878,piece,2026-03-04,2026-03-06,Dây chuyền 11,paused,Lệnh sản xuất phát hành từ kế hoạch đã được duyệt.
production_order_2026_00096,plan_2026_0048,2,fg_0096,bom_fg_0096,1,7015,piece,2026-03-05,2026-03-07,Dây chuyền 12,planned,Lệnh sản xuất phát hành từ kế hoạch đã được duyệt.
production_order_2026_00097,plan_2026_0049,1,fg_0097,bom_fg_0097,1,7152,piece,2026-04-05,2026-04-07,Dây chuyền 01,released,Lệnh sản xuất phát hành từ kế hoạch đã được duyệt.
production_order_2026_00098,plan_2026_0049,2,fg_0098,bom_fg_0098,1,7289,piece,2026-04-06,2026-04-08,Dây chuyền 02,in_progress,Lệnh sản xuất phát hành từ kế hoạch đã được duyệt.
production_order_2026_00099,plan_2026_0050,1,fg_0099,bom_fg_0099,1,7426,piece,2026-05-10,2026-05-12,Dây chuyền 03,completed,Lệnh sản xuất phát hành từ kế hoạch đã được duyệt.
production_order_2026_00100,plan_2026_0050,2,fg_0100,bom_fg_0100,1,7563,piece,2026-05-11,2026-05-13,Dây chuyền 04,paused,Lệnh sản xuất phát hành từ kế hoạch đã được duyệt.
production_order_2026_00101,plan_2026_0051,1,fg_0101,bom_fg_0101,1,7700,piece,2026-06-11,2026-06-13,Dây chuyền 05,planned,Lệnh sản xuất phát hành từ kế hoạch đã được duyệt.
production_order_2026_00102,plan_2026_0051,2,fg_0102,bom_fg_0102,1,7837,piece,2026-06-12,2026-06-14,Dây chuyền 06,released,Lệnh sản xuất phát hành từ kế hoạch đã được duyệt.
production_order_2026_00103,plan_2026_0052,1,fg_0103,bom_fg_0103,1,7974,piece,2026-07-16,2026-07-18,Dây chuyền 07,in_progress,Lệnh sản xuất phát hành từ kế hoạch đã được duyệt.
production_order_2026_00104,plan_2026_0052,2,fg_0104,bom_fg_0104,1,8111,piece,2026-07-17,2026-07-19,Dây chuyền 08,completed,Lệnh sản xuất phát hành từ kế hoạch đã được duyệt.
production_order_2026_00105,plan_2026_0053,1,fg_0105,bom_fg_0105,1,8248,piece,2026-08-17,2026-08-19,Dây chuyền 09,paused,Lệnh sản xuất phát hành từ kế hoạch đã được duyệt.
production_order_2026_00106,plan_2026_0053,2,fg_0106,bom_fg_0106,1,8385,piece,2026-08-18,2026-08-20,Dây chuyền 10,planned,Lệnh sản xuất phát hành từ kế hoạch đã được duyệt.
production_order_2026_00107,plan_2026_0054,1,fg_0107,bom_fg_0107,1,8522,piece,2026-09-22,2026-09-24,Dây chuyền 11,released,Lệnh sản xuất phát hành từ kế hoạch đã được duyệt.
production_order_2026_00108,plan_2026_0054,2,fg_0108,bom_fg_0108,1,8659,piece,2026-09-23,2026-09-25,Dây chuyền 12,in_progress,Lệnh sản xuất phát hành từ kế hoạch đã được duyệt.
production_order_2026_00109,plan_2026_0055,1,fg_0109,bom_fg_0109,1,8796,piece,2026-01-03,2026-01-05,Dây chuyền 01,completed,Lệnh sản xuất phát hành từ kế hoạch đã được duyệt.
production_order_2026_00110,plan_2026_0055,2,fg_0110,bom_fg_0110,1,8933,piece,2026-01-04,2026-01-06,Dây chuyền 02,paused,Lệnh sản xuất phát hành từ kế hoạch đã được duyệt.
production_order_2026_00111,plan_2026_0056,1,fg_0111,bom_fg_0111,1,9070,piece,2026-02-08,2026-02-10,Dây chuyền 03,planned,Lệnh sản xuất phát hành từ kế hoạch đã được duyệt.
production_order_2026_00112,plan_2026_0056,2,fg_0112,bom_fg_0112,1,9207,piece,2026-02-09,2026-02-11,Dây chuyền 04,released,Lệnh sản xuất phát hành từ kế hoạch đã được duyệt.
production_order_2026_00113,plan_2026_0057,1,fg_0113,bom_fg_0113,1,9344,piece,2026-03-09,2026-03-11,Dây chuyền 05,in_progress,Lệnh sản xuất phát hành từ kế hoạch đã được duyệt.
production_order_2026_00114,plan_2026_0057,2,fg_0114,bom_fg_0114,1,9481,piece,2026-03-10,2026-03-12,Dây chuyền 06,completed,Lệnh sản xuất phát hành từ kế hoạch đã được duyệt.
production_order_2026_00115,plan_2026_0058,1,fg_0115,bom_fg_0115,1,9618,piece,2026-04-14,2026-04-16,Dây chuyền 07,paused,Lệnh sản xuất phát hành từ kế hoạch đã được duyệt.
production_order_2026_00116,plan_2026_0058,2,fg_0116,bom_fg_0116,1,9755,piece,2026-04-15,2026-04-17,Dây chuyền 08,planned,Lệnh sản xuất phát hành từ kế hoạch đã được duyệt.
production_order_2026_00117,plan_2026_0059,1,fg_0117,bom_fg_0117,1,9892,piece,2026-05-15,2026-05-17,Dây chuyền 09,released,Lệnh sản xuất phát hành từ kế hoạch đã được duyệt.
production_order_2026_00118,plan_2026_0059,2,fg_0118,bom_fg_0118,1,2029,piece,2026-05-16,2026-05-18,Dây chuyền 10,in_progress,Lệnh sản xuất phát hành từ kế hoạch đã được duyệt.
production_order_2026_00119,plan_2026_0060,1,fg_0119,bom_fg_0119,1,2166,piece,2026-06-20,2026-06-22,Dây chuyền 11,completed,Lệnh sản xuất phát hành từ kế hoạch đã được duyệt.
production_order_2026_00120,plan_2026_0060,2,fg_0120,bom_fg_0120,1,2303,piece,2026-06-21,2026-06-23,Dây chuyền 12,paused,Lệnh sản xuất phát hành từ kế hoạch đã được duyệt.
production_order_2026_00121,plan_2026_0061,1,fg_0121,bom_fg_0121,1,2440,piece,2026-07-01,2026-07-03,Dây chuyền 01,planned,Lệnh sản xuất phát hành từ kế hoạch đã được duyệt.
production_order_2026_00122,plan_2026_0061,2,fg_0122,bom_fg_0122,1,2577,piece,2026-07-02,2026-07-04,Dây chuyền 02,released,Lệnh sản xuất phát hành từ kế hoạch đã được duyệt.
production_order_2026_00123,plan_2026_0062,1,fg_0123,bom_fg_0123,1,2714,piece,2026-08-06,2026-08-08,Dây chuyền 03,in_progress,Lệnh sản xuất phát hành từ kế hoạch đã được duyệt.
production_order_2026_00124,plan_2026_0062,2,fg_0124,bom_fg_0124,1,2851,piece,2026-08-07,2026-08-09,Dây chuyền 04,completed,Lệnh sản xuất phát hành từ kế hoạch đã được duyệt.
production_order_2026_00125,plan_2026_0063,1,fg_0125,bom_fg_0125,1,2988,piece,2026-09-07,2026-09-09,Dây chuyền 05,paused,Lệnh sản xuất phát hành từ kế hoạch đã được duyệt.
production_order_2026_00126,plan_2026_0063,2,fg_0126,bom_fg_0126,1,3125,piece,2026-09-08,2026-09-10,Dây chuyền 06,planned,Lệnh sản xuất phát hành từ kế hoạch đã được duyệt.
production_order_2026_00127,plan_2026_0064,1,fg_0127,bom_fg_0127,1,3262,piece,2026-01-12,2026-01-14,Dây chuyền 07,released,Lệnh sản xuất phát hành từ kế hoạch đã được duyệt.
production_order_2026_00128,plan_2026_0064,2,fg_0128,bom_fg_0128,1,3399,piece,2026-01-13,2026-01-15,Dây chuyền 08,in_progress,Lệnh sản xuất phát hành từ kế hoạch đã được duyệt.
production_order_2026_00129,plan_2026_0065,1,fg_0129,bom_fg_0129,1,3536,piece,2026-02-13,2026-02-15,Dây chuyền 09,completed,Lệnh sản xuất phát hành từ kế hoạch đã được duyệt.
production_order_2026_00130,plan_2026_0065,2,fg_0130,bom_fg_0130,1,3673,piece,2026-02-14,2026-02-16,Dây chuyền 10,paused,Lệnh sản xuất phát hành từ kế hoạch đã được duyệt.
production_order_2026_00131,plan_2026_0066,1,fg_0131,bom_fg_0131,1,3810,piece,2026-03-18,2026-03-20,Dây chuyền 11,planned,Lệnh sản xuất phát hành từ kế hoạch đã được duyệt.
production_order_2026_00132,plan_2026_0066,2,fg_0132,bom_fg_0132,1,3947,piece,2026-03-19,2026-03-21,Dây chuyền 12,released,Lệnh sản xuất phát hành từ kế hoạch đã được duyệt.
production_order_2026_00133,plan_2026_0067,1,fg_0133,bom_fg_0133,1,4084,piece,2026-04-19,2026-04-21,Dây chuyền 01,in_progress,Lệnh sản xuất phát hành từ kế hoạch đã được duyệt.
production_order_2026_00134,plan_2026_0067,2,fg_0134,bom_fg_0134,1,4221,piece,2026-04-20,2026-04-22,Dây chuyền 02,completed,Lệnh sản xuất phát hành từ kế hoạch đã được duyệt.
production_order_2026_00135,plan_2026_0068,1,fg_0135,bom_fg_0135,1,4358,piece,2026-05-04,2026-05-06,Dây chuyền 03,paused,Lệnh sản xuất phát hành từ kế hoạch đã được duyệt.
production_order_2026_00136,plan_2026_0068,2,fg_0136,bom_fg_0136,1,4495,piece,2026-05-05,2026-05-07,Dây chuyền 04,planned,Lệnh sản xuất phát hành từ kế hoạch đã được duyệt.
production_order_2026_00137,plan_2026_0069,1,fg_0137,bom_fg_0137,1,4632,piece,2026-06-05,2026-06-07,Dây chuyền 05,released,Lệnh sản xuất phát hành từ kế hoạch đã được duyệt.
production_order_2026_00138,plan_2026_0069,2,fg_0138,bom_fg_0138,1,4769,piece,2026-06-06,2026-06-08,Dây chuyền 06,in_progress,Lệnh sản xuất phát hành từ kế hoạch đã được duyệt.
production_order_2026_00139,plan_2026_0070,1,fg_0139,bom_fg_0139,1,4906,piece,2026-07-10,2026-07-12,Dây chuyền 07,completed,Lệnh sản xuất phát hành từ kế hoạch đã được duyệt.
production_order_2026_00140,plan_2026_0070,2,fg_0140,bom_fg_0140,1,5043,piece,2026-07-11,2026-07-13,Dây chuyền 08,paused,Lệnh sản xuất phát hành từ kế hoạch đã được duyệt.
production_order_2026_00141,plan_2026_0071,1,fg_0141,bom_fg_0141,1,5180,piece,2026-08-11,2026-08-13,Dây chuyền 09,planned,Lệnh sản xuất phát hành từ kế hoạch đã được duyệt.
production_order_2026_00142,plan_2026_0071,2,fg_0142,bom_fg_0142,1,5317,piece,2026-08-12,2026-08-14,Dây chuyền 10,released,Lệnh sản xuất phát hành từ kế hoạch đã được duyệt.
production_order_2026_00143,plan_2026_0072,1,fg_0143,bom_fg_0143,1,5454,piece,2026-09-16,2026-09-18,Dây chuyền 11,in_progress,Lệnh sản xuất phát hành từ kế hoạch đã được duyệt.
production_order_2026_00144,plan_2026_0072,2,fg_0144,bom_fg_0144,1,5591,piece,2026-09-17,2026-09-19,Dây chuyền 12,completed,Lệnh sản xuất phát hành từ kế hoạch đã được duyệt.
production_order_2026_00145,plan_2026_0073,1,fg_0145,bom_fg_0145,1,5728,piece,2026-01-17,2026-01-19,Dây chuyền 01,paused,Lệnh sản xuất phát hành từ kế hoạch đã được duyệt.
production_order_2026_00146,plan_2026_0073,2,fg_0146,bom_fg_0146,1,5865,piece,2026-01-18,2026-01-20,Dây chuyền 02,planned,Lệnh sản xuất phát hành từ kế hoạch đã được duyệt.
production_order_2026_00147,plan_2026_0074,1,fg_0147,bom_fg_0147,1,6002,piece,2026-02-22,2026-02-24,Dây chuyền 03,released,Lệnh sản xuất phát hành từ kế hoạch đã được duyệt.
production_order_2026_00148,plan_2026_0074,2,fg_0148,bom_fg_0148,1,6139,piece,2026-02-23,2026-02-25,Dây chuyền 04,in_progress,Lệnh sản xuất phát hành từ kế hoạch đã được duyệt.
production_order_2026_00149,plan_2026_0075,1,fg_0149,bom_fg_0149,1,6276,piece,2026-03-03,2026-03-05,Dây chuyền 05,completed,Lệnh sản xuất phát hành từ kế hoạch đã được duyệt.
production_order_2026_00150,plan_2026_0075,2,fg_0150,bom_fg_0150,1,6413,piece,2026-03-04,2026-03-06,Dây chuyền 06,paused,Lệnh sản xuất phát hành từ kế hoạch đã được duyệt.
production_order_2026_00151,plan_2026_0076,1,fg_0151,bom_fg_0151,1,6550,piece,2026-04-08,2026-04-10,Dây chuyền 07,planned,Lệnh sản xuất phát hành từ kế hoạch đã được duyệt.
production_order_2026_00152,plan_2026_0076,2,fg_0152,bom_fg_0152,1,6687,piece,2026-04-09,2026-04-11,Dây chuyền 08,released,Lệnh sản xuất phát hành từ kế hoạch đã được duyệt.
production_order_2026_00153,plan_2026_0077,1,fg_0153,bom_fg_0153,1,6824,piece,2026-05-09,2026-05-11,Dây chuyền 09,in_progress,Lệnh sản xuất phát hành từ kế hoạch đã được duyệt.
production_order_2026_00154,plan_2026_0077,2,fg_0154,bom_fg_0154,1,6961,piece,2026-05-10,2026-05-12,Dây chuyền 10,completed,Lệnh sản xuất phát hành từ kế hoạch đã được duyệt.
production_order_2026_00155,plan_2026_0078,1,fg_0155,bom_fg_0155,1,7098,piece,2026-06-14,2026-06-16,Dây chuyền 11,paused,Lệnh sản xuất phát hành từ kế hoạch đã được duyệt.
production_order_2026_00156,plan_2026_0078,2,fg_0156,bom_fg_0156,1,7235,piece,2026-06-15,2026-06-17,Dây chuyền 12,planned,Lệnh sản xuất phát hành từ kế hoạch đã được duyệt.
production_order_2026_00157,plan_2026_0079,1,fg_0157,bom_fg_0157,1,7372,piece,2026-07-15,2026-07-17,Dây chuyền 01,released,Lệnh sản xuất phát hành từ kế hoạch đã được duyệt.
production_order_2026_00158,plan_2026_0079,2,fg_0158,bom_fg_0158,1,7509,piece,2026-07-16,2026-07-18,Dây chuyền 02,in_progress,Lệnh sản xuất phát hành từ kế hoạch đã được duyệt.
production_order_2026_00159,plan_2026_0080,1,fg_0159,bom_fg_0159,1,7646,piece,2026-08-20,2026-08-22,Dây chuyền 03,completed,Lệnh sản xuất phát hành từ kế hoạch đã được duyệt.
production_order_2026_00160,plan_2026_0080,2,fg_0160,bom_fg_0160,1,7783,piece,2026-08-21,2026-08-23,Dây chuyền 04,paused,Lệnh sản xuất phát hành từ kế hoạch đã được duyệt.
production_order_2026_00161,plan_2026_0081,1,fg_0161,bom_fg_0161,1,7920,piece,2026-09-01,2026-09-03,Dây chuyền 05,planned,Lệnh sản xuất phát hành từ kế hoạch đã được duyệt.
production_order_2026_00162,plan_2026_0081,2,fg_0162,bom_fg_0162,1,8057,piece,2026-09-02,2026-09-04,Dây chuyền 06,released,Lệnh sản xuất phát hành từ kế hoạch đã được duyệt.
production_order_2026_00163,plan_2026_0082,1,fg_0163,bom_fg_0163,1,8194,piece,2026-01-06,2026-01-08,Dây chuyền 07,in_progress,Lệnh sản xuất phát hành từ kế hoạch đã được duyệt.
production_order_2026_00164,plan_2026_0082,2,fg_0164,bom_fg_0164,1,8331,piece,2026-01-07,2026-01-09,Dây chuyền 08,completed,Lệnh sản xuất phát hành từ kế hoạch đã được duyệt.
production_order_2026_00165,plan_2026_0083,1,fg_0165,bom_fg_0165,1,8468,piece,2026-02-07,2026-02-09,Dây chuyền 09,paused,Lệnh sản xuất phát hành từ kế hoạch đã được duyệt.
production_order_2026_00166,plan_2026_0083,2,fg_0166,bom_fg_0166,1,8605,piece,2026-02-08,2026-02-10,Dây chuyền 10,planned,Lệnh sản xuất phát hành từ kế hoạch đã được duyệt.
production_order_2026_00167,plan_2026_0084,1,fg_0167,bom_fg_0167,1,8742,piece,2026-03-12,2026-03-14,Dây chuyền 11,released,Lệnh sản xuất phát hành từ kế hoạch đã được duyệt.
production_order_2026_00168,plan_2026_0084,2,fg_0168,bom_fg_0168,1,8879,piece,2026-03-13,2026-03-15,Dây chuyền 12,in_progress,Lệnh sản xuất phát hành từ kế hoạch đã được duyệt.
production_order_2026_00169,plan_2026_0085,1,fg_0169,bom_fg_0169,1,9016,piece,2026-04-13,2026-04-15,Dây chuyền 01,completed,Lệnh sản xuất phát hành từ kế hoạch đã được duyệt.
production_order_2026_00170,plan_2026_0085,2,fg_0170,bom_fg_0170,1,9153,piece,2026-04-14,2026-04-16,Dây chuyền 02,paused,Lệnh sản xuất phát hành từ kế hoạch đã được duyệt.
production_order_2026_00171,plan_2026_0086,1,fg_0171,bom_fg_0171,1,9290,piece,2026-05-18,2026-05-20,Dây chuyền 03,planned,Lệnh sản xuất phát hành từ kế hoạch đã được duyệt.
production_order_2026_00172,plan_2026_0086,2,fg_0172,bom_fg_0172,1,9427,piece,2026-05-19,2026-05-21,Dây chuyền 04,released,Lệnh sản xuất phát hành từ kế hoạch đã được duyệt.
production_order_2026_00173,plan_2026_0087,1,fg_0173,bom_fg_0173,1,9564,piece,2026-06-19,2026-06-21,Dây chuyền 05,in_progress,Lệnh sản xuất phát hành từ kế hoạch đã được duyệt.
production_order_2026_00174,plan_2026_0087,2,fg_0174,bom_fg_0174,1,9701,piece,2026-06-20,2026-06-22,Dây chuyền 06,completed,Lệnh sản xuất phát hành từ kế hoạch đã được duyệt.
production_order_2026_00175,plan_2026_0088,1,fg_0175,bom_fg_0175,1,9838,piece,2026-07-04,2026-07-06,Dây chuyền 07,paused,Lệnh sản xuất phát hành từ kế hoạch đã được duyệt.
production_order_2026_00176,plan_2026_0088,2,fg_0176,bom_fg_0176,1,9975,piece,2026-07-05,2026-07-07,Dây chuyền 08,planned,Lệnh sản xuất phát hành từ kế hoạch đã được duyệt.
production_order_2026_00177,plan_2026_0089,1,fg_0177,bom_fg_0177,1,2112,piece,2026-08-05,2026-08-07,Dây chuyền 09,released,Lệnh sản xuất phát hành từ kế hoạch đã được duyệt.
production_order_2026_00178,plan_2026_0089,2,fg_0178,bom_fg_0178,1,2249,piece,2026-08-06,2026-08-08,Dây chuyền 10,in_progress,Lệnh sản xuất phát hành từ kế hoạch đã được duyệt.
production_order_2026_00179,plan_2026_0090,1,fg_0179,bom_fg_0179,1,2386,piece,2026-09-10,2026-09-12,Dây chuyền 11,completed,Lệnh sản xuất phát hành từ kế hoạch đã được duyệt.
production_order_2026_00180,plan_2026_0090,2,fg_0180,bom_fg_0180,1,2523,piece,2026-09-11,2026-09-13,Dây chuyền 12,paused,Lệnh sản xuất phát hành từ kế hoạch đã được duyệt.
production_order_2026_00181,plan_2026_0091,1,fg_0181,bom_fg_0181,1,2660,piece,2026-01-11,2026-01-13,Dây chuyền 01,planned,Lệnh sản xuất phát hành từ kế hoạch đã được duyệt.
production_order_2026_00182,plan_2026_0091,2,fg_0182,bom_fg_0182,1,2797,piece,2026-01-12,2026-01-14,Dây chuyền 02,released,Lệnh sản xuất phát hành từ kế hoạch đã được duyệt.
production_order_2026_00183,plan_2026_0092,1,fg_0183,bom_fg_0183,1,2934,piece,2026-02-16,2026-02-18,Dây chuyền 03,in_progress,Lệnh sản xuất phát hành từ kế hoạch đã được duyệt.
production_order_2026_00184,plan_2026_0092,2,fg_0184,bom_fg_0184,1,3071,piece,2026-02-17,2026-02-19,Dây chuyền 04,completed,Lệnh sản xuất phát hành từ kế hoạch đã được duyệt.
production_order_2026_00185,plan_2026_0093,1,fg_0185,bom_fg_0185,1,3208,piece,2026-03-17,2026-03-19,Dây chuyền 05,paused,Lệnh sản xuất phát hành từ kế hoạch đã được duyệt.
production_order_2026_00186,plan_2026_0093,2,fg_0186,bom_fg_0186,1,3345,piece,2026-03-18,2026-03-20,Dây chuyền 06,planned,Lệnh sản xuất phát hành từ kế hoạch đã được duyệt.
production_order_2026_00187,plan_2026_0094,1,fg_0187,bom_fg_0187,1,3482,piece,2026-04-22,2026-04-24,Dây chuyền 07,released,Lệnh sản xuất phát hành từ kế hoạch đã được duyệt.
production_order_2026_00188,plan_2026_0094,2,fg_0188,bom_fg_0188,1,3619,piece,2026-04-23,2026-04-25,Dây chuyền 08,in_progress,Lệnh sản xuất phát hành từ kế hoạch đã được duyệt.
production_order_2026_00189,plan_2026_0095,1,fg_0189,bom_fg_0189,1,3756,piece,2026-05-03,2026-05-05,Dây chuyền 09,completed,Lệnh sản xuất phát hành từ kế hoạch đã được duyệt.
production_order_2026_00190,plan_2026_0095,2,fg_0190,bom_fg_0190,1,3893,piece,2026-05-04,2026-05-06,Dây chuyền 10,paused,Lệnh sản xuất phát hành từ kế hoạch đã được duyệt.
production_order_2026_00191,plan_2026_0096,1,fg_0191,bom_fg_0191,1,4030,piece,2026-06-08,2026-06-10,Dây chuyền 11,planned,Lệnh sản xuất phát hành từ kế hoạch đã được duyệt.
production_order_2026_00192,plan_2026_0096,2,fg_0192,bom_fg_0192,1,4167,piece,2026-06-09,2026-06-11,Dây chuyền 12,released,Lệnh sản xuất phát hành từ kế hoạch đã được duyệt.
production_order_2026_00193,plan_2026_0097,1,fg_0193,bom_fg_0193,1,4304,piece,2026-07-09,2026-07-11,Dây chuyền 01,in_progress,Lệnh sản xuất phát hành từ kế hoạch đã được duyệt.
production_order_2026_00194,plan_2026_0097,2,fg_0194,bom_fg_0194,1,4441,piece,2026-07-10,2026-07-12,Dây chuyền 02,completed,Lệnh sản xuất phát hành từ kế hoạch đã được duyệt.
production_order_2026_00195,plan_2026_0098,1,fg_0195,bom_fg_0195,1,4578,piece,2026-08-14,2026-08-16,Dây chuyền 03,paused,Lệnh sản xuất phát hành từ kế hoạch đã được duyệt.
production_order_2026_00196,plan_2026_0098,2,fg_0196,bom_fg_0196,1,4715,piece,2026-08-15,2026-08-17,Dây chuyền 04,planned,Lệnh sản xuất phát hành từ kế hoạch đã được duyệt.
production_order_2026_00197,plan_2026_0099,1,fg_0197,bom_fg_0197,1,4852,piece,2026-09-15,2026-09-17,Dây chuyền 05,released,Lệnh sản xuất phát hành từ kế hoạch đã được duyệt.
production_order_2026_00198,plan_2026_0099,2,fg_0198,bom_fg_0198,1,4989,piece,2026-09-16,2026-09-18,Dây chuyền 06,in_progress,Lệnh sản xuất phát hành từ kế hoạch đã được duyệt.
production_order_2026_00199,plan_2026_0100,1,fg_0199,bom_fg_0199,1,5126,piece,2026-01-20,2026-01-22,Dây chuyền 07,completed,Lệnh sản xuất phát hành từ kế hoạch đã được duyệt.
production_order_2026_00200,plan_2026_0100,2,fg_0200,bom_fg_0200,1,5263,piece,2026-01-21,2026-01-23,Dây chuyền 08,paused,Lệnh sản xuất phát hành từ kế hoạch đã được duyệt.
production_order_2026_00201,plan_2026_0101,1,fg_0001,bom_fg_0001,1,5400,piece,2026-02-01,2026-02-03,Dây chuyền 09,planned,Lệnh sản xuất phát hành từ kế hoạch đã được duyệt.
production_order_2026_00202,plan_2026_0101,2,fg_0002,bom_fg_0002,1,5537,piece,2026-02-02,2026-02-04,Dây chuyền 10,released,Lệnh sản xuất phát hành từ kế hoạch đã được duyệt.
production_order_2026_00203,plan_2026_0102,1,fg_0003,bom_fg_0003,1,5674,piece,2026-03-06,2026-03-08,Dây chuyền 11,in_progress,Lệnh sản xuất phát hành từ kế hoạch đã được duyệt.
production_order_2026_00204,plan_2026_0102,2,fg_0004,bom_fg_0004,1,5811,piece,2026-03-07,2026-03-09,Dây chuyền 12,completed,Lệnh sản xuất phát hành từ kế hoạch đã được duyệt.
production_order_2026_00205,plan_2026_0103,1,fg_0005,bom_fg_0005,1,5948,piece,2026-04-07,2026-04-09,Dây chuyền 01,paused,Lệnh sản xuất phát hành từ kế hoạch đã được duyệt.
production_order_2026_00206,plan_2026_0103,2,fg_0006,bom_fg_0006,1,6085,piece,2026-04-08,2026-04-10,Dây chuyền 02,planned,Lệnh sản xuất phát hành từ kế hoạch đã được duyệt.
production_order_2026_00207,plan_2026_0104,1,fg_0007,bom_fg_0007,1,6222,piece,2026-05-12,2026-05-14,Dây chuyền 03,released,Lệnh sản xuất phát hành từ kế hoạch đã được duyệt.
production_order_2026_00208,plan_2026_0104,2,fg_0008,bom_fg_0008,1,6359,piece,2026-05-13,2026-05-15,Dây chuyền 04,in_progress,Lệnh sản xuất phát hành từ kế hoạch đã được duyệt.
production_order_2026_00209,plan_2026_0105,1,fg_0009,bom_fg_0009,1,6496,piece,2026-06-13,2026-06-15,Dây chuyền 05,completed,Lệnh sản xuất phát hành từ kế hoạch đã được duyệt.
production_order_2026_00210,plan_2026_0105,2,fg_0010,bom_fg_0010,1,6633,piece,2026-06-14,2026-06-16,Dây chuyền 06,paused,Lệnh sản xuất phát hành từ kế hoạch đã được duyệt.
production_order_2026_00211,plan_2026_0106,1,fg_0011,bom_fg_0011,1,6770,piece,2026-07-18,2026-07-20,Dây chuyền 07,planned,Lệnh sản xuất phát hành từ kế hoạch đã được duyệt.
production_order_2026_00212,plan_2026_0106,2,fg_0012,bom_fg_0012,1,6907,piece,2026-07-19,2026-07-21,Dây chuyền 08,released,Lệnh sản xuất phát hành từ kế hoạch đã được duyệt.
production_order_2026_00213,plan_2026_0107,1,fg_0013,bom_fg_0013,1,7044,piece,2026-08-19,2026-08-21,Dây chuyền 09,in_progress,Lệnh sản xuất phát hành từ kế hoạch đã được duyệt.
production_order_2026_00214,plan_2026_0107,2,fg_0014,bom_fg_0014,1,7181,piece,2026-08-20,2026-08-22,Dây chuyền 10,completed,Lệnh sản xuất phát hành từ kế hoạch đã được duyệt.
production_order_2026_00215,plan_2026_0108,1,fg_0015,bom_fg_0015,1,7318,piece,2026-09-04,2026-09-06,Dây chuyền 11,paused,Lệnh sản xuất phát hành từ kế hoạch đã được duyệt.
production_order_2026_00216,plan_2026_0108,2,fg_0016,bom_fg_0016,1,7455,piece,2026-09-05,2026-09-07,Dây chuyền 12,planned,Lệnh sản xuất phát hành từ kế hoạch đã được duyệt.
production_order_2026_00217,plan_2026_0109,1,fg_0017,bom_fg_0017,1,7592,piece,2026-01-05,2026-01-07,Dây chuyền 01,released,Lệnh sản xuất phát hành từ kế hoạch đã được duyệt.
production_order_2026_00218,plan_2026_0109,2,fg_0018,bom_fg_0018,1,7729,piece,2026-01-06,2026-01-08,Dây chuyền 02,in_progress,Lệnh sản xuất phát hành từ kế hoạch đã được duyệt.
production_order_2026_00219,plan_2026_0110,1,fg_0019,bom_fg_0019,1,7866,piece,2026-02-10,2026-02-12,Dây chuyền 03,completed,Lệnh sản xuất phát hành từ kế hoạch đã được duyệt.
production_order_2026_00220,plan_2026_0110,2,fg_0020,bom_fg_0020,1,8003,piece,2026-02-11,2026-02-13,Dây chuyền 04,paused,Lệnh sản xuất phát hành từ kế hoạch đã được duyệt.
production_order_2026_00221,plan_2026_0111,1,fg_0021,bom_fg_0021,1,8140,piece,2026-03-11,2026-03-13,Dây chuyền 05,planned,Lệnh sản xuất phát hành từ kế hoạch đã được duyệt.
production_order_2026_00222,plan_2026_0111,2,fg_0022,bom_fg_0022,1,8277,piece,2026-03-12,2026-03-14,Dây chuyền 06,released,Lệnh sản xuất phát hành từ kế hoạch đã được duyệt.
production_order_2026_00223,plan_2026_0112,1,fg_0023,bom_fg_0023,1,8414,piece,2026-04-16,2026-04-18,Dây chuyền 07,in_progress,Lệnh sản xuất phát hành từ kế hoạch đã được duyệt.
production_order_2026_00224,plan_2026_0112,2,fg_0024,bom_fg_0024,1,8551,piece,2026-04-17,2026-04-19,Dây chuyền 08,completed,Lệnh sản xuất phát hành từ kế hoạch đã được duyệt.
production_order_2026_00225,plan_2026_0113,1,fg_0025,bom_fg_0025,1,8688,piece,2026-05-17,2026-05-19,Dây chuyền 09,paused,Lệnh sản xuất phát hành từ kế hoạch đã được duyệt.
production_order_2026_00226,plan_2026_0113,2,fg_0026,bom_fg_0026,1,8825,piece,2026-05-18,2026-05-20,Dây chuyền 10,planned,Lệnh sản xuất phát hành từ kế hoạch đã được duyệt.
production_order_2026_00227,plan_2026_0114,1,fg_0027,bom_fg_0027,1,8962,piece,2026-06-22,2026-06-24,Dây chuyền 11,released,Lệnh sản xuất phát hành từ kế hoạch đã được duyệt.
production_order_2026_00228,plan_2026_0114,2,fg_0028,bom_fg_0028,1,9099,piece,2026-06-23,2026-06-25,Dây chuyền 12,in_progress,Lệnh sản xuất phát hành từ kế hoạch đã được duyệt.
production_order_2026_00229,plan_2026_0115,1,fg_0029,bom_fg_0029,1,9236,piece,2026-07-03,2026-07-05,Dây chuyền 01,completed,Lệnh sản xuất phát hành từ kế hoạch đã được duyệt.
production_order_2026_00230,plan_2026_0115,2,fg_0030,bom_fg_0030,1,9373,piece,2026-07-04,2026-07-06,Dây chuyền 02,paused,Lệnh sản xuất phát hành từ kế hoạch đã được duyệt.
production_order_2026_00231,plan_2026_0116,1,fg_0031,bom_fg_0031,1,9510,piece,2026-08-08,2026-08-10,Dây chuyền 03,planned,Lệnh sản xuất phát hành từ kế hoạch đã được duyệt.
production_order_2026_00232,plan_2026_0116,2,fg_0032,bom_fg_0032,1,9647,piece,2026-08-09,2026-08-11,Dây chuyền 04,released,Lệnh sản xuất phát hành từ kế hoạch đã được duyệt.
production_order_2026_00233,plan_2026_0117,1,fg_0033,bom_fg_0033,1,9784,piece,2026-09-09,2026-09-11,Dây chuyền 05,in_progress,Lệnh sản xuất phát hành từ kế hoạch đã được duyệt.
production_order_2026_00234,plan_2026_0117,2,fg_0034,bom_fg_0034,1,9921,piece,2026-09-10,2026-09-12,Dây chuyền 06,completed,Lệnh sản xuất phát hành từ kế hoạch đã được duyệt.
production_order_2026_00235,plan_2026_0118,1,fg_0035,bom_fg_0035,1,2058,piece,2026-01-14,2026-01-16,Dây chuyền 07,paused,Lệnh sản xuất phát hành từ kế hoạch đã được duyệt.
production_order_2026_00236,plan_2026_0118,2,fg_0036,bom_fg_0036,1,2195,piece,2026-01-15,2026-01-17,Dây chuyền 08,planned,Lệnh sản xuất phát hành từ kế hoạch đã được duyệt.
production_order_2026_00237,plan_2026_0119,1,fg_0037,bom_fg_0037,1,2332,piece,2026-02-15,2026-02-17,Dây chuyền 09,released,Lệnh sản xuất phát hành từ kế hoạch đã được duyệt.
production_order_2026_00238,plan_2026_0119,2,fg_0038,bom_fg_0038,1,2469,piece,2026-02-16,2026-02-18,Dây chuyền 10,in_progress,Lệnh sản xuất phát hành từ kế hoạch đã được duyệt.
production_order_2026_00239,plan_2026_0120,1,fg_0039,bom_fg_0039,1,2606,piece,2026-03-20,2026-03-22,Dây chuyền 11,completed,Lệnh sản xuất phát hành từ kế hoạch đã được duyệt.
production_order_2026_00240,plan_2026_0120,2,fg_0040,bom_fg_0040,1,2743,piece,2026-03-21,2026-03-23,Dây chuyền 12,paused,Lệnh sản xuất phát hành từ kế hoạch đã được duyệt.
production_order_2026_00241,plan_2026_0121,1,fg_0041,bom_fg_0041,1,2880,piece,2026-04-01,2026-04-03,Dây chuyền 01,planned,Lệnh sản xuất phát hành từ kế hoạch đã được duyệt.
production_order_2026_00242,plan_2026_0121,2,fg_0042,bom_fg_0042,1,3017,piece,2026-04-02,2026-04-04,Dây chuyền 02,released,Lệnh sản xuất phát hành từ kế hoạch đã được duyệt.
production_order_2026_00243,plan_2026_0122,1,fg_0043,bom_fg_0043,1,3154,piece,2026-05-06,2026-05-08,Dây chuyền 03,in_progress,Lệnh sản xuất phát hành từ kế hoạch đã được duyệt.
production_order_2026_00244,plan_2026_0122,2,fg_0044,bom_fg_0044,1,3291,piece,2026-05-07,2026-05-09,Dây chuyền 04,completed,Lệnh sản xuất phát hành từ kế hoạch đã được duyệt.
production_order_2026_00245,plan_2026_0123,1,fg_0045,bom_fg_0045,1,3428,piece,2026-06-07,2026-06-09,Dây chuyền 05,paused,Lệnh sản xuất phát hành từ kế hoạch đã được duyệt.
production_order_2026_00246,plan_2026_0123,2,fg_0046,bom_fg_0046,1,3565,piece,2026-06-08,2026-06-10,Dây chuyền 06,planned,Lệnh sản xuất phát hành từ kế hoạch đã được duyệt.
production_order_2026_00247,plan_2026_0124,1,fg_0047,bom_fg_0047,1,3702,piece,2026-07-12,2026-07-14,Dây chuyền 07,released,Lệnh sản xuất phát hành từ kế hoạch đã được duyệt.
production_order_2026_00248,plan_2026_0124,2,fg_0048,bom_fg_0048,1,3839,piece,2026-07-13,2026-07-15,Dây chuyền 08,in_progress,Lệnh sản xuất phát hành từ kế hoạch đã được duyệt.
production_order_2026_00249,plan_2026_0125,1,fg_0049,bom_fg_0049,1,3976,piece,2026-08-13,2026-08-15,Dây chuyền 09,completed,Lệnh sản xuất phát hành từ kế hoạch đã được duyệt.
production_order_2026_00250,plan_2026_0125,2,fg_0050,bom_fg_0050,1,4113,piece,2026-08-14,2026-08-16,Dây chuyền 10,paused,Lệnh sản xuất phát hành từ kế hoạch đã được duyệt.
production_order_2026_00251,plan_2026_0126,1,fg_0051,bom_fg_0051,1,4250,piece,2026-09-18,2026-09-20,Dây chuyền 11,planned,Lệnh sản xuất phát hành từ kế hoạch đã được duyệt.
production_order_2026_00252,plan_2026_0126,2,fg_0052,bom_fg_0052,1,4387,piece,2026-09-19,2026-09-21,Dây chuyền 12,released,Lệnh sản xuất phát hành từ kế hoạch đã được duyệt.
production_order_2026_00253,plan_2026_0127,1,fg_0053,bom_fg_0053,1,4524,piece,2026-01-19,2026-01-21,Dây chuyền 01,in_progress,Lệnh sản xuất phát hành từ kế hoạch đã được duyệt.
production_order_2026_00254,plan_2026_0127,2,fg_0054,bom_fg_0054,1,4661,piece,2026-01-20,2026-01-22,Dây chuyền 02,completed,Lệnh sản xuất phát hành từ kế hoạch đã được duyệt.
production_order_2026_00255,plan_2026_0128,1,fg_0055,bom_fg_0055,1,4798,piece,2026-02-04,2026-02-06,Dây chuyền 03,paused,Lệnh sản xuất phát hành từ kế hoạch đã được duyệt.
production_order_2026_00256,plan_2026_0128,2,fg_0056,bom_fg_0056,1,4935,piece,2026-02-05,2026-02-07,Dây chuyền 04,planned,Lệnh sản xuất phát hành từ kế hoạch đã được duyệt.
production_order_2026_00257,plan_2026_0129,1,fg_0057,bom_fg_0057,1,5072,piece,2026-03-05,2026-03-07,Dây chuyền 05,released,Lệnh sản xuất phát hành từ kế hoạch đã được duyệt.
production_order_2026_00258,plan_2026_0129,2,fg_0058,bom_fg_0058,1,5209,piece,2026-03-06,2026-03-08,Dây chuyền 06,in_progress,Lệnh sản xuất phát hành từ kế hoạch đã được duyệt.
production_order_2026_00259,plan_2026_0130,1,fg_0059,bom_fg_0059,1,5346,piece,2026-04-10,2026-04-12,Dây chuyền 07,completed,Lệnh sản xuất phát hành từ kế hoạch đã được duyệt.
production_order_2026_00260,plan_2026_0130,2,fg_0060,bom_fg_0060,1,5483,piece,2026-04-11,2026-04-13,Dây chuyền 08,paused,Lệnh sản xuất phát hành từ kế hoạch đã được duyệt.
production_order_2026_00261,plan_2026_0131,1,fg_0061,bom_fg_0061,1,5620,piece,2026-05-11,2026-05-13,Dây chuyền 09,planned,Lệnh sản xuất phát hành từ kế hoạch đã được duyệt.
production_order_2026_00262,plan_2026_0131,2,fg_0062,bom_fg_0062,1,5757,piece,2026-05-12,2026-05-14,Dây chuyền 10,released,Lệnh sản xuất phát hành từ kế hoạch đã được duyệt.
production_order_2026_00263,plan_2026_0132,1,fg_0063,bom_fg_0063,1,5894,piece,2026-06-16,2026-06-18,Dây chuyền 11,in_progress,Lệnh sản xuất phát hành từ kế hoạch đã được duyệt.
production_order_2026_00264,plan_2026_0132,2,fg_0064,bom_fg_0064,1,6031,piece,2026-06-17,2026-06-19,Dây chuyền 12,completed,Lệnh sản xuất phát hành từ kế hoạch đã được duyệt.
production_order_2026_00265,plan_2026_0133,1,fg_0065,bom_fg_0065,1,6168,piece,2026-07-17,2026-07-19,Dây chuyền 01,paused,Lệnh sản xuất phát hành từ kế hoạch đã được duyệt.
production_order_2026_00266,plan_2026_0133,2,fg_0066,bom_fg_0066,1,6305,piece,2026-07-18,2026-07-20,Dây chuyền 02,planned,Lệnh sản xuất phát hành từ kế hoạch đã được duyệt.
production_order_2026_00267,plan_2026_0134,1,fg_0067,bom_fg_0067,1,6442,piece,2026-08-22,2026-08-24,Dây chuyền 03,released,Lệnh sản xuất phát hành từ kế hoạch đã được duyệt.
production_order_2026_00268,plan_2026_0134,2,fg_0068,bom_fg_0068,1,6579,piece,2026-08-23,2026-08-25,Dây chuyền 04,in_progress,Lệnh sản xuất phát hành từ kế hoạch đã được duyệt.
production_order_2026_00269,plan_2026_0135,1,fg_0069,bom_fg_0069,1,6716,piece,2026-09-03,2026-09-05,Dây chuyền 05,completed,Lệnh sản xuất phát hành từ kế hoạch đã được duyệt.
production_order_2026_00270,plan_2026_0135,2,fg_0070,bom_fg_0070,1,6853,piece,2026-09-04,2026-09-06,Dây chuyền 06,paused,Lệnh sản xuất phát hành từ kế hoạch đã được duyệt.
production_order_2026_00271,plan_2026_0136,1,fg_0071,bom_fg_0071,1,6990,piece,2026-01-08,2026-01-10,Dây chuyền 07,planned,Lệnh sản xuất phát hành từ kế hoạch đã được duyệt.
production_order_2026_00272,plan_2026_0136,2,fg_0072,bom_fg_0072,1,7127,piece,2026-01-09,2026-01-11,Dây chuyền 08,released,Lệnh sản xuất phát hành từ kế hoạch đã được duyệt.
production_order_2026_00273,plan_2026_0137,1,fg_0073,bom_fg_0073,1,7264,piece,2026-02-09,2026-02-11,Dây chuyền 09,in_progress,Lệnh sản xuất phát hành từ kế hoạch đã được duyệt.
production_order_2026_00274,plan_2026_0137,2,fg_0074,bom_fg_0074,1,7401,piece,2026-02-10,2026-02-12,Dây chuyền 10,completed,Lệnh sản xuất phát hành từ kế hoạch đã được duyệt.
production_order_2026_00275,plan_2026_0138,1,fg_0075,bom_fg_0075,1,7538,piece,2026-03-14,2026-03-16,Dây chuyền 11,paused,Lệnh sản xuất phát hành từ kế hoạch đã được duyệt.
production_order_2026_00276,plan_2026_0138,2,fg_0076,bom_fg_0076,1,7675,piece,2026-03-15,2026-03-17,Dây chuyền 12,planned,Lệnh sản xuất phát hành từ kế hoạch đã được duyệt.
production_order_2026_00277,plan_2026_0139,1,fg_0077,bom_fg_0077,1,7812,piece,2026-04-15,2026-04-17,Dây chuyền 01,released,Lệnh sản xuất phát hành từ kế hoạch đã được duyệt.
production_order_2026_00278,plan_2026_0139,2,fg_0078,bom_fg_0078,1,7949,piece,2026-04-16,2026-04-18,Dây chuyền 02,in_progress,Lệnh sản xuất phát hành từ kế hoạch đã được duyệt.
production_order_2026_00279,plan_2026_0140,1,fg_0079,bom_fg_0079,1,8086,piece,2026-05-20,2026-05-22,Dây chuyền 03,completed,Lệnh sản xuất phát hành từ kế hoạch đã được duyệt.
production_order_2026_00280,plan_2026_0140,2,fg_0080,bom_fg_0080,1,8223,piece,2026-05-21,2026-05-23,Dây chuyền 04,paused,Lệnh sản xuất phát hành từ kế hoạch đã được duyệt.
production_order_2026_00281,plan_2026_0141,1,fg_0081,bom_fg_0081,1,8360,piece,2026-06-01,2026-06-03,Dây chuyền 05,planned,Lệnh sản xuất phát hành từ kế hoạch đã được duyệt.
production_order_2026_00282,plan_2026_0141,2,fg_0082,bom_fg_0082,1,8497,piece,2026-06-02,2026-06-04,Dây chuyền 06,released,Lệnh sản xuất phát hành từ kế hoạch đã được duyệt.
production_order_2026_00283,plan_2026_0142,1,fg_0083,bom_fg_0083,1,8634,piece,2026-07-06,2026-07-08,Dây chuyền 07,in_progress,Lệnh sản xuất phát hành từ kế hoạch đã được duyệt.
production_order_2026_00284,plan_2026_0142,2,fg_0084,bom_fg_0084,1,8771,piece,2026-07-07,2026-07-09,Dây chuyền 08,completed,Lệnh sản xuất phát hành từ kế hoạch đã được duyệt.
production_order_2026_00285,plan_2026_0143,1,fg_0085,bom_fg_0085,1,8908,piece,2026-08-07,2026-08-09,Dây chuyền 09,paused,Lệnh sản xuất phát hành từ kế hoạch đã được duyệt.
production_order_2026_00286,plan_2026_0143,2,fg_0086,bom_fg_0086,1,9045,piece,2026-08-08,2026-08-10,Dây chuyền 10,planned,Lệnh sản xuất phát hành từ kế hoạch đã được duyệt.
production_order_2026_00287,plan_2026_0144,1,fg_0087,bom_fg_0087,1,9182,piece,2026-09-12,2026-09-14,Dây chuyền 11,released,Lệnh sản xuất phát hành từ kế hoạch đã được duyệt.
production_order_2026_00288,plan_2026_0144,2,fg_0088,bom_fg_0088,1,9319,piece,2026-09-13,2026-09-15,Dây chuyền 12,in_progress,Lệnh sản xuất phát hành từ kế hoạch đã được duyệt.
production_order_2026_00289,plan_2026_0145,1,fg_0089,bom_fg_0089,1,9456,piece,2026-01-13,2026-01-15,Dây chuyền 01,completed,Lệnh sản xuất phát hành từ kế hoạch đã được duyệt.
production_order_2026_00290,plan_2026_0145,2,fg_0090,bom_fg_0090,1,9593,piece,2026-01-14,2026-01-16,Dây chuyền 02,paused,Lệnh sản xuất phát hành từ kế hoạch đã được duyệt.
production_order_2026_00291,plan_2026_0146,1,fg_0091,bom_fg_0091,1,9730,piece,2026-02-18,2026-02-20,Dây chuyền 03,planned,Lệnh sản xuất phát hành từ kế hoạch đã được duyệt.
production_order_2026_00292,plan_2026_0146,2,fg_0092,bom_fg_0092,1,9867,piece,2026-02-19,2026-02-21,Dây chuyền 04,released,Lệnh sản xuất phát hành từ kế hoạch đã được duyệt.
production_order_2026_00293,plan_2026_0147,1,fg_0093,bom_fg_0093,1,2004,piece,2026-03-19,2026-03-21,Dây chuyền 05,in_progress,Lệnh sản xuất phát hành từ kế hoạch đã được duyệt.
production_order_2026_00294,plan_2026_0147,2,fg_0094,bom_fg_0094,1,2141,piece,2026-03-20,2026-03-22,Dây chuyền 06,completed,Lệnh sản xuất phát hành từ kế hoạch đã được duyệt.
production_order_2026_00295,plan_2026_0148,1,fg_0095,bom_fg_0095,1,2278,piece,2026-04-04,2026-04-06,Dây chuyền 07,paused,Lệnh sản xuất phát hành từ kế hoạch đã được duyệt.
production_order_2026_00296,plan_2026_0148,2,fg_0096,bom_fg_0096,1,2415,piece,2026-04-05,2026-04-07,Dây chuyền 08,planned,Lệnh sản xuất phát hành từ kế hoạch đã được duyệt.
production_order_2026_00297,plan_2026_0149,1,fg_0097,bom_fg_0097,1,2552,piece,2026-05-05,2026-05-07,Dây chuyền 09,released,Lệnh sản xuất phát hành từ kế hoạch đã được duyệt.
production_order_2026_00298,plan_2026_0149,2,fg_0098,bom_fg_0098,1,2689,piece,2026-05-06,2026-05-08,Dây chuyền 10,in_progress,Lệnh sản xuất phát hành từ kế hoạch đã được duyệt.
production_order_2026_00299,plan_2026_0150,1,fg_0099,bom_fg_0099,1,2826,piece,2026-06-10,2026-06-12,Dây chuyền 11,completed,Lệnh sản xuất phát hành từ kế hoạch đã được duyệt.
production_order_2026_00300,plan_2026_0150,2,fg_0100,bom_fg_0100,1,2963,piece,2026-06-11,2026-06-13,Dây chuyền 12,paused,Lệnh sản xuất phát hành từ kế hoạch đã được duyệt.
production_order_2026_00301,plan_2026_0151,1,fg_0101,bom_fg_0101,1,3100,piece,2026-07-11,2026-07-13,Dây chuyền 01,planned,Lệnh sản xuất phát hành từ kế hoạch đã được duyệt.
production_order_2026_00302,plan_2026_0151,2,fg_0102,bom_fg_0102,1,3237,piece,2026-07-12,2026-07-14,Dây chuyền 02,released,Lệnh sản xuất phát hành từ kế hoạch đã được duyệt.
production_order_2026_00303,plan_2026_0152,1,fg_0103,bom_fg_0103,1,3374,piece,2026-08-16,2026-08-18,Dây chuyền 03,in_progress,Lệnh sản xuất phát hành từ kế hoạch đã được duyệt.
production_order_2026_00304,plan_2026_0152,2,fg_0104,bom_fg_0104,1,3511,piece,2026-08-17,2026-08-19,Dây chuyền 04,completed,Lệnh sản xuất phát hành từ kế hoạch đã được duyệt.
production_order_2026_00305,plan_2026_0153,1,fg_0105,bom_fg_0105,1,3648,piece,2026-09-17,2026-09-19,Dây chuyền 05,paused,Lệnh sản xuất phát hành từ kế hoạch đã được duyệt.
production_order_2026_00306,plan_2026_0153,2,fg_0106,bom_fg_0106,1,3785,piece,2026-09-18,2026-09-20,Dây chuyền 06,planned,Lệnh sản xuất phát hành từ kế hoạch đã được duyệt.
production_order_2026_00307,plan_2026_0154,1,fg_0107,bom_fg_0107,1,3922,piece,2026-01-22,2026-01-24,Dây chuyền 07,released,Lệnh sản xuất phát hành từ kế hoạch đã được duyệt.
production_order_2026_00308,plan_2026_0154,2,fg_0108,bom_fg_0108,1,4059,piece,2026-01-23,2026-01-25,Dây chuyền 08,in_progress,Lệnh sản xuất phát hành từ kế hoạch đã được duyệt.
production_order_2026_00309,plan_2026_0155,1,fg_0109,bom_fg_0109,1,4196,piece,2026-02-03,2026-02-05,Dây chuyền 09,completed,Lệnh sản xuất phát hành từ kế hoạch đã được duyệt.
production_order_2026_00310,plan_2026_0155,2,fg_0110,bom_fg_0110,1,4333,piece,2026-02-04,2026-02-06,Dây chuyền 10,paused,Lệnh sản xuất phát hành từ kế hoạch đã được duyệt.
production_order_2026_00311,plan_2026_0156,1,fg_0111,bom_fg_0111,1,4470,piece,2026-03-08,2026-03-10,Dây chuyền 11,planned,Lệnh sản xuất phát hành từ kế hoạch đã được duyệt.
production_order_2026_00312,plan_2026_0156,2,fg_0112,bom_fg_0112,1,4607,piece,2026-03-09,2026-03-11,Dây chuyền 12,released,Lệnh sản xuất phát hành từ kế hoạch đã được duyệt.
production_order_2026_00313,plan_2026_0157,1,fg_0113,bom_fg_0113,1,4744,piece,2026-04-09,2026-04-11,Dây chuyền 01,in_progress,Lệnh sản xuất phát hành từ kế hoạch đã được duyệt.
production_order_2026_00314,plan_2026_0157,2,fg_0114,bom_fg_0114,1,4881,piece,2026-04-10,2026-04-12,Dây chuyền 02,completed,Lệnh sản xuất phát hành từ kế hoạch đã được duyệt.
production_order_2026_00315,plan_2026_0158,1,fg_0115,bom_fg_0115,1,5018,piece,2026-05-14,2026-05-16,Dây chuyền 03,paused,Lệnh sản xuất phát hành từ kế hoạch đã được duyệt.
production_order_2026_00316,plan_2026_0158,2,fg_0116,bom_fg_0116,1,5155,piece,2026-05-15,2026-05-17,Dây chuyền 04,planned,Lệnh sản xuất phát hành từ kế hoạch đã được duyệt.
production_order_2026_00317,plan_2026_0159,1,fg_0117,bom_fg_0117,1,5292,piece,2026-06-15,2026-06-17,Dây chuyền 05,released,Lệnh sản xuất phát hành từ kế hoạch đã được duyệt.
production_order_2026_00318,plan_2026_0159,2,fg_0118,bom_fg_0118,1,5429,piece,2026-06-16,2026-06-18,Dây chuyền 06,in_progress,Lệnh sản xuất phát hành từ kế hoạch đã được duyệt.
production_order_2026_00319,plan_2026_0160,1,fg_0119,bom_fg_0119,1,5566,piece,2026-07-20,2026-07-22,Dây chuyền 07,completed,Lệnh sản xuất phát hành từ kế hoạch đã được duyệt.
production_order_2026_00320,plan_2026_0160,2,fg_0120,bom_fg_0120,1,5703,piece,2026-07-21,2026-07-23,Dây chuyền 08,paused,Lệnh sản xuất phát hành từ kế hoạch đã được duyệt.
production_order_2026_00321,plan_2026_0161,1,fg_0121,bom_fg_0121,1,5840,piece,2026-08-01,2026-08-03,Dây chuyền 09,planned,Lệnh sản xuất phát hành từ kế hoạch đã được duyệt.
production_order_2026_00322,plan_2026_0161,2,fg_0122,bom_fg_0122,1,5977,piece,2026-08-02,2026-08-04,Dây chuyền 10,released,Lệnh sản xuất phát hành từ kế hoạch đã được duyệt.
production_order_2026_00323,plan_2026_0162,1,fg_0123,bom_fg_0123,1,6114,piece,2026-09-06,2026-09-08,Dây chuyền 11,in_progress,Lệnh sản xuất phát hành từ kế hoạch đã được duyệt.
production_order_2026_00324,plan_2026_0162,2,fg_0124,bom_fg_0124,1,6251,piece,2026-09-07,2026-09-09,Dây chuyền 12,completed,Lệnh sản xuất phát hành từ kế hoạch đã được duyệt.
production_order_2026_00325,plan_2026_0163,1,fg_0125,bom_fg_0125,1,6388,piece,2026-01-07,2026-01-09,Dây chuyền 01,paused,Lệnh sản xuất phát hành từ kế hoạch đã được duyệt.
production_order_2026_00326,plan_2026_0163,2,fg_0126,bom_fg_0126,1,6525,piece,2026-01-08,2026-01-10,Dây chuyền 02,planned,Lệnh sản xuất phát hành từ kế hoạch đã được duyệt.
production_order_2026_00327,plan_2026_0164,1,fg_0127,bom_fg_0127,1,6662,piece,2026-02-12,2026-02-14,Dây chuyền 03,released,Lệnh sản xuất phát hành từ kế hoạch đã được duyệt.
production_order_2026_00328,plan_2026_0164,2,fg_0128,bom_fg_0128,1,6799,piece,2026-02-13,2026-02-15,Dây chuyền 04,in_progress,Lệnh sản xuất phát hành từ kế hoạch đã được duyệt.
production_order_2026_00329,plan_2026_0165,1,fg_0129,bom_fg_0129,1,6936,piece,2026-03-13,2026-03-15,Dây chuyền 05,completed,Lệnh sản xuất phát hành từ kế hoạch đã được duyệt.
production_order_2026_00330,plan_2026_0165,2,fg_0130,bom_fg_0130,1,7073,piece,2026-03-14,2026-03-16,Dây chuyền 06,paused,Lệnh sản xuất phát hành từ kế hoạch đã được duyệt.
production_order_2026_00331,plan_2026_0166,1,fg_0131,bom_fg_0131,1,7210,piece,2026-04-18,2026-04-20,Dây chuyền 07,planned,Lệnh sản xuất phát hành từ kế hoạch đã được duyệt.
production_order_2026_00332,plan_2026_0166,2,fg_0132,bom_fg_0132,1,7347,piece,2026-04-19,2026-04-21,Dây chuyền 08,released,Lệnh sản xuất phát hành từ kế hoạch đã được duyệt.
production_order_2026_00333,plan_2026_0167,1,fg_0133,bom_fg_0133,1,7484,piece,2026-05-19,2026-05-21,Dây chuyền 09,in_progress,Lệnh sản xuất phát hành từ kế hoạch đã được duyệt.
production_order_2026_00334,plan_2026_0167,2,fg_0134,bom_fg_0134,1,7621,piece,2026-05-20,2026-05-22,Dây chuyền 10,completed,Lệnh sản xuất phát hành từ kế hoạch đã được duyệt.
production_order_2026_00335,plan_2026_0168,1,fg_0135,bom_fg_0135,1,7758,piece,2026-06-04,2026-06-06,Dây chuyền 11,paused,Lệnh sản xuất phát hành từ kế hoạch đã được duyệt.
production_order_2026_00336,plan_2026_0168,2,fg_0136,bom_fg_0136,1,7895,piece,2026-06-05,2026-06-07,Dây chuyền 12,planned,Lệnh sản xuất phát hành từ kế hoạch đã được duyệt.
production_order_2026_00337,plan_2026_0169,1,fg_0137,bom_fg_0137,1,8032,piece,2026-07-05,2026-07-07,Dây chuyền 01,released,Lệnh sản xuất phát hành từ kế hoạch đã được duyệt.
production_order_2026_00338,plan_2026_0169,2,fg_0138,bom_fg_0138,1,8169,piece,2026-07-06,2026-07-08,Dây chuyền 02,in_progress,Lệnh sản xuất phát hành từ kế hoạch đã được duyệt.
production_order_2026_00339,plan_2026_0170,1,fg_0139,bom_fg_0139,1,8306,piece,2026-08-10,2026-08-12,Dây chuyền 03,completed,Lệnh sản xuất phát hành từ kế hoạch đã được duyệt.
production_order_2026_00340,plan_2026_0170,2,fg_0140,bom_fg_0140,1,8443,piece,2026-08-11,2026-08-13,Dây chuyền 04,paused,Lệnh sản xuất phát hành từ kế hoạch đã được duyệt.
production_order_2026_00341,plan_2026_0171,1,fg_0141,bom_fg_0141,1,8580,piece,2026-09-11,2026-09-13,Dây chuyền 05,planned,Lệnh sản xuất phát hành từ kế hoạch đã được duyệt.
production_order_2026_00342,plan_2026_0171,2,fg_0142,bom_fg_0142,1,8717,piece,2026-09-12,2026-09-14,Dây chuyền 06,released,Lệnh sản xuất phát hành từ kế hoạch đã được duyệt.
production_order_2026_00343,plan_2026_0172,1,fg_0143,bom_fg_0143,1,8854,piece,2026-01-16,2026-01-18,Dây chuyền 07,in_progress,Lệnh sản xuất phát hành từ kế hoạch đã được duyệt.
production_order_2026_00344,plan_2026_0172,2,fg_0144,bom_fg_0144,1,8991,piece,2026-01-17,2026-01-19,Dây chuyền 08,completed,Lệnh sản xuất phát hành từ kế hoạch đã được duyệt.
production_order_2026_00345,plan_2026_0173,1,fg_0145,bom_fg_0145,1,9128,piece,2026-02-17,2026-02-19,Dây chuyền 09,paused,Lệnh sản xuất phát hành từ kế hoạch đã được duyệt.
production_order_2026_00346,plan_2026_0173,2,fg_0146,bom_fg_0146,1,9265,piece,2026-02-18,2026-02-20,Dây chuyền 10,planned,Lệnh sản xuất phát hành từ kế hoạch đã được duyệt.
production_order_2026_00347,plan_2026_0174,1,fg_0147,bom_fg_0147,1,9402,piece,2026-03-22,2026-03-24,Dây chuyền 11,released,Lệnh sản xuất phát hành từ kế hoạch đã được duyệt.
production_order_2026_00348,plan_2026_0174,2,fg_0148,bom_fg_0148,1,9539,piece,2026-03-23,2026-03-25,Dây chuyền 12,in_progress,Lệnh sản xuất phát hành từ kế hoạch đã được duyệt.
production_order_2026_00349,plan_2026_0175,1,fg_0149,bom_fg_0149,1,9676,piece,2026-04-03,2026-04-05,Dây chuyền 01,completed,Lệnh sản xuất phát hành từ kế hoạch đã được duyệt.
production_order_2026_00350,plan_2026_0175,2,fg_0150,bom_fg_0150,1,9813,piece,2026-04-04,2026-04-06,Dây chuyền 02,paused,Lệnh sản xuất phát hành từ kế hoạch đã được duyệt.
production_order_2026_00351,plan_2026_0176,1,fg_0151,bom_fg_0151,1,9950,piece,2026-05-08,2026-05-10,Dây chuyền 03,planned,Lệnh sản xuất phát hành từ kế hoạch đã được duyệt.
production_order_2026_00352,plan_2026_0176,2,fg_0152,bom_fg_0152,1,2087,piece,2026-05-09,2026-05-11,Dây chuyền 04,released,Lệnh sản xuất phát hành từ kế hoạch đã được duyệt.
production_order_2026_00353,plan_2026_0177,1,fg_0153,bom_fg_0153,1,2224,piece,2026-06-09,2026-06-11,Dây chuyền 05,in_progress,Lệnh sản xuất phát hành từ kế hoạch đã được duyệt.
production_order_2026_00354,plan_2026_0177,2,fg_0154,bom_fg_0154,1,2361,piece,2026-06-10,2026-06-12,Dây chuyền 06,completed,Lệnh sản xuất phát hành từ kế hoạch đã được duyệt.
production_order_2026_00355,plan_2026_0178,1,fg_0155,bom_fg_0155,1,2498,piece,2026-07-14,2026-07-16,Dây chuyền 07,paused,Lệnh sản xuất phát hành từ kế hoạch đã được duyệt.
production_order_2026_00356,plan_2026_0178,2,fg_0156,bom_fg_0156,1,2635,piece,2026-07-15,2026-07-17,Dây chuyền 08,planned,Lệnh sản xuất phát hành từ kế hoạch đã được duyệt.
production_order_2026_00357,plan_2026_0179,1,fg_0157,bom_fg_0157,1,2772,piece,2026-08-15,2026-08-17,Dây chuyền 09,released,Lệnh sản xuất phát hành từ kế hoạch đã được duyệt.
production_order_2026_00358,plan_2026_0179,2,fg_0158,bom_fg_0158,1,2909,piece,2026-08-16,2026-08-18,Dây chuyền 10,in_progress,Lệnh sản xuất phát hành từ kế hoạch đã được duyệt.
production_order_2026_00359,plan_2026_0180,1,fg_0159,bom_fg_0159,1,3046,piece,2026-09-20,2026-09-22,Dây chuyền 11,completed,Lệnh sản xuất phát hành từ kế hoạch đã được duyệt.
production_order_2026_00360,plan_2026_0180,2,fg_0160,bom_fg_0160,1,3183,piece,2026-09-21,2026-09-23,Dây chuyền 12,paused,Lệnh sản xuất phát hành từ kế hoạch đã được duyệt.
production_order_2026_00361,plan_2026_0181,1,fg_0161,bom_fg_0161,1,3320,piece,2026-01-01,2026-01-03,Dây chuyền 01,planned,Lệnh sản xuất phát hành từ kế hoạch đã được duyệt.
production_order_2026_00362,plan_2026_0181,2,fg_0162,bom_fg_0162,1,3457,piece,2026-01-02,2026-01-04,Dây chuyền 02,released,Lệnh sản xuất phát hành từ kế hoạch đã được duyệt.
production_order_2026_00363,plan_2026_0182,1,fg_0163,bom_fg_0163,1,3594,piece,2026-02-06,2026-02-08,Dây chuyền 03,in_progress,Lệnh sản xuất phát hành từ kế hoạch đã được duyệt.
production_order_2026_00364,plan_2026_0182,2,fg_0164,bom_fg_0164,1,3731,piece,2026-02-07,2026-02-09,Dây chuyền 04,completed,Lệnh sản xuất phát hành từ kế hoạch đã được duyệt.
production_order_2026_00365,plan_2026_0183,1,fg_0165,bom_fg_0165,1,3868,piece,2026-03-07,2026-03-09,Dây chuyền 05,paused,Lệnh sản xuất phát hành từ kế hoạch đã được duyệt.
production_order_2026_00366,plan_2026_0183,2,fg_0166,bom_fg_0166,1,4005,piece,2026-03-08,2026-03-10,Dây chuyền 06,planned,Lệnh sản xuất phát hành từ kế hoạch đã được duyệt.
production_order_2026_00367,plan_2026_0184,1,fg_0167,bom_fg_0167,1,4142,piece,2026-04-12,2026-04-14,Dây chuyền 07,released,Lệnh sản xuất phát hành từ kế hoạch đã được duyệt.
production_order_2026_00368,plan_2026_0184,2,fg_0168,bom_fg_0168,1,4279,piece,2026-04-13,2026-04-15,Dây chuyền 08,in_progress,Lệnh sản xuất phát hành từ kế hoạch đã được duyệt.
production_order_2026_00369,plan_2026_0185,1,fg_0169,bom_fg_0169,1,4416,piece,2026-05-13,2026-05-15,Dây chuyền 09,completed,Lệnh sản xuất phát hành từ kế hoạch đã được duyệt.
production_order_2026_00370,plan_2026_0185,2,fg_0170,bom_fg_0170,1,4553,piece,2026-05-14,2026-05-16,Dây chuyền 10,paused,Lệnh sản xuất phát hành từ kế hoạch đã được duyệt.
production_order_2026_00371,plan_2026_0186,1,fg_0171,bom_fg_0171,1,4690,piece,2026-06-18,2026-06-20,Dây chuyền 11,planned,Lệnh sản xuất phát hành từ kế hoạch đã được duyệt.
production_order_2026_00372,plan_2026_0186,2,fg_0172,bom_fg_0172,1,4827,piece,2026-06-19,2026-06-21,Dây chuyền 12,released,Lệnh sản xuất phát hành từ kế hoạch đã được duyệt.
production_order_2026_00373,plan_2026_0187,1,fg_0173,bom_fg_0173,1,4964,piece,2026-07-19,2026-07-21,Dây chuyền 01,in_progress,Lệnh sản xuất phát hành từ kế hoạch đã được duyệt.
production_order_2026_00374,plan_2026_0187,2,fg_0174,bom_fg_0174,1,5101,piece,2026-07-20,2026-07-22,Dây chuyền 02,completed,Lệnh sản xuất phát hành từ kế hoạch đã được duyệt.
production_order_2026_00375,plan_2026_0188,1,fg_0175,bom_fg_0175,1,5238,piece,2026-08-04,2026-08-06,Dây chuyền 03,paused,Lệnh sản xuất phát hành từ kế hoạch đã được duyệt.
production_order_2026_00376,plan_2026_0188,2,fg_0176,bom_fg_0176,1,5375,piece,2026-08-05,2026-08-07,Dây chuyền 04,planned,Lệnh sản xuất phát hành từ kế hoạch đã được duyệt.
production_order_2026_00377,plan_2026_0189,1,fg_0177,bom_fg_0177,1,5512,piece,2026-09-05,2026-09-07,Dây chuyền 05,released,Lệnh sản xuất phát hành từ kế hoạch đã được duyệt.
production_order_2026_00378,plan_2026_0189,2,fg_0178,bom_fg_0178,1,5649,piece,2026-09-06,2026-09-08,Dây chuyền 06,in_progress,Lệnh sản xuất phát hành từ kế hoạch đã được duyệt.
production_order_2026_00379,plan_2026_0190,1,fg_0179,bom_fg_0179,1,5786,piece,2026-01-10,2026-01-12,Dây chuyền 07,completed,Lệnh sản xuất phát hành từ kế hoạch đã được duyệt.
production_order_2026_00380,plan_2026_0190,2,fg_0180,bom_fg_0180,1,5923,piece,2026-01-11,2026-01-13,Dây chuyền 08,paused,Lệnh sản xuất phát hành từ kế hoạch đã được duyệt.
production_order_2026_00381,plan_2026_0191,1,fg_0181,bom_fg_0181,1,6060,piece,2026-02-11,2026-02-13,Dây chuyền 09,planned,Lệnh sản xuất phát hành từ kế hoạch đã được duyệt.
production_order_2026_00382,plan_2026_0191,2,fg_0182,bom_fg_0182,1,6197,piece,2026-02-12,2026-02-14,Dây chuyền 10,released,Lệnh sản xuất phát hành từ kế hoạch đã được duyệt.
production_order_2026_00383,plan_2026_0192,1,fg_0183,bom_fg_0183,1,6334,piece,2026-03-16,2026-03-18,Dây chuyền 11,in_progress,Lệnh sản xuất phát hành từ kế hoạch đã được duyệt.
production_order_2026_00384,plan_2026_0192,2,fg_0184,bom_fg_0184,1,6471,piece,2026-03-17,2026-03-19,Dây chuyền 12,completed,Lệnh sản xuất phát hành từ kế hoạch đã được duyệt.
production_order_2026_00385,plan_2026_0193,1,fg_0185,bom_fg_0185,1,6608,piece,2026-04-17,2026-04-19,Dây chuyền 01,paused,Lệnh sản xuất phát hành từ kế hoạch đã được duyệt.
production_order_2026_00386,plan_2026_0193,2,fg_0186,bom_fg_0186,1,6745,piece,2026-04-18,2026-04-20,Dây chuyền 02,planned,Lệnh sản xuất phát hành từ kế hoạch đã được duyệt.
production_order_2026_00387,plan_2026_0194,1,fg_0187,bom_fg_0187,1,6882,piece,2026-05-22,2026-05-24,Dây chuyền 03,released,Lệnh sản xuất phát hành từ kế hoạch đã được duyệt.
production_order_2026_00388,plan_2026_0194,2,fg_0188,bom_fg_0188,1,7019,piece,2026-05-23,2026-05-25,Dây chuyền 04,in_progress,Lệnh sản xuất phát hành từ kế hoạch đã được duyệt.
production_order_2026_00389,plan_2026_0195,1,fg_0189,bom_fg_0189,1,7156,piece,2026-06-03,2026-06-05,Dây chuyền 05,completed,Lệnh sản xuất phát hành từ kế hoạch đã được duyệt.
production_order_2026_00390,plan_2026_0195,2,fg_0190,bom_fg_0190,1,7293,piece,2026-06-04,2026-06-06,Dây chuyền 06,paused,Lệnh sản xuất phát hành từ kế hoạch đã được duyệt.
production_order_2026_00391,plan_2026_0196,1,fg_0191,bom_fg_0191,1,7430,piece,2026-07-08,2026-07-10,Dây chuyền 07,planned,Lệnh sản xuất phát hành từ kế hoạch đã được duyệt.
production_order_2026_00392,plan_2026_0196,2,fg_0192,bom_fg_0192,1,7567,piece,2026-07-09,2026-07-11,Dây chuyền 08,released,Lệnh sản xuất phát hành từ kế hoạch đã được duyệt.
production_order_2026_00393,plan_2026_0197,1,fg_0193,bom_fg_0193,1,7704,piece,2026-08-09,2026-08-11,Dây chuyền 09,in_progress,Lệnh sản xuất phát hành từ kế hoạch đã được duyệt.
production_order_2026_00394,plan_2026_0197,2,fg_0194,bom_fg_0194,1,7841,piece,2026-08-10,2026-08-12,Dây chuyền 10,completed,Lệnh sản xuất phát hành từ kế hoạch đã được duyệt.
production_order_2026_00395,plan_2026_0198,1,fg_0195,bom_fg_0195,1,7978,piece,2026-09-14,2026-09-16,Dây chuyền 11,paused,Lệnh sản xuất phát hành từ kế hoạch đã được duyệt.
production_order_2026_00396,plan_2026_0198,2,fg_0196,bom_fg_0196,1,8115,piece,2026-09-15,2026-09-17,Dây chuyền 12,planned,Lệnh sản xuất phát hành từ kế hoạch đã được duyệt.
production_order_2026_00397,plan_2026_0199,1,fg_0197,bom_fg_0197,1,8252,piece,2026-01-15,2026-01-17,Dây chuyền 01,released,Lệnh sản xuất phát hành từ kế hoạch đã được duyệt.
production_order_2026_00398,plan_2026_0199,2,fg_0198,bom_fg_0198,1,8389,piece,2026-01-16,2026-01-18,Dây chuyền 02,in_progress,Lệnh sản xuất phát hành từ kế hoạch đã được duyệt.
production_order_2026_00399,plan_2026_0200,1,fg_0199,bom_fg_0199,1,8526,piece,2026-02-20,2026-02-22,Dây chuyền 03,completed,Lệnh sản xuất phát hành từ kế hoạch đã được duyệt.
production_order_2026_00400,plan_2026_0200,2,fg_0200,bom_fg_0200,1,8663,piece,2026-02-21,2026-02-23,Dây chuyền 04,paused,Lệnh sản xuất phát hành từ kế hoạch đã được duyệt.
production_order_2026_00401,plan_2026_0201,1,fg_0001,bom_fg_0001,1,8800,piece,2026-03-01,2026-03-03,Dây chuyền 05,planned,Lệnh sản xuất phát hành từ kế hoạch đã được duyệt.
production_order_2026_00402,plan_2026_0201,2,fg_0002,bom_fg_0002,1,8937,piece,2026-03-02,2026-03-04,Dây chuyền 06,released,Lệnh sản xuất phát hành từ kế hoạch đã được duyệt.
production_order_2026_00403,plan_2026_0202,1,fg_0003,bom_fg_0003,1,9074,piece,2026-04-06,2026-04-08,Dây chuyền 07,in_progress,Lệnh sản xuất phát hành từ kế hoạch đã được duyệt.
production_order_2026_00404,plan_2026_0202,2,fg_0004,bom_fg_0004,1,9211,piece,2026-04-07,2026-04-09,Dây chuyền 08,completed,Lệnh sản xuất phát hành từ kế hoạch đã được duyệt.
production_order_2026_00405,plan_2026_0203,1,fg_0005,bom_fg_0005,1,9348,piece,2026-05-07,2026-05-09,Dây chuyền 09,paused,Lệnh sản xuất phát hành từ kế hoạch đã được duyệt.
production_order_2026_00406,plan_2026_0203,2,fg_0006,bom_fg_0006,1,9485,piece,2026-05-08,2026-05-10,Dây chuyền 10,planned,Lệnh sản xuất phát hành từ kế hoạch đã được duyệt.
production_order_2026_00407,plan_2026_0204,1,fg_0007,bom_fg_0007,1,9622,piece,2026-06-12,2026-06-14,Dây chuyền 11,released,Lệnh sản xuất phát hành từ kế hoạch đã được duyệt.
production_order_2026_00408,plan_2026_0204,2,fg_0008,bom_fg_0008,1,9759,piece,2026-06-13,2026-06-15,Dây chuyền 12,in_progress,Lệnh sản xuất phát hành từ kế hoạch đã được duyệt.
production_order_2026_00409,plan_2026_0205,1,fg_0009,bom_fg_0009,1,9896,piece,2026-07-13,2026-07-15,Dây chuyền 01,completed,Lệnh sản xuất phát hành từ kế hoạch đã được duyệt.
production_order_2026_00410,plan_2026_0205,2,fg_0010,bom_fg_0010,1,2033,piece,2026-07-14,2026-07-16,Dây chuyền 02,paused,Lệnh sản xuất phát hành từ kế hoạch đã được duyệt.
production_order_2026_00411,plan_2026_0206,1,fg_0011,bom_fg_0011,1,2170,piece,2026-08-18,2026-08-20,Dây chuyền 03,planned,Lệnh sản xuất phát hành từ kế hoạch đã được duyệt.
production_order_2026_00412,plan_2026_0206,2,fg_0012,bom_fg_0012,1,2307,piece,2026-08-19,2026-08-21,Dây chuyền 04,released,Lệnh sản xuất phát hành từ kế hoạch đã được duyệt.
production_order_2026_00413,plan_2026_0207,1,fg_0013,bom_fg_0013,1,2444,piece,2026-09-19,2026-09-21,Dây chuyền 05,in_progress,Lệnh sản xuất phát hành từ kế hoạch đã được duyệt.
production_order_2026_00414,plan_2026_0207,2,fg_0014,bom_fg_0014,1,2581,piece,2026-09-20,2026-09-22,Dây chuyền 06,completed,Lệnh sản xuất phát hành từ kế hoạch đã được duyệt.
production_order_2026_00415,plan_2026_0208,1,fg_0015,bom_fg_0015,1,2718,piece,2026-01-04,2026-01-06,Dây chuyền 07,paused,Lệnh sản xuất phát hành từ kế hoạch đã được duyệt.
production_order_2026_00416,plan_2026_0208,2,fg_0016,bom_fg_0016,1,2855,piece,2026-01-05,2026-01-07,Dây chuyền 08,planned,Lệnh sản xuất phát hành từ kế hoạch đã được duyệt.
production_order_2026_00417,plan_2026_0209,1,fg_0017,bom_fg_0017,1,2992,piece,2026-02-05,2026-02-07,Dây chuyền 09,released,Lệnh sản xuất phát hành từ kế hoạch đã được duyệt.
production_order_2026_00418,plan_2026_0209,2,fg_0018,bom_fg_0018,1,3129,piece,2026-02-06,2026-02-08,Dây chuyền 10,in_progress,Lệnh sản xuất phát hành từ kế hoạch đã được duyệt.
production_order_2026_00419,plan_2026_0210,1,fg_0019,bom_fg_0019,1,3266,piece,2026-03-10,2026-03-12,Dây chuyền 11,completed,Lệnh sản xuất phát hành từ kế hoạch đã được duyệt.
production_order_2026_00420,plan_2026_0210,2,fg_0020,bom_fg_0020,1,3403,piece,2026-03-11,2026-03-13,Dây chuyền 12,paused,Lệnh sản xuất phát hành từ kế hoạch đã được duyệt.
production_order_2026_00421,plan_2026_0211,1,fg_0021,bom_fg_0021,1,3540,piece,2026-04-11,2026-04-13,Dây chuyền 01,planned,Lệnh sản xuất phát hành từ kế hoạch đã được duyệt.
production_order_2026_00422,plan_2026_0211,2,fg_0022,bom_fg_0022,1,3677,piece,2026-04-12,2026-04-14,Dây chuyền 02,released,Lệnh sản xuất phát hành từ kế hoạch đã được duyệt.
production_order_2026_00423,plan_2026_0212,1,fg_0023,bom_fg_0023,1,3814,piece,2026-05-16,2026-05-18,Dây chuyền 03,in_progress,Lệnh sản xuất phát hành từ kế hoạch đã được duyệt.
production_order_2026_00424,plan_2026_0212,2,fg_0024,bom_fg_0024,1,3951,piece,2026-05-17,2026-05-19,Dây chuyền 04,completed,Lệnh sản xuất phát hành từ kế hoạch đã được duyệt.
production_order_2026_00425,plan_2026_0213,1,fg_0025,bom_fg_0025,1,4088,piece,2026-06-17,2026-06-19,Dây chuyền 05,paused,Lệnh sản xuất phát hành từ kế hoạch đã được duyệt.
production_order_2026_00426,plan_2026_0213,2,fg_0026,bom_fg_0026,1,4225,piece,2026-06-18,2026-06-20,Dây chuyền 06,planned,Lệnh sản xuất phát hành từ kế hoạch đã được duyệt.
production_order_2026_00427,plan_2026_0214,1,fg_0027,bom_fg_0027,1,4362,piece,2026-07-22,2026-07-24,Dây chuyền 07,released,Lệnh sản xuất phát hành từ kế hoạch đã được duyệt.
production_order_2026_00428,plan_2026_0214,2,fg_0028,bom_fg_0028,1,4499,piece,2026-07-23,2026-07-25,Dây chuyền 08,in_progress,Lệnh sản xuất phát hành từ kế hoạch đã được duyệt.
production_order_2026_00429,plan_2026_0215,1,fg_0029,bom_fg_0029,1,4636,piece,2026-08-03,2026-08-05,Dây chuyền 09,completed,Lệnh sản xuất phát hành từ kế hoạch đã được duyệt.
production_order_2026_00430,plan_2026_0215,2,fg_0030,bom_fg_0030,1,4773,piece,2026-08-04,2026-08-06,Dây chuyền 10,paused,Lệnh sản xuất phát hành từ kế hoạch đã được duyệt.
production_order_2026_00431,plan_2026_0216,1,fg_0031,bom_fg_0031,1,4910,piece,2026-09-08,2026-09-10,Dây chuyền 11,planned,Lệnh sản xuất phát hành từ kế hoạch đã được duyệt.
production_order_2026_00432,plan_2026_0216,2,fg_0032,bom_fg_0032,1,5047,piece,2026-09-09,2026-09-11,Dây chuyền 12,released,Lệnh sản xuất phát hành từ kế hoạch đã được duyệt.
production_order_2026_00433,plan_2026_0217,1,fg_0033,bom_fg_0033,1,5184,piece,2026-01-09,2026-01-11,Dây chuyền 01,in_progress,Lệnh sản xuất phát hành từ kế hoạch đã được duyệt.
production_order_2026_00434,plan_2026_0217,2,fg_0034,bom_fg_0034,1,5321,piece,2026-01-10,2026-01-12,Dây chuyền 02,completed,Lệnh sản xuất phát hành từ kế hoạch đã được duyệt.
production_order_2026_00435,plan_2026_0218,1,fg_0035,bom_fg_0035,1,5458,piece,2026-02-14,2026-02-16,Dây chuyền 03,paused,Lệnh sản xuất phát hành từ kế hoạch đã được duyệt.
production_order_2026_00436,plan_2026_0218,2,fg_0036,bom_fg_0036,1,5595,piece,2026-02-15,2026-02-17,Dây chuyền 04,planned,Lệnh sản xuất phát hành từ kế hoạch đã được duyệt.
production_order_2026_00437,plan_2026_0219,1,fg_0037,bom_fg_0037,1,5732,piece,2026-03-15,2026-03-17,Dây chuyền 05,released,Lệnh sản xuất phát hành từ kế hoạch đã được duyệt.
production_order_2026_00438,plan_2026_0219,2,fg_0038,bom_fg_0038,1,5869,piece,2026-03-16,2026-03-18,Dây chuyền 06,in_progress,Lệnh sản xuất phát hành từ kế hoạch đã được duyệt.
production_order_2026_00439,plan_2026_0220,1,fg_0039,bom_fg_0039,1,6006,piece,2026-04-20,2026-04-22,Dây chuyền 07,completed,Lệnh sản xuất phát hành từ kế hoạch đã được duyệt.
production_order_2026_00440,plan_2026_0220,2,fg_0040,bom_fg_0040,1,6143,piece,2026-04-21,2026-04-23,Dây chuyền 08,paused,Lệnh sản xuất phát hành từ kế hoạch đã được duyệt.
production_order_2026_00441,plan_2026_0221,1,fg_0041,bom_fg_0041,1,6280,piece,2026-05-01,2026-05-03,Dây chuyền 09,planned,Lệnh sản xuất phát hành từ kế hoạch đã được duyệt.
production_order_2026_00442,plan_2026_0221,2,fg_0042,bom_fg_0042,1,6417,piece,2026-05-02,2026-05-04,Dây chuyền 10,released,Lệnh sản xuất phát hành từ kế hoạch đã được duyệt.
production_order_2026_00443,plan_2026_0222,1,fg_0043,bom_fg_0043,1,6554,piece,2026-06-06,2026-06-08,Dây chuyền 11,in_progress,Lệnh sản xuất phát hành từ kế hoạch đã được duyệt.
production_order_2026_00444,plan_2026_0222,2,fg_0044,bom_fg_0044,1,6691,piece,2026-06-07,2026-06-09,Dây chuyền 12,completed,Lệnh sản xuất phát hành từ kế hoạch đã được duyệt.
production_order_2026_00445,plan_2026_0223,1,fg_0045,bom_fg_0045,1,6828,piece,2026-07-07,2026-07-09,Dây chuyền 01,paused,Lệnh sản xuất phát hành từ kế hoạch đã được duyệt.
production_order_2026_00446,plan_2026_0223,2,fg_0046,bom_fg_0046,1,6965,piece,2026-07-08,2026-07-10,Dây chuyền 02,planned,Lệnh sản xuất phát hành từ kế hoạch đã được duyệt.
production_order_2026_00447,plan_2026_0224,1,fg_0047,bom_fg_0047,1,7102,piece,2026-08-12,2026-08-14,Dây chuyền 03,released,Lệnh sản xuất phát hành từ kế hoạch đã được duyệt.
production_order_2026_00448,plan_2026_0224,2,fg_0048,bom_fg_0048,1,7239,piece,2026-08-13,2026-08-15,Dây chuyền 04,in_progress,Lệnh sản xuất phát hành từ kế hoạch đã được duyệt.
production_order_2026_00449,plan_2026_0225,1,fg_0049,bom_fg_0049,1,7376,piece,2026-09-13,2026-09-15,Dây chuyền 05,completed,Lệnh sản xuất phát hành từ kế hoạch đã được duyệt.
production_order_2026_00450,plan_2026_0225,2,fg_0050,bom_fg_0050,1,7513,piece,2026-09-14,2026-09-16,Dây chuyền 06,paused,Lệnh sản xuất phát hành từ kế hoạch đã được duyệt.
production_order_2026_00451,plan_2026_0226,1,fg_0051,bom_fg_0051,1,7650,piece,2026-01-18,2026-01-20,Dây chuyền 07,planned,Lệnh sản xuất phát hành từ kế hoạch đã được duyệt.
production_order_2026_00452,plan_2026_0226,2,fg_0052,bom_fg_0052,1,7787,piece,2026-01-19,2026-01-21,Dây chuyền 08,released,Lệnh sản xuất phát hành từ kế hoạch đã được duyệt.
production_order_2026_00453,plan_2026_0227,1,fg_0053,bom_fg_0053,1,7924,piece,2026-02-19,2026-02-21,Dây chuyền 09,in_progress,Lệnh sản xuất phát hành từ kế hoạch đã được duyệt.
production_order_2026_00454,plan_2026_0227,2,fg_0054,bom_fg_0054,1,8061,piece,2026-02-20,2026-02-22,Dây chuyền 10,completed,Lệnh sản xuất phát hành từ kế hoạch đã được duyệt.
production_order_2026_00455,plan_2026_0228,1,fg_0055,bom_fg_0055,1,8198,piece,2026-03-04,2026-03-06,Dây chuyền 11,paused,Lệnh sản xuất phát hành từ kế hoạch đã được duyệt.
production_order_2026_00456,plan_2026_0228,2,fg_0056,bom_fg_0056,1,8335,piece,2026-03-05,2026-03-07,Dây chuyền 12,planned,Lệnh sản xuất phát hành từ kế hoạch đã được duyệt.
production_order_2026_00457,plan_2026_0229,1,fg_0057,bom_fg_0057,1,8472,piece,2026-04-05,2026-04-07,Dây chuyền 01,released,Lệnh sản xuất phát hành từ kế hoạch đã được duyệt.
production_order_2026_00458,plan_2026_0229,2,fg_0058,bom_fg_0058,1,8609,piece,2026-04-06,2026-04-08,Dây chuyền 02,in_progress,Lệnh sản xuất phát hành từ kế hoạch đã được duyệt.
production_order_2026_00459,plan_2026_0230,1,fg_0059,bom_fg_0059,1,8746,piece,2026-05-10,2026-05-12,Dây chuyền 03,completed,Lệnh sản xuất phát hành từ kế hoạch đã được duyệt.
production_order_2026_00460,plan_2026_0230,2,fg_0060,bom_fg_0060,1,8883,piece,2026-05-11,2026-05-13,Dây chuyền 04,paused,Lệnh sản xuất phát hành từ kế hoạch đã được duyệt.
production_order_2026_00461,plan_2026_0231,1,fg_0061,bom_fg_0061,1,9020,piece,2026-06-11,2026-06-13,Dây chuyền 05,planned,Lệnh sản xuất phát hành từ kế hoạch đã được duyệt.
production_order_2026_00462,plan_2026_0231,2,fg_0062,bom_fg_0062,1,9157,piece,2026-06-12,2026-06-14,Dây chuyền 06,released,Lệnh sản xuất phát hành từ kế hoạch đã được duyệt.
production_order_2026_00463,plan_2026_0232,1,fg_0063,bom_fg_0063,1,9294,piece,2026-07-16,2026-07-18,Dây chuyền 07,in_progress,Lệnh sản xuất phát hành từ kế hoạch đã được duyệt.
production_order_2026_00464,plan_2026_0232,2,fg_0064,bom_fg_0064,1,9431,piece,2026-07-17,2026-07-19,Dây chuyền 08,completed,Lệnh sản xuất phát hành từ kế hoạch đã được duyệt.
production_order_2026_00465,plan_2026_0233,1,fg_0065,bom_fg_0065,1,9568,piece,2026-08-17,2026-08-19,Dây chuyền 09,paused,Lệnh sản xuất phát hành từ kế hoạch đã được duyệt.
production_order_2026_00466,plan_2026_0233,2,fg_0066,bom_fg_0066,1,9705,piece,2026-08-18,2026-08-20,Dây chuyền 10,planned,Lệnh sản xuất phát hành từ kế hoạch đã được duyệt.
production_order_2026_00467,plan_2026_0234,1,fg_0067,bom_fg_0067,1,9842,piece,2026-09-22,2026-09-24,Dây chuyền 11,released,Lệnh sản xuất phát hành từ kế hoạch đã được duyệt.
production_order_2026_00468,plan_2026_0234,2,fg_0068,bom_fg_0068,1,9979,piece,2026-09-23,2026-09-25,Dây chuyền 12,in_progress,Lệnh sản xuất phát hành từ kế hoạch đã được duyệt.
production_order_2026_00469,plan_2026_0235,1,fg_0069,bom_fg_0069,1,2116,piece,2026-01-03,2026-01-05,Dây chuyền 01,completed,Lệnh sản xuất phát hành từ kế hoạch đã được duyệt.
production_order_2026_00470,plan_2026_0235,2,fg_0070,bom_fg_0070,1,2253,piece,2026-01-04,2026-01-06,Dây chuyền 02,paused,Lệnh sản xuất phát hành từ kế hoạch đã được duyệt.
production_order_2026_00471,plan_2026_0236,1,fg_0071,bom_fg_0071,1,2390,piece,2026-02-08,2026-02-10,Dây chuyền 03,planned,Lệnh sản xuất phát hành từ kế hoạch đã được duyệt.
production_order_2026_00472,plan_2026_0236,2,fg_0072,bom_fg_0072,1,2527,piece,2026-02-09,2026-02-11,Dây chuyền 04,released,Lệnh sản xuất phát hành từ kế hoạch đã được duyệt.
production_order_2026_00473,plan_2026_0237,1,fg_0073,bom_fg_0073,1,2664,piece,2026-03-09,2026-03-11,Dây chuyền 05,in_progress,Lệnh sản xuất phát hành từ kế hoạch đã được duyệt.
production_order_2026_00474,plan_2026_0237,2,fg_0074,bom_fg_0074,1,2801,piece,2026-03-10,2026-03-12,Dây chuyền 06,completed,Lệnh sản xuất phát hành từ kế hoạch đã được duyệt.
production_order_2026_00475,plan_2026_0238,1,fg_0075,bom_fg_0075,1,2938,piece,2026-04-14,2026-04-16,Dây chuyền 07,paused,Lệnh sản xuất phát hành từ kế hoạch đã được duyệt.
production_order_2026_00476,plan_2026_0238,2,fg_0076,bom_fg_0076,1,3075,piece,2026-04-15,2026-04-17,Dây chuyền 08,planned,Lệnh sản xuất phát hành từ kế hoạch đã được duyệt.
production_order_2026_00477,plan_2026_0239,1,fg_0077,bom_fg_0077,1,3212,piece,2026-05-15,2026-05-17,Dây chuyền 09,released,Lệnh sản xuất phát hành từ kế hoạch đã được duyệt.
production_order_2026_00478,plan_2026_0239,2,fg_0078,bom_fg_0078,1,3349,piece,2026-05-16,2026-05-18,Dây chuyền 10,in_progress,Lệnh sản xuất phát hành từ kế hoạch đã được duyệt.
production_order_2026_00479,plan_2026_0240,1,fg_0079,bom_fg_0079,1,3486,piece,2026-06-20,2026-06-22,Dây chuyền 11,completed,Lệnh sản xuất phát hành từ kế hoạch đã được duyệt.
production_order_2026_00480,plan_2026_0240,2,fg_0080,bom_fg_0080,1,3623,piece,2026-06-21,2026-06-23,Dây chuyền 12,paused,Lệnh sản xuất phát hành từ kế hoạch đã được duyệt.
production_order_2026_00481,plan_2026_0241,1,fg_0081,bom_fg_0081,1,3760,piece,2026-07-01,2026-07-03,Dây chuyền 01,planned,Lệnh sản xuất phát hành từ kế hoạch đã được duyệt.
production_order_2026_00482,plan_2026_0241,2,fg_0082,bom_fg_0082,1,3897,piece,2026-07-02,2026-07-04,Dây chuyền 02,released,Lệnh sản xuất phát hành từ kế hoạch đã được duyệt.
production_order_2026_00483,plan_2026_0242,1,fg_0083,bom_fg_0083,1,4034,piece,2026-08-06,2026-08-08,Dây chuyền 03,in_progress,Lệnh sản xuất phát hành từ kế hoạch đã được duyệt.
production_order_2026_00484,plan_2026_0242,2,fg_0084,bom_fg_0084,1,4171,piece,2026-08-07,2026-08-09,Dây chuyền 04,completed,Lệnh sản xuất phát hành từ kế hoạch đã được duyệt.
production_order_2026_00485,plan_2026_0243,1,fg_0085,bom_fg_0085,1,4308,piece,2026-09-07,2026-09-09,Dây chuyền 05,paused,Lệnh sản xuất phát hành từ kế hoạch đã được duyệt.
production_order_2026_00486,plan_2026_0243,2,fg_0086,bom_fg_0086,1,4445,piece,2026-09-08,2026-09-10,Dây chuyền 06,planned,Lệnh sản xuất phát hành từ kế hoạch đã được duyệt.
production_order_2026_00487,plan_2026_0244,1,fg_0087,bom_fg_0087,1,4582,piece,2026-01-12,2026-01-14,Dây chuyền 07,released,Lệnh sản xuất phát hành từ kế hoạch đã được duyệt.
production_order_2026_00488,plan_2026_0244,2,fg_0088,bom_fg_0088,1,4719,piece,2026-01-13,2026-01-15,Dây chuyền 08,in_progress,Lệnh sản xuất phát hành từ kế hoạch đã được duyệt.
production_order_2026_00489,plan_2026_0245,1,fg_0089,bom_fg_0089,1,4856,piece,2026-02-13,2026-02-15,Dây chuyền 09,completed,Lệnh sản xuất phát hành từ kế hoạch đã được duyệt.
production_order_2026_00490,plan_2026_0245,2,fg_0090,bom_fg_0090,1,4993,piece,2026-02-14,2026-02-16,Dây chuyền 10,paused,Lệnh sản xuất phát hành từ kế hoạch đã được duyệt.
production_order_2026_00491,plan_2026_0246,1,fg_0091,bom_fg_0091,1,5130,piece,2026-03-18,2026-03-20,Dây chuyền 11,planned,Lệnh sản xuất phát hành từ kế hoạch đã được duyệt.
production_order_2026_00492,plan_2026_0246,2,fg_0092,bom_fg_0092,1,5267,piece,2026-03-19,2026-03-21,Dây chuyền 12,released,Lệnh sản xuất phát hành từ kế hoạch đã được duyệt.
production_order_2026_00493,plan_2026_0247,1,fg_0093,bom_fg_0093,1,5404,piece,2026-04-19,2026-04-21,Dây chuyền 01,in_progress,Lệnh sản xuất phát hành từ kế hoạch đã được duyệt.
production_order_2026_00494,plan_2026_0247,2,fg_0094,bom_fg_0094,1,5541,piece,2026-04-20,2026-04-22,Dây chuyền 02,completed,Lệnh sản xuất phát hành từ kế hoạch đã được duyệt.
production_order_2026_00495,plan_2026_0248,1,fg_0095,bom_fg_0095,1,5678,piece,2026-05-04,2026-05-06,Dây chuyền 03,paused,Lệnh sản xuất phát hành từ kế hoạch đã được duyệt.
production_order_2026_00496,plan_2026_0248,2,fg_0096,bom_fg_0096,1,5815,piece,2026-05-05,2026-05-07,Dây chuyền 04,planned,Lệnh sản xuất phát hành từ kế hoạch đã được duyệt.
production_order_2026_00497,plan_2026_0249,1,fg_0097,bom_fg_0097,1,5952,piece,2026-06-05,2026-06-07,Dây chuyền 05,released,Lệnh sản xuất phát hành từ kế hoạch đã được duyệt.
production_order_2026_00498,plan_2026_0249,2,fg_0098,bom_fg_0098,1,6089,piece,2026-06-06,2026-06-08,Dây chuyền 06,in_progress,Lệnh sản xuất phát hành từ kế hoạch đã được duyệt.
production_order_2026_00499,plan_2026_0250,1,fg_0099,bom_fg_0099,1,6226,piece,2026-07-10,2026-07-12,Dây chuyền 07,completed,Lệnh sản xuất phát hành từ kế hoạch đã được duyệt.
production_order_2026_00500,plan_2026_0250,2,fg_0100,bom_fg_0100,1,6363,piece,2026-07-11,2026-07-13,Dây chuyền 08,paused,Lệnh sản xuất phát hành từ kế hoạch đã được duyệt.
production_order_2026_00501,plan_2026_0001,1,fg_0001,bom_fg_0001,1,6500,piece,2026-01-01,2026-01-03,Dây chuyền 09,planned,Lệnh sản xuất phát hành từ kế hoạch đã được duyệt.
production_order_2026_00502,plan_2026_0001,2,fg_0002,bom_fg_0002,1,6637,piece,2026-01-02,2026-01-04,Dây chuyền 10,released,Lệnh sản xuất phát hành từ kế hoạch đã được duyệt.
production_order_2026_00503,plan_2026_0002,1,fg_0003,bom_fg_0003,1,6774,piece,2026-02-06,2026-02-08,Dây chuyền 11,in_progress,Lệnh sản xuất phát hành từ kế hoạch đã được duyệt.
production_order_2026_00504,plan_2026_0002,2,fg_0004,bom_fg_0004,1,6911,piece,2026-02-07,2026-02-09,Dây chuyền 12,completed,Lệnh sản xuất phát hành từ kế hoạch đã được duyệt.
production_order_2026_00505,plan_2026_0003,1,fg_0005,bom_fg_0005,1,7048,piece,2026-03-07,2026-03-09,Dây chuyền 01,paused,Lệnh sản xuất phát hành từ kế hoạch đã được duyệt.
production_order_2026_00506,plan_2026_0003,2,fg_0006,bom_fg_0006,1,7185,piece,2026-03-08,2026-03-10,Dây chuyền 02,planned,Lệnh sản xuất phát hành từ kế hoạch đã được duyệt.
production_order_2026_00507,plan_2026_0004,1,fg_0007,bom_fg_0007,1,7322,piece,2026-04-12,2026-04-14,Dây chuyền 03,released,Lệnh sản xuất phát hành từ kế hoạch đã được duyệt.
production_order_2026_00508,plan_2026_0004,2,fg_0008,bom_fg_0008,1,7459,piece,2026-04-13,2026-04-15,Dây chuyền 04,in_progress,Lệnh sản xuất phát hành từ kế hoạch đã được duyệt.
production_order_2026_00509,plan_2026_0005,1,fg_0009,bom_fg_0009,1,7596,piece,2026-05-13,2026-05-15,Dây chuyền 05,completed,Lệnh sản xuất phát hành từ kế hoạch đã được duyệt.
production_order_2026_00510,plan_2026_0005,2,fg_0010,bom_fg_0010,1,7733,piece,2026-05-14,2026-05-16,Dây chuyền 06,paused,Lệnh sản xuất phát hành từ kế hoạch đã được duyệt.
production_order_2026_00511,plan_2026_0006,1,fg_0011,bom_fg_0011,1,7870,piece,2026-06-18,2026-06-20,Dây chuyền 07,planned,Lệnh sản xuất phát hành từ kế hoạch đã được duyệt.
production_order_2026_00512,plan_2026_0006,2,fg_0012,bom_fg_0012,1,8007,piece,2026-06-19,2026-06-21,Dây chuyền 08,released,Lệnh sản xuất phát hành từ kế hoạch đã được duyệt.
production_order_2026_00513,plan_2026_0007,1,fg_0013,bom_fg_0013,1,8144,piece,2026-07-19,2026-07-21,Dây chuyền 09,in_progress,Lệnh sản xuất phát hành từ kế hoạch đã được duyệt.
production_order_2026_00514,plan_2026_0007,2,fg_0014,bom_fg_0014,1,8281,piece,2026-07-20,2026-07-22,Dây chuyền 10,completed,Lệnh sản xuất phát hành từ kế hoạch đã được duyệt.
production_order_2026_00515,plan_2026_0008,1,fg_0015,bom_fg_0015,1,8418,piece,2026-08-04,2026-08-06,Dây chuyền 11,paused,Lệnh sản xuất phát hành từ kế hoạch đã được duyệt.
production_order_2026_00516,plan_2026_0008,2,fg_0016,bom_fg_0016,1,8555,piece,2026-08-05,2026-08-07,Dây chuyền 12,planned,Lệnh sản xuất phát hành từ kế hoạch đã được duyệt.
production_order_2026_00517,plan_2026_0009,1,fg_0017,bom_fg_0017,1,8692,piece,2026-09-05,2026-09-07,Dây chuyền 01,released,Lệnh sản xuất phát hành từ kế hoạch đã được duyệt.
production_order_2026_00518,plan_2026_0009,2,fg_0018,bom_fg_0018,1,8829,piece,2026-09-06,2026-09-08,Dây chuyền 02,in_progress,Lệnh sản xuất phát hành từ kế hoạch đã được duyệt.
production_order_2026_00519,plan_2026_0010,1,fg_0019,bom_fg_0019,1,8966,piece,2026-01-10,2026-01-12,Dây chuyền 03,completed,Lệnh sản xuất phát hành từ kế hoạch đã được duyệt.
production_order_2026_00520,plan_2026_0010,2,fg_0020,bom_fg_0020,1,9103,piece,2026-01-11,2026-01-13,Dây chuyền 04,paused,Lệnh sản xuất phát hành từ kế hoạch đã được duyệt.
production_order_2026_00521,plan_2026_0011,1,fg_0021,bom_fg_0021,1,9240,piece,2026-02-11,2026-02-13,Dây chuyền 05,planned,Lệnh sản xuất phát hành từ kế hoạch đã được duyệt.
production_order_2026_00522,plan_2026_0011,2,fg_0022,bom_fg_0022,1,9377,piece,2026-02-12,2026-02-14,Dây chuyền 06,released,Lệnh sản xuất phát hành từ kế hoạch đã được duyệt.
production_order_2026_00523,plan_2026_0012,1,fg_0023,bom_fg_0023,1,9514,piece,2026-03-16,2026-03-18,Dây chuyền 07,in_progress,Lệnh sản xuất phát hành từ kế hoạch đã được duyệt.
production_order_2026_00524,plan_2026_0012,2,fg_0024,bom_fg_0024,1,9651,piece,2026-03-17,2026-03-19,Dây chuyền 08,completed,Lệnh sản xuất phát hành từ kế hoạch đã được duyệt.
production_order_2026_00525,plan_2026_0013,1,fg_0025,bom_fg_0025,1,9788,piece,2026-04-17,2026-04-19,Dây chuyền 09,paused,Lệnh sản xuất phát hành từ kế hoạch đã được duyệt.
production_order_2026_00526,plan_2026_0013,2,fg_0026,bom_fg_0026,1,9925,piece,2026-04-18,2026-04-20,Dây chuyền 10,planned,Lệnh sản xuất phát hành từ kế hoạch đã được duyệt.
production_order_2026_00527,plan_2026_0014,1,fg_0027,bom_fg_0027,1,2062,piece,2026-05-22,2026-05-24,Dây chuyền 11,released,Lệnh sản xuất phát hành từ kế hoạch đã được duyệt.
production_order_2026_00528,plan_2026_0014,2,fg_0028,bom_fg_0028,1,2199,piece,2026-05-23,2026-05-25,Dây chuyền 12,in_progress,Lệnh sản xuất phát hành từ kế hoạch đã được duyệt.
production_order_2026_00529,plan_2026_0015,1,fg_0029,bom_fg_0029,1,2336,piece,2026-06-03,2026-06-05,Dây chuyền 01,completed,Lệnh sản xuất phát hành từ kế hoạch đã được duyệt.
production_order_2026_00530,plan_2026_0015,2,fg_0030,bom_fg_0030,1,2473,piece,2026-06-04,2026-06-06,Dây chuyền 02,paused,Lệnh sản xuất phát hành từ kế hoạch đã được duyệt.
production_order_2026_00531,plan_2026_0016,1,fg_0031,bom_fg_0031,1,2610,piece,2026-07-08,2026-07-10,Dây chuyền 03,planned,Lệnh sản xuất phát hành từ kế hoạch đã được duyệt.
production_order_2026_00532,plan_2026_0016,2,fg_0032,bom_fg_0032,1,2747,piece,2026-07-09,2026-07-11,Dây chuyền 04,released,Lệnh sản xuất phát hành từ kế hoạch đã được duyệt.
production_order_2026_00533,plan_2026_0017,1,fg_0033,bom_fg_0033,1,2884,piece,2026-08-09,2026-08-11,Dây chuyền 05,in_progress,Lệnh sản xuất phát hành từ kế hoạch đã được duyệt.
production_order_2026_00534,plan_2026_0017,2,fg_0034,bom_fg_0034,1,3021,piece,2026-08-10,2026-08-12,Dây chuyền 06,completed,Lệnh sản xuất phát hành từ kế hoạch đã được duyệt.
production_order_2026_00535,plan_2026_0018,1,fg_0035,bom_fg_0035,1,3158,piece,2026-09-14,2026-09-16,Dây chuyền 07,paused,Lệnh sản xuất phát hành từ kế hoạch đã được duyệt.
production_order_2026_00536,plan_2026_0018,2,fg_0036,bom_fg_0036,1,3295,piece,2026-09-15,2026-09-17,Dây chuyền 08,planned,Lệnh sản xuất phát hành từ kế hoạch đã được duyệt.
production_order_2026_00537,plan_2026_0019,1,fg_0037,bom_fg_0037,1,3432,piece,2026-01-15,2026-01-17,Dây chuyền 09,released,Lệnh sản xuất phát hành từ kế hoạch đã được duyệt.
production_order_2026_00538,plan_2026_0019,2,fg_0038,bom_fg_0038,1,3569,piece,2026-01-16,2026-01-18,Dây chuyền 10,in_progress,Lệnh sản xuất phát hành từ kế hoạch đã được duyệt.
production_order_2026_00539,plan_2026_0020,1,fg_0039,bom_fg_0039,1,3706,piece,2026-02-20,2026-02-22,Dây chuyền 11,completed,Lệnh sản xuất phát hành từ kế hoạch đã được duyệt.
production_order_2026_00540,plan_2026_0020,2,fg_0040,bom_fg_0040,1,3843,piece,2026-02-21,2026-02-23,Dây chuyền 12,paused,Lệnh sản xuất phát hành từ kế hoạch đã được duyệt.
production_order_2026_00541,plan_2026_0021,1,fg_0041,bom_fg_0041,1,3980,piece,2026-03-01,2026-03-03,Dây chuyền 01,planned,Lệnh sản xuất phát hành từ kế hoạch đã được duyệt.
production_order_2026_00542,plan_2026_0021,2,fg_0042,bom_fg_0042,1,4117,piece,2026-03-02,2026-03-04,Dây chuyền 02,released,Lệnh sản xuất phát hành từ kế hoạch đã được duyệt.
production_order_2026_00543,plan_2026_0022,1,fg_0043,bom_fg_0043,1,4254,piece,2026-04-06,2026-04-08,Dây chuyền 03,in_progress,Lệnh sản xuất phát hành từ kế hoạch đã được duyệt.
production_order_2026_00544,plan_2026_0022,2,fg_0044,bom_fg_0044,1,4391,piece,2026-04-07,2026-04-09,Dây chuyền 04,completed,Lệnh sản xuất phát hành từ kế hoạch đã được duyệt.
production_order_2026_00545,plan_2026_0023,1,fg_0045,bom_fg_0045,1,4528,piece,2026-05-07,2026-05-09,Dây chuyền 05,paused,Lệnh sản xuất phát hành từ kế hoạch đã được duyệt.
production_order_2026_00546,plan_2026_0023,2,fg_0046,bom_fg_0046,1,4665,piece,2026-05-08,2026-05-10,Dây chuyền 06,planned,Lệnh sản xuất phát hành từ kế hoạch đã được duyệt.
production_order_2026_00547,plan_2026_0024,1,fg_0047,bom_fg_0047,1,4802,piece,2026-06-12,2026-06-14,Dây chuyền 07,released,Lệnh sản xuất phát hành từ kế hoạch đã được duyệt.
production_order_2026_00548,plan_2026_0024,2,fg_0048,bom_fg_0048,1,4939,piece,2026-06-13,2026-06-15,Dây chuyền 08,in_progress,Lệnh sản xuất phát hành từ kế hoạch đã được duyệt.
production_order_2026_00549,plan_2026_0025,1,fg_0049,bom_fg_0049,1,5076,piece,2026-07-13,2026-07-15,Dây chuyền 09,completed,Lệnh sản xuất phát hành từ kế hoạch đã được duyệt.
production_order_2026_00550,plan_2026_0025,2,fg_0050,bom_fg_0050,1,5213,piece,2026-07-14,2026-07-16,Dây chuyền 10,paused,Lệnh sản xuất phát hành từ kế hoạch đã được duyệt.
production_order_2026_00551,plan_2026_0026,1,fg_0051,bom_fg_0051,1,5350,piece,2026-08-18,2026-08-20,Dây chuyền 11,planned,Lệnh sản xuất phát hành từ kế hoạch đã được duyệt.
production_order_2026_00552,plan_2026_0026,2,fg_0052,bom_fg_0052,1,5487,piece,2026-08-19,2026-08-21,Dây chuyền 12,released,Lệnh sản xuất phát hành từ kế hoạch đã được duyệt.
production_order_2026_00553,plan_2026_0027,1,fg_0053,bom_fg_0053,1,5624,piece,2026-09-19,2026-09-21,Dây chuyền 01,in_progress,Lệnh sản xuất phát hành từ kế hoạch đã được duyệt.
production_order_2026_00554,plan_2026_0027,2,fg_0054,bom_fg_0054,1,5761,piece,2026-09-20,2026-09-22,Dây chuyền 02,completed,Lệnh sản xuất phát hành từ kế hoạch đã được duyệt.
production_order_2026_00555,plan_2026_0028,1,fg_0055,bom_fg_0055,1,5898,piece,2026-01-04,2026-01-06,Dây chuyền 03,paused,Lệnh sản xuất phát hành từ kế hoạch đã được duyệt.
production_order_2026_00556,plan_2026_0028,2,fg_0056,bom_fg_0056,1,6035,piece,2026-01-05,2026-01-07,Dây chuyền 04,planned,Lệnh sản xuất phát hành từ kế hoạch đã được duyệt.
production_order_2026_00557,plan_2026_0029,1,fg_0057,bom_fg_0057,1,6172,piece,2026-02-05,2026-02-07,Dây chuyền 05,released,Lệnh sản xuất phát hành từ kế hoạch đã được duyệt.
production_order_2026_00558,plan_2026_0029,2,fg_0058,bom_fg_0058,1,6309,piece,2026-02-06,2026-02-08,Dây chuyền 06,in_progress,Lệnh sản xuất phát hành từ kế hoạch đã được duyệt.
production_order_2026_00559,plan_2026_0030,1,fg_0059,bom_fg_0059,1,6446,piece,2026-03-10,2026-03-12,Dây chuyền 07,completed,Lệnh sản xuất phát hành từ kế hoạch đã được duyệt.
production_order_2026_00560,plan_2026_0030,2,fg_0060,bom_fg_0060,1,6583,piece,2026-03-11,2026-03-13,Dây chuyền 08,paused,Lệnh sản xuất phát hành từ kế hoạch đã được duyệt.
production_order_2026_00561,plan_2026_0031,1,fg_0061,bom_fg_0061,1,6720,piece,2026-04-11,2026-04-13,Dây chuyền 09,planned,Lệnh sản xuất phát hành từ kế hoạch đã được duyệt.
production_order_2026_00562,plan_2026_0031,2,fg_0062,bom_fg_0062,1,6857,piece,2026-04-12,2026-04-14,Dây chuyền 10,released,Lệnh sản xuất phát hành từ kế hoạch đã được duyệt.
production_order_2026_00563,plan_2026_0032,1,fg_0063,bom_fg_0063,1,6994,piece,2026-05-16,2026-05-18,Dây chuyền 11,in_progress,Lệnh sản xuất phát hành từ kế hoạch đã được duyệt.
production_order_2026_00564,plan_2026_0032,2,fg_0064,bom_fg_0064,1,7131,piece,2026-05-17,2026-05-19,Dây chuyền 12,completed,Lệnh sản xuất phát hành từ kế hoạch đã được duyệt.
production_order_2026_00565,plan_2026_0033,1,fg_0065,bom_fg_0065,1,7268,piece,2026-06-17,2026-06-19,Dây chuyền 01,paused,Lệnh sản xuất phát hành từ kế hoạch đã được duyệt.
production_order_2026_00566,plan_2026_0033,2,fg_0066,bom_fg_0066,1,7405,piece,2026-06-18,2026-06-20,Dây chuyền 02,planned,Lệnh sản xuất phát hành từ kế hoạch đã được duyệt.
production_order_2026_00567,plan_2026_0034,1,fg_0067,bom_fg_0067,1,7542,piece,2026-07-22,2026-07-24,Dây chuyền 03,released,Lệnh sản xuất phát hành từ kế hoạch đã được duyệt.
production_order_2026_00568,plan_2026_0034,2,fg_0068,bom_fg_0068,1,7679,piece,2026-07-23,2026-07-25,Dây chuyền 04,in_progress,Lệnh sản xuất phát hành từ kế hoạch đã được duyệt.
production_order_2026_00569,plan_2026_0035,1,fg_0069,bom_fg_0069,1,7816,piece,2026-08-03,2026-08-05,Dây chuyền 05,completed,Lệnh sản xuất phát hành từ kế hoạch đã được duyệt.
production_order_2026_00570,plan_2026_0035,2,fg_0070,bom_fg_0070,1,7953,piece,2026-08-04,2026-08-06,Dây chuyền 06,paused,Lệnh sản xuất phát hành từ kế hoạch đã được duyệt.
production_order_2026_00571,plan_2026_0036,1,fg_0071,bom_fg_0071,1,8090,piece,2026-09-08,2026-09-10,Dây chuyền 07,planned,Lệnh sản xuất phát hành từ kế hoạch đã được duyệt.
production_order_2026_00572,plan_2026_0036,2,fg_0072,bom_fg_0072,1,8227,piece,2026-09-09,2026-09-11,Dây chuyền 08,released,Lệnh sản xuất phát hành từ kế hoạch đã được duyệt.
production_order_2026_00573,plan_2026_0037,1,fg_0073,bom_fg_0073,1,8364,piece,2026-01-09,2026-01-11,Dây chuyền 09,in_progress,Lệnh sản xuất phát hành từ kế hoạch đã được duyệt.
production_order_2026_00574,plan_2026_0037,2,fg_0074,bom_fg_0074,1,8501,piece,2026-01-10,2026-01-12,Dây chuyền 10,completed,Lệnh sản xuất phát hành từ kế hoạch đã được duyệt.
production_order_2026_00575,plan_2026_0038,1,fg_0075,bom_fg_0075,1,8638,piece,2026-02-14,2026-02-16,Dây chuyền 11,paused,Lệnh sản xuất phát hành từ kế hoạch đã được duyệt.
production_order_2026_00576,plan_2026_0038,2,fg_0076,bom_fg_0076,1,8775,piece,2026-02-15,2026-02-17,Dây chuyền 12,planned,Lệnh sản xuất phát hành từ kế hoạch đã được duyệt.
production_order_2026_00577,plan_2026_0039,1,fg_0077,bom_fg_0077,1,8912,piece,2026-03-15,2026-03-17,Dây chuyền 01,released,Lệnh sản xuất phát hành từ kế hoạch đã được duyệt.
production_order_2026_00578,plan_2026_0039,2,fg_0078,bom_fg_0078,1,9049,piece,2026-03-16,2026-03-18,Dây chuyền 02,in_progress,Lệnh sản xuất phát hành từ kế hoạch đã được duyệt.
production_order_2026_00579,plan_2026_0040,1,fg_0079,bom_fg_0079,1,9186,piece,2026-04-20,2026-04-22,Dây chuyền 03,completed,Lệnh sản xuất phát hành từ kế hoạch đã được duyệt.
production_order_2026_00580,plan_2026_0040,2,fg_0080,bom_fg_0080,1,9323,piece,2026-04-21,2026-04-23,Dây chuyền 04,paused,Lệnh sản xuất phát hành từ kế hoạch đã được duyệt.
production_order_2026_00581,plan_2026_0041,1,fg_0081,bom_fg_0081,1,9460,piece,2026-05-01,2026-05-03,Dây chuyền 05,planned,Lệnh sản xuất phát hành từ kế hoạch đã được duyệt.
production_order_2026_00582,plan_2026_0041,2,fg_0082,bom_fg_0082,1,9597,piece,2026-05-02,2026-05-04,Dây chuyền 06,released,Lệnh sản xuất phát hành từ kế hoạch đã được duyệt.
production_order_2026_00583,plan_2026_0042,1,fg_0083,bom_fg_0083,1,9734,piece,2026-06-06,2026-06-08,Dây chuyền 07,in_progress,Lệnh sản xuất phát hành từ kế hoạch đã được duyệt.
production_order_2026_00584,plan_2026_0042,2,fg_0084,bom_fg_0084,1,9871,piece,2026-06-07,2026-06-09,Dây chuyền 08,completed,Lệnh sản xuất phát hành từ kế hoạch đã được duyệt.
production_order_2026_00585,plan_2026_0043,1,fg_0085,bom_fg_0085,1,2008,piece,2026-07-07,2026-07-09,Dây chuyền 09,paused,Lệnh sản xuất phát hành từ kế hoạch đã được duyệt.
production_order_2026_00586,plan_2026_0043,2,fg_0086,bom_fg_0086,1,2145,piece,2026-07-08,2026-07-10,Dây chuyền 10,planned,Lệnh sản xuất phát hành từ kế hoạch đã được duyệt.
production_order_2026_00587,plan_2026_0044,1,fg_0087,bom_fg_0087,1,2282,piece,2026-08-12,2026-08-14,Dây chuyền 11,released,Lệnh sản xuất phát hành từ kế hoạch đã được duyệt.
production_order_2026_00588,plan_2026_0044,2,fg_0088,bom_fg_0088,1,2419,piece,2026-08-13,2026-08-15,Dây chuyền 12,in_progress,Lệnh sản xuất phát hành từ kế hoạch đã được duyệt.
production_order_2026_00589,plan_2026_0045,1,fg_0089,bom_fg_0089,1,2556,piece,2026-09-13,2026-09-15,Dây chuyền 01,completed,Lệnh sản xuất phát hành từ kế hoạch đã được duyệt.
production_order_2026_00590,plan_2026_0045,2,fg_0090,bom_fg_0090,1,2693,piece,2026-09-14,2026-09-16,Dây chuyền 02,paused,Lệnh sản xuất phát hành từ kế hoạch đã được duyệt.
production_order_2026_00591,plan_2026_0046,1,fg_0091,bom_fg_0091,1,2830,piece,2026-01-18,2026-01-20,Dây chuyền 03,planned,Lệnh sản xuất phát hành từ kế hoạch đã được duyệt.
production_order_2026_00592,plan_2026_0046,2,fg_0092,bom_fg_0092,1,2967,piece,2026-01-19,2026-01-21,Dây chuyền 04,released,Lệnh sản xuất phát hành từ kế hoạch đã được duyệt.
production_order_2026_00593,plan_2026_0047,1,fg_0093,bom_fg_0093,1,3104,piece,2026-02-19,2026-02-21,Dây chuyền 05,in_progress,Lệnh sản xuất phát hành từ kế hoạch đã được duyệt.
production_order_2026_00594,plan_2026_0047,2,fg_0094,bom_fg_0094,1,3241,piece,2026-02-20,2026-02-22,Dây chuyền 06,completed,Lệnh sản xuất phát hành từ kế hoạch đã được duyệt.
production_order_2026_00595,plan_2026_0048,1,fg_0095,bom_fg_0095,1,3378,piece,2026-03-04,2026-03-06,Dây chuyền 07,paused,Lệnh sản xuất phát hành từ kế hoạch đã được duyệt.
production_order_2026_00596,plan_2026_0048,2,fg_0096,bom_fg_0096,1,3515,piece,2026-03-05,2026-03-07,Dây chuyền 08,planned,Lệnh sản xuất phát hành từ kế hoạch đã được duyệt.
production_order_2026_00597,plan_2026_0049,1,fg_0097,bom_fg_0097,1,3652,piece,2026-04-05,2026-04-07,Dây chuyền 09,released,Lệnh sản xuất phát hành từ kế hoạch đã được duyệt.
production_order_2026_00598,plan_2026_0049,2,fg_0098,bom_fg_0098,1,3789,piece,2026-04-06,2026-04-08,Dây chuyền 10,in_progress,Lệnh sản xuất phát hành từ kế hoạch đã được duyệt.
production_order_2026_00599,plan_2026_0050,1,fg_0099,bom_fg_0099,1,3926,piece,2026-05-10,2026-05-12,Dây chuyền 11,completed,Lệnh sản xuất phát hành từ kế hoạch đã được duyệt.
production_order_2026_00600,plan_2026_0050,2,fg_0100,bom_fg_0100,1,4063,piece,2026-05-11,2026-05-13,Dây chuyền 12,paused,Lệnh sản xuất phát hành từ kế hoạch đã được duyệt.
