order_code,event_type,previous_status,new_status,note,occurred_at,idempotency_key
production_order_2026_00001,status_changed,draft,planned,Tạo và cập nhật lệnh theo kế hoạch.,2025-12-31T08:00:00+07:00,order_event_status_00001
production_order_2026_00001,progress_note,planned,planned,Đã cập nhật tiến độ ca sản xuất.,2026-01-02T16:00:00+07:00,order_event_progress_00001
production_order_2026_00002,status_changed,draft,released,Tạo và cập nhật lệnh theo kế hoạch.,2026-01-01T08:00:00+07:00,order_event_status_00002
production_order_2026_00002,progress_note,released,released,Đã cập nhật tiến độ ca sản xuất.,2026-01-03T16:00:00+07:00,order_event_progress_00002
production_order_2026_00003,status_changed,draft,in_progress,Tạo và cập nhật lệnh theo kế hoạch.,2026-02-05T08:00:00+07:00,order_event_status_00003
production_order_2026_00003,progress_note,in_progress,in_progress,Đã cập nhật tiến độ ca sản xuất.,2026-02-07T16:00:00+07:00,order_event_progress_00003
production_order_2026_00004,status_changed,draft,completed,Tạo và cập nhật lệnh theo kế hoạch.,2026-02-06T08:00:00+07:00,order_event_status_00004
production_order_2026_00004,progress_note,completed,completed,Đã cập nhật tiến độ ca sản xuất.,2026-02-08T16:00:00+07:00,order_event_progress_00004
production_order_2026_00005,status_changed,draft,paused,Tạo và cập nhật lệnh theo kế hoạch.,2026-03-06T08:00:00+07:00,order_event_status_00005
production_order_2026_00005,progress_note,paused,paused,Đã cập nhật tiến độ ca sản xuất.,2026-03-08T16:00:00+07:00,order_event_progress_00005
production_order_2026_00006,status_changed,draft,planned,Tạo và cập nhật lệnh theo kế hoạch.,2026-03-07T08:00:00+07:00,order_event_status_00006
production_order_2026_00006,progress_note,planned,planned,Đã cập nhật tiến độ ca sản xuất.,2026-03-09T16:00:00+07:00,order_event_progress_00006
production_order_2026_00007,status_changed,draft,released,Tạo và cập nhật lệnh theo kế hoạch.,2026-04-11T08:00:00+07:00,order_event_status_00007
production_order_2026_00007,progress_note,released,released,Đã cập nhật tiến độ ca sản xuất.,2026-04-13T16:00:00+07:00,order_event_progress_00007
production_order_2026_00008,status_changed,draft,in_progress,Tạo và cập nhật lệnh theo kế hoạch.,2026-04-12T08:00:00+07:00,order_event_status_00008
production_order_2026_00008,progress_note,in_progress,in_progress,Đã cập nhật tiến độ ca sản xuất.,2026-04-14T16:00:00+07:00,order_event_progress_00008
production_order_2026_00009,status_changed,draft,completed,Tạo và cập nhật lệnh theo kế hoạch.,2026-05-12T08:00:00+07:00,order_event_status_00009
production_order_2026_00009,progress_note,completed,completed,Đã cập nhật tiến độ ca sản xuất.,2026-05-14T16:00:00+07:00,order_event_progress_00009
production_order_2026_00010,status_changed,draft,paused,Tạo và cập nhật lệnh theo kế hoạch.,2026-05-13T08:00:00+07:00,order_event_status_00010
production_order_2026_00010,progress_note,paused,paused,Đã cập nhật tiến độ ca sản xuất.,2026-05-15T16:00:00+07:00,order_event_progress_00010
production_order_2026_00011,status_changed,draft,planned,Tạo và cập nhật lệnh theo kế hoạch.,2026-06-17T08:00:00+07:00,order_event_status_00011
production_order_2026_00011,progress_note,planned,planned,Đã cập nhật tiến độ ca sản xuất.,2026-06-19T16:00:00+07:00,order_event_progress_00011
production_order_2026_00012,status_changed,draft,released,Tạo và cập nhật lệnh theo kế hoạch.,2026-06-18T08:00:00+07:00,order_event_status_00012
production_order_2026_00012,progress_note,released,released,Đã cập nhật tiến độ ca sản xuất.,2026-06-20T16:00:00+07:00,order_event_progress_00012
production_order_2026_00013,status_changed,draft,in_progress,Tạo và cập nhật lệnh theo kế hoạch.,2026-07-18T08:00:00+07:00,order_event_status_00013
production_order_2026_00013,progress_note,in_progress,in_progress,Đã cập nhật tiến độ ca sản xuất.,2026-07-20T16:00:00+07:00,order_event_progress_00013
production_order_2026_00014,status_changed,draft,completed,Tạo và cập nhật lệnh theo kế hoạch.,2026-07-19T08:00:00+07:00,order_event_status_00014
production_order_2026_00014,progress_note,completed,completed,Đã cập nhật tiến độ ca sản xuất.,2026-07-21T16:00:00+07:00,order_event_progress_00014
production_order_2026_00015,status_changed,draft,paused,Tạo và cập nhật lệnh theo kế hoạch.,2026-08-03T08:00:00+07:00,order_event_status_00015
production_order_2026_00015,progress_note,paused,paused,Đã cập nhật tiến độ ca sản xuất.,2026-08-05T16:00:00+07:00,order_event_progress_00015
production_order_2026_00016,status_changed,draft,planned,Tạo và cập nhật lệnh theo kế hoạch.,2026-08-04T08:00:00+07:00,order_event_status_00016
production_order_2026_00016,progress_note,planned,planned,Đã cập nhật tiến độ ca sản xuất.,2026-08-06T16:00:00+07:00,order_event_progress_00016
production_order_2026_00017,status_changed,draft,released,Tạo và cập nhật lệnh theo kế hoạch.,2026-09-04T08:00:00+07:00,order_event_status_00017
production_order_2026_00017,progress_note,released,released,Đã cập nhật tiến độ ca sản xuất.,2026-09-06T16:00:00+07:00,order_event_progress_00017
production_order_2026_00018,status_changed,draft,in_progress,Tạo và cập nhật lệnh theo kế hoạch.,2026-09-05T08:00:00+07:00,order_event_status_00018
production_order_2026_00018,progress_note,in_progress,in_progress,Đã cập nhật tiến độ ca sản xuất.,2026-09-07T16:00:00+07:00,order_event_progress_00018
production_order_2026_00019,status_changed,draft,completed,Tạo và cập nhật lệnh theo kế hoạch.,2026-01-09T08:00:00+07:00,order_event_status_00019
production_order_2026_00019,progress_note,completed,completed,Đã cập nhật tiến độ ca sản xuất.,2026-01-11T16:00:00+07:00,order_event_progress_00019
production_order_2026_00020,status_changed,draft,paused,Tạo và cập nhật lệnh theo kế hoạch.,2026-01-10T08:00:00+07:00,order_event_status_00020
production_order_2026_00020,progress_note,paused,paused,Đã cập nhật tiến độ ca sản xuất.,2026-01-12T16:00:00+07:00,order_event_progress_00020
production_order_2026_00021,status_changed,draft,planned,Tạo và cập nhật lệnh theo kế hoạch.,2026-02-10T08:00:00+07:00,order_event_status_00021
production_order_2026_00021,progress_note,planned,planned,Đã cập nhật tiến độ ca sản xuất.,2026-02-12T16:00:00+07:00,order_event_progress_00021
production_order_2026_00022,status_changed,draft,released,Tạo và cập nhật lệnh theo kế hoạch.,2026-02-11T08:00:00+07:00,order_event_status_00022
production_order_2026_00022,progress_note,released,released,Đã cập nhật tiến độ ca sản xuất.,2026-02-13T16:00:00+07:00,order_event_progress_00022
production_order_2026_00023,status_changed,draft,in_progress,Tạo và cập nhật lệnh theo kế hoạch.,2026-03-15T08:00:00+07:00,order_event_status_00023
production_order_2026_00023,progress_note,in_progress,in_progress,Đã cập nhật tiến độ ca sản xuất.,2026-03-17T16:00:00+07:00,order_event_progress_00023
production_order_2026_00024,status_changed,draft,completed,Tạo và cập nhật lệnh theo kế hoạch.,2026-03-16T08:00:00+07:00,order_event_status_00024
production_order_2026_00024,progress_note,completed,completed,Đã cập nhật tiến độ ca sản xuất.,2026-03-18T16:00:00+07:00,order_event_progress_00024
production_order_2026_00025,status_changed,draft,paused,Tạo và cập nhật lệnh theo kế hoạch.,2026-04-16T08:00:00+07:00,order_event_status_00025
production_order_2026_00025,progress_note,paused,paused,Đã cập nhật tiến độ ca sản xuất.,2026-04-18T16:00:00+07:00,order_event_progress_00025
production_order_2026_00026,status_changed,draft,planned,Tạo và cập nhật lệnh theo kế hoạch.,2026-04-17T08:00:00+07:00,order_event_status_00026
production_order_2026_00026,progress_note,planned,planned,Đã cập nhật tiến độ ca sản xuất.,2026-04-19T16:00:00+07:00,order_event_progress_00026
production_order_2026_00027,status_changed,draft,released,Tạo và cập nhật lệnh theo kế hoạch.,2026-05-21T08:00:00+07:00,order_event_status_00027
production_order_2026_00027,progress_note,released,released,Đã cập nhật tiến độ ca sản xuất.,2026-05-23T16:00:00+07:00,order_event_progress_00027
production_order_2026_00028,status_changed,draft,in_progress,Tạo và cập nhật lệnh theo kế hoạch.,2026-05-22T08:00:00+07:00,order_event_status_00028
production_order_2026_00028,progress_note,in_progress,in_progress,Đã cập nhật tiến độ ca sản xuất.,2026-05-24T16:00:00+07:00,order_event_progress_00028
production_order_2026_00029,status_changed,draft,completed,Tạo và cập nhật lệnh theo kế hoạch.,2026-06-02T08:00:00+07:00,order_event_status_00029
production_order_2026_00029,progress_note,completed,completed,Đã cập nhật tiến độ ca sản xuất.,2026-06-04T16:00:00+07:00,order_event_progress_00029
production_order_2026_00030,status_changed,draft,paused,Tạo và cập nhật lệnh theo kế hoạch.,2026-06-03T08:00:00+07:00,order_event_status_00030
production_order_2026_00030,progress_note,paused,paused,Đã cập nhật tiến độ ca sản xuất.,2026-06-05T16:00:00+07:00,order_event_progress_00030
production_order_2026_00031,status_changed,draft,planned,Tạo và cập nhật lệnh theo kế hoạch.,2026-07-07T08:00:00+07:00,order_event_status_00031
production_order_2026_00031,progress_note,planned,planned,Đã cập nhật tiến độ ca sản xuất.,2026-07-09T16:00:00+07:00,order_event_progress_00031
production_order_2026_00032,status_changed,draft,released,Tạo và cập nhật lệnh theo kế hoạch.,2026-07-08T08:00:00+07:00,order_event_status_00032
production_order_2026_00032,progress_note,released,released,Đã cập nhật tiến độ ca sản xuất.,2026-07-10T16:00:00+07:00,order_event_progress_00032
production_order_2026_00033,status_changed,draft,in_progress,Tạo và cập nhật lệnh theo kế hoạch.,2026-08-08T08:00:00+07:00,order_event_status_00033
production_order_2026_00033,progress_note,in_progress,in_progress,Đã cập nhật tiến độ ca sản xuất.,2026-08-10T16:00:00+07:00,order_event_progress_00033
production_order_2026_00034,status_changed,draft,completed,Tạo và cập nhật lệnh theo kế hoạch.,2026-08-09T08:00:00+07:00,order_event_status_00034
production_order_2026_00034,progress_note,completed,completed,Đã cập nhật tiến độ ca sản xuất.,2026-08-11T16:00:00+07:00,order_event_progress_00034
production_order_2026_00035,status_changed,draft,paused,Tạo và cập nhật lệnh theo kế hoạch.,2026-09-13T08:00:00+07:00,order_event_status_00035
production_order_2026_00035,progress_note,paused,paused,Đã cập nhật tiến độ ca sản xuất.,2026-09-15T16:00:00+07:00,order_event_progress_00035
production_order_2026_00036,status_changed,draft,planned,Tạo và cập nhật lệnh theo kế hoạch.,2026-09-14T08:00:00+07:00,order_event_status_00036
production_order_2026_00036,progress_note,planned,planned,Đã cập nhật tiến độ ca sản xuất.,2026-09-16T16:00:00+07:00,order_event_progress_00036
production_order_2026_00037,status_changed,draft,released,Tạo và cập nhật lệnh theo kế hoạch.,2026-01-14T08:00:00+07:00,order_event_status_00037
production_order_2026_00037,progress_note,released,released,Đã cập nhật tiến độ ca sản xuất.,2026-01-16T16:00:00+07:00,order_event_progress_00037
production_order_2026_00038,status_changed,draft,in_progress,Tạo và cập nhật lệnh theo kế hoạch.,2026-01-15T08:00:00+07:00,order_event_status_00038
production_order_2026_00038,progress_note,in_progress,in_progress,Đã cập nhật tiến độ ca sản xuất.,2026-01-17T16:00:00+07:00,order_event_progress_00038
production_order_2026_00039,status_changed,draft,completed,Tạo và cập nhật lệnh theo kế hoạch.,2026-02-19T08:00:00+07:00,order_event_status_00039
production_order_2026_00039,progress_note,completed,completed,Đã cập nhật tiến độ ca sản xuất.,2026-02-21T16:00:00+07:00,order_event_progress_00039
production_order_2026_00040,status_changed,draft,paused,Tạo và cập nhật lệnh theo kế hoạch.,2026-02-20T08:00:00+07:00,order_event_status_00040
production_order_2026_00040,progress_note,paused,paused,Đã cập nhật tiến độ ca sản xuất.,2026-02-22T16:00:00+07:00,order_event_progress_00040
production_order_2026_00041,status_changed,draft,planned,Tạo và cập nhật lệnh theo kế hoạch.,2026-02-28T08:00:00+07:00,order_event_status_00041
production_order_2026_00041,progress_note,planned,planned,Đã cập nhật tiến độ ca sản xuất.,2026-03-02T16:00:00+07:00,order_event_progress_00041
production_order_2026_00042,status_changed,draft,released,Tạo và cập nhật lệnh theo kế hoạch.,2026-03-01T08:00:00+07:00,order_event_status_00042
production_order_2026_00042,progress_note,released,released,Đã cập nhật tiến độ ca sản xuất.,2026-03-03T16:00:00+07:00,order_event_progress_00042
production_order_2026_00043,status_changed,draft,in_progress,Tạo và cập nhật lệnh theo kế hoạch.,2026-04-05T08:00:00+07:00,order_event_status_00043
production_order_2026_00043,progress_note,in_progress,in_progress,Đã cập nhật tiến độ ca sản xuất.,2026-04-07T16:00:00+07:00,order_event_progress_00043
production_order_2026_00044,status_changed,draft,completed,Tạo và cập nhật lệnh theo kế hoạch.,2026-04-06T08:00:00+07:00,order_event_status_00044
production_order_2026_00044,progress_note,completed,completed,Đã cập nhật tiến độ ca sản xuất.,2026-04-08T16:00:00+07:00,order_event_progress_00044
production_order_2026_00045,status_changed,draft,paused,Tạo và cập nhật lệnh theo kế hoạch.,2026-05-06T08:00:00+07:00,order_event_status_00045
production_order_2026_00045,progress_note,paused,paused,Đã cập nhật tiến độ ca sản xuất.,2026-05-08T16:00:00+07:00,order_event_progress_00045
production_order_2026_00046,status_changed,draft,planned,Tạo và cập nhật lệnh theo kế hoạch.,2026-05-07T08:00:00+07:00,order_event_status_00046
production_order_2026_00046,progress_note,planned,planned,Đã cập nhật tiến độ ca sản xuất.,2026-05-09T16:00:00+07:00,order_event_progress_00046
production_order_2026_00047,status_changed,draft,released,Tạo và cập nhật lệnh theo kế hoạch.,2026-06-11T08:00:00+07:00,order_event_status_00047
production_order_2026_00047,progress_note,released,released,Đã cập nhật tiến độ ca sản xuất.,2026-06-13T16:00:00+07:00,order_event_progress_00047
production_order_2026_00048,status_changed,draft,in_progress,Tạo và cập nhật lệnh theo kế hoạch.,2026-06-12T08:00:00+07:00,order_event_status_00048
production_order_2026_00048,progress_note,in_progress,in_progress,Đã cập nhật tiến độ ca sản xuất.,2026-06-14T16:00:00+07:00,order_event_progress_00048
production_order_2026_00049,status_changed,draft,completed,Tạo và cập nhật lệnh theo kế hoạch.,2026-07-12T08:00:00+07:00,order_event_status_00049
production_order_2026_00049,progress_note,completed,completed,Đã cập nhật tiến độ ca sản xuất.,2026-07-14T16:00:00+07:00,order_event_progress_00049
production_order_2026_00050,status_changed,draft,paused,Tạo và cập nhật lệnh theo kế hoạch.,2026-07-13T08:00:00+07:00,order_event_status_00050
production_order_2026_00050,progress_note,paused,paused,Đã cập nhật tiến độ ca sản xuất.,2026-07-15T16:00:00+07:00,order_event_progress_00050
production_order_2026_00051,status_changed,draft,planned,Tạo và cập nhật lệnh theo kế hoạch.,2026-08-17T08:00:00+07:00,order_event_status_00051
production_order_2026_00051,progress_note,planned,planned,Đã cập nhật tiến độ ca sản xuất.,2026-08-19T16:00:00+07:00,order_event_progress_00051
production_order_2026_00052,status_changed,draft,released,Tạo và cập nhật lệnh theo kế hoạch.,2026-08-18T08:00:00+07:00,order_event_status_00052
production_order_2026_00052,progress_note,released,released,Đã cập nhật tiến độ ca sản xuất.,2026-08-20T16:00:00+07:00,order_event_progress_00052
production_order_2026_00053,status_changed,draft,in_progress,Tạo và cập nhật lệnh theo kế hoạch.,2026-09-18T08:00:00+07:00,order_event_status_00053
production_order_2026_00053,progress_note,in_progress,in_progress,Đã cập nhật tiến độ ca sản xuất.,2026-09-20T16:00:00+07:00,order_event_progress_00053
production_order_2026_00054,status_changed,draft,completed,Tạo và cập nhật lệnh theo kế hoạch.,2026-09-19T08:00:00+07:00,order_event_status_00054
production_order_2026_00054,progress_note,completed,completed,Đã cập nhật tiến độ ca sản xuất.,2026-09-21T16:00:00+07:00,order_event_progress_00054
production_order_2026_00055,status_changed,draft,paused,Tạo và cập nhật lệnh theo kế hoạch.,2026-01-03T08:00:00+07:00,order_event_status_00055
production_order_2026_00055,progress_note,paused,paused,Đã cập nhật tiến độ ca sản xuất.,2026-01-05T16:00:00+07:00,order_event_progress_00055
production_order_2026_00056,status_changed,draft,planned,Tạo và cập nhật lệnh theo kế hoạch.,2026-01-04T08:00:00+07:00,order_event_status_00056
production_order_2026_00056,progress_note,planned,planned,Đã cập nhật tiến độ ca sản xuất.,2026-01-06T16:00:00+07:00,order_event_progress_00056
production_order_2026_00057,status_changed,draft,released,Tạo và cập nhật lệnh theo kế hoạch.,2026-02-04T08:00:00+07:00,order_event_status_00057
production_order_2026_00057,progress_note,released,released,Đã cập nhật tiến độ ca sản xuất.,2026-02-06T16:00:00+07:00,order_event_progress_00057
production_order_2026_00058,status_changed,draft,in_progress,Tạo và cập nhật lệnh theo kế hoạch.,2026-02-05T08:00:00+07:00,order_event_status_00058
production_order_2026_00058,progress_note,in_progress,in_progress,Đã cập nhật tiến độ ca sản xuất.,2026-02-07T16:00:00+07:00,order_event_progress_00058
production_order_2026_00059,status_changed,draft,completed,Tạo và cập nhật lệnh theo kế hoạch.,2026-03-09T08:00:00+07:00,order_event_status_00059
production_order_2026_00059,progress_note,completed,completed,Đã cập nhật tiến độ ca sản xuất.,2026-03-11T16:00:00+07:00,order_event_progress_00059
production_order_2026_00060,status_changed,draft,paused,Tạo và cập nhật lệnh theo kế hoạch.,2026-03-10T08:00:00+07:00,order_event_status_00060
production_order_2026_00060,progress_note,paused,paused,Đã cập nhật tiến độ ca sản xuất.,2026-03-12T16:00:00+07:00,order_event_progress_00060
production_order_2026_00061,status_changed,draft,planned,Tạo và cập nhật lệnh theo kế hoạch.,2026-04-10T08:00:00+07:00,order_event_status_00061
production_order_2026_00061,progress_note,planned,planned,Đã cập nhật tiến độ ca sản xuất.,2026-04-12T16:00:00+07:00,order_event_progress_00061
production_order_2026_00062,status_changed,draft,released,Tạo và cập nhật lệnh theo kế hoạch.,2026-04-11T08:00:00+07:00,order_event_status_00062
production_order_2026_00062,progress_note,released,released,Đã cập nhật tiến độ ca sản xuất.,2026-04-13T16:00:00+07:00,order_event_progress_00062
production_order_2026_00063,status_changed,draft,in_progress,Tạo và cập nhật lệnh theo kế hoạch.,2026-05-15T08:00:00+07:00,order_event_status_00063
production_order_2026_00063,progress_note,in_progress,in_progress,Đã cập nhật tiến độ ca sản xuất.,2026-05-17T16:00:00+07:00,order_event_progress_00063
production_order_2026_00064,status_changed,draft,completed,Tạo và cập nhật lệnh theo kế hoạch.,2026-05-16T08:00:00+07:00,order_event_status_00064
production_order_2026_00064,progress_note,completed,completed,Đã cập nhật tiến độ ca sản xuất.,2026-05-18T16:00:00+07:00,order_event_progress_00064
production_order_2026_00065,status_changed,draft,paused,Tạo và cập nhật lệnh theo kế hoạch.,2026-06-16T08:00:00+07:00,order_event_status_00065
production_order_2026_00065,progress_note,paused,paused,Đã cập nhật tiến độ ca sản xuất.,2026-06-18T16:00:00+07:00,order_event_progress_00065
production_order_2026_00066,status_changed,draft,planned,Tạo và cập nhật lệnh theo kế hoạch.,2026-06-17T08:00:00+07:00,order_event_status_00066
production_order_2026_00066,progress_note,planned,planned,Đã cập nhật tiến độ ca sản xuất.,2026-06-19T16:00:00+07:00,order_event_progress_00066
production_order_2026_00067,status_changed,draft,released,Tạo và cập nhật lệnh theo kế hoạch.,2026-07-21T08:00:00+07:00,order_event_status_00067
production_order_2026_00067,progress_note,released,released,Đã cập nhật tiến độ ca sản xuất.,2026-07-23T16:00:00+07:00,order_event_progress_00067
production_order_2026_00068,status_changed,draft,in_progress,Tạo và cập nhật lệnh theo kế hoạch.,2026-07-22T08:00:00+07:00,order_event_status_00068
production_order_2026_00068,progress_note,in_progress,in_progress,Đã cập nhật tiến độ ca sản xuất.,2026-07-24T16:00:00+07:00,order_event_progress_00068
production_order_2026_00069,status_changed,draft,completed,Tạo và cập nhật lệnh theo kế hoạch.,2026-08-02T08:00:00+07:00,order_event_status_00069
production_order_2026_00069,progress_note,completed,completed,Đã cập nhật tiến độ ca sản xuất.,2026-08-04T16:00:00+07:00,order_event_progress_00069
production_order_2026_00070,status_changed,draft,paused,Tạo và cập nhật lệnh theo kế hoạch.,2026-08-03T08:00:00+07:00,order_event_status_00070
production_order_2026_00070,progress_note,paused,paused,Đã cập nhật tiến độ ca sản xuất.,2026-08-05T16:00:00+07:00,order_event_progress_00070
production_order_2026_00071,status_changed,draft,planned,Tạo và cập nhật lệnh theo kế hoạch.,2026-09-07T08:00:00+07:00,order_event_status_00071
production_order_2026_00071,progress_note,planned,planned,Đã cập nhật tiến độ ca sản xuất.,2026-09-09T16:00:00+07:00,order_event_progress_00071
production_order_2026_00072,status_changed,draft,released,Tạo và cập nhật lệnh theo kế hoạch.,2026-09-08T08:00:00+07:00,order_event_status_00072
production_order_2026_00072,progress_note,released,released,Đã cập nhật tiến độ ca sản xuất.,2026-09-10T16:00:00+07:00,order_event_progress_00072
production_order_2026_00073,status_changed,draft,in_progress,Tạo và cập nhật lệnh theo kế hoạch.,2026-01-08T08:00:00+07:00,order_event_status_00073
production_order_2026_00073,progress_note,in_progress,in_progress,Đã cập nhật tiến độ ca sản xuất.,2026-01-10T16:00:00+07:00,order_event_progress_00073
production_order_2026_00074,status_changed,draft,completed,Tạo và cập nhật lệnh theo kế hoạch.,2026-01-09T08:00:00+07:00,order_event_status_00074
production_order_2026_00074,progress_note,completed,completed,Đã cập nhật tiến độ ca sản xuất.,2026-01-11T16:00:00+07:00,order_event_progress_00074
production_order_2026_00075,status_changed,draft,paused,Tạo và cập nhật lệnh theo kế hoạch.,2026-02-13T08:00:00+07:00,order_event_status_00075
production_order_2026_00075,progress_note,paused,paused,Đã cập nhật tiến độ ca sản xuất.,2026-02-15T16:00:00+07:00,order_event_progress_00075
production_order_2026_00076,status_changed,draft,planned,Tạo và cập nhật lệnh theo kế hoạch.,2026-02-14T08:00:00+07:00,order_event_status_00076
production_order_2026_00076,progress_note,planned,planned,Đã cập nhật tiến độ ca sản xuất.,2026-02-16T16:00:00+07:00,order_event_progress_00076
production_order_2026_00077,status_changed,draft,released,Tạo và cập nhật lệnh theo kế hoạch.,2026-03-14T08:00:00+07:00,order_event_status_00077
production_order_2026_00077,progress_note,released,released,Đã cập nhật tiến độ ca sản xuất.,2026-03-16T16:00:00+07:00,order_event_progress_00077
production_order_2026_00078,status_changed,draft,in_progress,Tạo và cập nhật lệnh theo kế hoạch.,2026-03-15T08:00:00+07:00,order_event_status_00078
production_order_2026_00078,progress_note,in_progress,in_progress,Đã cập nhật tiến độ ca sản xuất.,2026-03-17T16:00:00+07:00,order_event_progress_00078
production_order_2026_00079,status_changed,draft,completed,Tạo và cập nhật lệnh theo kế hoạch.,2026-04-19T08:00:00+07:00,order_event_status_00079
production_order_2026_00079,progress_note,completed,completed,Đã cập nhật tiến độ ca sản xuất.,2026-04-21T16:00:00+07:00,order_event_progress_00079
production_order_2026_00080,status_changed,draft,paused,Tạo và cập nhật lệnh theo kế hoạch.,2026-04-20T08:00:00+07:00,order_event_status_00080
production_order_2026_00080,progress_note,paused,paused,Đã cập nhật tiến độ ca sản xuất.,2026-04-22T16:00:00+07:00,order_event_progress_00080
production_order_2026_00081,status_changed,draft,planned,Tạo và cập nhật lệnh theo kế hoạch.,2026-04-30T08:00:00+07:00,order_event_status_00081
production_order_2026_00081,progress_note,planned,planned,Đã cập nhật tiến độ ca sản xuất.,2026-05-02T16:00:00+07:00,order_event_progress_00081
production_order_2026_00082,status_changed,draft,released,Tạo và cập nhật lệnh theo kế hoạch.,2026-05-01T08:00:00+07:00,order_event_status_00082
production_order_2026_00082,progress_note,released,released,Đã cập nhật tiến độ ca sản xuất.,2026-05-03T16:00:00+07:00,order_event_progress_00082
production_order_2026_00083,status_changed,draft,in_progress,Tạo và cập nhật lệnh theo kế hoạch.,2026-06-05T08:00:00+07:00,order_event_status_00083
production_order_2026_00083,progress_note,in_progress,in_progress,Đã cập nhật tiến độ ca sản xuất.,2026-06-07T16:00:00+07:00,order_event_progress_00083
production_order_2026_00084,status_changed,draft,completed,Tạo và cập nhật lệnh theo kế hoạch.,2026-06-06T08:00:00+07:00,order_event_status_00084
production_order_2026_00084,progress_note,completed,completed,Đã cập nhật tiến độ ca sản xuất.,2026-06-08T16:00:00+07:00,order_event_progress_00084
production_order_2026_00085,status_changed,draft,paused,Tạo và cập nhật lệnh theo kế hoạch.,2026-07-06T08:00:00+07:00,order_event_status_00085
production_order_2026_00085,progress_note,paused,paused,Đã cập nhật tiến độ ca sản xuất.,2026-07-08T16:00:00+07:00,order_event_progress_00085
production_order_2026_00086,status_changed,draft,planned,Tạo và cập nhật lệnh theo kế hoạch.,2026-07-07T08:00:00+07:00,order_event_status_00086
production_order_2026_00086,progress_note,planned,planned,Đã cập nhật tiến độ ca sản xuất.,2026-07-09T16:00:00+07:00,order_event_progress_00086
production_order_2026_00087,status_changed,draft,released,Tạo và cập nhật lệnh theo kế hoạch.,2026-08-11T08:00:00+07:00,order_event_status_00087
production_order_2026_00087,progress_note,released,released,Đã cập nhật tiến độ ca sản xuất.,2026-08-13T16:00:00+07:00,order_event_progress_00087
production_order_2026_00088,status_changed,draft,in_progress,Tạo và cập nhật lệnh theo kế hoạch.,2026-08-12T08:00:00+07:00,order_event_status_00088
production_order_2026_00088,progress_note,in_progress,in_progress,Đã cập nhật tiến độ ca sản xuất.,2026-08-14T16:00:00+07:00,order_event_progress_00088
production_order_2026_00089,status_changed,draft,completed,Tạo và cập nhật lệnh theo kế hoạch.,2026-09-12T08:00:00+07:00,order_event_status_00089
production_order_2026_00089,progress_note,completed,completed,Đã cập nhật tiến độ ca sản xuất.,2026-09-14T16:00:00+07:00,order_event_progress_00089
production_order_2026_00090,status_changed,draft,paused,Tạo và cập nhật lệnh theo kế hoạch.,2026-09-13T08:00:00+07:00,order_event_status_00090
production_order_2026_00090,progress_note,paused,paused,Đã cập nhật tiến độ ca sản xuất.,2026-09-15T16:00:00+07:00,order_event_progress_00090
production_order_2026_00091,status_changed,draft,planned,Tạo và cập nhật lệnh theo kế hoạch.,2026-01-17T08:00:00+07:00,order_event_status_00091
production_order_2026_00091,progress_note,planned,planned,Đã cập nhật tiến độ ca sản xuất.,2026-01-19T16:00:00+07:00,order_event_progress_00091
production_order_2026_00092,status_changed,draft,released,Tạo và cập nhật lệnh theo kế hoạch.,2026-01-18T08:00:00+07:00,order_event_status_00092
production_order_2026_00092,progress_note,released,released,Đã cập nhật tiến độ ca sản xuất.,2026-01-20T16:00:00+07:00,order_event_progress_00092
production_order_2026_00093,status_changed,draft,in_progress,Tạo và cập nhật lệnh theo kế hoạch.,2026-02-18T08:00:00+07:00,order_event_status_00093
production_order_2026_00093,progress_note,in_progress,in_progress,Đã cập nhật tiến độ ca sản xuất.,2026-02-20T16:00:00+07:00,order_event_progress_00093
production_order_2026_00094,status_changed,draft,completed,Tạo và cập nhật lệnh theo kế hoạch.,2026-02-19T08:00:00+07:00,order_event_status_00094
production_order_2026_00094,progress_note,completed,completed,Đã cập nhật tiến độ ca sản xuất.,2026-02-21T16:00:00+07:00,order_event_progress_00094
production_order_2026_00095,status_changed,draft,paused,Tạo và cập nhật lệnh theo kế hoạch.,2026-03-03T08:00:00+07:00,order_event_status_00095
production_order_2026_00095,progress_note,paused,paused,Đã cập nhật tiến độ ca sản xuất.,2026-03-05T16:00:00+07:00,order_event_progress_00095
production_order_2026_00096,status_changed,draft,planned,Tạo và cập nhật lệnh theo kế hoạch.,2026-03-04T08:00:00+07:00,order_event_status_00096
production_order_2026_00096,progress_note,planned,planned,Đã cập nhật tiến độ ca sản xuất.,2026-03-06T16:00:00+07:00,order_event_progress_00096
production_order_2026_00097,status_changed,draft,released,Tạo và cập nhật lệnh theo kế hoạch.,2026-04-04T08:00:00+07:00,order_event_status_00097
production_order_2026_00097,progress_note,released,released,Đã cập nhật tiến độ ca sản xuất.,2026-04-06T16:00:00+07:00,order_event_progress_00097
production_order_2026_00098,status_changed,draft,in_progress,Tạo và cập nhật lệnh theo kế hoạch.,2026-04-05T08:00:00+07:00,order_event_status_00098
production_order_2026_00098,progress_note,in_progress,in_progress,Đã cập nhật tiến độ ca sản xuất.,2026-04-07T16:00:00+07:00,order_event_progress_00098
production_order_2026_00099,status_changed,draft,completed,Tạo và cập nhật lệnh theo kế hoạch.,2026-05-09T08:00:00+07:00,order_event_status_00099
production_order_2026_00099,progress_note,completed,completed,Đã cập nhật tiến độ ca sản xuất.,2026-05-11T16:00:00+07:00,order_event_progress_00099
production_order_2026_00100,status_changed,draft,paused,Tạo và cập nhật lệnh theo kế hoạch.,2026-05-10T08:00:00+07:00,order_event_status_00100
production_order_2026_00100,progress_note,paused,paused,Đã cập nhật tiến độ ca sản xuất.,2026-05-12T16:00:00+07:00,order_event_progress_00100
production_order_2026_00101,status_changed,draft,planned,Tạo và cập nhật lệnh theo kế hoạch.,2026-06-10T08:00:00+07:00,order_event_status_00101
production_order_2026_00101,progress_note,planned,planned,Đã cập nhật tiến độ ca sản xuất.,2026-06-12T16:00:00+07:00,order_event_progress_00101
production_order_2026_00102,status_changed,draft,released,Tạo và cập nhật lệnh theo kế hoạch.,2026-06-11T08:00:00+07:00,order_event_status_00102
production_order_2026_00102,progress_note,released,released,Đã cập nhật tiến độ ca sản xuất.,2026-06-13T16:00:00+07:00,order_event_progress_00102
production_order_2026_00103,status_changed,draft,in_progress,Tạo và cập nhật lệnh theo kế hoạch.,2026-07-15T08:00:00+07:00,order_event_status_00103
production_order_2026_00103,progress_note,in_progress,in_progress,Đã cập nhật tiến độ ca sản xuất.,2026-07-17T16:00:00+07:00,order_event_progress_00103
production_order_2026_00104,status_changed,draft,completed,Tạo và cập nhật lệnh theo kế hoạch.,2026-07-16T08:00:00+07:00,order_event_status_00104
production_order_2026_00104,progress_note,completed,completed,Đã cập nhật tiến độ ca sản xuất.,2026-07-18T16:00:00+07:00,order_event_progress_00104
production_order_2026_00105,status_changed,draft,paused,Tạo và cập nhật lệnh theo kế hoạch.,2026-08-16T08:00:00+07:00,order_event_status_00105
production_order_2026_00105,progress_note,paused,paused,Đã cập nhật tiến độ ca sản xuất.,2026-08-18T16:00:00+07:00,order_event_progress_00105
production_order_2026_00106,status_changed,draft,planned,Tạo và cập nhật lệnh theo kế hoạch.,2026-08-17T08:00:00+07:00,order_event_status_00106
production_order_2026_00106,progress_note,planned,planned,Đã cập nhật tiến độ ca sản xuất.,2026-08-19T16:00:00+07:00,order_event_progress_00106
production_order_2026_00107,status_changed,draft,released,Tạo và cập nhật lệnh theo kế hoạch.,2026-09-21T08:00:00+07:00,order_event_status_00107
production_order_2026_00107,progress_note,released,released,Đã cập nhật tiến độ ca sản xuất.,2026-09-23T16:00:00+07:00,order_event_progress_00107
production_order_2026_00108,status_changed,draft,in_progress,Tạo và cập nhật lệnh theo kế hoạch.,2026-09-22T08:00:00+07:00,order_event_status_00108
production_order_2026_00108,progress_note,in_progress,in_progress,Đã cập nhật tiến độ ca sản xuất.,2026-09-24T16:00:00+07:00,order_event_progress_00108
production_order_2026_00109,status_changed,draft,completed,Tạo và cập nhật lệnh theo kế hoạch.,2026-01-02T08:00:00+07:00,order_event_status_00109
production_order_2026_00109,progress_note,completed,completed,Đã cập nhật tiến độ ca sản xuất.,2026-01-04T16:00:00+07:00,order_event_progress_00109
production_order_2026_00110,status_changed,draft,paused,Tạo và cập nhật lệnh theo kế hoạch.,2026-01-03T08:00:00+07:00,order_event_status_00110
production_order_2026_00110,progress_note,paused,paused,Đã cập nhật tiến độ ca sản xuất.,2026-01-05T16:00:00+07:00,order_event_progress_00110
production_order_2026_00111,status_changed,draft,planned,Tạo và cập nhật lệnh theo kế hoạch.,2026-02-07T08:00:00+07:00,order_event_status_00111
production_order_2026_00111,progress_note,planned,planned,Đã cập nhật tiến độ ca sản xuất.,2026-02-09T16:00:00+07:00,order_event_progress_00111
production_order_2026_00112,status_changed,draft,released,Tạo và cập nhật lệnh theo kế hoạch.,2026-02-08T08:00:00+07:00,order_event_status_00112
production_order_2026_00112,progress_note,released,released,Đã cập nhật tiến độ ca sản xuất.,2026-02-10T16:00:00+07:00,order_event_progress_00112
production_order_2026_00113,status_changed,draft,in_progress,Tạo và cập nhật lệnh theo kế hoạch.,2026-03-08T08:00:00+07:00,order_event_status_00113
production_order_2026_00113,progress_note,in_progress,in_progress,Đã cập nhật tiến độ ca sản xuất.,2026-03-10T16:00:00+07:00,order_event_progress_00113
production_order_2026_00114,status_changed,draft,completed,Tạo và cập nhật lệnh theo kế hoạch.,2026-03-09T08:00:00+07:00,order_event_status_00114
production_order_2026_00114,progress_note,completed,completed,Đã cập nhật tiến độ ca sản xuất.,2026-03-11T16:00:00+07:00,order_event_progress_00114
production_order_2026_00115,status_changed,draft,paused,Tạo và cập nhật lệnh theo kế hoạch.,2026-04-13T08:00:00+07:00,order_event_status_00115
production_order_2026_00115,progress_note,paused,paused,Đã cập nhật tiến độ ca sản xuất.,2026-04-15T16:00:00+07:00,order_event_progress_00115
production_order_2026_00116,status_changed,draft,planned,Tạo và cập nhật lệnh theo kế hoạch.,2026-04-14T08:00:00+07:00,order_event_status_00116
production_order_2026_00116,progress_note,planned,planned,Đã cập nhật tiến độ ca sản xuất.,2026-04-16T16:00:00+07:00,order_event_progress_00116
production_order_2026_00117,status_changed,draft,released,Tạo và cập nhật lệnh theo kế hoạch.,2026-05-14T08:00:00+07:00,order_event_status_00117
production_order_2026_00117,progress_note,released,released,Đã cập nhật tiến độ ca sản xuất.,2026-05-16T16:00:00+07:00,order_event_progress_00117
production_order_2026_00118,status_changed,draft,in_progress,Tạo và cập nhật lệnh theo kế hoạch.,2026-05-15T08:00:00+07:00,order_event_status_00118
production_order_2026_00118,progress_note,in_progress,in_progress,Đã cập nhật tiến độ ca sản xuất.,2026-05-17T16:00:00+07:00,order_event_progress_00118
production_order_2026_00119,status_changed,draft,completed,Tạo và cập nhật lệnh theo kế hoạch.,2026-06-19T08:00:00+07:00,order_event_status_00119
production_order_2026_00119,progress_note,completed,completed,Đã cập nhật tiến độ ca sản xuất.,2026-06-21T16:00:00+07:00,order_event_progress_00119
production_order_2026_00120,status_changed,draft,paused,Tạo và cập nhật lệnh theo kế hoạch.,2026-06-20T08:00:00+07:00,order_event_status_00120
production_order_2026_00120,progress_note,paused,paused,Đã cập nhật tiến độ ca sản xuất.,2026-06-22T16:00:00+07:00,order_event_progress_00120
production_order_2026_00121,status_changed,draft,planned,Tạo và cập nhật lệnh theo kế hoạch.,2026-06-30T08:00:00+07:00,order_event_status_00121
production_order_2026_00121,progress_note,planned,planned,Đã cập nhật tiến độ ca sản xuất.,2026-07-02T16:00:00+07:00,order_event_progress_00121
production_order_2026_00122,status_changed,draft,released,Tạo và cập nhật lệnh theo kế hoạch.,2026-07-01T08:00:00+07:00,order_event_status_00122
production_order_2026_00122,progress_note,released,released,Đã cập nhật tiến độ ca sản xuất.,2026-07-03T16:00:00+07:00,order_event_progress_00122
production_order_2026_00123,status_changed,draft,in_progress,Tạo và cập nhật lệnh theo kế hoạch.,2026-08-05T08:00:00+07:00,order_event_status_00123
production_order_2026_00123,progress_note,in_progress,in_progress,Đã cập nhật tiến độ ca sản xuất.,2026-08-07T16:00:00+07:00,order_event_progress_00123
production_order_2026_00124,status_changed,draft,completed,Tạo và cập nhật lệnh theo kế hoạch.,2026-08-06T08:00:00+07:00,order_event_status_00124
production_order_2026_00124,progress_note,completed,completed,Đã cập nhật tiến độ ca sản xuất.,2026-08-08T16:00:00+07:00,order_event_progress_00124
production_order_2026_00125,status_changed,draft,paused,Tạo và cập nhật lệnh theo kế hoạch.,2026-09-06T08:00:00+07:00,order_event_status_00125
production_order_2026_00125,progress_note,paused,paused,Đã cập nhật tiến độ ca sản xuất.,2026-09-08T16:00:00+07:00,order_event_progress_00125
production_order_2026_00126,status_changed,draft,planned,Tạo và cập nhật lệnh theo kế hoạch.,2026-09-07T08:00:00+07:00,order_event_status_00126
production_order_2026_00126,progress_note,planned,planned,Đã cập nhật tiến độ ca sản xuất.,2026-09-09T16:00:00+07:00,order_event_progress_00126
production_order_2026_00127,status_changed,draft,released,Tạo và cập nhật lệnh theo kế hoạch.,2026-01-11T08:00:00+07:00,order_event_status_00127
production_order_2026_00127,progress_note,released,released,Đã cập nhật tiến độ ca sản xuất.,2026-01-13T16:00:00+07:00,order_event_progress_00127
production_order_2026_00128,status_changed,draft,in_progress,Tạo và cập nhật lệnh theo kế hoạch.,2026-01-12T08:00:00+07:00,order_event_status_00128
production_order_2026_00128,progress_note,in_progress,in_progress,Đã cập nhật tiến độ ca sản xuất.,2026-01-14T16:00:00+07:00,order_event_progress_00128
production_order_2026_00129,status_changed,draft,completed,Tạo và cập nhật lệnh theo kế hoạch.,2026-02-12T08:00:00+07:00,order_event_status_00129
production_order_2026_00129,progress_note,completed,completed,Đã cập nhật tiến độ ca sản xuất.,2026-02-14T16:00:00+07:00,order_event_progress_00129
production_order_2026_00130,status_changed,draft,paused,Tạo và cập nhật lệnh theo kế hoạch.,2026-02-13T08:00:00+07:00,order_event_status_00130
production_order_2026_00130,progress_note,paused,paused,Đã cập nhật tiến độ ca sản xuất.,2026-02-15T16:00:00+07:00,order_event_progress_00130
production_order_2026_00131,status_changed,draft,planned,Tạo và cập nhật lệnh theo kế hoạch.,2026-03-17T08:00:00+07:00,order_event_status_00131
production_order_2026_00131,progress_note,planned,planned,Đã cập nhật tiến độ ca sản xuất.,2026-03-19T16:00:00+07:00,order_event_progress_00131
production_order_2026_00132,status_changed,draft,released,Tạo và cập nhật lệnh theo kế hoạch.,2026-03-18T08:00:00+07:00,order_event_status_00132
production_order_2026_00132,progress_note,released,released,Đã cập nhật tiến độ ca sản xuất.,2026-03-20T16:00:00+07:00,order_event_progress_00132
production_order_2026_00133,status_changed,draft,in_progress,Tạo và cập nhật lệnh theo kế hoạch.,2026-04-18T08:00:00+07:00,order_event_status_00133
production_order_2026_00133,progress_note,in_progress,in_progress,Đã cập nhật tiến độ ca sản xuất.,2026-04-20T16:00:00+07:00,order_event_progress_00133
production_order_2026_00134,status_changed,draft,completed,Tạo và cập nhật lệnh theo kế hoạch.,2026-04-19T08:00:00+07:00,order_event_status_00134
production_order_2026_00134,progress_note,completed,completed,Đã cập nhật tiến độ ca sản xuất.,2026-04-21T16:00:00+07:00,order_event_progress_00134
production_order_2026_00135,status_changed,draft,paused,Tạo và cập nhật lệnh theo kế hoạch.,2026-05-03T08:00:00+07:00,order_event_status_00135
production_order_2026_00135,progress_note,paused,paused,Đã cập nhật tiến độ ca sản xuất.,2026-05-05T16:00:00+07:00,order_event_progress_00135
production_order_2026_00136,status_changed,draft,planned,Tạo và cập nhật lệnh theo kế hoạch.,2026-05-04T08:00:00+07:00,order_event_status_00136
production_order_2026_00136,progress_note,planned,planned,Đã cập nhật tiến độ ca sản xuất.,2026-05-06T16:00:00+07:00,order_event_progress_00136
production_order_2026_00137,status_changed,draft,released,Tạo và cập nhật lệnh theo kế hoạch.,2026-06-04T08:00:00+07:00,order_event_status_00137
production_order_2026_00137,progress_note,released,released,Đã cập nhật tiến độ ca sản xuất.,2026-06-06T16:00:00+07:00,order_event_progress_00137
production_order_2026_00138,status_changed,draft,in_progress,Tạo và cập nhật lệnh theo kế hoạch.,2026-06-05T08:00:00+07:00,order_event_status_00138
production_order_2026_00138,progress_note,in_progress,in_progress,Đã cập nhật tiến độ ca sản xuất.,2026-06-07T16:00:00+07:00,order_event_progress_00138
production_order_2026_00139,status_changed,draft,completed,Tạo và cập nhật lệnh theo kế hoạch.,2026-07-09T08:00:00+07:00,order_event_status_00139
production_order_2026_00139,progress_note,completed,completed,Đã cập nhật tiến độ ca sản xuất.,2026-07-11T16:00:00+07:00,order_event_progress_00139
production_order_2026_00140,status_changed,draft,paused,Tạo và cập nhật lệnh theo kế hoạch.,2026-07-10T08:00:00+07:00,order_event_status_00140
production_order_2026_00140,progress_note,paused,paused,Đã cập nhật tiến độ ca sản xuất.,2026-07-12T16:00:00+07:00,order_event_progress_00140
production_order_2026_00141,status_changed,draft,planned,Tạo và cập nhật lệnh theo kế hoạch.,2026-08-10T08:00:00+07:00,order_event_status_00141
production_order_2026_00141,progress_note,planned,planned,Đã cập nhật tiến độ ca sản xuất.,2026-08-12T16:00:00+07:00,order_event_progress_00141
production_order_2026_00142,status_changed,draft,released,Tạo và cập nhật lệnh theo kế hoạch.,2026-08-11T08:00:00+07:00,order_event_status_00142
production_order_2026_00142,progress_note,released,released,Đã cập nhật tiến độ ca sản xuất.,2026-08-13T16:00:00+07:00,order_event_progress_00142
production_order_2026_00143,status_changed,draft,in_progress,Tạo và cập nhật lệnh theo kế hoạch.,2026-09-15T08:00:00+07:00,order_event_status_00143
production_order_2026_00143,progress_note,in_progress,in_progress,Đã cập nhật tiến độ ca sản xuất.,2026-09-17T16:00:00+07:00,order_event_progress_00143
production_order_2026_00144,status_changed,draft,completed,Tạo và cập nhật lệnh theo kế hoạch.,2026-09-16T08:00:00+07:00,order_event_status_00144
production_order_2026_00144,progress_note,completed,completed,Đã cập nhật tiến độ ca sản xuất.,2026-09-18T16:00:00+07:00,order_event_progress_00144
production_order_2026_00145,status_changed,draft,paused,Tạo và cập nhật lệnh theo kế hoạch.,2026-01-16T08:00:00+07:00,order_event_status_00145
production_order_2026_00145,progress_note,paused,paused,Đã cập nhật tiến độ ca sản xuất.,2026-01-18T16:00:00+07:00,order_event_progress_00145
production_order_2026_00146,status_changed,draft,planned,Tạo và cập nhật lệnh theo kế hoạch.,2026-01-17T08:00:00+07:00,order_event_status_00146
production_order_2026_00146,progress_note,planned,planned,Đã cập nhật tiến độ ca sản xuất.,2026-01-19T16:00:00+07:00,order_event_progress_00146
production_order_2026_00147,status_changed,draft,released,Tạo và cập nhật lệnh theo kế hoạch.,2026-02-21T08:00:00+07:00,order_event_status_00147
production_order_2026_00147,progress_note,released,released,Đã cập nhật tiến độ ca sản xuất.,2026-02-23T16:00:00+07:00,order_event_progress_00147
production_order_2026_00148,status_changed,draft,in_progress,Tạo và cập nhật lệnh theo kế hoạch.,2026-02-22T08:00:00+07:00,order_event_status_00148
production_order_2026_00148,progress_note,in_progress,in_progress,Đã cập nhật tiến độ ca sản xuất.,2026-02-24T16:00:00+07:00,order_event_progress_00148
production_order_2026_00149,status_changed,draft,completed,Tạo và cập nhật lệnh theo kế hoạch.,2026-03-02T08:00:00+07:00,order_event_status_00149
production_order_2026_00149,progress_note,completed,completed,Đã cập nhật tiến độ ca sản xuất.,2026-03-04T16:00:00+07:00,order_event_progress_00149
production_order_2026_00150,status_changed,draft,paused,Tạo và cập nhật lệnh theo kế hoạch.,2026-03-03T08:00:00+07:00,order_event_status_00150
production_order_2026_00150,progress_note,paused,paused,Đã cập nhật tiến độ ca sản xuất.,2026-03-05T16:00:00+07:00,order_event_progress_00150
production_order_2026_00151,status_changed,draft,planned,Tạo và cập nhật lệnh theo kế hoạch.,2026-04-07T08:00:00+07:00,order_event_status_00151
production_order_2026_00151,progress_note,planned,planned,Đã cập nhật tiến độ ca sản xuất.,2026-04-09T16:00:00+07:00,order_event_progress_00151
production_order_2026_00152,status_changed,draft,released,Tạo và cập nhật lệnh theo kế hoạch.,2026-04-08T08:00:00+07:00,order_event_status_00152
production_order_2026_00152,progress_note,released,released,Đã cập nhật tiến độ ca sản xuất.,2026-04-10T16:00:00+07:00,order_event_progress_00152
production_order_2026_00153,status_changed,draft,in_progress,Tạo và cập nhật lệnh theo kế hoạch.,2026-05-08T08:00:00+07:00,order_event_status_00153
production_order_2026_00153,progress_note,in_progress,in_progress,Đã cập nhật tiến độ ca sản xuất.,2026-05-10T16:00:00+07:00,order_event_progress_00153
production_order_2026_00154,status_changed,draft,completed,Tạo và cập nhật lệnh theo kế hoạch.,2026-05-09T08:00:00+07:00,order_event_status_00154
production_order_2026_00154,progress_note,completed,completed,Đã cập nhật tiến độ ca sản xuất.,2026-05-11T16:00:00+07:00,order_event_progress_00154
production_order_2026_00155,status_changed,draft,paused,Tạo và cập nhật lệnh theo kế hoạch.,2026-06-13T08:00:00+07:00,order_event_status_00155
production_order_2026_00155,progress_note,paused,paused,Đã cập nhật tiến độ ca sản xuất.,2026-06-15T16:00:00+07:00,order_event_progress_00155
production_order_2026_00156,status_changed,draft,planned,Tạo và cập nhật lệnh theo kế hoạch.,2026-06-14T08:00:00+07:00,order_event_status_00156
production_order_2026_00156,progress_note,planned,planned,Đã cập nhật tiến độ ca sản xuất.,2026-06-16T16:00:00+07:00,order_event_progress_00156
production_order_2026_00157,status_changed,draft,released,Tạo và cập nhật lệnh theo kế hoạch.,2026-07-14T08:00:00+07:00,order_event_status_00157
production_order_2026_00157,progress_note,released,released,Đã cập nhật tiến độ ca sản xuất.,2026-07-16T16:00:00+07:00,order_event_progress_00157
production_order_2026_00158,status_changed,draft,in_progress,Tạo và cập nhật lệnh theo kế hoạch.,2026-07-15T08:00:00+07:00,order_event_status_00158
production_order_2026_00158,progress_note,in_progress,in_progress,Đã cập nhật tiến độ ca sản xuất.,2026-07-17T16:00:00+07:00,order_event_progress_00158
production_order_2026_00159,status_changed,draft,completed,Tạo và cập nhật lệnh theo kế hoạch.,2026-08-19T08:00:00+07:00,order_event_status_00159
production_order_2026_00159,progress_note,completed,completed,Đã cập nhật tiến độ ca sản xuất.,2026-08-21T16:00:00+07:00,order_event_progress_00159
production_order_2026_00160,status_changed,draft,paused,Tạo và cập nhật lệnh theo kế hoạch.,2026-08-20T08:00:00+07:00,order_event_status_00160
production_order_2026_00160,progress_note,paused,paused,Đã cập nhật tiến độ ca sản xuất.,2026-08-22T16:00:00+07:00,order_event_progress_00160
production_order_2026_00161,status_changed,draft,planned,Tạo và cập nhật lệnh theo kế hoạch.,2026-08-31T08:00:00+07:00,order_event_status_00161
production_order_2026_00161,progress_note,planned,planned,Đã cập nhật tiến độ ca sản xuất.,2026-09-02T16:00:00+07:00,order_event_progress_00161
production_order_2026_00162,status_changed,draft,released,Tạo và cập nhật lệnh theo kế hoạch.,2026-09-01T08:00:00+07:00,order_event_status_00162
production_order_2026_00162,progress_note,released,released,Đã cập nhật tiến độ ca sản xuất.,2026-09-03T16:00:00+07:00,order_event_progress_00162
production_order_2026_00163,status_changed,draft,in_progress,Tạo và cập nhật lệnh theo kế hoạch.,2026-01-05T08:00:00+07:00,order_event_status_00163
production_order_2026_00163,progress_note,in_progress,in_progress,Đã cập nhật tiến độ ca sản xuất.,2026-01-07T16:00:00+07:00,order_event_progress_00163
production_order_2026_00164,status_changed,draft,completed,Tạo và cập nhật lệnh theo kế hoạch.,2026-01-06T08:00:00+07:00,order_event_status_00164
production_order_2026_00164,progress_note,completed,completed,Đã cập nhật tiến độ ca sản xuất.,2026-01-08T16:00:00+07:00,order_event_progress_00164
production_order_2026_00165,status_changed,draft,paused,Tạo và cập nhật lệnh theo kế hoạch.,2026-02-06T08:00:00+07:00,order_event_status_00165
production_order_2026_00165,progress_note,paused,paused,Đã cập nhật tiến độ ca sản xuất.,2026-02-08T16:00:00+07:00,order_event_progress_00165
production_order_2026_00166,status_changed,draft,planned,Tạo và cập nhật lệnh theo kế hoạch.,2026-02-07T08:00:00+07:00,order_event_status_00166
production_order_2026_00166,progress_note,planned,planned,Đã cập nhật tiến độ ca sản xuất.,2026-02-09T16:00:00+07:00,order_event_progress_00166
production_order_2026_00167,status_changed,draft,released,Tạo và cập nhật lệnh theo kế hoạch.,2026-03-11T08:00:00+07:00,order_event_status_00167
production_order_2026_00167,progress_note,released,released,Đã cập nhật tiến độ ca sản xuất.,2026-03-13T16:00:00+07:00,order_event_progress_00167
production_order_2026_00168,status_changed,draft,in_progress,Tạo và cập nhật lệnh theo kế hoạch.,2026-03-12T08:00:00+07:00,order_event_status_00168
production_order_2026_00168,progress_note,in_progress,in_progress,Đã cập nhật tiến độ ca sản xuất.,2026-03-14T16:00:00+07:00,order_event_progress_00168
production_order_2026_00169,status_changed,draft,completed,Tạo và cập nhật lệnh theo kế hoạch.,2026-04-12T08:00:00+07:00,order_event_status_00169
production_order_2026_00169,progress_note,completed,completed,Đã cập nhật tiến độ ca sản xuất.,2026-04-14T16:00:00+07:00,order_event_progress_00169
production_order_2026_00170,status_changed,draft,paused,Tạo và cập nhật lệnh theo kế hoạch.,2026-04-13T08:00:00+07:00,order_event_status_00170
production_order_2026_00170,progress_note,paused,paused,Đã cập nhật tiến độ ca sản xuất.,2026-04-15T16:00:00+07:00,order_event_progress_00170
production_order_2026_00171,status_changed,draft,planned,Tạo và cập nhật lệnh theo kế hoạch.,2026-05-17T08:00:00+07:00,order_event_status_00171
production_order_2026_00171,progress_note,planned,planned,Đã cập nhật tiến độ ca sản xuất.,2026-05-19T16:00:00+07:00,order_event_progress_00171
production_order_2026_00172,status_changed,draft,released,Tạo và cập nhật lệnh theo kế hoạch.,2026-05-18T08:00:00+07:00,order_event_status_00172
production_order_2026_00172,progress_note,released,released,Đã cập nhật tiến độ ca sản xuất.,2026-05-20T16:00:00+07:00,order_event_progress_00172
production_order_2026_00173,status_changed,draft,in_progress,Tạo và cập nhật lệnh theo kế hoạch.,2026-06-18T08:00:00+07:00,order_event_status_00173
production_order_2026_00173,progress_note,in_progress,in_progress,Đã cập nhật tiến độ ca sản xuất.,2026-06-20T16:00:00+07:00,order_event_progress_00173
production_order_2026_00174,status_changed,draft,completed,Tạo và cập nhật lệnh theo kế hoạch.,2026-06-19T08:00:00+07:00,order_event_status_00174
production_order_2026_00174,progress_note,completed,completed,Đã cập nhật tiến độ ca sản xuất.,2026-06-21T16:00:00+07:00,order_event_progress_00174
production_order_2026_00175,status_changed,draft,paused,Tạo và cập nhật lệnh theo kế hoạch.,2026-07-03T08:00:00+07:00,order_event_status_00175
production_order_2026_00175,progress_note,paused,paused,Đã cập nhật tiến độ ca sản xuất.,2026-07-05T16:00:00+07:00,order_event_progress_00175
production_order_2026_00176,status_changed,draft,planned,Tạo và cập nhật lệnh theo kế hoạch.,2026-07-04T08:00:00+07:00,order_event_status_00176
production_order_2026_00176,progress_note,planned,planned,Đã cập nhật tiến độ ca sản xuất.,2026-07-06T16:00:00+07:00,order_event_progress_00176
production_order_2026_00177,status_changed,draft,released,Tạo và cập nhật lệnh theo kế hoạch.,2026-08-04T08:00:00+07:00,order_event_status_00177
production_order_2026_00177,progress_note,released,released,Đã cập nhật tiến độ ca sản xuất.,2026-08-06T16:00:00+07:00,order_event_progress_00177
production_order_2026_00178,status_changed,draft,in_progress,Tạo và cập nhật lệnh theo kế hoạch.,2026-08-05T08:00:00+07:00,order_event_status_00178
production_order_2026_00178,progress_note,in_progress,in_progress,Đã cập nhật tiến độ ca sản xuất.,2026-08-07T16:00:00+07:00,order_event_progress_00178
production_order_2026_00179,status_changed,draft,completed,Tạo và cập nhật lệnh theo kế hoạch.,2026-09-09T08:00:00+07:00,order_event_status_00179
production_order_2026_00179,progress_note,completed,completed,Đã cập nhật tiến độ ca sản xuất.,2026-09-11T16:00:00+07:00,order_event_progress_00179
production_order_2026_00180,status_changed,draft,paused,Tạo và cập nhật lệnh theo kế hoạch.,2026-09-10T08:00:00+07:00,order_event_status_00180
production_order_2026_00180,progress_note,paused,paused,Đã cập nhật tiến độ ca sản xuất.,2026-09-12T16:00:00+07:00,order_event_progress_00180
production_order_2026_00181,status_changed,draft,planned,Tạo và cập nhật lệnh theo kế hoạch.,2026-01-10T08:00:00+07:00,order_event_status_00181
production_order_2026_00181,progress_note,planned,planned,Đã cập nhật tiến độ ca sản xuất.,2026-01-12T16:00:00+07:00,order_event_progress_00181
production_order_2026_00182,status_changed,draft,released,Tạo và cập nhật lệnh theo kế hoạch.,2026-01-11T08:00:00+07:00,order_event_status_00182
production_order_2026_00182,progress_note,released,released,Đã cập nhật tiến độ ca sản xuất.,2026-01-13T16:00:00+07:00,order_event_progress_00182
production_order_2026_00183,status_changed,draft,in_progress,Tạo và cập nhật lệnh theo kế hoạch.,2026-02-15T08:00:00+07:00,order_event_status_00183
production_order_2026_00183,progress_note,in_progress,in_progress,Đã cập nhật tiến độ ca sản xuất.,2026-02-17T16:00:00+07:00,order_event_progress_00183
production_order_2026_00184,status_changed,draft,completed,Tạo và cập nhật lệnh theo kế hoạch.,2026-02-16T08:00:00+07:00,order_event_status_00184
production_order_2026_00184,progress_note,completed,completed,Đã cập nhật tiến độ ca sản xuất.,2026-02-18T16:00:00+07:00,order_event_progress_00184
production_order_2026_00185,status_changed,draft,paused,Tạo và cập nhật lệnh theo kế hoạch.,2026-03-16T08:00:00+07:00,order_event_status_00185
production_order_2026_00185,progress_note,paused,paused,Đã cập nhật tiến độ ca sản xuất.,2026-03-18T16:00:00+07:00,order_event_progress_00185
production_order_2026_00186,status_changed,draft,planned,Tạo và cập nhật lệnh theo kế hoạch.,2026-03-17T08:00:00+07:00,order_event_status_00186
production_order_2026_00186,progress_note,planned,planned,Đã cập nhật tiến độ ca sản xuất.,2026-03-19T16:00:00+07:00,order_event_progress_00186
production_order_2026_00187,status_changed,draft,released,Tạo và cập nhật lệnh theo kế hoạch.,2026-04-21T08:00:00+07:00,order_event_status_00187
production_order_2026_00187,progress_note,released,released,Đã cập nhật tiến độ ca sản xuất.,2026-04-23T16:00:00+07:00,order_event_progress_00187
production_order_2026_00188,status_changed,draft,in_progress,Tạo và cập nhật lệnh theo kế hoạch.,2026-04-22T08:00:00+07:00,order_event_status_00188
production_order_2026_00188,progress_note,in_progress,in_progress,Đã cập nhật tiến độ ca sản xuất.,2026-04-24T16:00:00+07:00,order_event_progress_00188
production_order_2026_00189,status_changed,draft,completed,Tạo và cập nhật lệnh theo kế hoạch.,2026-05-02T08:00:00+07:00,order_event_status_00189
production_order_2026_00189,progress_note,completed,completed,Đã cập nhật tiến độ ca sản xuất.,2026-05-04T16:00:00+07:00,order_event_progress_00189
production_order_2026_00190,status_changed,draft,paused,Tạo và cập nhật lệnh theo kế hoạch.,2026-05-03T08:00:00+07:00,order_event_status_00190
production_order_2026_00190,progress_note,paused,paused,Đã cập nhật tiến độ ca sản xuất.,2026-05-05T16:00:00+07:00,order_event_progress_00190
production_order_2026_00191,status_changed,draft,planned,Tạo và cập nhật lệnh theo kế hoạch.,2026-06-07T08:00:00+07:00,order_event_status_00191
production_order_2026_00191,progress_note,planned,planned,Đã cập nhật tiến độ ca sản xuất.,2026-06-09T16:00:00+07:00,order_event_progress_00191
production_order_2026_00192,status_changed,draft,released,Tạo và cập nhật lệnh theo kế hoạch.,2026-06-08T08:00:00+07:00,order_event_status_00192
production_order_2026_00192,progress_note,released,released,Đã cập nhật tiến độ ca sản xuất.,2026-06-10T16:00:00+07:00,order_event_progress_00192
production_order_2026_00193,status_changed,draft,in_progress,Tạo và cập nhật lệnh theo kế hoạch.,2026-07-08T08:00:00+07:00,order_event_status_00193
production_order_2026_00193,progress_note,in_progress,in_progress,Đã cập nhật tiến độ ca sản xuất.,2026-07-10T16:00:00+07:00,order_event_progress_00193
production_order_2026_00194,status_changed,draft,completed,Tạo và cập nhật lệnh theo kế hoạch.,2026-07-09T08:00:00+07:00,order_event_status_00194
production_order_2026_00194,progress_note,completed,completed,Đã cập nhật tiến độ ca sản xuất.,2026-07-11T16:00:00+07:00,order_event_progress_00194
production_order_2026_00195,status_changed,draft,paused,Tạo và cập nhật lệnh theo kế hoạch.,2026-08-13T08:00:00+07:00,order_event_status_00195
production_order_2026_00195,progress_note,paused,paused,Đã cập nhật tiến độ ca sản xuất.,2026-08-15T16:00:00+07:00,order_event_progress_00195
production_order_2026_00196,status_changed,draft,planned,Tạo và cập nhật lệnh theo kế hoạch.,2026-08-14T08:00:00+07:00,order_event_status_00196
production_order_2026_00196,progress_note,planned,planned,Đã cập nhật tiến độ ca sản xuất.,2026-08-16T16:00:00+07:00,order_event_progress_00196
production_order_2026_00197,status_changed,draft,released,Tạo và cập nhật lệnh theo kế hoạch.,2026-09-14T08:00:00+07:00,order_event_status_00197
production_order_2026_00197,progress_note,released,released,Đã cập nhật tiến độ ca sản xuất.,2026-09-16T16:00:00+07:00,order_event_progress_00197
production_order_2026_00198,status_changed,draft,in_progress,Tạo và cập nhật lệnh theo kế hoạch.,2026-09-15T08:00:00+07:00,order_event_status_00198
production_order_2026_00198,progress_note,in_progress,in_progress,Đã cập nhật tiến độ ca sản xuất.,2026-09-17T16:00:00+07:00,order_event_progress_00198
production_order_2026_00199,status_changed,draft,completed,Tạo và cập nhật lệnh theo kế hoạch.,2026-01-19T08:00:00+07:00,order_event_status_00199
production_order_2026_00199,progress_note,completed,completed,Đã cập nhật tiến độ ca sản xuất.,2026-01-21T16:00:00+07:00,order_event_progress_00199
production_order_2026_00200,status_changed,draft,paused,Tạo và cập nhật lệnh theo kế hoạch.,2026-01-20T08:00:00+07:00,order_event_status_00200
production_order_2026_00200,progress_note,paused,paused,Đã cập nhật tiến độ ca sản xuất.,2026-01-22T16:00:00+07:00,order_event_progress_00200
production_order_2026_00201,status_changed,draft,planned,Tạo và cập nhật lệnh theo kế hoạch.,2026-01-31T08:00:00+07:00,order_event_status_00201
production_order_2026_00201,progress_note,planned,planned,Đã cập nhật tiến độ ca sản xuất.,2026-02-02T16:00:00+07:00,order_event_progress_00201
production_order_2026_00202,status_changed,draft,released,Tạo và cập nhật lệnh theo kế hoạch.,2026-02-01T08:00:00+07:00,order_event_status_00202
production_order_2026_00202,progress_note,released,released,Đã cập nhật tiến độ ca sản xuất.,2026-02-03T16:00:00+07:00,order_event_progress_00202
production_order_2026_00203,status_changed,draft,in_progress,Tạo và cập nhật lệnh theo kế hoạch.,2026-03-05T08:00:00+07:00,order_event_status_00203
production_order_2026_00203,progress_note,in_progress,in_progress,Đã cập nhật tiến độ ca sản xuất.,2026-03-07T16:00:00+07:00,order_event_progress_00203
production_order_2026_00204,status_changed,draft,completed,Tạo và cập nhật lệnh theo kế hoạch.,2026-03-06T08:00:00+07:00,order_event_status_00204
production_order_2026_00204,progress_note,completed,completed,Đã cập nhật tiến độ ca sản xuất.,2026-03-08T16:00:00+07:00,order_event_progress_00204
production_order_2026_00205,status_changed,draft,paused,Tạo và cập nhật lệnh theo kế hoạch.,2026-04-06T08:00:00+07:00,order_event_status_00205
production_order_2026_00205,progress_note,paused,paused,Đã cập nhật tiến độ ca sản xuất.,2026-04-08T16:00:00+07:00,order_event_progress_00205
production_order_2026_00206,status_changed,draft,planned,Tạo và cập nhật lệnh theo kế hoạch.,2026-04-07T08:00:00+07:00,order_event_status_00206
production_order_2026_00206,progress_note,planned,planned,Đã cập nhật tiến độ ca sản xuất.,2026-04-09T16:00:00+07:00,order_event_progress_00206
production_order_2026_00207,status_changed,draft,released,Tạo và cập nhật lệnh theo kế hoạch.,2026-05-11T08:00:00+07:00,order_event_status_00207
production_order_2026_00207,progress_note,released,released,Đã cập nhật tiến độ ca sản xuất.,2026-05-13T16:00:00+07:00,order_event_progress_00207
production_order_2026_00208,status_changed,draft,in_progress,Tạo và cập nhật lệnh theo kế hoạch.,2026-05-12T08:00:00+07:00,order_event_status_00208
production_order_2026_00208,progress_note,in_progress,in_progress,Đã cập nhật tiến độ ca sản xuất.,2026-05-14T16:00:00+07:00,order_event_progress_00208
production_order_2026_00209,status_changed,draft,completed,Tạo và cập nhật lệnh theo kế hoạch.,2026-06-12T08:00:00+07:00,order_event_status_00209
production_order_2026_00209,progress_note,completed,completed,Đã cập nhật tiến độ ca sản xuất.,2026-06-14T16:00:00+07:00,order_event_progress_00209
production_order_2026_00210,status_changed,draft,paused,Tạo và cập nhật lệnh theo kế hoạch.,2026-06-13T08:00:00+07:00,order_event_status_00210
production_order_2026_00210,progress_note,paused,paused,Đã cập nhật tiến độ ca sản xuất.,2026-06-15T16:00:00+07:00,order_event_progress_00210
production_order_2026_00211,status_changed,draft,planned,Tạo và cập nhật lệnh theo kế hoạch.,2026-07-17T08:00:00+07:00,order_event_status_00211
production_order_2026_00211,progress_note,planned,planned,Đã cập nhật tiến độ ca sản xuất.,2026-07-19T16:00:00+07:00,order_event_progress_00211
production_order_2026_00212,status_changed,draft,released,Tạo và cập nhật lệnh theo kế hoạch.,2026-07-18T08:00:00+07:00,order_event_status_00212
production_order_2026_00212,progress_note,released,released,Đã cập nhật tiến độ ca sản xuất.,2026-07-20T16:00:00+07:00,order_event_progress_00212
production_order_2026_00213,status_changed,draft,in_progress,Tạo và cập nhật lệnh theo kế hoạch.,2026-08-18T08:00:00+07:00,order_event_status_00213
production_order_2026_00213,progress_note,in_progress,in_progress,Đã cập nhật tiến độ ca sản xuất.,2026-08-20T16:00:00+07:00,order_event_progress_00213
production_order_2026_00214,status_changed,draft,completed,Tạo và cập nhật lệnh theo kế hoạch.,2026-08-19T08:00:00+07:00,order_event_status_00214
production_order_2026_00214,progress_note,completed,completed,Đã cập nhật tiến độ ca sản xuất.,2026-08-21T16:00:00+07:00,order_event_progress_00214
production_order_2026_00215,status_changed,draft,paused,Tạo và cập nhật lệnh theo kế hoạch.,2026-09-03T08:00:00+07:00,order_event_status_00215
production_order_2026_00215,progress_note,paused,paused,Đã cập nhật tiến độ ca sản xuất.,2026-09-05T16:00:00+07:00,order_event_progress_00215
production_order_2026_00216,status_changed,draft,planned,Tạo và cập nhật lệnh theo kế hoạch.,2026-09-04T08:00:00+07:00,order_event_status_00216
production_order_2026_00216,progress_note,planned,planned,Đã cập nhật tiến độ ca sản xuất.,2026-09-06T16:00:00+07:00,order_event_progress_00216
production_order_2026_00217,status_changed,draft,released,Tạo và cập nhật lệnh theo kế hoạch.,2026-01-04T08:00:00+07:00,order_event_status_00217
production_order_2026_00217,progress_note,released,released,Đã cập nhật tiến độ ca sản xuất.,2026-01-06T16:00:00+07:00,order_event_progress_00217
production_order_2026_00218,status_changed,draft,in_progress,Tạo và cập nhật lệnh theo kế hoạch.,2026-01-05T08:00:00+07:00,order_event_status_00218
production_order_2026_00218,progress_note,in_progress,in_progress,Đã cập nhật tiến độ ca sản xuất.,2026-01-07T16:00:00+07:00,order_event_progress_00218
production_order_2026_00219,status_changed,draft,completed,Tạo và cập nhật lệnh theo kế hoạch.,2026-02-09T08:00:00+07:00,order_event_status_00219
production_order_2026_00219,progress_note,completed,completed,Đã cập nhật tiến độ ca sản xuất.,2026-02-11T16:00:00+07:00,order_event_progress_00219
production_order_2026_00220,status_changed,draft,paused,Tạo và cập nhật lệnh theo kế hoạch.,2026-02-10T08:00:00+07:00,order_event_status_00220
production_order_2026_00220,progress_note,paused,paused,Đã cập nhật tiến độ ca sản xuất.,2026-02-12T16:00:00+07:00,order_event_progress_00220
production_order_2026_00221,status_changed,draft,planned,Tạo và cập nhật lệnh theo kế hoạch.,2026-03-10T08:00:00+07:00,order_event_status_00221
production_order_2026_00221,progress_note,planned,planned,Đã cập nhật tiến độ ca sản xuất.,2026-03-12T16:00:00+07:00,order_event_progress_00221
production_order_2026_00222,status_changed,draft,released,Tạo và cập nhật lệnh theo kế hoạch.,2026-03-11T08:00:00+07:00,order_event_status_00222
production_order_2026_00222,progress_note,released,released,Đã cập nhật tiến độ ca sản xuất.,2026-03-13T16:00:00+07:00,order_event_progress_00222
production_order_2026_00223,status_changed,draft,in_progress,Tạo và cập nhật lệnh theo kế hoạch.,2026-04-15T08:00:00+07:00,order_event_status_00223
production_order_2026_00223,progress_note,in_progress,in_progress,Đã cập nhật tiến độ ca sản xuất.,2026-04-17T16:00:00+07:00,order_event_progress_00223
production_order_2026_00224,status_changed,draft,completed,Tạo và cập nhật lệnh theo kế hoạch.,2026-04-16T08:00:00+07:00,order_event_status_00224
production_order_2026_00224,progress_note,completed,completed,Đã cập nhật tiến độ ca sản xuất.,2026-04-18T16:00:00+07:00,order_event_progress_00224
production_order_2026_00225,status_changed,draft,paused,Tạo và cập nhật lệnh theo kế hoạch.,2026-05-16T08:00:00+07:00,order_event_status_00225
production_order_2026_00225,progress_note,paused,paused,Đã cập nhật tiến độ ca sản xuất.,2026-05-18T16:00:00+07:00,order_event_progress_00225
production_order_2026_00226,status_changed,draft,planned,Tạo và cập nhật lệnh theo kế hoạch.,2026-05-17T08:00:00+07:00,order_event_status_00226
production_order_2026_00226,progress_note,planned,planned,Đã cập nhật tiến độ ca sản xuất.,2026-05-19T16:00:00+07:00,order_event_progress_00226
production_order_2026_00227,status_changed,draft,released,Tạo và cập nhật lệnh theo kế hoạch.,2026-06-21T08:00:00+07:00,order_event_status_00227
production_order_2026_00227,progress_note,released,released,Đã cập nhật tiến độ ca sản xuất.,2026-06-23T16:00:00+07:00,order_event_progress_00227
production_order_2026_00228,status_changed,draft,in_progress,Tạo và cập nhật lệnh theo kế hoạch.,2026-06-22T08:00:00+07:00,order_event_status_00228
production_order_2026_00228,progress_note,in_progress,in_progress,Đã cập nhật tiến độ ca sản xuất.,2026-06-24T16:00:00+07:00,order_event_progress_00228
production_order_2026_00229,status_changed,draft,completed,Tạo và cập nhật lệnh theo kế hoạch.,2026-07-02T08:00:00+07:00,order_event_status_00229
production_order_2026_00229,progress_note,completed,completed,Đã cập nhật tiến độ ca sản xuất.,2026-07-04T16:00:00+07:00,order_event_progress_00229
production_order_2026_00230,status_changed,draft,paused,Tạo và cập nhật lệnh theo kế hoạch.,2026-07-03T08:00:00+07:00,order_event_status_00230
production_order_2026_00230,progress_note,paused,paused,Đã cập nhật tiến độ ca sản xuất.,2026-07-05T16:00:00+07:00,order_event_progress_00230
production_order_2026_00231,status_changed,draft,planned,Tạo và cập nhật lệnh theo kế hoạch.,2026-08-07T08:00:00+07:00,order_event_status_00231
production_order_2026_00231,progress_note,planned,planned,Đã cập nhật tiến độ ca sản xuất.,2026-08-09T16:00:00+07:00,order_event_progress_00231
production_order_2026_00232,status_changed,draft,released,Tạo và cập nhật lệnh theo kế hoạch.,2026-08-08T08:00:00+07:00,order_event_status_00232
production_order_2026_00232,progress_note,released,released,Đã cập nhật tiến độ ca sản xuất.,2026-08-10T16:00:00+07:00,order_event_progress_00232
production_order_2026_00233,status_changed,draft,in_progress,Tạo và cập nhật lệnh theo kế hoạch.,2026-09-08T08:00:00+07:00,order_event_status_00233
production_order_2026_00233,progress_note,in_progress,in_progress,Đã cập nhật tiến độ ca sản xuất.,2026-09-10T16:00:00+07:00,order_event_progress_00233
production_order_2026_00234,status_changed,draft,completed,Tạo và cập nhật lệnh theo kế hoạch.,2026-09-09T08:00:00+07:00,order_event_status_00234
production_order_2026_00234,progress_note,completed,completed,Đã cập nhật tiến độ ca sản xuất.,2026-09-11T16:00:00+07:00,order_event_progress_00234
production_order_2026_00235,status_changed,draft,paused,Tạo và cập nhật lệnh theo kế hoạch.,2026-01-13T08:00:00+07:00,order_event_status_00235
production_order_2026_00235,progress_note,paused,paused,Đã cập nhật tiến độ ca sản xuất.,2026-01-15T16:00:00+07:00,order_event_progress_00235
production_order_2026_00236,status_changed,draft,planned,Tạo và cập nhật lệnh theo kế hoạch.,2026-01-14T08:00:00+07:00,order_event_status_00236
production_order_2026_00236,progress_note,planned,planned,Đã cập nhật tiến độ ca sản xuất.,2026-01-16T16:00:00+07:00,order_event_progress_00236
production_order_2026_00237,status_changed,draft,released,Tạo và cập nhật lệnh theo kế hoạch.,2026-02-14T08:00:00+07:00,order_event_status_00237
production_order_2026_00237,progress_note,released,released,Đã cập nhật tiến độ ca sản xuất.,2026-02-16T16:00:00+07:00,order_event_progress_00237
production_order_2026_00238,status_changed,draft,in_progress,Tạo và cập nhật lệnh theo kế hoạch.,2026-02-15T08:00:00+07:00,order_event_status_00238
production_order_2026_00238,progress_note,in_progress,in_progress,Đã cập nhật tiến độ ca sản xuất.,2026-02-17T16:00:00+07:00,order_event_progress_00238
production_order_2026_00239,status_changed,draft,completed,Tạo và cập nhật lệnh theo kế hoạch.,2026-03-19T08:00:00+07:00,order_event_status_00239
production_order_2026_00239,progress_note,completed,completed,Đã cập nhật tiến độ ca sản xuất.,2026-03-21T16:00:00+07:00,order_event_progress_00239
production_order_2026_00240,status_changed,draft,paused,Tạo và cập nhật lệnh theo kế hoạch.,2026-03-20T08:00:00+07:00,order_event_status_00240
production_order_2026_00240,progress_note,paused,paused,Đã cập nhật tiến độ ca sản xuất.,2026-03-22T16:00:00+07:00,order_event_progress_00240
production_order_2026_00241,status_changed,draft,planned,Tạo và cập nhật lệnh theo kế hoạch.,2026-03-31T08:00:00+07:00,order_event_status_00241
production_order_2026_00241,progress_note,planned,planned,Đã cập nhật tiến độ ca sản xuất.,2026-04-02T16:00:00+07:00,order_event_progress_00241
production_order_2026_00242,status_changed,draft,released,Tạo và cập nhật lệnh theo kế hoạch.,2026-04-01T08:00:00+07:00,order_event_status_00242
production_order_2026_00242,progress_note,released,released,Đã cập nhật tiến độ ca sản xuất.,2026-04-03T16:00:00+07:00,order_event_progress_00242
production_order_2026_00243,status_changed,draft,in_progress,Tạo và cập nhật lệnh theo kế hoạch.,2026-05-05T08:00:00+07:00,order_event_status_00243
production_order_2026_00243,progress_note,in_progress,in_progress,Đã cập nhật tiến độ ca sản xuất.,2026-05-07T16:00:00+07:00,order_event_progress_00243
production_order_2026_00244,status_changed,draft,completed,Tạo và cập nhật lệnh theo kế hoạch.,2026-05-06T08:00:00+07:00,order_event_status_00244
production_order_2026_00244,progress_note,completed,completed,Đã cập nhật tiến độ ca sản xuất.,2026-05-08T16:00:00+07:00,order_event_progress_00244
production_order_2026_00245,status_changed,draft,paused,Tạo và cập nhật lệnh theo kế hoạch.,2026-06-06T08:00:00+07:00,order_event_status_00245
production_order_2026_00245,progress_note,paused,paused,Đã cập nhật tiến độ ca sản xuất.,2026-06-08T16:00:00+07:00,order_event_progress_00245
production_order_2026_00246,status_changed,draft,planned,Tạo và cập nhật lệnh theo kế hoạch.,2026-06-07T08:00:00+07:00,order_event_status_00246
production_order_2026_00246,progress_note,planned,planned,Đã cập nhật tiến độ ca sản xuất.,2026-06-09T16:00:00+07:00,order_event_progress_00246
production_order_2026_00247,status_changed,draft,released,Tạo và cập nhật lệnh theo kế hoạch.,2026-07-11T08:00:00+07:00,order_event_status_00247
production_order_2026_00247,progress_note,released,released,Đã cập nhật tiến độ ca sản xuất.,2026-07-13T16:00:00+07:00,order_event_progress_00247
production_order_2026_00248,status_changed,draft,in_progress,Tạo và cập nhật lệnh theo kế hoạch.,2026-07-12T08:00:00+07:00,order_event_status_00248
production_order_2026_00248,progress_note,in_progress,in_progress,Đã cập nhật tiến độ ca sản xuất.,2026-07-14T16:00:00+07:00,order_event_progress_00248
production_order_2026_00249,status_changed,draft,completed,Tạo và cập nhật lệnh theo kế hoạch.,2026-08-12T08:00:00+07:00,order_event_status_00249
production_order_2026_00249,progress_note,completed,completed,Đã cập nhật tiến độ ca sản xuất.,2026-08-14T16:00:00+07:00,order_event_progress_00249
production_order_2026_00250,status_changed,draft,paused,Tạo và cập nhật lệnh theo kế hoạch.,2026-08-13T08:00:00+07:00,order_event_status_00250
production_order_2026_00250,progress_note,paused,paused,Đã cập nhật tiến độ ca sản xuất.,2026-08-15T16:00:00+07:00,order_event_progress_00250
production_order_2026_00251,status_changed,draft,planned,Tạo và cập nhật lệnh theo kế hoạch.,2026-09-17T08:00:00+07:00,order_event_status_00251
production_order_2026_00251,progress_note,planned,planned,Đã cập nhật tiến độ ca sản xuất.,2026-09-19T16:00:00+07:00,order_event_progress_00251
production_order_2026_00252,status_changed,draft,released,Tạo và cập nhật lệnh theo kế hoạch.,2026-09-18T08:00:00+07:00,order_event_status_00252
production_order_2026_00252,progress_note,released,released,Đã cập nhật tiến độ ca sản xuất.,2026-09-20T16:00:00+07:00,order_event_progress_00252
production_order_2026_00253,status_changed,draft,in_progress,Tạo và cập nhật lệnh theo kế hoạch.,2026-01-18T08:00:00+07:00,order_event_status_00253
production_order_2026_00253,progress_note,in_progress,in_progress,Đã cập nhật tiến độ ca sản xuất.,2026-01-20T16:00:00+07:00,order_event_progress_00253
production_order_2026_00254,status_changed,draft,completed,Tạo và cập nhật lệnh theo kế hoạch.,2026-01-19T08:00:00+07:00,order_event_status_00254
production_order_2026_00254,progress_note,completed,completed,Đã cập nhật tiến độ ca sản xuất.,2026-01-21T16:00:00+07:00,order_event_progress_00254
production_order_2026_00255,status_changed,draft,paused,Tạo và cập nhật lệnh theo kế hoạch.,2026-02-03T08:00:00+07:00,order_event_status_00255
production_order_2026_00255,progress_note,paused,paused,Đã cập nhật tiến độ ca sản xuất.,2026-02-05T16:00:00+07:00,order_event_progress_00255
production_order_2026_00256,status_changed,draft,planned,Tạo và cập nhật lệnh theo kế hoạch.,2026-02-04T08:00:00+07:00,order_event_status_00256
production_order_2026_00256,progress_note,planned,planned,Đã cập nhật tiến độ ca sản xuất.,2026-02-06T16:00:00+07:00,order_event_progress_00256
production_order_2026_00257,status_changed,draft,released,Tạo và cập nhật lệnh theo kế hoạch.,2026-03-04T08:00:00+07:00,order_event_status_00257
production_order_2026_00257,progress_note,released,released,Đã cập nhật tiến độ ca sản xuất.,2026-03-06T16:00:00+07:00,order_event_progress_00257
production_order_2026_00258,status_changed,draft,in_progress,Tạo và cập nhật lệnh theo kế hoạch.,2026-03-05T08:00:00+07:00,order_event_status_00258
production_order_2026_00258,progress_note,in_progress,in_progress,Đã cập nhật tiến độ ca sản xuất.,2026-03-07T16:00:00+07:00,order_event_progress_00258
production_order_2026_00259,status_changed,draft,completed,Tạo và cập nhật lệnh theo kế hoạch.,2026-04-09T08:00:00+07:00,order_event_status_00259
production_order_2026_00259,progress_note,completed,completed,Đã cập nhật tiến độ ca sản xuất.,2026-04-11T16:00:00+07:00,order_event_progress_00259
production_order_2026_00260,status_changed,draft,paused,Tạo và cập nhật lệnh theo kế hoạch.,2026-04-10T08:00:00+07:00,order_event_status_00260
production_order_2026_00260,progress_note,paused,paused,Đã cập nhật tiến độ ca sản xuất.,2026-04-12T16:00:00+07:00,order_event_progress_00260
production_order_2026_00261,status_changed,draft,planned,Tạo và cập nhật lệnh theo kế hoạch.,2026-05-10T08:00:00+07:00,order_event_status_00261
production_order_2026_00261,progress_note,planned,planned,Đã cập nhật tiến độ ca sản xuất.,2026-05-12T16:00:00+07:00,order_event_progress_00261
production_order_2026_00262,status_changed,draft,released,Tạo và cập nhật lệnh theo kế hoạch.,2026-05-11T08:00:00+07:00,order_event_status_00262
production_order_2026_00262,progress_note,released,released,Đã cập nhật tiến độ ca sản xuất.,2026-05-13T16:00:00+07:00,order_event_progress_00262
production_order_2026_00263,status_changed,draft,in_progress,Tạo và cập nhật lệnh theo kế hoạch.,2026-06-15T08:00:00+07:00,order_event_status_00263
production_order_2026_00263,progress_note,in_progress,in_progress,Đã cập nhật tiến độ ca sản xuất.,2026-06-17T16:00:00+07:00,order_event_progress_00263
production_order_2026_00264,status_changed,draft,completed,Tạo và cập nhật lệnh theo kế hoạch.,2026-06-16T08:00:00+07:00,order_event_status_00264
production_order_2026_00264,progress_note,completed,completed,Đã cập nhật tiến độ ca sản xuất.,2026-06-18T16:00:00+07:00,order_event_progress_00264
production_order_2026_00265,status_changed,draft,paused,Tạo và cập nhật lệnh theo kế hoạch.,2026-07-16T08:00:00+07:00,order_event_status_00265
production_order_2026_00265,progress_note,paused,paused,Đã cập nhật tiến độ ca sản xuất.,2026-07-18T16:00:00+07:00,order_event_progress_00265
production_order_2026_00266,status_changed,draft,planned,Tạo và cập nhật lệnh theo kế hoạch.,2026-07-17T08:00:00+07:00,order_event_status_00266
production_order_2026_00266,progress_note,planned,planned,Đã cập nhật tiến độ ca sản xuất.,2026-07-19T16:00:00+07:00,order_event_progress_00266
production_order_2026_00267,status_changed,draft,released,Tạo và cập nhật lệnh theo kế hoạch.,2026-08-21T08:00:00+07:00,order_event_status_00267
production_order_2026_00267,progress_note,released,released,Đã cập nhật tiến độ ca sản xuất.,2026-08-23T16:00:00+07:00,order_event_progress_00267
production_order_2026_00268,status_changed,draft,in_progress,Tạo và cập nhật lệnh theo kế hoạch.,2026-08-22T08:00:00+07:00,order_event_status_00268
production_order_2026_00268,progress_note,in_progress,in_progress,Đã cập nhật tiến độ ca sản xuất.,2026-08-24T16:00:00+07:00,order_event_progress_00268
production_order_2026_00269,status_changed,draft,completed,Tạo và cập nhật lệnh theo kế hoạch.,2026-09-02T08:00:00+07:00,order_event_status_00269
production_order_2026_00269,progress_note,completed,completed,Đã cập nhật tiến độ ca sản xuất.,2026-09-04T16:00:00+07:00,order_event_progress_00269
production_order_2026_00270,status_changed,draft,paused,Tạo và cập nhật lệnh theo kế hoạch.,2026-09-03T08:00:00+07:00,order_event_status_00270
production_order_2026_00270,progress_note,paused,paused,Đã cập nhật tiến độ ca sản xuất.,2026-09-05T16:00:00+07:00,order_event_progress_00270
production_order_2026_00271,status_changed,draft,planned,Tạo và cập nhật lệnh theo kế hoạch.,2026-01-07T08:00:00+07:00,order_event_status_00271
production_order_2026_00271,progress_note,planned,planned,Đã cập nhật tiến độ ca sản xuất.,2026-01-09T16:00:00+07:00,order_event_progress_00271
production_order_2026_00272,status_changed,draft,released,Tạo và cập nhật lệnh theo kế hoạch.,2026-01-08T08:00:00+07:00,order_event_status_00272
production_order_2026_00272,progress_note,released,released,Đã cập nhật tiến độ ca sản xuất.,2026-01-10T16:00:00+07:00,order_event_progress_00272
production_order_2026_00273,status_changed,draft,in_progress,Tạo và cập nhật lệnh theo kế hoạch.,2026-02-08T08:00:00+07:00,order_event_status_00273
production_order_2026_00273,progress_note,in_progress,in_progress,Đã cập nhật tiến độ ca sản xuất.,2026-02-10T16:00:00+07:00,order_event_progress_00273
production_order_2026_00274,status_changed,draft,completed,Tạo và cập nhật lệnh theo kế hoạch.,2026-02-09T08:00:00+07:00,order_event_status_00274
production_order_2026_00274,progress_note,completed,completed,Đã cập nhật tiến độ ca sản xuất.,2026-02-11T16:00:00+07:00,order_event_progress_00274
production_order_2026_00275,status_changed,draft,paused,Tạo và cập nhật lệnh theo kế hoạch.,2026-03-13T08:00:00+07:00,order_event_status_00275
production_order_2026_00275,progress_note,paused,paused,Đã cập nhật tiến độ ca sản xuất.,2026-03-15T16:00:00+07:00,order_event_progress_00275
production_order_2026_00276,status_changed,draft,planned,Tạo và cập nhật lệnh theo kế hoạch.,2026-03-14T08:00:00+07:00,order_event_status_00276
production_order_2026_00276,progress_note,planned,planned,Đã cập nhật tiến độ ca sản xuất.,2026-03-16T16:00:00+07:00,order_event_progress_00276
production_order_2026_00277,status_changed,draft,released,Tạo và cập nhật lệnh theo kế hoạch.,2026-04-14T08:00:00+07:00,order_event_status_00277
production_order_2026_00277,progress_note,released,released,Đã cập nhật tiến độ ca sản xuất.,2026-04-16T16:00:00+07:00,order_event_progress_00277
production_order_2026_00278,status_changed,draft,in_progress,Tạo và cập nhật lệnh theo kế hoạch.,2026-04-15T08:00:00+07:00,order_event_status_00278
production_order_2026_00278,progress_note,in_progress,in_progress,Đã cập nhật tiến độ ca sản xuất.,2026-04-17T16:00:00+07:00,order_event_progress_00278
production_order_2026_00279,status_changed,draft,completed,Tạo và cập nhật lệnh theo kế hoạch.,2026-05-19T08:00:00+07:00,order_event_status_00279
production_order_2026_00279,progress_note,completed,completed,Đã cập nhật tiến độ ca sản xuất.,2026-05-21T16:00:00+07:00,order_event_progress_00279
production_order_2026_00280,status_changed,draft,paused,Tạo và cập nhật lệnh theo kế hoạch.,2026-05-20T08:00:00+07:00,order_event_status_00280
production_order_2026_00280,progress_note,paused,paused,Đã cập nhật tiến độ ca sản xuất.,2026-05-22T16:00:00+07:00,order_event_progress_00280
production_order_2026_00281,status_changed,draft,planned,Tạo và cập nhật lệnh theo kế hoạch.,2026-05-31T08:00:00+07:00,order_event_status_00281
production_order_2026_00281,progress_note,planned,planned,Đã cập nhật tiến độ ca sản xuất.,2026-06-02T16:00:00+07:00,order_event_progress_00281
production_order_2026_00282,status_changed,draft,released,Tạo và cập nhật lệnh theo kế hoạch.,2026-06-01T08:00:00+07:00,order_event_status_00282
production_order_2026_00282,progress_note,released,released,Đã cập nhật tiến độ ca sản xuất.,2026-06-03T16:00:00+07:00,order_event_progress_00282
production_order_2026_00283,status_changed,draft,in_progress,Tạo và cập nhật lệnh theo kế hoạch.,2026-07-05T08:00:00+07:00,order_event_status_00283
production_order_2026_00283,progress_note,in_progress,in_progress,Đã cập nhật tiến độ ca sản xuất.,2026-07-07T16:00:00+07:00,order_event_progress_00283
production_order_2026_00284,status_changed,draft,completed,Tạo và cập nhật lệnh theo kế hoạch.,2026-07-06T08:00:00+07:00,order_event_status_00284
production_order_2026_00284,progress_note,completed,completed,Đã cập nhật tiến độ ca sản xuất.,2026-07-08T16:00:00+07:00,order_event_progress_00284
production_order_2026_00285,status_changed,draft,paused,Tạo và cập nhật lệnh theo kế hoạch.,2026-08-06T08:00:00+07:00,order_event_status_00285
production_order_2026_00285,progress_note,paused,paused,Đã cập nhật tiến độ ca sản xuất.,2026-08-08T16:00:00+07:00,order_event_progress_00285
production_order_2026_00286,status_changed,draft,planned,Tạo và cập nhật lệnh theo kế hoạch.,2026-08-07T08:00:00+07:00,order_event_status_00286
production_order_2026_00286,progress_note,planned,planned,Đã cập nhật tiến độ ca sản xuất.,2026-08-09T16:00:00+07:00,order_event_progress_00286
production_order_2026_00287,status_changed,draft,released,Tạo và cập nhật lệnh theo kế hoạch.,2026-09-11T08:00:00+07:00,order_event_status_00287
production_order_2026_00287,progress_note,released,released,Đã cập nhật tiến độ ca sản xuất.,2026-09-13T16:00:00+07:00,order_event_progress_00287
production_order_2026_00288,status_changed,draft,in_progress,Tạo và cập nhật lệnh theo kế hoạch.,2026-09-12T08:00:00+07:00,order_event_status_00288
production_order_2026_00288,progress_note,in_progress,in_progress,Đã cập nhật tiến độ ca sản xuất.,2026-09-14T16:00:00+07:00,order_event_progress_00288
production_order_2026_00289,status_changed,draft,completed,Tạo và cập nhật lệnh theo kế hoạch.,2026-01-12T08:00:00+07:00,order_event_status_00289
production_order_2026_00289,progress_note,completed,completed,Đã cập nhật tiến độ ca sản xuất.,2026-01-14T16:00:00+07:00,order_event_progress_00289
production_order_2026_00290,status_changed,draft,paused,Tạo và cập nhật lệnh theo kế hoạch.,2026-01-13T08:00:00+07:00,order_event_status_00290
production_order_2026_00290,progress_note,paused,paused,Đã cập nhật tiến độ ca sản xuất.,2026-01-15T16:00:00+07:00,order_event_progress_00290
production_order_2026_00291,status_changed,draft,planned,Tạo và cập nhật lệnh theo kế hoạch.,2026-02-17T08:00:00+07:00,order_event_status_00291
production_order_2026_00291,progress_note,planned,planned,Đã cập nhật tiến độ ca sản xuất.,2026-02-19T16:00:00+07:00,order_event_progress_00291
production_order_2026_00292,status_changed,draft,released,Tạo và cập nhật lệnh theo kế hoạch.,2026-02-18T08:00:00+07:00,order_event_status_00292
production_order_2026_00292,progress_note,released,released,Đã cập nhật tiến độ ca sản xuất.,2026-02-20T16:00:00+07:00,order_event_progress_00292
production_order_2026_00293,status_changed,draft,in_progress,Tạo và cập nhật lệnh theo kế hoạch.,2026-03-18T08:00:00+07:00,order_event_status_00293
production_order_2026_00293,progress_note,in_progress,in_progress,Đã cập nhật tiến độ ca sản xuất.,2026-03-20T16:00:00+07:00,order_event_progress_00293
production_order_2026_00294,status_changed,draft,completed,Tạo và cập nhật lệnh theo kế hoạch.,2026-03-19T08:00:00+07:00,order_event_status_00294
production_order_2026_00294,progress_note,completed,completed,Đã cập nhật tiến độ ca sản xuất.,2026-03-21T16:00:00+07:00,order_event_progress_00294
production_order_2026_00295,status_changed,draft,paused,Tạo và cập nhật lệnh theo kế hoạch.,2026-04-03T08:00:00+07:00,order_event_status_00295
production_order_2026_00295,progress_note,paused,paused,Đã cập nhật tiến độ ca sản xuất.,2026-04-05T16:00:00+07:00,order_event_progress_00295
production_order_2026_00296,status_changed,draft,planned,Tạo và cập nhật lệnh theo kế hoạch.,2026-04-04T08:00:00+07:00,order_event_status_00296
production_order_2026_00296,progress_note,planned,planned,Đã cập nhật tiến độ ca sản xuất.,2026-04-06T16:00:00+07:00,order_event_progress_00296
production_order_2026_00297,status_changed,draft,released,Tạo và cập nhật lệnh theo kế hoạch.,2026-05-04T08:00:00+07:00,order_event_status_00297
production_order_2026_00297,progress_note,released,released,Đã cập nhật tiến độ ca sản xuất.,2026-05-06T16:00:00+07:00,order_event_progress_00297
production_order_2026_00298,status_changed,draft,in_progress,Tạo và cập nhật lệnh theo kế hoạch.,2026-05-05T08:00:00+07:00,order_event_status_00298
production_order_2026_00298,progress_note,in_progress,in_progress,Đã cập nhật tiến độ ca sản xuất.,2026-05-07T16:00:00+07:00,order_event_progress_00298
production_order_2026_00299,status_changed,draft,completed,Tạo và cập nhật lệnh theo kế hoạch.,2026-06-09T08:00:00+07:00,order_event_status_00299
production_order_2026_00299,progress_note,completed,completed,Đã cập nhật tiến độ ca sản xuất.,2026-06-11T16:00:00+07:00,order_event_progress_00299
production_order_2026_00300,status_changed,draft,paused,Tạo và cập nhật lệnh theo kế hoạch.,2026-06-10T08:00:00+07:00,order_event_status_00300
production_order_2026_00300,progress_note,paused,paused,Đã cập nhật tiến độ ca sản xuất.,2026-06-12T16:00:00+07:00,order_event_progress_00300
production_order_2026_00301,status_changed,draft,planned,Tạo và cập nhật lệnh theo kế hoạch.,2026-07-10T08:00:00+07:00,order_event_status_00301
production_order_2026_00301,progress_note,planned,planned,Đã cập nhật tiến độ ca sản xuất.,2026-07-12T16:00:00+07:00,order_event_progress_00301
production_order_2026_00302,status_changed,draft,released,Tạo và cập nhật lệnh theo kế hoạch.,2026-07-11T08:00:00+07:00,order_event_status_00302
production_order_2026_00302,progress_note,released,released,Đã cập nhật tiến độ ca sản xuất.,2026-07-13T16:00:00+07:00,order_event_progress_00302
production_order_2026_00303,status_changed,draft,in_progress,Tạo và cập nhật lệnh theo kế hoạch.,2026-08-15T08:00:00+07:00,order_event_status_00303
production_order_2026_00303,progress_note,in_progress,in_progress,Đã cập nhật tiến độ ca sản xuất.,2026-08-17T16:00:00+07:00,order_event_progress_00303
production_order_2026_00304,status_changed,draft,completed,Tạo và cập nhật lệnh theo kế hoạch.,2026-08-16T08:00:00+07:00,order_event_status_00304
production_order_2026_00304,progress_note,completed,completed,Đã cập nhật tiến độ ca sản xuất.,2026-08-18T16:00:00+07:00,order_event_progress_00304
production_order_2026_00305,status_changed,draft,paused,Tạo và cập nhật lệnh theo kế hoạch.,2026-09-16T08:00:00+07:00,order_event_status_00305
production_order_2026_00305,progress_note,paused,paused,Đã cập nhật tiến độ ca sản xuất.,2026-09-18T16:00:00+07:00,order_event_progress_00305
production_order_2026_00306,status_changed,draft,planned,Tạo và cập nhật lệnh theo kế hoạch.,2026-09-17T08:00:00+07:00,order_event_status_00306
production_order_2026_00306,progress_note,planned,planned,Đã cập nhật tiến độ ca sản xuất.,2026-09-19T16:00:00+07:00,order_event_progress_00306
production_order_2026_00307,status_changed,draft,released,Tạo và cập nhật lệnh theo kế hoạch.,2026-01-21T08:00:00+07:00,order_event_status_00307
production_order_2026_00307,progress_note,released,released,Đã cập nhật tiến độ ca sản xuất.,2026-01-23T16:00:00+07:00,order_event_progress_00307
production_order_2026_00308,status_changed,draft,in_progress,Tạo và cập nhật lệnh theo kế hoạch.,2026-01-22T08:00:00+07:00,order_event_status_00308
production_order_2026_00308,progress_note,in_progress,in_progress,Đã cập nhật tiến độ ca sản xuất.,2026-01-24T16:00:00+07:00,order_event_progress_00308
production_order_2026_00309,status_changed,draft,completed,Tạo và cập nhật lệnh theo kế hoạch.,2026-02-02T08:00:00+07:00,order_event_status_00309
production_order_2026_00309,progress_note,completed,completed,Đã cập nhật tiến độ ca sản xuất.,2026-02-04T16:00:00+07:00,order_event_progress_00309
production_order_2026_00310,status_changed,draft,paused,Tạo và cập nhật lệnh theo kế hoạch.,2026-02-03T08:00:00+07:00,order_event_status_00310
production_order_2026_00310,progress_note,paused,paused,Đã cập nhật tiến độ ca sản xuất.,2026-02-05T16:00:00+07:00,order_event_progress_00310
production_order_2026_00311,status_changed,draft,planned,Tạo và cập nhật lệnh theo kế hoạch.,2026-03-07T08:00:00+07:00,order_event_status_00311
production_order_2026_00311,progress_note,planned,planned,Đã cập nhật tiến độ ca sản xuất.,2026-03-09T16:00:00+07:00,order_event_progress_00311
production_order_2026_00312,status_changed,draft,released,Tạo và cập nhật lệnh theo kế hoạch.,2026-03-08T08:00:00+07:00,order_event_status_00312
production_order_2026_00312,progress_note,released,released,Đã cập nhật tiến độ ca sản xuất.,2026-03-10T16:00:00+07:00,order_event_progress_00312
production_order_2026_00313,status_changed,draft,in_progress,Tạo và cập nhật lệnh theo kế hoạch.,2026-04-08T08:00:00+07:00,order_event_status_00313
production_order_2026_00313,progress_note,in_progress,in_progress,Đã cập nhật tiến độ ca sản xuất.,2026-04-10T16:00:00+07:00,order_event_progress_00313
production_order_2026_00314,status_changed,draft,completed,Tạo và cập nhật lệnh theo kế hoạch.,2026-04-09T08:00:00+07:00,order_event_status_00314
production_order_2026_00314,progress_note,completed,completed,Đã cập nhật tiến độ ca sản xuất.,2026-04-11T16:00:00+07:00,order_event_progress_00314
production_order_2026_00315,status_changed,draft,paused,Tạo và cập nhật lệnh theo kế hoạch.,2026-05-13T08:00:00+07:00,order_event_status_00315
production_order_2026_00315,progress_note,paused,paused,Đã cập nhật tiến độ ca sản xuất.,2026-05-15T16:00:00+07:00,order_event_progress_00315
production_order_2026_00316,status_changed,draft,planned,Tạo và cập nhật lệnh theo kế hoạch.,2026-05-14T08:00:00+07:00,order_event_status_00316
production_order_2026_00316,progress_note,planned,planned,Đã cập nhật tiến độ ca sản xuất.,2026-05-16T16:00:00+07:00,order_event_progress_00316
production_order_2026_00317,status_changed,draft,released,Tạo và cập nhật lệnh theo kế hoạch.,2026-06-14T08:00:00+07:00,order_event_status_00317
production_order_2026_00317,progress_note,released,released,Đã cập nhật tiến độ ca sản xuất.,2026-06-16T16:00:00+07:00,order_event_progress_00317
production_order_2026_00318,status_changed,draft,in_progress,Tạo và cập nhật lệnh theo kế hoạch.,2026-06-15T08:00:00+07:00,order_event_status_00318
production_order_2026_00318,progress_note,in_progress,in_progress,Đã cập nhật tiến độ ca sản xuất.,2026-06-17T16:00:00+07:00,order_event_progress_00318
production_order_2026_00319,status_changed,draft,completed,Tạo và cập nhật lệnh theo kế hoạch.,2026-07-19T08:00:00+07:00,order_event_status_00319
production_order_2026_00319,progress_note,completed,completed,Đã cập nhật tiến độ ca sản xuất.,2026-07-21T16:00:00+07:00,order_event_progress_00319
production_order_2026_00320,status_changed,draft,paused,Tạo và cập nhật lệnh theo kế hoạch.,2026-07-20T08:00:00+07:00,order_event_status_00320
production_order_2026_00320,progress_note,paused,paused,Đã cập nhật tiến độ ca sản xuất.,2026-07-22T16:00:00+07:00,order_event_progress_00320
production_order_2026_00321,status_changed,draft,planned,Tạo và cập nhật lệnh theo kế hoạch.,2026-07-31T08:00:00+07:00,order_event_status_00321
production_order_2026_00321,progress_note,planned,planned,Đã cập nhật tiến độ ca sản xuất.,2026-08-02T16:00:00+07:00,order_event_progress_00321
production_order_2026_00322,status_changed,draft,released,Tạo và cập nhật lệnh theo kế hoạch.,2026-08-01T08:00:00+07:00,order_event_status_00322
production_order_2026_00322,progress_note,released,released,Đã cập nhật tiến độ ca sản xuất.,2026-08-03T16:00:00+07:00,order_event_progress_00322
production_order_2026_00323,status_changed,draft,in_progress,Tạo và cập nhật lệnh theo kế hoạch.,2026-09-05T08:00:00+07:00,order_event_status_00323
production_order_2026_00323,progress_note,in_progress,in_progress,Đã cập nhật tiến độ ca sản xuất.,2026-09-07T16:00:00+07:00,order_event_progress_00323
production_order_2026_00324,status_changed,draft,completed,Tạo và cập nhật lệnh theo kế hoạch.,2026-09-06T08:00:00+07:00,order_event_status_00324
production_order_2026_00324,progress_note,completed,completed,Đã cập nhật tiến độ ca sản xuất.,2026-09-08T16:00:00+07:00,order_event_progress_00324
production_order_2026_00325,status_changed,draft,paused,Tạo và cập nhật lệnh theo kế hoạch.,2026-01-06T08:00:00+07:00,order_event_status_00325
production_order_2026_00325,progress_note,paused,paused,Đã cập nhật tiến độ ca sản xuất.,2026-01-08T16:00:00+07:00,order_event_progress_00325
production_order_2026_00326,status_changed,draft,planned,Tạo và cập nhật lệnh theo kế hoạch.,2026-01-07T08:00:00+07:00,order_event_status_00326
production_order_2026_00326,progress_note,planned,planned,Đã cập nhật tiến độ ca sản xuất.,2026-01-09T16:00:00+07:00,order_event_progress_00326
production_order_2026_00327,status_changed,draft,released,Tạo và cập nhật lệnh theo kế hoạch.,2026-02-11T08:00:00+07:00,order_event_status_00327
production_order_2026_00327,progress_note,released,released,Đã cập nhật tiến độ ca sản xuất.,2026-02-13T16:00:00+07:00,order_event_progress_00327
production_order_2026_00328,status_changed,draft,in_progress,Tạo và cập nhật lệnh theo kế hoạch.,2026-02-12T08:00:00+07:00,order_event_status_00328
production_order_2026_00328,progress_note,in_progress,in_progress,Đã cập nhật tiến độ ca sản xuất.,2026-02-14T16:00:00+07:00,order_event_progress_00328
production_order_2026_00329,status_changed,draft,completed,Tạo và cập nhật lệnh theo kế hoạch.,2026-03-12T08:00:00+07:00,order_event_status_00329
production_order_2026_00329,progress_note,completed,completed,Đã cập nhật tiến độ ca sản xuất.,2026-03-14T16:00:00+07:00,order_event_progress_00329
production_order_2026_00330,status_changed,draft,paused,Tạo và cập nhật lệnh theo kế hoạch.,2026-03-13T08:00:00+07:00,order_event_status_00330
production_order_2026_00330,progress_note,paused,paused,Đã cập nhật tiến độ ca sản xuất.,2026-03-15T16:00:00+07:00,order_event_progress_00330
production_order_2026_00331,status_changed,draft,planned,Tạo và cập nhật lệnh theo kế hoạch.,2026-04-17T08:00:00+07:00,order_event_status_00331
production_order_2026_00331,progress_note,planned,planned,Đã cập nhật tiến độ ca sản xuất.,2026-04-19T16:00:00+07:00,order_event_progress_00331
production_order_2026_00332,status_changed,draft,released,Tạo và cập nhật lệnh theo kế hoạch.,2026-04-18T08:00:00+07:00,order_event_status_00332
production_order_2026_00332,progress_note,released,released,Đã cập nhật tiến độ ca sản xuất.,2026-04-20T16:00:00+07:00,order_event_progress_00332
production_order_2026_00333,status_changed,draft,in_progress,Tạo và cập nhật lệnh theo kế hoạch.,2026-05-18T08:00:00+07:00,order_event_status_00333
production_order_2026_00333,progress_note,in_progress,in_progress,Đã cập nhật tiến độ ca sản xuất.,2026-05-20T16:00:00+07:00,order_event_progress_00333
production_order_2026_00334,status_changed,draft,completed,Tạo và cập nhật lệnh theo kế hoạch.,2026-05-19T08:00:00+07:00,order_event_status_00334
production_order_2026_00334,progress_note,completed,completed,Đã cập nhật tiến độ ca sản xuất.,2026-05-21T16:00:00+07:00,order_event_progress_00334
production_order_2026_00335,status_changed,draft,paused,Tạo và cập nhật lệnh theo kế hoạch.,2026-06-03T08:00:00+07:00,order_event_status_00335
production_order_2026_00335,progress_note,paused,paused,Đã cập nhật tiến độ ca sản xuất.,2026-06-05T16:00:00+07:00,order_event_progress_00335
production_order_2026_00336,status_changed,draft,planned,Tạo và cập nhật lệnh theo kế hoạch.,2026-06-04T08:00:00+07:00,order_event_status_00336
production_order_2026_00336,progress_note,planned,planned,Đã cập nhật tiến độ ca sản xuất.,2026-06-06T16:00:00+07:00,order_event_progress_00336
production_order_2026_00337,status_changed,draft,released,Tạo và cập nhật lệnh theo kế hoạch.,2026-07-04T08:00:00+07:00,order_event_status_00337
production_order_2026_00337,progress_note,released,released,Đã cập nhật tiến độ ca sản xuất.,2026-07-06T16:00:00+07:00,order_event_progress_00337
production_order_2026_00338,status_changed,draft,in_progress,Tạo và cập nhật lệnh theo kế hoạch.,2026-07-05T08:00:00+07:00,order_event_status_00338
production_order_2026_00338,progress_note,in_progress,in_progress,Đã cập nhật tiến độ ca sản xuất.,2026-07-07T16:00:00+07:00,order_event_progress_00338
production_order_2026_00339,status_changed,draft,completed,Tạo và cập nhật lệnh theo kế hoạch.,2026-08-09T08:00:00+07:00,order_event_status_00339
production_order_2026_00339,progress_note,completed,completed,Đã cập nhật tiến độ ca sản xuất.,2026-08-11T16:00:00+07:00,order_event_progress_00339
production_order_2026_00340,status_changed,draft,paused,Tạo và cập nhật lệnh theo kế hoạch.,2026-08-10T08:00:00+07:00,order_event_status_00340
production_order_2026_00340,progress_note,paused,paused,Đã cập nhật tiến độ ca sản xuất.,2026-08-12T16:00:00+07:00,order_event_progress_00340
production_order_2026_00341,status_changed,draft,planned,Tạo và cập nhật lệnh theo kế hoạch.,2026-09-10T08:00:00+07:00,order_event_status_00341
production_order_2026_00341,progress_note,planned,planned,Đã cập nhật tiến độ ca sản xuất.,2026-09-12T16:00:00+07:00,order_event_progress_00341
production_order_2026_00342,status_changed,draft,released,Tạo và cập nhật lệnh theo kế hoạch.,2026-09-11T08:00:00+07:00,order_event_status_00342
production_order_2026_00342,progress_note,released,released,Đã cập nhật tiến độ ca sản xuất.,2026-09-13T16:00:00+07:00,order_event_progress_00342
production_order_2026_00343,status_changed,draft,in_progress,Tạo và cập nhật lệnh theo kế hoạch.,2026-01-15T08:00:00+07:00,order_event_status_00343
production_order_2026_00343,progress_note,in_progress,in_progress,Đã cập nhật tiến độ ca sản xuất.,2026-01-17T16:00:00+07:00,order_event_progress_00343
production_order_2026_00344,status_changed,draft,completed,Tạo và cập nhật lệnh theo kế hoạch.,2026-01-16T08:00:00+07:00,order_event_status_00344
production_order_2026_00344,progress_note,completed,completed,Đã cập nhật tiến độ ca sản xuất.,2026-01-18T16:00:00+07:00,order_event_progress_00344
production_order_2026_00345,status_changed,draft,paused,Tạo và cập nhật lệnh theo kế hoạch.,2026-02-16T08:00:00+07:00,order_event_status_00345
production_order_2026_00345,progress_note,paused,paused,Đã cập nhật tiến độ ca sản xuất.,2026-02-18T16:00:00+07:00,order_event_progress_00345
production_order_2026_00346,status_changed,draft,planned,Tạo và cập nhật lệnh theo kế hoạch.,2026-02-17T08:00:00+07:00,order_event_status_00346
production_order_2026_00346,progress_note,planned,planned,Đã cập nhật tiến độ ca sản xuất.,2026-02-19T16:00:00+07:00,order_event_progress_00346
production_order_2026_00347,status_changed,draft,released,Tạo và cập nhật lệnh theo kế hoạch.,2026-03-21T08:00:00+07:00,order_event_status_00347
production_order_2026_00347,progress_note,released,released,Đã cập nhật tiến độ ca sản xuất.,2026-03-23T16:00:00+07:00,order_event_progress_00347
production_order_2026_00348,status_changed,draft,in_progress,Tạo và cập nhật lệnh theo kế hoạch.,2026-03-22T08:00:00+07:00,order_event_status_00348
production_order_2026_00348,progress_note,in_progress,in_progress,Đã cập nhật tiến độ ca sản xuất.,2026-03-24T16:00:00+07:00,order_event_progress_00348
production_order_2026_00349,status_changed,draft,completed,Tạo và cập nhật lệnh theo kế hoạch.,2026-04-02T08:00:00+07:00,order_event_status_00349
production_order_2026_00349,progress_note,completed,completed,Đã cập nhật tiến độ ca sản xuất.,2026-04-04T16:00:00+07:00,order_event_progress_00349
production_order_2026_00350,status_changed,draft,paused,Tạo và cập nhật lệnh theo kế hoạch.,2026-04-03T08:00:00+07:00,order_event_status_00350
production_order_2026_00350,progress_note,paused,paused,Đã cập nhật tiến độ ca sản xuất.,2026-04-05T16:00:00+07:00,order_event_progress_00350
production_order_2026_00351,status_changed,draft,planned,Tạo và cập nhật lệnh theo kế hoạch.,2026-05-07T08:00:00+07:00,order_event_status_00351
production_order_2026_00351,progress_note,planned,planned,Đã cập nhật tiến độ ca sản xuất.,2026-05-09T16:00:00+07:00,order_event_progress_00351
production_order_2026_00352,status_changed,draft,released,Tạo và cập nhật lệnh theo kế hoạch.,2026-05-08T08:00:00+07:00,order_event_status_00352
production_order_2026_00352,progress_note,released,released,Đã cập nhật tiến độ ca sản xuất.,2026-05-10T16:00:00+07:00,order_event_progress_00352
production_order_2026_00353,status_changed,draft,in_progress,Tạo và cập nhật lệnh theo kế hoạch.,2026-06-08T08:00:00+07:00,order_event_status_00353
production_order_2026_00353,progress_note,in_progress,in_progress,Đã cập nhật tiến độ ca sản xuất.,2026-06-10T16:00:00+07:00,order_event_progress_00353
production_order_2026_00354,status_changed,draft,completed,Tạo và cập nhật lệnh theo kế hoạch.,2026-06-09T08:00:00+07:00,order_event_status_00354
production_order_2026_00354,progress_note,completed,completed,Đã cập nhật tiến độ ca sản xuất.,2026-06-11T16:00:00+07:00,order_event_progress_00354
production_order_2026_00355,status_changed,draft,paused,Tạo và cập nhật lệnh theo kế hoạch.,2026-07-13T08:00:00+07:00,order_event_status_00355
production_order_2026_00355,progress_note,paused,paused,Đã cập nhật tiến độ ca sản xuất.,2026-07-15T16:00:00+07:00,order_event_progress_00355
production_order_2026_00356,status_changed,draft,planned,Tạo và cập nhật lệnh theo kế hoạch.,2026-07-14T08:00:00+07:00,order_event_status_00356
production_order_2026_00356,progress_note,planned,planned,Đã cập nhật tiến độ ca sản xuất.,2026-07-16T16:00:00+07:00,order_event_progress_00356
production_order_2026_00357,status_changed,draft,released,Tạo và cập nhật lệnh theo kế hoạch.,2026-08-14T08:00:00+07:00,order_event_status_00357
production_order_2026_00357,progress_note,released,released,Đã cập nhật tiến độ ca sản xuất.,2026-08-16T16:00:00+07:00,order_event_progress_00357
production_order_2026_00358,status_changed,draft,in_progress,Tạo và cập nhật lệnh theo kế hoạch.,2026-08-15T08:00:00+07:00,order_event_status_00358
production_order_2026_00358,progress_note,in_progress,in_progress,Đã cập nhật tiến độ ca sản xuất.,2026-08-17T16:00:00+07:00,order_event_progress_00358
production_order_2026_00359,status_changed,draft,completed,Tạo và cập nhật lệnh theo kế hoạch.,2026-09-19T08:00:00+07:00,order_event_status_00359
production_order_2026_00359,progress_note,completed,completed,Đã cập nhật tiến độ ca sản xuất.,2026-09-21T16:00:00+07:00,order_event_progress_00359
production_order_2026_00360,status_changed,draft,paused,Tạo và cập nhật lệnh theo kế hoạch.,2026-09-20T08:00:00+07:00,order_event_status_00360
production_order_2026_00360,progress_note,paused,paused,Đã cập nhật tiến độ ca sản xuất.,2026-09-22T16:00:00+07:00,order_event_progress_00360
production_order_2026_00361,status_changed,draft,planned,Tạo và cập nhật lệnh theo kế hoạch.,2025-12-31T08:00:00+07:00,order_event_status_00361
production_order_2026_00361,progress_note,planned,planned,Đã cập nhật tiến độ ca sản xuất.,2026-01-02T16:00:00+07:00,order_event_progress_00361
production_order_2026_00362,status_changed,draft,released,Tạo và cập nhật lệnh theo kế hoạch.,2026-01-01T08:00:00+07:00,order_event_status_00362
production_order_2026_00362,progress_note,released,released,Đã cập nhật tiến độ ca sản xuất.,2026-01-03T16:00:00+07:00,order_event_progress_00362
production_order_2026_00363,status_changed,draft,in_progress,Tạo và cập nhật lệnh theo kế hoạch.,2026-02-05T08:00:00+07:00,order_event_status_00363
production_order_2026_00363,progress_note,in_progress,in_progress,Đã cập nhật tiến độ ca sản xuất.,2026-02-07T16:00:00+07:00,order_event_progress_00363
production_order_2026_00364,status_changed,draft,completed,Tạo và cập nhật lệnh theo kế hoạch.,2026-02-06T08:00:00+07:00,order_event_status_00364
production_order_2026_00364,progress_note,completed,completed,Đã cập nhật tiến độ ca sản xuất.,2026-02-08T16:00:00+07:00,order_event_progress_00364
production_order_2026_00365,status_changed,draft,paused,Tạo và cập nhật lệnh theo kế hoạch.,2026-03-06T08:00:00+07:00,order_event_status_00365
production_order_2026_00365,progress_note,paused,paused,Đã cập nhật tiến độ ca sản xuất.,2026-03-08T16:00:00+07:00,order_event_progress_00365
production_order_2026_00366,status_changed,draft,planned,Tạo và cập nhật lệnh theo kế hoạch.,2026-03-07T08:00:00+07:00,order_event_status_00366
production_order_2026_00366,progress_note,planned,planned,Đã cập nhật tiến độ ca sản xuất.,2026-03-09T16:00:00+07:00,order_event_progress_00366
production_order_2026_00367,status_changed,draft,released,Tạo và cập nhật lệnh theo kế hoạch.,2026-04-11T08:00:00+07:00,order_event_status_00367
production_order_2026_00367,progress_note,released,released,Đã cập nhật tiến độ ca sản xuất.,2026-04-13T16:00:00+07:00,order_event_progress_00367
production_order_2026_00368,status_changed,draft,in_progress,Tạo và cập nhật lệnh theo kế hoạch.,2026-04-12T08:00:00+07:00,order_event_status_00368
production_order_2026_00368,progress_note,in_progress,in_progress,Đã cập nhật tiến độ ca sản xuất.,2026-04-14T16:00:00+07:00,order_event_progress_00368
production_order_2026_00369,status_changed,draft,completed,Tạo và cập nhật lệnh theo kế hoạch.,2026-05-12T08:00:00+07:00,order_event_status_00369
production_order_2026_00369,progress_note,completed,completed,Đã cập nhật tiến độ ca sản xuất.,2026-05-14T16:00:00+07:00,order_event_progress_00369
production_order_2026_00370,status_changed,draft,paused,Tạo và cập nhật lệnh theo kế hoạch.,2026-05-13T08:00:00+07:00,order_event_status_00370
production_order_2026_00370,progress_note,paused,paused,Đã cập nhật tiến độ ca sản xuất.,2026-05-15T16:00:00+07:00,order_event_progress_00370
production_order_2026_00371,status_changed,draft,planned,Tạo và cập nhật lệnh theo kế hoạch.,2026-06-17T08:00:00+07:00,order_event_status_00371
production_order_2026_00371,progress_note,planned,planned,Đã cập nhật tiến độ ca sản xuất.,2026-06-19T16:00:00+07:00,order_event_progress_00371
production_order_2026_00372,status_changed,draft,released,Tạo và cập nhật lệnh theo kế hoạch.,2026-06-18T08:00:00+07:00,order_event_status_00372
production_order_2026_00372,progress_note,released,released,Đã cập nhật tiến độ ca sản xuất.,2026-06-20T16:00:00+07:00,order_event_progress_00372
production_order_2026_00373,status_changed,draft,in_progress,Tạo và cập nhật lệnh theo kế hoạch.,2026-07-18T08:00:00+07:00,order_event_status_00373
production_order_2026_00373,progress_note,in_progress,in_progress,Đã cập nhật tiến độ ca sản xuất.,2026-07-20T16:00:00+07:00,order_event_progress_00373
production_order_2026_00374,status_changed,draft,completed,Tạo và cập nhật lệnh theo kế hoạch.,2026-07-19T08:00:00+07:00,order_event_status_00374
production_order_2026_00374,progress_note,completed,completed,Đã cập nhật tiến độ ca sản xuất.,2026-07-21T16:00:00+07:00,order_event_progress_00374
production_order_2026_00375,status_changed,draft,paused,Tạo và cập nhật lệnh theo kế hoạch.,2026-08-03T08:00:00+07:00,order_event_status_00375
production_order_2026_00375,progress_note,paused,paused,Đã cập nhật tiến độ ca sản xuất.,2026-08-05T16:00:00+07:00,order_event_progress_00375
production_order_2026_00376,status_changed,draft,planned,Tạo và cập nhật lệnh theo kế hoạch.,2026-08-04T08:00:00+07:00,order_event_status_00376
production_order_2026_00376,progress_note,planned,planned,Đã cập nhật tiến độ ca sản xuất.,2026-08-06T16:00:00+07:00,order_event_progress_00376
production_order_2026_00377,status_changed,draft,released,Tạo và cập nhật lệnh theo kế hoạch.,2026-09-04T08:00:00+07:00,order_event_status_00377
production_order_2026_00377,progress_note,released,released,Đã cập nhật tiến độ ca sản xuất.,2026-09-06T16:00:00+07:00,order_event_progress_00377
production_order_2026_00378,status_changed,draft,in_progress,Tạo và cập nhật lệnh theo kế hoạch.,2026-09-05T08:00:00+07:00,order_event_status_00378
production_order_2026_00378,progress_note,in_progress,in_progress,Đã cập nhật tiến độ ca sản xuất.,2026-09-07T16:00:00+07:00,order_event_progress_00378
production_order_2026_00379,status_changed,draft,completed,Tạo và cập nhật lệnh theo kế hoạch.,2026-01-09T08:00:00+07:00,order_event_status_00379
production_order_2026_00379,progress_note,completed,completed,Đã cập nhật tiến độ ca sản xuất.,2026-01-11T16:00:00+07:00,order_event_progress_00379
production_order_2026_00380,status_changed,draft,paused,Tạo và cập nhật lệnh theo kế hoạch.,2026-01-10T08:00:00+07:00,order_event_status_00380
production_order_2026_00380,progress_note,paused,paused,Đã cập nhật tiến độ ca sản xuất.,2026-01-12T16:00:00+07:00,order_event_progress_00380
production_order_2026_00381,status_changed,draft,planned,Tạo và cập nhật lệnh theo kế hoạch.,2026-02-10T08:00:00+07:00,order_event_status_00381
production_order_2026_00381,progress_note,planned,planned,Đã cập nhật tiến độ ca sản xuất.,2026-02-12T16:00:00+07:00,order_event_progress_00381
production_order_2026_00382,status_changed,draft,released,Tạo và cập nhật lệnh theo kế hoạch.,2026-02-11T08:00:00+07:00,order_event_status_00382
production_order_2026_00382,progress_note,released,released,Đã cập nhật tiến độ ca sản xuất.,2026-02-13T16:00:00+07:00,order_event_progress_00382
production_order_2026_00383,status_changed,draft,in_progress,Tạo và cập nhật lệnh theo kế hoạch.,2026-03-15T08:00:00+07:00,order_event_status_00383
production_order_2026_00383,progress_note,in_progress,in_progress,Đã cập nhật tiến độ ca sản xuất.,2026-03-17T16:00:00+07:00,order_event_progress_00383
production_order_2026_00384,status_changed,draft,completed,Tạo và cập nhật lệnh theo kế hoạch.,2026-03-16T08:00:00+07:00,order_event_status_00384
production_order_2026_00384,progress_note,completed,completed,Đã cập nhật tiến độ ca sản xuất.,2026-03-18T16:00:00+07:00,order_event_progress_00384
production_order_2026_00385,status_changed,draft,paused,Tạo và cập nhật lệnh theo kế hoạch.,2026-04-16T08:00:00+07:00,order_event_status_00385
production_order_2026_00385,progress_note,paused,paused,Đã cập nhật tiến độ ca sản xuất.,2026-04-18T16:00:00+07:00,order_event_progress_00385
production_order_2026_00386,status_changed,draft,planned,Tạo và cập nhật lệnh theo kế hoạch.,2026-04-17T08:00:00+07:00,order_event_status_00386
production_order_2026_00386,progress_note,planned,planned,Đã cập nhật tiến độ ca sản xuất.,2026-04-19T16:00:00+07:00,order_event_progress_00386
production_order_2026_00387,status_changed,draft,released,Tạo và cập nhật lệnh theo kế hoạch.,2026-05-21T08:00:00+07:00,order_event_status_00387
production_order_2026_00387,progress_note,released,released,Đã cập nhật tiến độ ca sản xuất.,2026-05-23T16:00:00+07:00,order_event_progress_00387
production_order_2026_00388,status_changed,draft,in_progress,Tạo và cập nhật lệnh theo kế hoạch.,2026-05-22T08:00:00+07:00,order_event_status_00388
production_order_2026_00388,progress_note,in_progress,in_progress,Đã cập nhật tiến độ ca sản xuất.,2026-05-24T16:00:00+07:00,order_event_progress_00388
production_order_2026_00389,status_changed,draft,completed,Tạo và cập nhật lệnh theo kế hoạch.,2026-06-02T08:00:00+07:00,order_event_status_00389
production_order_2026_00389,progress_note,completed,completed,Đã cập nhật tiến độ ca sản xuất.,2026-06-04T16:00:00+07:00,order_event_progress_00389
production_order_2026_00390,status_changed,draft,paused,Tạo và cập nhật lệnh theo kế hoạch.,2026-06-03T08:00:00+07:00,order_event_status_00390
production_order_2026_00390,progress_note,paused,paused,Đã cập nhật tiến độ ca sản xuất.,2026-06-05T16:00:00+07:00,order_event_progress_00390
production_order_2026_00391,status_changed,draft,planned,Tạo và cập nhật lệnh theo kế hoạch.,2026-07-07T08:00:00+07:00,order_event_status_00391
production_order_2026_00391,progress_note,planned,planned,Đã cập nhật tiến độ ca sản xuất.,2026-07-09T16:00:00+07:00,order_event_progress_00391
production_order_2026_00392,status_changed,draft,released,Tạo và cập nhật lệnh theo kế hoạch.,2026-07-08T08:00:00+07:00,order_event_status_00392
production_order_2026_00392,progress_note,released,released,Đã cập nhật tiến độ ca sản xuất.,2026-07-10T16:00:00+07:00,order_event_progress_00392
production_order_2026_00393,status_changed,draft,in_progress,Tạo và cập nhật lệnh theo kế hoạch.,2026-08-08T08:00:00+07:00,order_event_status_00393
production_order_2026_00393,progress_note,in_progress,in_progress,Đã cập nhật tiến độ ca sản xuất.,2026-08-10T16:00:00+07:00,order_event_progress_00393
production_order_2026_00394,status_changed,draft,completed,Tạo và cập nhật lệnh theo kế hoạch.,2026-08-09T08:00:00+07:00,order_event_status_00394
production_order_2026_00394,progress_note,completed,completed,Đã cập nhật tiến độ ca sản xuất.,2026-08-11T16:00:00+07:00,order_event_progress_00394
production_order_2026_00395,status_changed,draft,paused,Tạo và cập nhật lệnh theo kế hoạch.,2026-09-13T08:00:00+07:00,order_event_status_00395
production_order_2026_00395,progress_note,paused,paused,Đã cập nhật tiến độ ca sản xuất.,2026-09-15T16:00:00+07:00,order_event_progress_00395
production_order_2026_00396,status_changed,draft,planned,Tạo và cập nhật lệnh theo kế hoạch.,2026-09-14T08:00:00+07:00,order_event_status_00396
production_order_2026_00396,progress_note,planned,planned,Đã cập nhật tiến độ ca sản xuất.,2026-09-16T16:00:00+07:00,order_event_progress_00396
production_order_2026_00397,status_changed,draft,released,Tạo và cập nhật lệnh theo kế hoạch.,2026-01-14T08:00:00+07:00,order_event_status_00397
production_order_2026_00397,progress_note,released,released,Đã cập nhật tiến độ ca sản xuất.,2026-01-16T16:00:00+07:00,order_event_progress_00397
production_order_2026_00398,status_changed,draft,in_progress,Tạo và cập nhật lệnh theo kế hoạch.,2026-01-15T08:00:00+07:00,order_event_status_00398
production_order_2026_00398,progress_note,in_progress,in_progress,Đã cập nhật tiến độ ca sản xuất.,2026-01-17T16:00:00+07:00,order_event_progress_00398
production_order_2026_00399,status_changed,draft,completed,Tạo và cập nhật lệnh theo kế hoạch.,2026-02-19T08:00:00+07:00,order_event_status_00399
production_order_2026_00399,progress_note,completed,completed,Đã cập nhật tiến độ ca sản xuất.,2026-02-21T16:00:00+07:00,order_event_progress_00399
production_order_2026_00400,status_changed,draft,paused,Tạo và cập nhật lệnh theo kế hoạch.,2026-02-20T08:00:00+07:00,order_event_status_00400
production_order_2026_00400,progress_note,paused,paused,Đã cập nhật tiến độ ca sản xuất.,2026-02-22T16:00:00+07:00,order_event_progress_00400
production_order_2026_00401,status_changed,draft,planned,Tạo và cập nhật lệnh theo kế hoạch.,2026-02-28T08:00:00+07:00,order_event_status_00401
production_order_2026_00401,progress_note,planned,planned,Đã cập nhật tiến độ ca sản xuất.,2026-03-02T16:00:00+07:00,order_event_progress_00401
production_order_2026_00402,status_changed,draft,released,Tạo và cập nhật lệnh theo kế hoạch.,2026-03-01T08:00:00+07:00,order_event_status_00402
production_order_2026_00402,progress_note,released,released,Đã cập nhật tiến độ ca sản xuất.,2026-03-03T16:00:00+07:00,order_event_progress_00402
production_order_2026_00403,status_changed,draft,in_progress,Tạo và cập nhật lệnh theo kế hoạch.,2026-04-05T08:00:00+07:00,order_event_status_00403
production_order_2026_00403,progress_note,in_progress,in_progress,Đã cập nhật tiến độ ca sản xuất.,2026-04-07T16:00:00+07:00,order_event_progress_00403
production_order_2026_00404,status_changed,draft,completed,Tạo và cập nhật lệnh theo kế hoạch.,2026-04-06T08:00:00+07:00,order_event_status_00404
production_order_2026_00404,progress_note,completed,completed,Đã cập nhật tiến độ ca sản xuất.,2026-04-08T16:00:00+07:00,order_event_progress_00404
production_order_2026_00405,status_changed,draft,paused,Tạo và cập nhật lệnh theo kế hoạch.,2026-05-06T08:00:00+07:00,order_event_status_00405
production_order_2026_00405,progress_note,paused,paused,Đã cập nhật tiến độ ca sản xuất.,2026-05-08T16:00:00+07:00,order_event_progress_00405
production_order_2026_00406,status_changed,draft,planned,Tạo và cập nhật lệnh theo kế hoạch.,2026-05-07T08:00:00+07:00,order_event_status_00406
production_order_2026_00406,progress_note,planned,planned,Đã cập nhật tiến độ ca sản xuất.,2026-05-09T16:00:00+07:00,order_event_progress_00406
production_order_2026_00407,status_changed,draft,released,Tạo và cập nhật lệnh theo kế hoạch.,2026-06-11T08:00:00+07:00,order_event_status_00407
production_order_2026_00407,progress_note,released,released,Đã cập nhật tiến độ ca sản xuất.,2026-06-13T16:00:00+07:00,order_event_progress_00407
production_order_2026_00408,status_changed,draft,in_progress,Tạo và cập nhật lệnh theo kế hoạch.,2026-06-12T08:00:00+07:00,order_event_status_00408
production_order_2026_00408,progress_note,in_progress,in_progress,Đã cập nhật tiến độ ca sản xuất.,2026-06-14T16:00:00+07:00,order_event_progress_00408
production_order_2026_00409,status_changed,draft,completed,Tạo và cập nhật lệnh theo kế hoạch.,2026-07-12T08:00:00+07:00,order_event_status_00409
production_order_2026_00409,progress_note,completed,completed,Đã cập nhật tiến độ ca sản xuất.,2026-07-14T16:00:00+07:00,order_event_progress_00409
production_order_2026_00410,status_changed,draft,paused,Tạo và cập nhật lệnh theo kế hoạch.,2026-07-13T08:00:00+07:00,order_event_status_00410
production_order_2026_00410,progress_note,paused,paused,Đã cập nhật tiến độ ca sản xuất.,2026-07-15T16:00:00+07:00,order_event_progress_00410
production_order_2026_00411,status_changed,draft,planned,Tạo và cập nhật lệnh theo kế hoạch.,2026-08-17T08:00:00+07:00,order_event_status_00411
production_order_2026_00411,progress_note,planned,planned,Đã cập nhật tiến độ ca sản xuất.,2026-08-19T16:00:00+07:00,order_event_progress_00411
production_order_2026_00412,status_changed,draft,released,Tạo và cập nhật lệnh theo kế hoạch.,2026-08-18T08:00:00+07:00,order_event_status_00412
production_order_2026_00412,progress_note,released,released,Đã cập nhật tiến độ ca sản xuất.,2026-08-20T16:00:00+07:00,order_event_progress_00412
production_order_2026_00413,status_changed,draft,in_progress,Tạo và cập nhật lệnh theo kế hoạch.,2026-09-18T08:00:00+07:00,order_event_status_00413
production_order_2026_00413,progress_note,in_progress,in_progress,Đã cập nhật tiến độ ca sản xuất.,2026-09-20T16:00:00+07:00,order_event_progress_00413
production_order_2026_00414,status_changed,draft,completed,Tạo và cập nhật lệnh theo kế hoạch.,2026-09-19T08:00:00+07:00,order_event_status_00414
production_order_2026_00414,progress_note,completed,completed,Đã cập nhật tiến độ ca sản xuất.,2026-09-21T16:00:00+07:00,order_event_progress_00414
production_order_2026_00415,status_changed,draft,paused,Tạo và cập nhật lệnh theo kế hoạch.,2026-01-03T08:00:00+07:00,order_event_status_00415
production_order_2026_00415,progress_note,paused,paused,Đã cập nhật tiến độ ca sản xuất.,2026-01-05T16:00:00+07:00,order_event_progress_00415
production_order_2026_00416,status_changed,draft,planned,Tạo và cập nhật lệnh theo kế hoạch.,2026-01-04T08:00:00+07:00,order_event_status_00416
production_order_2026_00416,progress_note,planned,planned,Đã cập nhật tiến độ ca sản xuất.,2026-01-06T16:00:00+07:00,order_event_progress_00416
production_order_2026_00417,status_changed,draft,released,Tạo và cập nhật lệnh theo kế hoạch.,2026-02-04T08:00:00+07:00,order_event_status_00417
production_order_2026_00417,progress_note,released,released,Đã cập nhật tiến độ ca sản xuất.,2026-02-06T16:00:00+07:00,order_event_progress_00417
production_order_2026_00418,status_changed,draft,in_progress,Tạo và cập nhật lệnh theo kế hoạch.,2026-02-05T08:00:00+07:00,order_event_status_00418
production_order_2026_00418,progress_note,in_progress,in_progress,Đã cập nhật tiến độ ca sản xuất.,2026-02-07T16:00:00+07:00,order_event_progress_00418
production_order_2026_00419,status_changed,draft,completed,Tạo và cập nhật lệnh theo kế hoạch.,2026-03-09T08:00:00+07:00,order_event_status_00419
production_order_2026_00419,progress_note,completed,completed,Đã cập nhật tiến độ ca sản xuất.,2026-03-11T16:00:00+07:00,order_event_progress_00419
production_order_2026_00420,status_changed,draft,paused,Tạo và cập nhật lệnh theo kế hoạch.,2026-03-10T08:00:00+07:00,order_event_status_00420
production_order_2026_00420,progress_note,paused,paused,Đã cập nhật tiến độ ca sản xuất.,2026-03-12T16:00:00+07:00,order_event_progress_00420
production_order_2026_00421,status_changed,draft,planned,Tạo và cập nhật lệnh theo kế hoạch.,2026-04-10T08:00:00+07:00,order_event_status_00421
production_order_2026_00421,progress_note,planned,planned,Đã cập nhật tiến độ ca sản xuất.,2026-04-12T16:00:00+07:00,order_event_progress_00421
production_order_2026_00422,status_changed,draft,released,Tạo và cập nhật lệnh theo kế hoạch.,2026-04-11T08:00:00+07:00,order_event_status_00422
production_order_2026_00422,progress_note,released,released,Đã cập nhật tiến độ ca sản xuất.,2026-04-13T16:00:00+07:00,order_event_progress_00422
production_order_2026_00423,status_changed,draft,in_progress,Tạo và cập nhật lệnh theo kế hoạch.,2026-05-15T08:00:00+07:00,order_event_status_00423
production_order_2026_00423,progress_note,in_progress,in_progress,Đã cập nhật tiến độ ca sản xuất.,2026-05-17T16:00:00+07:00,order_event_progress_00423
production_order_2026_00424,status_changed,draft,completed,Tạo và cập nhật lệnh theo kế hoạch.,2026-05-16T08:00:00+07:00,order_event_status_00424
production_order_2026_00424,progress_note,completed,completed,Đã cập nhật tiến độ ca sản xuất.,2026-05-18T16:00:00+07:00,order_event_progress_00424
production_order_2026_00425,status_changed,draft,paused,Tạo và cập nhật lệnh theo kế hoạch.,2026-06-16T08:00:00+07:00,order_event_status_00425
production_order_2026_00425,progress_note,paused,paused,Đã cập nhật tiến độ ca sản xuất.,2026-06-18T16:00:00+07:00,order_event_progress_00425
production_order_2026_00426,status_changed,draft,planned,Tạo và cập nhật lệnh theo kế hoạch.,2026-06-17T08:00:00+07:00,order_event_status_00426
production_order_2026_00426,progress_note,planned,planned,Đã cập nhật tiến độ ca sản xuất.,2026-06-19T16:00:00+07:00,order_event_progress_00426
production_order_2026_00427,status_changed,draft,released,Tạo và cập nhật lệnh theo kế hoạch.,2026-07-21T08:00:00+07:00,order_event_status_00427
production_order_2026_00427,progress_note,released,released,Đã cập nhật tiến độ ca sản xuất.,2026-07-23T16:00:00+07:00,order_event_progress_00427
production_order_2026_00428,status_changed,draft,in_progress,Tạo và cập nhật lệnh theo kế hoạch.,2026-07-22T08:00:00+07:00,order_event_status_00428
production_order_2026_00428,progress_note,in_progress,in_progress,Đã cập nhật tiến độ ca sản xuất.,2026-07-24T16:00:00+07:00,order_event_progress_00428
production_order_2026_00429,status_changed,draft,completed,Tạo và cập nhật lệnh theo kế hoạch.,2026-08-02T08:00:00+07:00,order_event_status_00429
production_order_2026_00429,progress_note,completed,completed,Đã cập nhật tiến độ ca sản xuất.,2026-08-04T16:00:00+07:00,order_event_progress_00429
production_order_2026_00430,status_changed,draft,paused,Tạo và cập nhật lệnh theo kế hoạch.,2026-08-03T08:00:00+07:00,order_event_status_00430
production_order_2026_00430,progress_note,paused,paused,Đã cập nhật tiến độ ca sản xuất.,2026-08-05T16:00:00+07:00,order_event_progress_00430
production_order_2026_00431,status_changed,draft,planned,Tạo và cập nhật lệnh theo kế hoạch.,2026-09-07T08:00:00+07:00,order_event_status_00431
production_order_2026_00431,progress_note,planned,planned,Đã cập nhật tiến độ ca sản xuất.,2026-09-09T16:00:00+07:00,order_event_progress_00431
production_order_2026_00432,status_changed,draft,released,Tạo và cập nhật lệnh theo kế hoạch.,2026-09-08T08:00:00+07:00,order_event_status_00432
production_order_2026_00432,progress_note,released,released,Đã cập nhật tiến độ ca sản xuất.,2026-09-10T16:00:00+07:00,order_event_progress_00432
production_order_2026_00433,status_changed,draft,in_progress,Tạo và cập nhật lệnh theo kế hoạch.,2026-01-08T08:00:00+07:00,order_event_status_00433
production_order_2026_00433,progress_note,in_progress,in_progress,Đã cập nhật tiến độ ca sản xuất.,2026-01-10T16:00:00+07:00,order_event_progress_00433
production_order_2026_00434,status_changed,draft,completed,Tạo và cập nhật lệnh theo kế hoạch.,2026-01-09T08:00:00+07:00,order_event_status_00434
production_order_2026_00434,progress_note,completed,completed,Đã cập nhật tiến độ ca sản xuất.,2026-01-11T16:00:00+07:00,order_event_progress_00434
production_order_2026_00435,status_changed,draft,paused,Tạo và cập nhật lệnh theo kế hoạch.,2026-02-13T08:00:00+07:00,order_event_status_00435
production_order_2026_00435,progress_note,paused,paused,Đã cập nhật tiến độ ca sản xuất.,2026-02-15T16:00:00+07:00,order_event_progress_00435
production_order_2026_00436,status_changed,draft,planned,Tạo và cập nhật lệnh theo kế hoạch.,2026-02-14T08:00:00+07:00,order_event_status_00436
production_order_2026_00436,progress_note,planned,planned,Đã cập nhật tiến độ ca sản xuất.,2026-02-16T16:00:00+07:00,order_event_progress_00436
production_order_2026_00437,status_changed,draft,released,Tạo và cập nhật lệnh theo kế hoạch.,2026-03-14T08:00:00+07:00,order_event_status_00437
production_order_2026_00437,progress_note,released,released,Đã cập nhật tiến độ ca sản xuất.,2026-03-16T16:00:00+07:00,order_event_progress_00437
production_order_2026_00438,status_changed,draft,in_progress,Tạo và cập nhật lệnh theo kế hoạch.,2026-03-15T08:00:00+07:00,order_event_status_00438
production_order_2026_00438,progress_note,in_progress,in_progress,Đã cập nhật tiến độ ca sản xuất.,2026-03-17T16:00:00+07:00,order_event_progress_00438
production_order_2026_00439,status_changed,draft,completed,Tạo và cập nhật lệnh theo kế hoạch.,2026-04-19T08:00:00+07:00,order_event_status_00439
production_order_2026_00439,progress_note,completed,completed,Đã cập nhật tiến độ ca sản xuất.,2026-04-21T16:00:00+07:00,order_event_progress_00439
production_order_2026_00440,status_changed,draft,paused,Tạo và cập nhật lệnh theo kế hoạch.,2026-04-20T08:00:00+07:00,order_event_status_00440
production_order_2026_00440,progress_note,paused,paused,Đã cập nhật tiến độ ca sản xuất.,2026-04-22T16:00:00+07:00,order_event_progress_00440
production_order_2026_00441,status_changed,draft,planned,Tạo và cập nhật lệnh theo kế hoạch.,2026-04-30T08:00:00+07:00,order_event_status_00441
production_order_2026_00441,progress_note,planned,planned,Đã cập nhật tiến độ ca sản xuất.,2026-05-02T16:00:00+07:00,order_event_progress_00441
production_order_2026_00442,status_changed,draft,released,Tạo và cập nhật lệnh theo kế hoạch.,2026-05-01T08:00:00+07:00,order_event_status_00442
production_order_2026_00442,progress_note,released,released,Đã cập nhật tiến độ ca sản xuất.,2026-05-03T16:00:00+07:00,order_event_progress_00442
production_order_2026_00443,status_changed,draft,in_progress,Tạo và cập nhật lệnh theo kế hoạch.,2026-06-05T08:00:00+07:00,order_event_status_00443
production_order_2026_00443,progress_note,in_progress,in_progress,Đã cập nhật tiến độ ca sản xuất.,2026-06-07T16:00:00+07:00,order_event_progress_00443
production_order_2026_00444,status_changed,draft,completed,Tạo và cập nhật lệnh theo kế hoạch.,2026-06-06T08:00:00+07:00,order_event_status_00444
production_order_2026_00444,progress_note,completed,completed,Đã cập nhật tiến độ ca sản xuất.,2026-06-08T16:00:00+07:00,order_event_progress_00444
production_order_2026_00445,status_changed,draft,paused,Tạo và cập nhật lệnh theo kế hoạch.,2026-07-06T08:00:00+07:00,order_event_status_00445
production_order_2026_00445,progress_note,paused,paused,Đã cập nhật tiến độ ca sản xuất.,2026-07-08T16:00:00+07:00,order_event_progress_00445
production_order_2026_00446,status_changed,draft,planned,Tạo và cập nhật lệnh theo kế hoạch.,2026-07-07T08:00:00+07:00,order_event_status_00446
production_order_2026_00446,progress_note,planned,planned,Đã cập nhật tiến độ ca sản xuất.,2026-07-09T16:00:00+07:00,order_event_progress_00446
production_order_2026_00447,status_changed,draft,released,Tạo và cập nhật lệnh theo kế hoạch.,2026-08-11T08:00:00+07:00,order_event_status_00447
production_order_2026_00447,progress_note,released,released,Đã cập nhật tiến độ ca sản xuất.,2026-08-13T16:00:00+07:00,order_event_progress_00447
production_order_2026_00448,status_changed,draft,in_progress,Tạo và cập nhật lệnh theo kế hoạch.,2026-08-12T08:00:00+07:00,order_event_status_00448
production_order_2026_00448,progress_note,in_progress,in_progress,Đã cập nhật tiến độ ca sản xuất.,2026-08-14T16:00:00+07:00,order_event_progress_00448
production_order_2026_00449,status_changed,draft,completed,Tạo và cập nhật lệnh theo kế hoạch.,2026-09-12T08:00:00+07:00,order_event_status_00449
production_order_2026_00449,progress_note,completed,completed,Đã cập nhật tiến độ ca sản xuất.,2026-09-14T16:00:00+07:00,order_event_progress_00449
production_order_2026_00450,status_changed,draft,paused,Tạo và cập nhật lệnh theo kế hoạch.,2026-09-13T08:00:00+07:00,order_event_status_00450
production_order_2026_00450,progress_note,paused,paused,Đã cập nhật tiến độ ca sản xuất.,2026-09-15T16:00:00+07:00,order_event_progress_00450
production_order_2026_00451,status_changed,draft,planned,Tạo và cập nhật lệnh theo kế hoạch.,2026-01-17T08:00:00+07:00,order_event_status_00451
production_order_2026_00451,progress_note,planned,planned,Đã cập nhật tiến độ ca sản xuất.,2026-01-19T16:00:00+07:00,order_event_progress_00451
production_order_2026_00452,status_changed,draft,released,Tạo và cập nhật lệnh theo kế hoạch.,2026-01-18T08:00:00+07:00,order_event_status_00452
production_order_2026_00452,progress_note,released,released,Đã cập nhật tiến độ ca sản xuất.,2026-01-20T16:00:00+07:00,order_event_progress_00452
production_order_2026_00453,status_changed,draft,in_progress,Tạo và cập nhật lệnh theo kế hoạch.,2026-02-18T08:00:00+07:00,order_event_status_00453
production_order_2026_00453,progress_note,in_progress,in_progress,Đã cập nhật tiến độ ca sản xuất.,2026-02-20T16:00:00+07:00,order_event_progress_00453
production_order_2026_00454,status_changed,draft,completed,Tạo và cập nhật lệnh theo kế hoạch.,2026-02-19T08:00:00+07:00,order_event_status_00454
production_order_2026_00454,progress_note,completed,completed,Đã cập nhật tiến độ ca sản xuất.,2026-02-21T16:00:00+07:00,order_event_progress_00454
production_order_2026_00455,status_changed,draft,paused,Tạo và cập nhật lệnh theo kế hoạch.,2026-03-03T08:00:00+07:00,order_event_status_00455
production_order_2026_00455,progress_note,paused,paused,Đã cập nhật tiến độ ca sản xuất.,2026-03-05T16:00:00+07:00,order_event_progress_00455
production_order_2026_00456,status_changed,draft,planned,Tạo và cập nhật lệnh theo kế hoạch.,2026-03-04T08:00:00+07:00,order_event_status_00456
production_order_2026_00456,progress_note,planned,planned,Đã cập nhật tiến độ ca sản xuất.,2026-03-06T16:00:00+07:00,order_event_progress_00456
production_order_2026_00457,status_changed,draft,released,Tạo và cập nhật lệnh theo kế hoạch.,2026-04-04T08:00:00+07:00,order_event_status_00457
production_order_2026_00457,progress_note,released,released,Đã cập nhật tiến độ ca sản xuất.,2026-04-06T16:00:00+07:00,order_event_progress_00457
production_order_2026_00458,status_changed,draft,in_progress,Tạo và cập nhật lệnh theo kế hoạch.,2026-04-05T08:00:00+07:00,order_event_status_00458
production_order_2026_00458,progress_note,in_progress,in_progress,Đã cập nhật tiến độ ca sản xuất.,2026-04-07T16:00:00+07:00,order_event_progress_00458
production_order_2026_00459,status_changed,draft,completed,Tạo và cập nhật lệnh theo kế hoạch.,2026-05-09T08:00:00+07:00,order_event_status_00459
production_order_2026_00459,progress_note,completed,completed,Đã cập nhật tiến độ ca sản xuất.,2026-05-11T16:00:00+07:00,order_event_progress_00459
production_order_2026_00460,status_changed,draft,paused,Tạo và cập nhật lệnh theo kế hoạch.,2026-05-10T08:00:00+07:00,order_event_status_00460
production_order_2026_00460,progress_note,paused,paused,Đã cập nhật tiến độ ca sản xuất.,2026-05-12T16:00:00+07:00,order_event_progress_00460
production_order_2026_00461,status_changed,draft,planned,Tạo và cập nhật lệnh theo kế hoạch.,2026-06-10T08:00:00+07:00,order_event_status_00461
production_order_2026_00461,progress_note,planned,planned,Đã cập nhật tiến độ ca sản xuất.,2026-06-12T16:00:00+07:00,order_event_progress_00461
production_order_2026_00462,status_changed,draft,released,Tạo và cập nhật lệnh theo kế hoạch.,2026-06-11T08:00:00+07:00,order_event_status_00462
production_order_2026_00462,progress_note,released,released,Đã cập nhật tiến độ ca sản xuất.,2026-06-13T16:00:00+07:00,order_event_progress_00462
production_order_2026_00463,status_changed,draft,in_progress,Tạo và cập nhật lệnh theo kế hoạch.,2026-07-15T08:00:00+07:00,order_event_status_00463
production_order_2026_00463,progress_note,in_progress,in_progress,Đã cập nhật tiến độ ca sản xuất.,2026-07-17T16:00:00+07:00,order_event_progress_00463
production_order_2026_00464,status_changed,draft,completed,Tạo và cập nhật lệnh theo kế hoạch.,2026-07-16T08:00:00+07:00,order_event_status_00464
production_order_2026_00464,progress_note,completed,completed,Đã cập nhật tiến độ ca sản xuất.,2026-07-18T16:00:00+07:00,order_event_progress_00464
production_order_2026_00465,status_changed,draft,paused,Tạo và cập nhật lệnh theo kế hoạch.,2026-08-16T08:00:00+07:00,order_event_status_00465
production_order_2026_00465,progress_note,paused,paused,Đã cập nhật tiến độ ca sản xuất.,2026-08-18T16:00:00+07:00,order_event_progress_00465
production_order_2026_00466,status_changed,draft,planned,Tạo và cập nhật lệnh theo kế hoạch.,2026-08-17T08:00:00+07:00,order_event_status_00466
production_order_2026_00466,progress_note,planned,planned,Đã cập nhật tiến độ ca sản xuất.,2026-08-19T16:00:00+07:00,order_event_progress_00466
production_order_2026_00467,status_changed,draft,released,Tạo và cập nhật lệnh theo kế hoạch.,2026-09-21T08:00:00+07:00,order_event_status_00467
production_order_2026_00467,progress_note,released,released,Đã cập nhật tiến độ ca sản xuất.,2026-09-23T16:00:00+07:00,order_event_progress_00467
production_order_2026_00468,status_changed,draft,in_progress,Tạo và cập nhật lệnh theo kế hoạch.,2026-09-22T08:00:00+07:00,order_event_status_00468
production_order_2026_00468,progress_note,in_progress,in_progress,Đã cập nhật tiến độ ca sản xuất.,2026-09-24T16:00:00+07:00,order_event_progress_00468
production_order_2026_00469,status_changed,draft,completed,Tạo và cập nhật lệnh theo kế hoạch.,2026-01-02T08:00:00+07:00,order_event_status_00469
production_order_2026_00469,progress_note,completed,completed,Đã cập nhật tiến độ ca sản xuất.,2026-01-04T16:00:00+07:00,order_event_progress_00469
production_order_2026_00470,status_changed,draft,paused,Tạo và cập nhật lệnh theo kế hoạch.,2026-01-03T08:00:00+07:00,order_event_status_00470
production_order_2026_00470,progress_note,paused,paused,Đã cập nhật tiến độ ca sản xuất.,2026-01-05T16:00:00+07:00,order_event_progress_00470
production_order_2026_00471,status_changed,draft,planned,Tạo và cập nhật lệnh theo kế hoạch.,2026-02-07T08:00:00+07:00,order_event_status_00471
production_order_2026_00471,progress_note,planned,planned,Đã cập nhật tiến độ ca sản xuất.,2026-02-09T16:00:00+07:00,order_event_progress_00471
production_order_2026_00472,status_changed,draft,released,Tạo và cập nhật lệnh theo kế hoạch.,2026-02-08T08:00:00+07:00,order_event_status_00472
production_order_2026_00472,progress_note,released,released,Đã cập nhật tiến độ ca sản xuất.,2026-02-10T16:00:00+07:00,order_event_progress_00472
production_order_2026_00473,status_changed,draft,in_progress,Tạo và cập nhật lệnh theo kế hoạch.,2026-03-08T08:00:00+07:00,order_event_status_00473
production_order_2026_00473,progress_note,in_progress,in_progress,Đã cập nhật tiến độ ca sản xuất.,2026-03-10T16:00:00+07:00,order_event_progress_00473
production_order_2026_00474,status_changed,draft,completed,Tạo và cập nhật lệnh theo kế hoạch.,2026-03-09T08:00:00+07:00,order_event_status_00474
production_order_2026_00474,progress_note,completed,completed,Đã cập nhật tiến độ ca sản xuất.,2026-03-11T16:00:00+07:00,order_event_progress_00474
production_order_2026_00475,status_changed,draft,paused,Tạo và cập nhật lệnh theo kế hoạch.,2026-04-13T08:00:00+07:00,order_event_status_00475
production_order_2026_00475,progress_note,paused,paused,Đã cập nhật tiến độ ca sản xuất.,2026-04-15T16:00:00+07:00,order_event_progress_00475
production_order_2026_00476,status_changed,draft,planned,Tạo và cập nhật lệnh theo kế hoạch.,2026-04-14T08:00:00+07:00,order_event_status_00476
production_order_2026_00476,progress_note,planned,planned,Đã cập nhật tiến độ ca sản xuất.,2026-04-16T16:00:00+07:00,order_event_progress_00476
production_order_2026_00477,status_changed,draft,released,Tạo và cập nhật lệnh theo kế hoạch.,2026-05-14T08:00:00+07:00,order_event_status_00477
production_order_2026_00477,progress_note,released,released,Đã cập nhật tiến độ ca sản xuất.,2026-05-16T16:00:00+07:00,order_event_progress_00477
production_order_2026_00478,status_changed,draft,in_progress,Tạo và cập nhật lệnh theo kế hoạch.,2026-05-15T08:00:00+07:00,order_event_status_00478
production_order_2026_00478,progress_note,in_progress,in_progress,Đã cập nhật tiến độ ca sản xuất.,2026-05-17T16:00:00+07:00,order_event_progress_00478
production_order_2026_00479,status_changed,draft,completed,Tạo và cập nhật lệnh theo kế hoạch.,2026-06-19T08:00:00+07:00,order_event_status_00479
production_order_2026_00479,progress_note,completed,completed,Đã cập nhật tiến độ ca sản xuất.,2026-06-21T16:00:00+07:00,order_event_progress_00479
production_order_2026_00480,status_changed,draft,paused,Tạo và cập nhật lệnh theo kế hoạch.,2026-06-20T08:00:00+07:00,order_event_status_00480
production_order_2026_00480,progress_note,paused,paused,Đã cập nhật tiến độ ca sản xuất.,2026-06-22T16:00:00+07:00,order_event_progress_00480
production_order_2026_00481,status_changed,draft,planned,Tạo và cập nhật lệnh theo kế hoạch.,2026-06-30T08:00:00+07:00,order_event_status_00481
production_order_2026_00481,progress_note,planned,planned,Đã cập nhật tiến độ ca sản xuất.,2026-07-02T16:00:00+07:00,order_event_progress_00481
production_order_2026_00482,status_changed,draft,released,Tạo và cập nhật lệnh theo kế hoạch.,2026-07-01T08:00:00+07:00,order_event_status_00482
production_order_2026_00482,progress_note,released,released,Đã cập nhật tiến độ ca sản xuất.,2026-07-03T16:00:00+07:00,order_event_progress_00482
production_order_2026_00483,status_changed,draft,in_progress,Tạo và cập nhật lệnh theo kế hoạch.,2026-08-05T08:00:00+07:00,order_event_status_00483
production_order_2026_00483,progress_note,in_progress,in_progress,Đã cập nhật tiến độ ca sản xuất.,2026-08-07T16:00:00+07:00,order_event_progress_00483
production_order_2026_00484,status_changed,draft,completed,Tạo và cập nhật lệnh theo kế hoạch.,2026-08-06T08:00:00+07:00,order_event_status_00484
production_order_2026_00484,progress_note,completed,completed,Đã cập nhật tiến độ ca sản xuất.,2026-08-08T16:00:00+07:00,order_event_progress_00484
production_order_2026_00485,status_changed,draft,paused,Tạo và cập nhật lệnh theo kế hoạch.,2026-09-06T08:00:00+07:00,order_event_status_00485
production_order_2026_00485,progress_note,paused,paused,Đã cập nhật tiến độ ca sản xuất.,2026-09-08T16:00:00+07:00,order_event_progress_00485
production_order_2026_00486,status_changed,draft,planned,Tạo và cập nhật lệnh theo kế hoạch.,2026-09-07T08:00:00+07:00,order_event_status_00486
production_order_2026_00486,progress_note,planned,planned,Đã cập nhật tiến độ ca sản xuất.,2026-09-09T16:00:00+07:00,order_event_progress_00486
production_order_2026_00487,status_changed,draft,released,Tạo và cập nhật lệnh theo kế hoạch.,2026-01-11T08:00:00+07:00,order_event_status_00487
production_order_2026_00487,progress_note,released,released,Đã cập nhật tiến độ ca sản xuất.,2026-01-13T16:00:00+07:00,order_event_progress_00487
production_order_2026_00488,status_changed,draft,in_progress,Tạo và cập nhật lệnh theo kế hoạch.,2026-01-12T08:00:00+07:00,order_event_status_00488
production_order_2026_00488,progress_note,in_progress,in_progress,Đã cập nhật tiến độ ca sản xuất.,2026-01-14T16:00:00+07:00,order_event_progress_00488
production_order_2026_00489,status_changed,draft,completed,Tạo và cập nhật lệnh theo kế hoạch.,2026-02-12T08:00:00+07:00,order_event_status_00489
production_order_2026_00489,progress_note,completed,completed,Đã cập nhật tiến độ ca sản xuất.,2026-02-14T16:00:00+07:00,order_event_progress_00489
production_order_2026_00490,status_changed,draft,paused,Tạo và cập nhật lệnh theo kế hoạch.,2026-02-13T08:00:00+07:00,order_event_status_00490
production_order_2026_00490,progress_note,paused,paused,Đã cập nhật tiến độ ca sản xuất.,2026-02-15T16:00:00+07:00,order_event_progress_00490
production_order_2026_00491,status_changed,draft,planned,Tạo và cập nhật lệnh theo kế hoạch.,2026-03-17T08:00:00+07:00,order_event_status_00491
production_order_2026_00491,progress_note,planned,planned,Đã cập nhật tiến độ ca sản xuất.,2026-03-19T16:00:00+07:00,order_event_progress_00491
production_order_2026_00492,status_changed,draft,released,Tạo và cập nhật lệnh theo kế hoạch.,2026-03-18T08:00:00+07:00,order_event_status_00492
production_order_2026_00492,progress_note,released,released,Đã cập nhật tiến độ ca sản xuất.,2026-03-20T16:00:00+07:00,order_event_progress_00492
production_order_2026_00493,status_changed,draft,in_progress,Tạo và cập nhật lệnh theo kế hoạch.,2026-04-18T08:00:00+07:00,order_event_status_00493
production_order_2026_00493,progress_note,in_progress,in_progress,Đã cập nhật tiến độ ca sản xuất.,2026-04-20T16:00:00+07:00,order_event_progress_00493
production_order_2026_00494,status_changed,draft,completed,Tạo và cập nhật lệnh theo kế hoạch.,2026-04-19T08:00:00+07:00,order_event_status_00494
production_order_2026_00494,progress_note,completed,completed,Đã cập nhật tiến độ ca sản xuất.,2026-04-21T16:00:00+07:00,order_event_progress_00494
production_order_2026_00495,status_changed,draft,paused,Tạo và cập nhật lệnh theo kế hoạch.,2026-05-03T08:00:00+07:00,order_event_status_00495
production_order_2026_00495,progress_note,paused,paused,Đã cập nhật tiến độ ca sản xuất.,2026-05-05T16:00:00+07:00,order_event_progress_00495
production_order_2026_00496,status_changed,draft,planned,Tạo và cập nhật lệnh theo kế hoạch.,2026-05-04T08:00:00+07:00,order_event_status_00496
production_order_2026_00496,progress_note,planned,planned,Đã cập nhật tiến độ ca sản xuất.,2026-05-06T16:00:00+07:00,order_event_progress_00496
production_order_2026_00497,status_changed,draft,released,Tạo và cập nhật lệnh theo kế hoạch.,2026-06-04T08:00:00+07:00,order_event_status_00497
production_order_2026_00497,progress_note,released,released,Đã cập nhật tiến độ ca sản xuất.,2026-06-06T16:00:00+07:00,order_event_progress_00497
production_order_2026_00498,status_changed,draft,in_progress,Tạo và cập nhật lệnh theo kế hoạch.,2026-06-05T08:00:00+07:00,order_event_status_00498
production_order_2026_00498,progress_note,in_progress,in_progress,Đã cập nhật tiến độ ca sản xuất.,2026-06-07T16:00:00+07:00,order_event_progress_00498
production_order_2026_00499,status_changed,draft,completed,Tạo và cập nhật lệnh theo kế hoạch.,2026-07-09T08:00:00+07:00,order_event_status_00499
production_order_2026_00499,progress_note,completed,completed,Đã cập nhật tiến độ ca sản xuất.,2026-07-11T16:00:00+07:00,order_event_progress_00499
production_order_2026_00500,status_changed,draft,paused,Tạo và cập nhật lệnh theo kế hoạch.,2026-07-10T08:00:00+07:00,order_event_status_00500
production_order_2026_00500,progress_note,paused,paused,Đã cập nhật tiến độ ca sản xuất.,2026-07-12T16:00:00+07:00,order_event_progress_00500
production_order_2026_00501,status_changed,draft,planned,Tạo và cập nhật lệnh theo kế hoạch.,2025-12-31T08:00:00+07:00,order_event_status_00501
production_order_2026_00501,progress_note,planned,planned,Đã cập nhật tiến độ ca sản xuất.,2026-01-02T16:00:00+07:00,order_event_progress_00501
production_order_2026_00502,status_changed,draft,released,Tạo và cập nhật lệnh theo kế hoạch.,2026-01-01T08:00:00+07:00,order_event_status_00502
production_order_2026_00502,progress_note,released,released,Đã cập nhật tiến độ ca sản xuất.,2026-01-03T16:00:00+07:00,order_event_progress_00502
production_order_2026_00503,status_changed,draft,in_progress,Tạo và cập nhật lệnh theo kế hoạch.,2026-02-05T08:00:00+07:00,order_event_status_00503
production_order_2026_00503,progress_note,in_progress,in_progress,Đã cập nhật tiến độ ca sản xuất.,2026-02-07T16:00:00+07:00,order_event_progress_00503
production_order_2026_00504,status_changed,draft,completed,Tạo và cập nhật lệnh theo kế hoạch.,2026-02-06T08:00:00+07:00,order_event_status_00504
production_order_2026_00504,progress_note,completed,completed,Đã cập nhật tiến độ ca sản xuất.,2026-02-08T16:00:00+07:00,order_event_progress_00504
production_order_2026_00505,status_changed,draft,paused,Tạo và cập nhật lệnh theo kế hoạch.,2026-03-06T08:00:00+07:00,order_event_status_00505
production_order_2026_00505,progress_note,paused,paused,Đã cập nhật tiến độ ca sản xuất.,2026-03-08T16:00:00+07:00,order_event_progress_00505
production_order_2026_00506,status_changed,draft,planned,Tạo và cập nhật lệnh theo kế hoạch.,2026-03-07T08:00:00+07:00,order_event_status_00506
production_order_2026_00506,progress_note,planned,planned,Đã cập nhật tiến độ ca sản xuất.,2026-03-09T16:00:00+07:00,order_event_progress_00506
production_order_2026_00507,status_changed,draft,released,Tạo và cập nhật lệnh theo kế hoạch.,2026-04-11T08:00:00+07:00,order_event_status_00507
production_order_2026_00507,progress_note,released,released,Đã cập nhật tiến độ ca sản xuất.,2026-04-13T16:00:00+07:00,order_event_progress_00507
production_order_2026_00508,status_changed,draft,in_progress,Tạo và cập nhật lệnh theo kế hoạch.,2026-04-12T08:00:00+07:00,order_event_status_00508
production_order_2026_00508,progress_note,in_progress,in_progress,Đã cập nhật tiến độ ca sản xuất.,2026-04-14T16:00:00+07:00,order_event_progress_00508
production_order_2026_00509,status_changed,draft,completed,Tạo và cập nhật lệnh theo kế hoạch.,2026-05-12T08:00:00+07:00,order_event_status_00509
production_order_2026_00509,progress_note,completed,completed,Đã cập nhật tiến độ ca sản xuất.,2026-05-14T16:00:00+07:00,order_event_progress_00509
production_order_2026_00510,status_changed,draft,paused,Tạo và cập nhật lệnh theo kế hoạch.,2026-05-13T08:00:00+07:00,order_event_status_00510
production_order_2026_00510,progress_note,paused,paused,Đã cập nhật tiến độ ca sản xuất.,2026-05-15T16:00:00+07:00,order_event_progress_00510
production_order_2026_00511,status_changed,draft,planned,Tạo và cập nhật lệnh theo kế hoạch.,2026-06-17T08:00:00+07:00,order_event_status_00511
production_order_2026_00511,progress_note,planned,planned,Đã cập nhật tiến độ ca sản xuất.,2026-06-19T16:00:00+07:00,order_event_progress_00511
production_order_2026_00512,status_changed,draft,released,Tạo và cập nhật lệnh theo kế hoạch.,2026-06-18T08:00:00+07:00,order_event_status_00512
production_order_2026_00512,progress_note,released,released,Đã cập nhật tiến độ ca sản xuất.,2026-06-20T16:00:00+07:00,order_event_progress_00512
production_order_2026_00513,status_changed,draft,in_progress,Tạo và cập nhật lệnh theo kế hoạch.,2026-07-18T08:00:00+07:00,order_event_status_00513
production_order_2026_00513,progress_note,in_progress,in_progress,Đã cập nhật tiến độ ca sản xuất.,2026-07-20T16:00:00+07:00,order_event_progress_00513
production_order_2026_00514,status_changed,draft,completed,Tạo và cập nhật lệnh theo kế hoạch.,2026-07-19T08:00:00+07:00,order_event_status_00514
production_order_2026_00514,progress_note,completed,completed,Đã cập nhật tiến độ ca sản xuất.,2026-07-21T16:00:00+07:00,order_event_progress_00514
production_order_2026_00515,status_changed,draft,paused,Tạo và cập nhật lệnh theo kế hoạch.,2026-08-03T08:00:00+07:00,order_event_status_00515
production_order_2026_00515,progress_note,paused,paused,Đã cập nhật tiến độ ca sản xuất.,2026-08-05T16:00:00+07:00,order_event_progress_00515
production_order_2026_00516,status_changed,draft,planned,Tạo và cập nhật lệnh theo kế hoạch.,2026-08-04T08:00:00+07:00,order_event_status_00516
production_order_2026_00516,progress_note,planned,planned,Đã cập nhật tiến độ ca sản xuất.,2026-08-06T16:00:00+07:00,order_event_progress_00516
production_order_2026_00517,status_changed,draft,released,Tạo và cập nhật lệnh theo kế hoạch.,2026-09-04T08:00:00+07:00,order_event_status_00517
production_order_2026_00517,progress_note,released,released,Đã cập nhật tiến độ ca sản xuất.,2026-09-06T16:00:00+07:00,order_event_progress_00517
production_order_2026_00518,status_changed,draft,in_progress,Tạo và cập nhật lệnh theo kế hoạch.,2026-09-05T08:00:00+07:00,order_event_status_00518
production_order_2026_00518,progress_note,in_progress,in_progress,Đã cập nhật tiến độ ca sản xuất.,2026-09-07T16:00:00+07:00,order_event_progress_00518
production_order_2026_00519,status_changed,draft,completed,Tạo và cập nhật lệnh theo kế hoạch.,2026-01-09T08:00:00+07:00,order_event_status_00519
production_order_2026_00519,progress_note,completed,completed,Đã cập nhật tiến độ ca sản xuất.,2026-01-11T16:00:00+07:00,order_event_progress_00519
production_order_2026_00520,status_changed,draft,paused,Tạo và cập nhật lệnh theo kế hoạch.,2026-01-10T08:00:00+07:00,order_event_status_00520
production_order_2026_00520,progress_note,paused,paused,Đã cập nhật tiến độ ca sản xuất.,2026-01-12T16:00:00+07:00,order_event_progress_00520
production_order_2026_00521,status_changed,draft,planned,Tạo và cập nhật lệnh theo kế hoạch.,2026-02-10T08:00:00+07:00,order_event_status_00521
production_order_2026_00521,progress_note,planned,planned,Đã cập nhật tiến độ ca sản xuất.,2026-02-12T16:00:00+07:00,order_event_progress_00521
production_order_2026_00522,status_changed,draft,released,Tạo và cập nhật lệnh theo kế hoạch.,2026-02-11T08:00:00+07:00,order_event_status_00522
production_order_2026_00522,progress_note,released,released,Đã cập nhật tiến độ ca sản xuất.,2026-02-13T16:00:00+07:00,order_event_progress_00522
production_order_2026_00523,status_changed,draft,in_progress,Tạo và cập nhật lệnh theo kế hoạch.,2026-03-15T08:00:00+07:00,order_event_status_00523
production_order_2026_00523,progress_note,in_progress,in_progress,Đã cập nhật tiến độ ca sản xuất.,2026-03-17T16:00:00+07:00,order_event_progress_00523
production_order_2026_00524,status_changed,draft,completed,Tạo và cập nhật lệnh theo kế hoạch.,2026-03-16T08:00:00+07:00,order_event_status_00524
production_order_2026_00524,progress_note,completed,completed,Đã cập nhật tiến độ ca sản xuất.,2026-03-18T16:00:00+07:00,order_event_progress_00524
production_order_2026_00525,status_changed,draft,paused,Tạo và cập nhật lệnh theo kế hoạch.,2026-04-16T08:00:00+07:00,order_event_status_00525
production_order_2026_00525,progress_note,paused,paused,Đã cập nhật tiến độ ca sản xuất.,2026-04-18T16:00:00+07:00,order_event_progress_00525
production_order_2026_00526,status_changed,draft,planned,Tạo và cập nhật lệnh theo kế hoạch.,2026-04-17T08:00:00+07:00,order_event_status_00526
production_order_2026_00526,progress_note,planned,planned,Đã cập nhật tiến độ ca sản xuất.,2026-04-19T16:00:00+07:00,order_event_progress_00526
production_order_2026_00527,status_changed,draft,released,Tạo và cập nhật lệnh theo kế hoạch.,2026-05-21T08:00:00+07:00,order_event_status_00527
production_order_2026_00527,progress_note,released,released,Đã cập nhật tiến độ ca sản xuất.,2026-05-23T16:00:00+07:00,order_event_progress_00527
production_order_2026_00528,status_changed,draft,in_progress,Tạo và cập nhật lệnh theo kế hoạch.,2026-05-22T08:00:00+07:00,order_event_status_00528
production_order_2026_00528,progress_note,in_progress,in_progress,Đã cập nhật tiến độ ca sản xuất.,2026-05-24T16:00:00+07:00,order_event_progress_00528
production_order_2026_00529,status_changed,draft,completed,Tạo và cập nhật lệnh theo kế hoạch.,2026-06-02T08:00:00+07:00,order_event_status_00529
production_order_2026_00529,progress_note,completed,completed,Đã cập nhật tiến độ ca sản xuất.,2026-06-04T16:00:00+07:00,order_event_progress_00529
production_order_2026_00530,status_changed,draft,paused,Tạo và cập nhật lệnh theo kế hoạch.,2026-06-03T08:00:00+07:00,order_event_status_00530
production_order_2026_00530,progress_note,paused,paused,Đã cập nhật tiến độ ca sản xuất.,2026-06-05T16:00:00+07:00,order_event_progress_00530
production_order_2026_00531,status_changed,draft,planned,Tạo và cập nhật lệnh theo kế hoạch.,2026-07-07T08:00:00+07:00,order_event_status_00531
production_order_2026_00531,progress_note,planned,planned,Đã cập nhật tiến độ ca sản xuất.,2026-07-09T16:00:00+07:00,order_event_progress_00531
production_order_2026_00532,status_changed,draft,released,Tạo và cập nhật lệnh theo kế hoạch.,2026-07-08T08:00:00+07:00,order_event_status_00532
production_order_2026_00532,progress_note,released,released,Đã cập nhật tiến độ ca sản xuất.,2026-07-10T16:00:00+07:00,order_event_progress_00532
production_order_2026_00533,status_changed,draft,in_progress,Tạo và cập nhật lệnh theo kế hoạch.,2026-08-08T08:00:00+07:00,order_event_status_00533
production_order_2026_00533,progress_note,in_progress,in_progress,Đã cập nhật tiến độ ca sản xuất.,2026-08-10T16:00:00+07:00,order_event_progress_00533
production_order_2026_00534,status_changed,draft,completed,Tạo và cập nhật lệnh theo kế hoạch.,2026-08-09T08:00:00+07:00,order_event_status_00534
production_order_2026_00534,progress_note,completed,completed,Đã cập nhật tiến độ ca sản xuất.,2026-08-11T16:00:00+07:00,order_event_progress_00534
production_order_2026_00535,status_changed,draft,paused,Tạo và cập nhật lệnh theo kế hoạch.,2026-09-13T08:00:00+07:00,order_event_status_00535
production_order_2026_00535,progress_note,paused,paused,Đã cập nhật tiến độ ca sản xuất.,2026-09-15T16:00:00+07:00,order_event_progress_00535
production_order_2026_00536,status_changed,draft,planned,Tạo và cập nhật lệnh theo kế hoạch.,2026-09-14T08:00:00+07:00,order_event_status_00536
production_order_2026_00536,progress_note,planned,planned,Đã cập nhật tiến độ ca sản xuất.,2026-09-16T16:00:00+07:00,order_event_progress_00536
production_order_2026_00537,status_changed,draft,released,Tạo và cập nhật lệnh theo kế hoạch.,2026-01-14T08:00:00+07:00,order_event_status_00537
production_order_2026_00537,progress_note,released,released,Đã cập nhật tiến độ ca sản xuất.,2026-01-16T16:00:00+07:00,order_event_progress_00537
production_order_2026_00538,status_changed,draft,in_progress,Tạo và cập nhật lệnh theo kế hoạch.,2026-01-15T08:00:00+07:00,order_event_status_00538
production_order_2026_00538,progress_note,in_progress,in_progress,Đã cập nhật tiến độ ca sản xuất.,2026-01-17T16:00:00+07:00,order_event_progress_00538
production_order_2026_00539,status_changed,draft,completed,Tạo và cập nhật lệnh theo kế hoạch.,2026-02-19T08:00:00+07:00,order_event_status_00539
production_order_2026_00539,progress_note,completed,completed,Đã cập nhật tiến độ ca sản xuất.,2026-02-21T16:00:00+07:00,order_event_progress_00539
production_order_2026_00540,status_changed,draft,paused,Tạo và cập nhật lệnh theo kế hoạch.,2026-02-20T08:00:00+07:00,order_event_status_00540
production_order_2026_00540,progress_note,paused,paused,Đã cập nhật tiến độ ca sản xuất.,2026-02-22T16:00:00+07:00,order_event_progress_00540
production_order_2026_00541,status_changed,draft,planned,Tạo và cập nhật lệnh theo kế hoạch.,2026-02-28T08:00:00+07:00,order_event_status_00541
production_order_2026_00541,progress_note,planned,planned,Đã cập nhật tiến độ ca sản xuất.,2026-03-02T16:00:00+07:00,order_event_progress_00541
production_order_2026_00542,status_changed,draft,released,Tạo và cập nhật lệnh theo kế hoạch.,2026-03-01T08:00:00+07:00,order_event_status_00542
production_order_2026_00542,progress_note,released,released,Đã cập nhật tiến độ ca sản xuất.,2026-03-03T16:00:00+07:00,order_event_progress_00542
production_order_2026_00543,status_changed,draft,in_progress,Tạo và cập nhật lệnh theo kế hoạch.,2026-04-05T08:00:00+07:00,order_event_status_00543
production_order_2026_00543,progress_note,in_progress,in_progress,Đã cập nhật tiến độ ca sản xuất.,2026-04-07T16:00:00+07:00,order_event_progress_00543
production_order_2026_00544,status_changed,draft,completed,Tạo và cập nhật lệnh theo kế hoạch.,2026-04-06T08:00:00+07:00,order_event_status_00544
production_order_2026_00544,progress_note,completed,completed,Đã cập nhật tiến độ ca sản xuất.,2026-04-08T16:00:00+07:00,order_event_progress_00544
production_order_2026_00545,status_changed,draft,paused,Tạo và cập nhật lệnh theo kế hoạch.,2026-05-06T08:00:00+07:00,order_event_status_00545
production_order_2026_00545,progress_note,paused,paused,Đã cập nhật tiến độ ca sản xuất.,2026-05-08T16:00:00+07:00,order_event_progress_00545
production_order_2026_00546,status_changed,draft,planned,Tạo và cập nhật lệnh theo kế hoạch.,2026-05-07T08:00:00+07:00,order_event_status_00546
production_order_2026_00546,progress_note,planned,planned,Đã cập nhật tiến độ ca sản xuất.,2026-05-09T16:00:00+07:00,order_event_progress_00546
production_order_2026_00547,status_changed,draft,released,Tạo và cập nhật lệnh theo kế hoạch.,2026-06-11T08:00:00+07:00,order_event_status_00547
production_order_2026_00547,progress_note,released,released,Đã cập nhật tiến độ ca sản xuất.,2026-06-13T16:00:00+07:00,order_event_progress_00547
production_order_2026_00548,status_changed,draft,in_progress,Tạo và cập nhật lệnh theo kế hoạch.,2026-06-12T08:00:00+07:00,order_event_status_00548
production_order_2026_00548,progress_note,in_progress,in_progress,Đã cập nhật tiến độ ca sản xuất.,2026-06-14T16:00:00+07:00,order_event_progress_00548
production_order_2026_00549,status_changed,draft,completed,Tạo và cập nhật lệnh theo kế hoạch.,2026-07-12T08:00:00+07:00,order_event_status_00549
production_order_2026_00549,progress_note,completed,completed,Đã cập nhật tiến độ ca sản xuất.,2026-07-14T16:00:00+07:00,order_event_progress_00549
production_order_2026_00550,status_changed,draft,paused,Tạo và cập nhật lệnh theo kế hoạch.,2026-07-13T08:00:00+07:00,order_event_status_00550
production_order_2026_00550,progress_note,paused,paused,Đã cập nhật tiến độ ca sản xuất.,2026-07-15T16:00:00+07:00,order_event_progress_00550
production_order_2026_00551,status_changed,draft,planned,Tạo và cập nhật lệnh theo kế hoạch.,2026-08-17T08:00:00+07:00,order_event_status_00551
production_order_2026_00551,progress_note,planned,planned,Đã cập nhật tiến độ ca sản xuất.,2026-08-19T16:00:00+07:00,order_event_progress_00551
production_order_2026_00552,status_changed,draft,released,Tạo và cập nhật lệnh theo kế hoạch.,2026-08-18T08:00:00+07:00,order_event_status_00552
production_order_2026_00552,progress_note,released,released,Đã cập nhật tiến độ ca sản xuất.,2026-08-20T16:00:00+07:00,order_event_progress_00552
production_order_2026_00553,status_changed,draft,in_progress,Tạo và cập nhật lệnh theo kế hoạch.,2026-09-18T08:00:00+07:00,order_event_status_00553
production_order_2026_00553,progress_note,in_progress,in_progress,Đã cập nhật tiến độ ca sản xuất.,2026-09-20T16:00:00+07:00,order_event_progress_00553
production_order_2026_00554,status_changed,draft,completed,Tạo và cập nhật lệnh theo kế hoạch.,2026-09-19T08:00:00+07:00,order_event_status_00554
production_order_2026_00554,progress_note,completed,completed,Đã cập nhật tiến độ ca sản xuất.,2026-09-21T16:00:00+07:00,order_event_progress_00554
production_order_2026_00555,status_changed,draft,paused,Tạo và cập nhật lệnh theo kế hoạch.,2026-01-03T08:00:00+07:00,order_event_status_00555
production_order_2026_00555,progress_note,paused,paused,Đã cập nhật tiến độ ca sản xuất.,2026-01-05T16:00:00+07:00,order_event_progress_00555
production_order_2026_00556,status_changed,draft,planned,Tạo và cập nhật lệnh theo kế hoạch.,2026-01-04T08:00:00+07:00,order_event_status_00556
production_order_2026_00556,progress_note,planned,planned,Đã cập nhật tiến độ ca sản xuất.,2026-01-06T16:00:00+07:00,order_event_progress_00556
production_order_2026_00557,status_changed,draft,released,Tạo và cập nhật lệnh theo kế hoạch.,2026-02-04T08:00:00+07:00,order_event_status_00557
production_order_2026_00557,progress_note,released,released,Đã cập nhật tiến độ ca sản xuất.,2026-02-06T16:00:00+07:00,order_event_progress_00557
production_order_2026_00558,status_changed,draft,in_progress,Tạo và cập nhật lệnh theo kế hoạch.,2026-02-05T08:00:00+07:00,order_event_status_00558
production_order_2026_00558,progress_note,in_progress,in_progress,Đã cập nhật tiến độ ca sản xuất.,2026-02-07T16:00:00+07:00,order_event_progress_00558
production_order_2026_00559,status_changed,draft,completed,Tạo và cập nhật lệnh theo kế hoạch.,2026-03-09T08:00:00+07:00,order_event_status_00559
production_order_2026_00559,progress_note,completed,completed,Đã cập nhật tiến độ ca sản xuất.,2026-03-11T16:00:00+07:00,order_event_progress_00559
production_order_2026_00560,status_changed,draft,paused,Tạo và cập nhật lệnh theo kế hoạch.,2026-03-10T08:00:00+07:00,order_event_status_00560
production_order_2026_00560,progress_note,paused,paused,Đã cập nhật tiến độ ca sản xuất.,2026-03-12T16:00:00+07:00,order_event_progress_00560
production_order_2026_00561,status_changed,draft,planned,Tạo và cập nhật lệnh theo kế hoạch.,2026-04-10T08:00:00+07:00,order_event_status_00561
production_order_2026_00561,progress_note,planned,planned,Đã cập nhật tiến độ ca sản xuất.,2026-04-12T16:00:00+07:00,order_event_progress_00561
production_order_2026_00562,status_changed,draft,released,Tạo và cập nhật lệnh theo kế hoạch.,2026-04-11T08:00:00+07:00,order_event_status_00562
production_order_2026_00562,progress_note,released,released,Đã cập nhật tiến độ ca sản xuất.,2026-04-13T16:00:00+07:00,order_event_progress_00562
production_order_2026_00563,status_changed,draft,in_progress,Tạo và cập nhật lệnh theo kế hoạch.,2026-05-15T08:00:00+07:00,order_event_status_00563
production_order_2026_00563,progress_note,in_progress,in_progress,Đã cập nhật tiến độ ca sản xuất.,2026-05-17T16:00:00+07:00,order_event_progress_00563
production_order_2026_00564,status_changed,draft,completed,Tạo và cập nhật lệnh theo kế hoạch.,2026-05-16T08:00:00+07:00,order_event_status_00564
production_order_2026_00564,progress_note,completed,completed,Đã cập nhật tiến độ ca sản xuất.,2026-05-18T16:00:00+07:00,order_event_progress_00564
production_order_2026_00565,status_changed,draft,paused,Tạo và cập nhật lệnh theo kế hoạch.,2026-06-16T08:00:00+07:00,order_event_status_00565
production_order_2026_00565,progress_note,paused,paused,Đã cập nhật tiến độ ca sản xuất.,2026-06-18T16:00:00+07:00,order_event_progress_00565
production_order_2026_00566,status_changed,draft,planned,Tạo và cập nhật lệnh theo kế hoạch.,2026-06-17T08:00:00+07:00,order_event_status_00566
production_order_2026_00566,progress_note,planned,planned,Đã cập nhật tiến độ ca sản xuất.,2026-06-19T16:00:00+07:00,order_event_progress_00566
production_order_2026_00567,status_changed,draft,released,Tạo và cập nhật lệnh theo kế hoạch.,2026-07-21T08:00:00+07:00,order_event_status_00567
production_order_2026_00567,progress_note,released,released,Đã cập nhật tiến độ ca sản xuất.,2026-07-23T16:00:00+07:00,order_event_progress_00567
production_order_2026_00568,status_changed,draft,in_progress,Tạo và cập nhật lệnh theo kế hoạch.,2026-07-22T08:00:00+07:00,order_event_status_00568
production_order_2026_00568,progress_note,in_progress,in_progress,Đã cập nhật tiến độ ca sản xuất.,2026-07-24T16:00:00+07:00,order_event_progress_00568
production_order_2026_00569,status_changed,draft,completed,Tạo và cập nhật lệnh theo kế hoạch.,2026-08-02T08:00:00+07:00,order_event_status_00569
production_order_2026_00569,progress_note,completed,completed,Đã cập nhật tiến độ ca sản xuất.,2026-08-04T16:00:00+07:00,order_event_progress_00569
production_order_2026_00570,status_changed,draft,paused,Tạo và cập nhật lệnh theo kế hoạch.,2026-08-03T08:00:00+07:00,order_event_status_00570
production_order_2026_00570,progress_note,paused,paused,Đã cập nhật tiến độ ca sản xuất.,2026-08-05T16:00:00+07:00,order_event_progress_00570
production_order_2026_00571,status_changed,draft,planned,Tạo và cập nhật lệnh theo kế hoạch.,2026-09-07T08:00:00+07:00,order_event_status_00571
production_order_2026_00571,progress_note,planned,planned,Đã cập nhật tiến độ ca sản xuất.,2026-09-09T16:00:00+07:00,order_event_progress_00571
production_order_2026_00572,status_changed,draft,released,Tạo và cập nhật lệnh theo kế hoạch.,2026-09-08T08:00:00+07:00,order_event_status_00572
production_order_2026_00572,progress_note,released,released,Đã cập nhật tiến độ ca sản xuất.,2026-09-10T16:00:00+07:00,order_event_progress_00572
production_order_2026_00573,status_changed,draft,in_progress,Tạo và cập nhật lệnh theo kế hoạch.,2026-01-08T08:00:00+07:00,order_event_status_00573
production_order_2026_00573,progress_note,in_progress,in_progress,Đã cập nhật tiến độ ca sản xuất.,2026-01-10T16:00:00+07:00,order_event_progress_00573
production_order_2026_00574,status_changed,draft,completed,Tạo và cập nhật lệnh theo kế hoạch.,2026-01-09T08:00:00+07:00,order_event_status_00574
production_order_2026_00574,progress_note,completed,completed,Đã cập nhật tiến độ ca sản xuất.,2026-01-11T16:00:00+07:00,order_event_progress_00574
production_order_2026_00575,status_changed,draft,paused,Tạo và cập nhật lệnh theo kế hoạch.,2026-02-13T08:00:00+07:00,order_event_status_00575
production_order_2026_00575,progress_note,paused,paused,Đã cập nhật tiến độ ca sản xuất.,2026-02-15T16:00:00+07:00,order_event_progress_00575
production_order_2026_00576,status_changed,draft,planned,Tạo và cập nhật lệnh theo kế hoạch.,2026-02-14T08:00:00+07:00,order_event_status_00576
production_order_2026_00576,progress_note,planned,planned,Đã cập nhật tiến độ ca sản xuất.,2026-02-16T16:00:00+07:00,order_event_progress_00576
production_order_2026_00577,status_changed,draft,released,Tạo và cập nhật lệnh theo kế hoạch.,2026-03-14T08:00:00+07:00,order_event_status_00577
production_order_2026_00577,progress_note,released,released,Đã cập nhật tiến độ ca sản xuất.,2026-03-16T16:00:00+07:00,order_event_progress_00577
production_order_2026_00578,status_changed,draft,in_progress,Tạo và cập nhật lệnh theo kế hoạch.,2026-03-15T08:00:00+07:00,order_event_status_00578
production_order_2026_00578,progress_note,in_progress,in_progress,Đã cập nhật tiến độ ca sản xuất.,2026-03-17T16:00:00+07:00,order_event_progress_00578
production_order_2026_00579,status_changed,draft,completed,Tạo và cập nhật lệnh theo kế hoạch.,2026-04-19T08:00:00+07:00,order_event_status_00579
production_order_2026_00579,progress_note,completed,completed,Đã cập nhật tiến độ ca sản xuất.,2026-04-21T16:00:00+07:00,order_event_progress_00579
production_order_2026_00580,status_changed,draft,paused,Tạo và cập nhật lệnh theo kế hoạch.,2026-04-20T08:00:00+07:00,order_event_status_00580
production_order_2026_00580,progress_note,paused,paused,Đã cập nhật tiến độ ca sản xuất.,2026-04-22T16:00:00+07:00,order_event_progress_00580
production_order_2026_00581,status_changed,draft,planned,Tạo và cập nhật lệnh theo kế hoạch.,2026-04-30T08:00:00+07:00,order_event_status_00581
production_order_2026_00581,progress_note,planned,planned,Đã cập nhật tiến độ ca sản xuất.,2026-05-02T16:00:00+07:00,order_event_progress_00581
production_order_2026_00582,status_changed,draft,released,Tạo và cập nhật lệnh theo kế hoạch.,2026-05-01T08:00:00+07:00,order_event_status_00582
production_order_2026_00582,progress_note,released,released,Đã cập nhật tiến độ ca sản xuất.,2026-05-03T16:00:00+07:00,order_event_progress_00582
production_order_2026_00583,status_changed,draft,in_progress,Tạo và cập nhật lệnh theo kế hoạch.,2026-06-05T08:00:00+07:00,order_event_status_00583
production_order_2026_00583,progress_note,in_progress,in_progress,Đã cập nhật tiến độ ca sản xuất.,2026-06-07T16:00:00+07:00,order_event_progress_00583
production_order_2026_00584,status_changed,draft,completed,Tạo và cập nhật lệnh theo kế hoạch.,2026-06-06T08:00:00+07:00,order_event_status_00584
production_order_2026_00584,progress_note,completed,completed,Đã cập nhật tiến độ ca sản xuất.,2026-06-08T16:00:00+07:00,order_event_progress_00584
production_order_2026_00585,status_changed,draft,paused,Tạo và cập nhật lệnh theo kế hoạch.,2026-07-06T08:00:00+07:00,order_event_status_00585
production_order_2026_00585,progress_note,paused,paused,Đã cập nhật tiến độ ca sản xuất.,2026-07-08T16:00:00+07:00,order_event_progress_00585
production_order_2026_00586,status_changed,draft,planned,Tạo và cập nhật lệnh theo kế hoạch.,2026-07-07T08:00:00+07:00,order_event_status_00586
production_order_2026_00586,progress_note,planned,planned,Đã cập nhật tiến độ ca sản xuất.,2026-07-09T16:00:00+07:00,order_event_progress_00586
production_order_2026_00587,status_changed,draft,released,Tạo và cập nhật lệnh theo kế hoạch.,2026-08-11T08:00:00+07:00,order_event_status_00587
production_order_2026_00587,progress_note,released,released,Đã cập nhật tiến độ ca sản xuất.,2026-08-13T16:00:00+07:00,order_event_progress_00587
production_order_2026_00588,status_changed,draft,in_progress,Tạo và cập nhật lệnh theo kế hoạch.,2026-08-12T08:00:00+07:00,order_event_status_00588
production_order_2026_00588,progress_note,in_progress,in_progress,Đã cập nhật tiến độ ca sản xuất.,2026-08-14T16:00:00+07:00,order_event_progress_00588
production_order_2026_00589,status_changed,draft,completed,Tạo và cập nhật lệnh theo kế hoạch.,2026-09-12T08:00:00+07:00,order_event_status_00589
production_order_2026_00589,progress_note,completed,completed,Đã cập nhật tiến độ ca sản xuất.,2026-09-14T16:00:00+07:00,order_event_progress_00589
production_order_2026_00590,status_changed,draft,paused,Tạo và cập nhật lệnh theo kế hoạch.,2026-09-13T08:00:00+07:00,order_event_status_00590
production_order_2026_00590,progress_note,paused,paused,Đã cập nhật tiến độ ca sản xuất.,2026-09-15T16:00:00+07:00,order_event_progress_00590
production_order_2026_00591,status_changed,draft,planned,Tạo và cập nhật lệnh theo kế hoạch.,2026-01-17T08:00:00+07:00,order_event_status_00591
production_order_2026_00591,progress_note,planned,planned,Đã cập nhật tiến độ ca sản xuất.,2026-01-19T16:00:00+07:00,order_event_progress_00591
production_order_2026_00592,status_changed,draft,released,Tạo và cập nhật lệnh theo kế hoạch.,2026-01-18T08:00:00+07:00,order_event_status_00592
production_order_2026_00592,progress_note,released,released,Đã cập nhật tiến độ ca sản xuất.,2026-01-20T16:00:00+07:00,order_event_progress_00592
production_order_2026_00593,status_changed,draft,in_progress,Tạo và cập nhật lệnh theo kế hoạch.,2026-02-18T08:00:00+07:00,order_event_status_00593
production_order_2026_00593,progress_note,in_progress,in_progress,Đã cập nhật tiến độ ca sản xuất.,2026-02-20T16:00:00+07:00,order_event_progress_00593
production_order_2026_00594,status_changed,draft,completed,Tạo và cập nhật lệnh theo kế hoạch.,2026-02-19T08:00:00+07:00,order_event_status_00594
production_order_2026_00594,progress_note,completed,completed,Đã cập nhật tiến độ ca sản xuất.,2026-02-21T16:00:00+07:00,order_event_progress_00594
production_order_2026_00595,status_changed,draft,paused,Tạo và cập nhật lệnh theo kế hoạch.,2026-03-03T08:00:00+07:00,order_event_status_00595
production_order_2026_00595,progress_note,paused,paused,Đã cập nhật tiến độ ca sản xuất.,2026-03-05T16:00:00+07:00,order_event_progress_00595
production_order_2026_00596,status_changed,draft,planned,Tạo và cập nhật lệnh theo kế hoạch.,2026-03-04T08:00:00+07:00,order_event_status_00596
production_order_2026_00596,progress_note,planned,planned,Đã cập nhật tiến độ ca sản xuất.,2026-03-06T16:00:00+07:00,order_event_progress_00596
production_order_2026_00597,status_changed,draft,released,Tạo và cập nhật lệnh theo kế hoạch.,2026-04-04T08:00:00+07:00,order_event_status_00597
production_order_2026_00597,progress_note,released,released,Đã cập nhật tiến độ ca sản xuất.,2026-04-06T16:00:00+07:00,order_event_progress_00597
production_order_2026_00598,status_changed,draft,in_progress,Tạo và cập nhật lệnh theo kế hoạch.,2026-04-05T08:00:00+07:00,order_event_status_00598
production_order_2026_00598,progress_note,in_progress,in_progress,Đã cập nhật tiến độ ca sản xuất.,2026-04-07T16:00:00+07:00,order_event_progress_00598
production_order_2026_00599,status_changed,draft,completed,Tạo và cập nhật lệnh theo kế hoạch.,2026-05-09T08:00:00+07:00,order_event_status_00599
production_order_2026_00599,progress_note,completed,completed,Đã cập nhật tiến độ ca sản xuất.,2026-05-11T16:00:00+07:00,order_event_progress_00599
production_order_2026_00600,status_changed,draft,paused,Tạo và cập nhật lệnh theo kế hoạch.,2026-05-10T08:00:00+07:00,order_event_status_00600
production_order_2026_00600,progress_note,paused,paused,Đã cập nhật tiến độ ca sản xuất.,2026-05-12T16:00:00+07:00,order_event_progress_00600
