order_code,item_code,lot_code,manufactured_on,expires_on,good_quantity,defective_quantity,status,idempotency_key,inventory_receipt_code,warehouse_code,location_code,notes
production_order_2026_00001,fg_0001,production_lot_2026_00001,2026-01-02,2026-08-30,1800,0,received,production_output_00001,receipt_production_2026_00001,wh_finished_south,wh_finished_south_z01,Sản lượng thành phẩm theo lô.
production_order_2026_00002,fg_0002,production_lot_2026_00002,2026-01-03,2026-08-31,1901,1,received,production_output_00002,receipt_production_2026_00002,wh_finished_north,wh_finished_north_z02,Sản lượng thành phẩm theo lô.
production_order_2026_00003,fg_0003,production_lot_2026_00003,2026-02-07,2026-10-05,2002,2,received,production_output_00003,receipt_production_2026_00003,wh_finished_south,wh_finished_south_z03,Sản lượng thành phẩm theo lô.
production_order_2026_00004,fg_0004,production_lot_2026_00004,2026-02-08,2026-10-06,2103,3,received,production_output_00004,receipt_production_2026_00004,wh_finished_north,wh_finished_north_z04,Sản lượng thành phẩm theo lô.
production_order_2026_00005,fg_0005,production_lot_2026_00005,2026-03-08,2026-11-03,2204,4,received,production_output_00005,receipt_production_2026_00005,wh_finished_south,wh_finished_south_z05,Sản lượng thành phẩm theo lô.
production_order_2026_00006,fg_0006,production_lot_2026_00006,2026-03-09,2026-11-04,2305,5,received,production_output_00006,receipt_production_2026_00006,wh_finished_north,wh_finished_north_z06,Sản lượng thành phẩm theo lô.
production_order_2026_00007,fg_0007,production_lot_2026_00007,2026-04-13,2026-12-09,2406,6,received,production_output_00007,receipt_production_2026_00007,wh_finished_south,wh_finished_south_z07,Sản lượng thành phẩm theo lô.
production_order_2026_00008,fg_0008,production_lot_2026_00008,2026-04-14,2026-12-10,2507,7,received,production_output_00008,receipt_production_2026_00008,wh_finished_north,wh_finished_north_z08,Sản lượng thành phẩm theo lô.
production_order_2026_00009,fg_0009,production_lot_2026_00009,2026-05-14,2027-01-09,2608,8,received,production_output_00009,receipt_production_2026_00009,wh_finished_south,wh_finished_south_z09,Sản lượng thành phẩm theo lô.
production_order_2026_00010,fg_0010,production_lot_2026_00010,2026-05-15,2027-01-10,2709,9,received,production_output_00010,receipt_production_2026_00010,wh_finished_north,wh_finished_north_z10,Sản lượng thành phẩm theo lô.
production_order_2026_00011,fg_0011,production_lot_2026_00011,2026-06-19,2027-02-14,2810,10,received,production_output_00011,receipt_production_2026_00011,wh_finished_south,wh_finished_south_z01,Sản lượng thành phẩm theo lô.
production_order_2026_00012,fg_0012,production_lot_2026_00012,2026-06-20,2027-02-15,2911,11,received,production_output_00012,receipt_production_2026_00012,wh_finished_north,wh_finished_north_z02,Sản lượng thành phẩm theo lô.
production_order_2026_00013,fg_0013,production_lot_2026_00013,2026-07-20,2027-03-17,3012,12,received,production_output_00013,receipt_production_2026_00013,wh_finished_south,wh_finished_south_z03,Sản lượng thành phẩm theo lô.
production_order_2026_00014,fg_0014,production_lot_2026_00014,2026-07-21,2027-03-18,3113,13,received,production_output_00014,receipt_production_2026_00014,wh_finished_north,wh_finished_north_z04,Sản lượng thành phẩm theo lô.
production_order_2026_00015,fg_0015,production_lot_2026_00015,2026-08-05,2027-04-02,3214,14,received,production_output_00015,receipt_production_2026_00015,wh_finished_south,wh_finished_south_z05,Sản lượng thành phẩm theo lô.
production_order_2026_00016,fg_0016,production_lot_2026_00016,2026-08-06,2027-04-03,3315,15,received,production_output_00016,receipt_production_2026_00016,wh_finished_north,wh_finished_north_z06,Sản lượng thành phẩm theo lô.
production_order_2026_00017,fg_0017,production_lot_2026_00017,2026-09-06,2027-05-04,3416,16,received,production_output_00017,receipt_production_2026_00017,wh_finished_south,wh_finished_south_z07,Sản lượng thành phẩm theo lô.
production_order_2026_00018,fg_0018,production_lot_2026_00018,2026-09-07,2027-05-05,3517,0,received,production_output_00018,receipt_production_2026_00018,wh_finished_north,wh_finished_north_z08,Sản lượng thành phẩm theo lô.
production_order_2026_00019,fg_0019,production_lot_2026_00019,2026-01-11,2026-09-08,3618,1,received,production_output_00019,receipt_production_2026_00019,wh_finished_south,wh_finished_south_z09,Sản lượng thành phẩm theo lô.
production_order_2026_00020,fg_0020,production_lot_2026_00020,2026-01-12,2026-09-09,3719,2,received,production_output_00020,receipt_production_2026_00020,wh_finished_north,wh_finished_north_z10,Sản lượng thành phẩm theo lô.
production_order_2026_00021,fg_0021,production_lot_2026_00021,2026-02-12,2026-10-10,3820,3,received,production_output_00021,receipt_production_2026_00021,wh_finished_south,wh_finished_south_z01,Sản lượng thành phẩm theo lô.
production_order_2026_00022,fg_0022,production_lot_2026_00022,2026-02-13,2026-10-11,3921,4,received,production_output_00022,receipt_production_2026_00022,wh_finished_north,wh_finished_north_z02,Sản lượng thành phẩm theo lô.
production_order_2026_00023,fg_0023,production_lot_2026_00023,2026-03-17,2026-11-12,4022,5,received,production_output_00023,receipt_production_2026_00023,wh_finished_south,wh_finished_south_z03,Sản lượng thành phẩm theo lô.
production_order_2026_00024,fg_0024,production_lot_2026_00024,2026-03-18,2026-11-13,4123,6,received,production_output_00024,receipt_production_2026_00024,wh_finished_north,wh_finished_north_z04,Sản lượng thành phẩm theo lô.
production_order_2026_00025,fg_0025,production_lot_2026_00025,2026-04-18,2026-12-14,4224,7,received,production_output_00025,receipt_production_2026_00025,wh_finished_south,wh_finished_south_z05,Sản lượng thành phẩm theo lô.
production_order_2026_00026,fg_0026,production_lot_2026_00026,2026-04-19,2026-12-15,4325,8,received,production_output_00026,receipt_production_2026_00026,wh_finished_north,wh_finished_north_z06,Sản lượng thành phẩm theo lô.
production_order_2026_00027,fg_0027,production_lot_2026_00027,2026-05-23,2027-01-18,4426,9,received,production_output_00027,receipt_production_2026_00027,wh_finished_south,wh_finished_south_z07,Sản lượng thành phẩm theo lô.
production_order_2026_00028,fg_0028,production_lot_2026_00028,2026-05-24,2027-01-19,4527,10,received,production_output_00028,receipt_production_2026_00028,wh_finished_north,wh_finished_north_z08,Sản lượng thành phẩm theo lô.
production_order_2026_00029,fg_0029,production_lot_2026_00029,2026-06-04,2027-01-30,4628,11,received,production_output_00029,receipt_production_2026_00029,wh_finished_south,wh_finished_south_z09,Sản lượng thành phẩm theo lô.
production_order_2026_00030,fg_0030,production_lot_2026_00030,2026-06-05,2027-01-31,4729,12,received,production_output_00030,receipt_production_2026_00030,wh_finished_north,wh_finished_north_z10,Sản lượng thành phẩm theo lô.
production_order_2026_00031,fg_0031,production_lot_2026_00031,2026-07-09,2027-03-06,4830,13,received,production_output_00031,receipt_production_2026_00031,wh_finished_south,wh_finished_south_z01,Sản lượng thành phẩm theo lô.
production_order_2026_00032,fg_0032,production_lot_2026_00032,2026-07-10,2027-03-07,4931,14,received,production_output_00032,receipt_production_2026_00032,wh_finished_north,wh_finished_north_z02,Sản lượng thành phẩm theo lô.
production_order_2026_00033,fg_0033,production_lot_2026_00033,2026-08-10,2027-04-07,5032,15,received,production_output_00033,receipt_production_2026_00033,wh_finished_south,wh_finished_south_z03,Sản lượng thành phẩm theo lô.
production_order_2026_00034,fg_0034,production_lot_2026_00034,2026-08-11,2027-04-08,5133,16,received,production_output_00034,receipt_production_2026_00034,wh_finished_north,wh_finished_north_z04,Sản lượng thành phẩm theo lô.
production_order_2026_00035,fg_0035,production_lot_2026_00035,2026-09-15,2027-05-13,5234,0,received,production_output_00035,receipt_production_2026_00035,wh_finished_south,wh_finished_south_z05,Sản lượng thành phẩm theo lô.
production_order_2026_00036,fg_0036,production_lot_2026_00036,2026-09-16,2027-05-14,5335,1,received,production_output_00036,receipt_production_2026_00036,wh_finished_north,wh_finished_north_z06,Sản lượng thành phẩm theo lô.
production_order_2026_00037,fg_0037,production_lot_2026_00037,2026-01-16,2026-09-13,5436,2,received,production_output_00037,receipt_production_2026_00037,wh_finished_south,wh_finished_south_z07,Sản lượng thành phẩm theo lô.
production_order_2026_00038,fg_0038,production_lot_2026_00038,2026-01-17,2026-09-14,5537,3,received,production_output_00038,receipt_production_2026_00038,wh_finished_north,wh_finished_north_z08,Sản lượng thành phẩm theo lô.
production_order_2026_00039,fg_0039,production_lot_2026_00039,2026-02-21,2026-10-19,5638,4,received,production_output_00039,receipt_production_2026_00039,wh_finished_south,wh_finished_south_z09,Sản lượng thành phẩm theo lô.
production_order_2026_00040,fg_0040,production_lot_2026_00040,2026-02-22,2026-10-20,5739,5,received,production_output_00040,receipt_production_2026_00040,wh_finished_north,wh_finished_north_z10,Sản lượng thành phẩm theo lô.
production_order_2026_00041,fg_0041,production_lot_2026_00041,2026-03-02,2026-10-28,5840,6,received,production_output_00041,receipt_production_2026_00041,wh_finished_south,wh_finished_south_z01,Sản lượng thành phẩm theo lô.
production_order_2026_00042,fg_0042,production_lot_2026_00042,2026-03-03,2026-10-29,5941,7,received,production_output_00042,receipt_production_2026_00042,wh_finished_north,wh_finished_north_z02,Sản lượng thành phẩm theo lô.
production_order_2026_00043,fg_0043,production_lot_2026_00043,2026-04-07,2026-12-03,6042,8,received,production_output_00043,receipt_production_2026_00043,wh_finished_south,wh_finished_south_z03,Sản lượng thành phẩm theo lô.
production_order_2026_00044,fg_0044,production_lot_2026_00044,2026-04-08,2026-12-04,6143,9,received,production_output_00044,receipt_production_2026_00044,wh_finished_north,wh_finished_north_z04,Sản lượng thành phẩm theo lô.
production_order_2026_00045,fg_0045,production_lot_2026_00045,2026-05-08,2027-01-03,6244,10,received,production_output_00045,receipt_production_2026_00045,wh_finished_south,wh_finished_south_z05,Sản lượng thành phẩm theo lô.
production_order_2026_00046,fg_0046,production_lot_2026_00046,2026-05-09,2027-01-04,6345,11,received,production_output_00046,receipt_production_2026_00046,wh_finished_north,wh_finished_north_z06,Sản lượng thành phẩm theo lô.
production_order_2026_00047,fg_0047,production_lot_2026_00047,2026-06-13,2027-02-08,6446,12,received,production_output_00047,receipt_production_2026_00047,wh_finished_south,wh_finished_south_z07,Sản lượng thành phẩm theo lô.
production_order_2026_00048,fg_0048,production_lot_2026_00048,2026-06-14,2027-02-09,6547,13,received,production_output_00048,receipt_production_2026_00048,wh_finished_north,wh_finished_north_z08,Sản lượng thành phẩm theo lô.
production_order_2026_00049,fg_0049,production_lot_2026_00049,2026-07-14,2027-03-11,6648,14,received,production_output_00049,receipt_production_2026_00049,wh_finished_south,wh_finished_south_z09,Sản lượng thành phẩm theo lô.
production_order_2026_00050,fg_0050,production_lot_2026_00050,2026-07-15,2027-03-12,6749,15,received,production_output_00050,receipt_production_2026_00050,wh_finished_north,wh_finished_north_z10,Sản lượng thành phẩm theo lô.
production_order_2026_00051,fg_0051,production_lot_2026_00051,2026-08-19,2027-04-16,6850,16,received,production_output_00051,receipt_production_2026_00051,wh_finished_south,wh_finished_south_z01,Sản lượng thành phẩm theo lô.
production_order_2026_00052,fg_0052,production_lot_2026_00052,2026-08-20,2027-04-17,6951,0,received,production_output_00052,receipt_production_2026_00052,wh_finished_north,wh_finished_north_z02,Sản lượng thành phẩm theo lô.
production_order_2026_00053,fg_0053,production_lot_2026_00053,2026-09-20,2027-05-18,7052,1,received,production_output_00053,receipt_production_2026_00053,wh_finished_south,wh_finished_south_z03,Sản lượng thành phẩm theo lô.
production_order_2026_00054,fg_0054,production_lot_2026_00054,2026-09-21,2027-05-19,7153,2,received,production_output_00054,receipt_production_2026_00054,wh_finished_north,wh_finished_north_z04,Sản lượng thành phẩm theo lô.
production_order_2026_00055,fg_0055,production_lot_2026_00055,2026-01-05,2026-09-02,7254,3,received,production_output_00055,receipt_production_2026_00055,wh_finished_south,wh_finished_south_z05,Sản lượng thành phẩm theo lô.
production_order_2026_00056,fg_0056,production_lot_2026_00056,2026-01-06,2026-09-03,7355,4,received,production_output_00056,receipt_production_2026_00056,wh_finished_north,wh_finished_north_z06,Sản lượng thành phẩm theo lô.
production_order_2026_00057,fg_0057,production_lot_2026_00057,2026-02-06,2026-10-04,7456,5,received,production_output_00057,receipt_production_2026_00057,wh_finished_south,wh_finished_south_z07,Sản lượng thành phẩm theo lô.
production_order_2026_00058,fg_0058,production_lot_2026_00058,2026-02-07,2026-10-05,7557,6,received,production_output_00058,receipt_production_2026_00058,wh_finished_north,wh_finished_north_z08,Sản lượng thành phẩm theo lô.
production_order_2026_00059,fg_0059,production_lot_2026_00059,2026-03-11,2026-11-06,7658,7,received,production_output_00059,receipt_production_2026_00059,wh_finished_south,wh_finished_south_z09,Sản lượng thành phẩm theo lô.
production_order_2026_00060,fg_0060,production_lot_2026_00060,2026-03-12,2026-11-07,7759,8,received,production_output_00060,receipt_production_2026_00060,wh_finished_north,wh_finished_north_z10,Sản lượng thành phẩm theo lô.
production_order_2026_00061,fg_0061,production_lot_2026_00061,2026-04-12,2026-12-08,7860,9,received,production_output_00061,receipt_production_2026_00061,wh_finished_south,wh_finished_south_z01,Sản lượng thành phẩm theo lô.
production_order_2026_00062,fg_0062,production_lot_2026_00062,2026-04-13,2026-12-09,7961,10,received,production_output_00062,receipt_production_2026_00062,wh_finished_north,wh_finished_north_z02,Sản lượng thành phẩm theo lô.
production_order_2026_00063,fg_0063,production_lot_2026_00063,2026-05-17,2027-01-12,8062,11,received,production_output_00063,receipt_production_2026_00063,wh_finished_south,wh_finished_south_z03,Sản lượng thành phẩm theo lô.
production_order_2026_00064,fg_0064,production_lot_2026_00064,2026-05-18,2027-01-13,8163,12,received,production_output_00064,receipt_production_2026_00064,wh_finished_north,wh_finished_north_z04,Sản lượng thành phẩm theo lô.
production_order_2026_00065,fg_0065,production_lot_2026_00065,2026-06-18,2027-02-13,8264,13,received,production_output_00065,receipt_production_2026_00065,wh_finished_south,wh_finished_south_z05,Sản lượng thành phẩm theo lô.
production_order_2026_00066,fg_0066,production_lot_2026_00066,2026-06-19,2027-02-14,8365,14,received,production_output_00066,receipt_production_2026_00066,wh_finished_north,wh_finished_north_z06,Sản lượng thành phẩm theo lô.
production_order_2026_00067,fg_0067,production_lot_2026_00067,2026-07-23,2027-03-20,8466,15,received,production_output_00067,receipt_production_2026_00067,wh_finished_south,wh_finished_south_z07,Sản lượng thành phẩm theo lô.
production_order_2026_00068,fg_0068,production_lot_2026_00068,2026-07-24,2027-03-21,8567,16,received,production_output_00068,receipt_production_2026_00068,wh_finished_north,wh_finished_north_z08,Sản lượng thành phẩm theo lô.
production_order_2026_00069,fg_0069,production_lot_2026_00069,2026-08-04,2027-04-01,8668,0,received,production_output_00069,receipt_production_2026_00069,wh_finished_south,wh_finished_south_z09,Sản lượng thành phẩm theo lô.
production_order_2026_00070,fg_0070,production_lot_2026_00070,2026-08-05,2027-04-02,8769,1,received,production_output_00070,receipt_production_2026_00070,wh_finished_north,wh_finished_north_z10,Sản lượng thành phẩm theo lô.
production_order_2026_00071,fg_0071,production_lot_2026_00071,2026-09-09,2027-05-07,1870,2,received,production_output_00071,receipt_production_2026_00071,wh_finished_south,wh_finished_south_z01,Sản lượng thành phẩm theo lô.
production_order_2026_00072,fg_0072,production_lot_2026_00072,2026-09-10,2027-05-08,1971,3,received,production_output_00072,receipt_production_2026_00072,wh_finished_north,wh_finished_north_z02,Sản lượng thành phẩm theo lô.
production_order_2026_00073,fg_0073,production_lot_2026_00073,2026-01-10,2026-09-07,2072,4,received,production_output_00073,receipt_production_2026_00073,wh_finished_south,wh_finished_south_z03,Sản lượng thành phẩm theo lô.
production_order_2026_00074,fg_0074,production_lot_2026_00074,2026-01-11,2026-09-08,2173,5,received,production_output_00074,receipt_production_2026_00074,wh_finished_north,wh_finished_north_z04,Sản lượng thành phẩm theo lô.
production_order_2026_00075,fg_0075,production_lot_2026_00075,2026-02-15,2026-10-13,2274,6,received,production_output_00075,receipt_production_2026_00075,wh_finished_south,wh_finished_south_z05,Sản lượng thành phẩm theo lô.
production_order_2026_00076,fg_0076,production_lot_2026_00076,2026-02-16,2026-10-14,2375,7,received,production_output_00076,receipt_production_2026_00076,wh_finished_north,wh_finished_north_z06,Sản lượng thành phẩm theo lô.
production_order_2026_00077,fg_0077,production_lot_2026_00077,2026-03-16,2026-11-11,2476,8,received,production_output_00077,receipt_production_2026_00077,wh_finished_south,wh_finished_south_z07,Sản lượng thành phẩm theo lô.
production_order_2026_00078,fg_0078,production_lot_2026_00078,2026-03-17,2026-11-12,2577,9,received,production_output_00078,receipt_production_2026_00078,wh_finished_north,wh_finished_north_z08,Sản lượng thành phẩm theo lô.
production_order_2026_00079,fg_0079,production_lot_2026_00079,2026-04-21,2026-12-17,2678,10,received,production_output_00079,receipt_production_2026_00079,wh_finished_south,wh_finished_south_z09,Sản lượng thành phẩm theo lô.
production_order_2026_00080,fg_0080,production_lot_2026_00080,2026-04-22,2026-12-18,2779,11,received,production_output_00080,receipt_production_2026_00080,wh_finished_north,wh_finished_north_z10,Sản lượng thành phẩm theo lô.
production_order_2026_00081,fg_0081,production_lot_2026_00081,2026-05-02,2026-12-28,2880,12,received,production_output_00081,receipt_production_2026_00081,wh_finished_south,wh_finished_south_z01,Sản lượng thành phẩm theo lô.
production_order_2026_00082,fg_0082,production_lot_2026_00082,2026-05-03,2026-12-29,2981,13,received,production_output_00082,receipt_production_2026_00082,wh_finished_north,wh_finished_north_z02,Sản lượng thành phẩm theo lô.
production_order_2026_00083,fg_0083,production_lot_2026_00083,2026-06-07,2027-02-02,3082,14,received,production_output_00083,receipt_production_2026_00083,wh_finished_south,wh_finished_south_z03,Sản lượng thành phẩm theo lô.
production_order_2026_00084,fg_0084,production_lot_2026_00084,2026-06-08,2027-02-03,3183,15,received,production_output_00084,receipt_production_2026_00084,wh_finished_north,wh_finished_north_z04,Sản lượng thành phẩm theo lô.
production_order_2026_00085,fg_0085,production_lot_2026_00085,2026-07-08,2027-03-05,3284,16,received,production_output_00085,receipt_production_2026_00085,wh_finished_south,wh_finished_south_z05,Sản lượng thành phẩm theo lô.
production_order_2026_00086,fg_0086,production_lot_2026_00086,2026-07-09,2027-03-06,3385,0,received,production_output_00086,receipt_production_2026_00086,wh_finished_north,wh_finished_north_z06,Sản lượng thành phẩm theo lô.
production_order_2026_00087,fg_0087,production_lot_2026_00087,2026-08-13,2027-04-10,3486,1,received,production_output_00087,receipt_production_2026_00087,wh_finished_south,wh_finished_south_z07,Sản lượng thành phẩm theo lô.
production_order_2026_00088,fg_0088,production_lot_2026_00088,2026-08-14,2027-04-11,3587,2,received,production_output_00088,receipt_production_2026_00088,wh_finished_north,wh_finished_north_z08,Sản lượng thành phẩm theo lô.
production_order_2026_00089,fg_0089,production_lot_2026_00089,2026-09-14,2027-05-12,3688,3,received,production_output_00089,receipt_production_2026_00089,wh_finished_south,wh_finished_south_z09,Sản lượng thành phẩm theo lô.
production_order_2026_00090,fg_0090,production_lot_2026_00090,2026-09-15,2027-05-13,3789,4,received,production_output_00090,receipt_production_2026_00090,wh_finished_north,wh_finished_north_z10,Sản lượng thành phẩm theo lô.
production_order_2026_00091,fg_0091,production_lot_2026_00091,2026-01-19,2026-09-16,3890,5,received,production_output_00091,receipt_production_2026_00091,wh_finished_south,wh_finished_south_z01,Sản lượng thành phẩm theo lô.
production_order_2026_00092,fg_0092,production_lot_2026_00092,2026-01-20,2026-09-17,3991,6,received,production_output_00092,receipt_production_2026_00092,wh_finished_north,wh_finished_north_z02,Sản lượng thành phẩm theo lô.
production_order_2026_00093,fg_0093,production_lot_2026_00093,2026-02-20,2026-10-18,4092,7,received,production_output_00093,receipt_production_2026_00093,wh_finished_south,wh_finished_south_z03,Sản lượng thành phẩm theo lô.
production_order_2026_00094,fg_0094,production_lot_2026_00094,2026-02-21,2026-10-19,4193,8,received,production_output_00094,receipt_production_2026_00094,wh_finished_north,wh_finished_north_z04,Sản lượng thành phẩm theo lô.
production_order_2026_00095,fg_0095,production_lot_2026_00095,2026-03-05,2026-10-31,4294,9,received,production_output_00095,receipt_production_2026_00095,wh_finished_south,wh_finished_south_z05,Sản lượng thành phẩm theo lô.
production_order_2026_00096,fg_0096,production_lot_2026_00096,2026-03-06,2026-11-01,4395,10,received,production_output_00096,receipt_production_2026_00096,wh_finished_north,wh_finished_north_z06,Sản lượng thành phẩm theo lô.
production_order_2026_00097,fg_0097,production_lot_2026_00097,2026-04-06,2026-12-02,4496,11,received,production_output_00097,receipt_production_2026_00097,wh_finished_south,wh_finished_south_z07,Sản lượng thành phẩm theo lô.
production_order_2026_00098,fg_0098,production_lot_2026_00098,2026-04-07,2026-12-03,4597,12,received,production_output_00098,receipt_production_2026_00098,wh_finished_north,wh_finished_north_z08,Sản lượng thành phẩm theo lô.
production_order_2026_00099,fg_0099,production_lot_2026_00099,2026-05-11,2027-01-06,4698,13,received,production_output_00099,receipt_production_2026_00099,wh_finished_south,wh_finished_south_z09,Sản lượng thành phẩm theo lô.
production_order_2026_00100,fg_0100,production_lot_2026_00100,2026-05-12,2027-01-07,4799,14,received,production_output_00100,receipt_production_2026_00100,wh_finished_north,wh_finished_north_z10,Sản lượng thành phẩm theo lô.
production_order_2026_00101,fg_0101,production_lot_2026_00101,2026-06-12,2027-02-07,4900,15,received,production_output_00101,receipt_production_2026_00101,wh_finished_south,wh_finished_south_z01,Sản lượng thành phẩm theo lô.
production_order_2026_00102,fg_0102,production_lot_2026_00102,2026-06-13,2027-02-08,5001,16,received,production_output_00102,receipt_production_2026_00102,wh_finished_north,wh_finished_north_z02,Sản lượng thành phẩm theo lô.
production_order_2026_00103,fg_0103,production_lot_2026_00103,2026-07-17,2027-03-14,5102,0,received,production_output_00103,receipt_production_2026_00103,wh_finished_south,wh_finished_south_z03,Sản lượng thành phẩm theo lô.
production_order_2026_00104,fg_0104,production_lot_2026_00104,2026-07-18,2027-03-15,5203,1,received,production_output_00104,receipt_production_2026_00104,wh_finished_north,wh_finished_north_z04,Sản lượng thành phẩm theo lô.
production_order_2026_00105,fg_0105,production_lot_2026_00105,2026-08-18,2027-04-15,5304,2,received,production_output_00105,receipt_production_2026_00105,wh_finished_south,wh_finished_south_z05,Sản lượng thành phẩm theo lô.
production_order_2026_00106,fg_0106,production_lot_2026_00106,2026-08-19,2027-04-16,5405,3,received,production_output_00106,receipt_production_2026_00106,wh_finished_north,wh_finished_north_z06,Sản lượng thành phẩm theo lô.
production_order_2026_00107,fg_0107,production_lot_2026_00107,2026-09-23,2027-05-21,5506,4,received,production_output_00107,receipt_production_2026_00107,wh_finished_south,wh_finished_south_z07,Sản lượng thành phẩm theo lô.
production_order_2026_00108,fg_0108,production_lot_2026_00108,2026-09-24,2027-05-22,5607,5,received,production_output_00108,receipt_production_2026_00108,wh_finished_north,wh_finished_north_z08,Sản lượng thành phẩm theo lô.
production_order_2026_00109,fg_0109,production_lot_2026_00109,2026-01-04,2026-09-01,5708,6,received,production_output_00109,receipt_production_2026_00109,wh_finished_south,wh_finished_south_z09,Sản lượng thành phẩm theo lô.
production_order_2026_00110,fg_0110,production_lot_2026_00110,2026-01-05,2026-09-02,5809,7,received,production_output_00110,receipt_production_2026_00110,wh_finished_north,wh_finished_north_z10,Sản lượng thành phẩm theo lô.
production_order_2026_00111,fg_0111,production_lot_2026_00111,2026-02-09,2026-10-07,5910,8,received,production_output_00111,receipt_production_2026_00111,wh_finished_south,wh_finished_south_z01,Sản lượng thành phẩm theo lô.
production_order_2026_00112,fg_0112,production_lot_2026_00112,2026-02-10,2026-10-08,6011,9,received,production_output_00112,receipt_production_2026_00112,wh_finished_north,wh_finished_north_z02,Sản lượng thành phẩm theo lô.
production_order_2026_00113,fg_0113,production_lot_2026_00113,2026-03-10,2026-11-05,6112,10,received,production_output_00113,receipt_production_2026_00113,wh_finished_south,wh_finished_south_z03,Sản lượng thành phẩm theo lô.
production_order_2026_00114,fg_0114,production_lot_2026_00114,2026-03-11,2026-11-06,6213,11,received,production_output_00114,receipt_production_2026_00114,wh_finished_north,wh_finished_north_z04,Sản lượng thành phẩm theo lô.
production_order_2026_00115,fg_0115,production_lot_2026_00115,2026-04-15,2026-12-11,6314,12,received,production_output_00115,receipt_production_2026_00115,wh_finished_south,wh_finished_south_z05,Sản lượng thành phẩm theo lô.
production_order_2026_00116,fg_0116,production_lot_2026_00116,2026-04-16,2026-12-12,6415,13,received,production_output_00116,receipt_production_2026_00116,wh_finished_north,wh_finished_north_z06,Sản lượng thành phẩm theo lô.
production_order_2026_00117,fg_0117,production_lot_2026_00117,2026-05-16,2027-01-11,6516,14,received,production_output_00117,receipt_production_2026_00117,wh_finished_south,wh_finished_south_z07,Sản lượng thành phẩm theo lô.
production_order_2026_00118,fg_0118,production_lot_2026_00118,2026-05-17,2027-01-12,6617,15,received,production_output_00118,receipt_production_2026_00118,wh_finished_north,wh_finished_north_z08,Sản lượng thành phẩm theo lô.
production_order_2026_00119,fg_0119,production_lot_2026_00119,2026-06-21,2027-02-16,6718,16,received,production_output_00119,receipt_production_2026_00119,wh_finished_south,wh_finished_south_z09,Sản lượng thành phẩm theo lô.
production_order_2026_00120,fg_0120,production_lot_2026_00120,2026-06-22,2027-02-17,6819,0,received,production_output_00120,receipt_production_2026_00120,wh_finished_north,wh_finished_north_z10,Sản lượng thành phẩm theo lô.
production_order_2026_00121,fg_0121,production_lot_2026_00121,2026-07-02,2027-02-27,6920,1,received,production_output_00121,receipt_production_2026_00121,wh_finished_south,wh_finished_south_z01,Sản lượng thành phẩm theo lô.
production_order_2026_00122,fg_0122,production_lot_2026_00122,2026-07-03,2027-02-28,7021,2,received,production_output_00122,receipt_production_2026_00122,wh_finished_north,wh_finished_north_z02,Sản lượng thành phẩm theo lô.
production_order_2026_00123,fg_0123,production_lot_2026_00123,2026-08-07,2027-04-04,7122,3,received,production_output_00123,receipt_production_2026_00123,wh_finished_south,wh_finished_south_z03,Sản lượng thành phẩm theo lô.
production_order_2026_00124,fg_0124,production_lot_2026_00124,2026-08-08,2027-04-05,7223,4,received,production_output_00124,receipt_production_2026_00124,wh_finished_north,wh_finished_north_z04,Sản lượng thành phẩm theo lô.
production_order_2026_00125,fg_0125,production_lot_2026_00125,2026-09-08,2027-05-06,7324,5,received,production_output_00125,receipt_production_2026_00125,wh_finished_south,wh_finished_south_z05,Sản lượng thành phẩm theo lô.
production_order_2026_00126,fg_0126,production_lot_2026_00126,2026-09-09,2027-05-07,7425,6,received,production_output_00126,receipt_production_2026_00126,wh_finished_north,wh_finished_north_z06,Sản lượng thành phẩm theo lô.
production_order_2026_00127,fg_0127,production_lot_2026_00127,2026-01-13,2026-09-10,7526,7,received,production_output_00127,receipt_production_2026_00127,wh_finished_south,wh_finished_south_z07,Sản lượng thành phẩm theo lô.
production_order_2026_00128,fg_0128,production_lot_2026_00128,2026-01-14,2026-09-11,7627,8,received,production_output_00128,receipt_production_2026_00128,wh_finished_north,wh_finished_north_z08,Sản lượng thành phẩm theo lô.
production_order_2026_00129,fg_0129,production_lot_2026_00129,2026-02-14,2026-10-12,7728,9,received,production_output_00129,receipt_production_2026_00129,wh_finished_south,wh_finished_south_z09,Sản lượng thành phẩm theo lô.
production_order_2026_00130,fg_0130,production_lot_2026_00130,2026-02-15,2026-10-13,7829,10,received,production_output_00130,receipt_production_2026_00130,wh_finished_north,wh_finished_north_z10,Sản lượng thành phẩm theo lô.
production_order_2026_00131,fg_0131,production_lot_2026_00131,2026-03-19,2026-11-14,7930,11,received,production_output_00131,receipt_production_2026_00131,wh_finished_south,wh_finished_south_z01,Sản lượng thành phẩm theo lô.
production_order_2026_00132,fg_0132,production_lot_2026_00132,2026-03-20,2026-11-15,8031,12,received,production_output_00132,receipt_production_2026_00132,wh_finished_north,wh_finished_north_z02,Sản lượng thành phẩm theo lô.
production_order_2026_00133,fg_0133,production_lot_2026_00133,2026-04-20,2026-12-16,8132,13,received,production_output_00133,receipt_production_2026_00133,wh_finished_south,wh_finished_south_z03,Sản lượng thành phẩm theo lô.
production_order_2026_00134,fg_0134,production_lot_2026_00134,2026-04-21,2026-12-17,8233,14,received,production_output_00134,receipt_production_2026_00134,wh_finished_north,wh_finished_north_z04,Sản lượng thành phẩm theo lô.
production_order_2026_00135,fg_0135,production_lot_2026_00135,2026-05-05,2026-12-31,8334,15,received,production_output_00135,receipt_production_2026_00135,wh_finished_south,wh_finished_south_z05,Sản lượng thành phẩm theo lô.
production_order_2026_00136,fg_0136,production_lot_2026_00136,2026-05-06,2027-01-01,8435,16,received,production_output_00136,receipt_production_2026_00136,wh_finished_north,wh_finished_north_z06,Sản lượng thành phẩm theo lô.
production_order_2026_00137,fg_0137,production_lot_2026_00137,2026-06-06,2027-02-01,8536,0,received,production_output_00137,receipt_production_2026_00137,wh_finished_south,wh_finished_south_z07,Sản lượng thành phẩm theo lô.
production_order_2026_00138,fg_0138,production_lot_2026_00138,2026-06-07,2027-02-02,8637,1,received,production_output_00138,receipt_production_2026_00138,wh_finished_north,wh_finished_north_z08,Sản lượng thành phẩm theo lô.
production_order_2026_00139,fg_0139,production_lot_2026_00139,2026-07-11,2027-03-08,8738,2,received,production_output_00139,receipt_production_2026_00139,wh_finished_south,wh_finished_south_z09,Sản lượng thành phẩm theo lô.
production_order_2026_00140,fg_0140,production_lot_2026_00140,2026-07-12,2027-03-09,1839,3,received,production_output_00140,receipt_production_2026_00140,wh_finished_north,wh_finished_north_z10,Sản lượng thành phẩm theo lô.
production_order_2026_00141,fg_0141,production_lot_2026_00141,2026-08-12,2027-04-09,1940,4,received,production_output_00141,receipt_production_2026_00141,wh_finished_south,wh_finished_south_z01,Sản lượng thành phẩm theo lô.
production_order_2026_00142,fg_0142,production_lot_2026_00142,2026-08-13,2027-04-10,2041,5,received,production_output_00142,receipt_production_2026_00142,wh_finished_north,wh_finished_north_z02,Sản lượng thành phẩm theo lô.
production_order_2026_00143,fg_0143,production_lot_2026_00143,2026-09-17,2027-05-15,2142,6,received,production_output_00143,receipt_production_2026_00143,wh_finished_south,wh_finished_south_z03,Sản lượng thành phẩm theo lô.
production_order_2026_00144,fg_0144,production_lot_2026_00144,2026-09-18,2027-05-16,2243,7,received,production_output_00144,receipt_production_2026_00144,wh_finished_north,wh_finished_north_z04,Sản lượng thành phẩm theo lô.
production_order_2026_00145,fg_0145,production_lot_2026_00145,2026-01-18,2026-09-15,2344,8,received,production_output_00145,receipt_production_2026_00145,wh_finished_south,wh_finished_south_z05,Sản lượng thành phẩm theo lô.
production_order_2026_00146,fg_0146,production_lot_2026_00146,2026-01-19,2026-09-16,2445,9,received,production_output_00146,receipt_production_2026_00146,wh_finished_north,wh_finished_north_z06,Sản lượng thành phẩm theo lô.
production_order_2026_00147,fg_0147,production_lot_2026_00147,2026-02-23,2026-10-21,2546,10,received,production_output_00147,receipt_production_2026_00147,wh_finished_south,wh_finished_south_z07,Sản lượng thành phẩm theo lô.
production_order_2026_00148,fg_0148,production_lot_2026_00148,2026-02-24,2026-10-22,2647,11,received,production_output_00148,receipt_production_2026_00148,wh_finished_north,wh_finished_north_z08,Sản lượng thành phẩm theo lô.
production_order_2026_00149,fg_0149,production_lot_2026_00149,2026-03-04,2026-10-30,2748,12,received,production_output_00149,receipt_production_2026_00149,wh_finished_south,wh_finished_south_z09,Sản lượng thành phẩm theo lô.
production_order_2026_00150,fg_0150,production_lot_2026_00150,2026-03-05,2026-10-31,2849,13,received,production_output_00150,receipt_production_2026_00150,wh_finished_north,wh_finished_north_z10,Sản lượng thành phẩm theo lô.
production_order_2026_00151,fg_0151,production_lot_2026_00151,2026-04-09,2026-12-05,2950,14,received,production_output_00151,receipt_production_2026_00151,wh_finished_south,wh_finished_south_z01,Sản lượng thành phẩm theo lô.
production_order_2026_00152,fg_0152,production_lot_2026_00152,2026-04-10,2026-12-06,3051,15,received,production_output_00152,receipt_production_2026_00152,wh_finished_north,wh_finished_north_z02,Sản lượng thành phẩm theo lô.
production_order_2026_00153,fg_0153,production_lot_2026_00153,2026-05-10,2027-01-05,3152,16,received,production_output_00153,receipt_production_2026_00153,wh_finished_south,wh_finished_south_z03,Sản lượng thành phẩm theo lô.
production_order_2026_00154,fg_0154,production_lot_2026_00154,2026-05-11,2027-01-06,3253,0,received,production_output_00154,receipt_production_2026_00154,wh_finished_north,wh_finished_north_z04,Sản lượng thành phẩm theo lô.
production_order_2026_00155,fg_0155,production_lot_2026_00155,2026-06-15,2027-02-10,3354,1,received,production_output_00155,receipt_production_2026_00155,wh_finished_south,wh_finished_south_z05,Sản lượng thành phẩm theo lô.
production_order_2026_00156,fg_0156,production_lot_2026_00156,2026-06-16,2027-02-11,3455,2,received,production_output_00156,receipt_production_2026_00156,wh_finished_north,wh_finished_north_z06,Sản lượng thành phẩm theo lô.
production_order_2026_00157,fg_0157,production_lot_2026_00157,2026-07-16,2027-03-13,3556,3,received,production_output_00157,receipt_production_2026_00157,wh_finished_south,wh_finished_south_z07,Sản lượng thành phẩm theo lô.
production_order_2026_00158,fg_0158,production_lot_2026_00158,2026-07-17,2027-03-14,3657,4,received,production_output_00158,receipt_production_2026_00158,wh_finished_north,wh_finished_north_z08,Sản lượng thành phẩm theo lô.
production_order_2026_00159,fg_0159,production_lot_2026_00159,2026-08-21,2027-04-18,3758,5,received,production_output_00159,receipt_production_2026_00159,wh_finished_south,wh_finished_south_z09,Sản lượng thành phẩm theo lô.
production_order_2026_00160,fg_0160,production_lot_2026_00160,2026-08-22,2027-04-19,3859,6,received,production_output_00160,receipt_production_2026_00160,wh_finished_north,wh_finished_north_z10,Sản lượng thành phẩm theo lô.
production_order_2026_00161,fg_0161,production_lot_2026_00161,2026-09-02,2027-04-30,3960,7,received,production_output_00161,receipt_production_2026_00161,wh_finished_south,wh_finished_south_z01,Sản lượng thành phẩm theo lô.
production_order_2026_00162,fg_0162,production_lot_2026_00162,2026-09-03,2027-05-01,4061,8,received,production_output_00162,receipt_production_2026_00162,wh_finished_north,wh_finished_north_z02,Sản lượng thành phẩm theo lô.
production_order_2026_00163,fg_0163,production_lot_2026_00163,2026-01-07,2026-09-04,4162,9,received,production_output_00163,receipt_production_2026_00163,wh_finished_south,wh_finished_south_z03,Sản lượng thành phẩm theo lô.
production_order_2026_00164,fg_0164,production_lot_2026_00164,2026-01-08,2026-09-05,4263,10,received,production_output_00164,receipt_production_2026_00164,wh_finished_north,wh_finished_north_z04,Sản lượng thành phẩm theo lô.
production_order_2026_00165,fg_0165,production_lot_2026_00165,2026-02-08,2026-10-06,4364,11,received,production_output_00165,receipt_production_2026_00165,wh_finished_south,wh_finished_south_z05,Sản lượng thành phẩm theo lô.
production_order_2026_00166,fg_0166,production_lot_2026_00166,2026-02-09,2026-10-07,4465,12,received,production_output_00166,receipt_production_2026_00166,wh_finished_north,wh_finished_north_z06,Sản lượng thành phẩm theo lô.
production_order_2026_00167,fg_0167,production_lot_2026_00167,2026-03-13,2026-11-08,4566,13,received,production_output_00167,receipt_production_2026_00167,wh_finished_south,wh_finished_south_z07,Sản lượng thành phẩm theo lô.
production_order_2026_00168,fg_0168,production_lot_2026_00168,2026-03-14,2026-11-09,4667,14,received,production_output_00168,receipt_production_2026_00168,wh_finished_north,wh_finished_north_z08,Sản lượng thành phẩm theo lô.
production_order_2026_00169,fg_0169,production_lot_2026_00169,2026-04-14,2026-12-10,4768,15,received,production_output_00169,receipt_production_2026_00169,wh_finished_south,wh_finished_south_z09,Sản lượng thành phẩm theo lô.
production_order_2026_00170,fg_0170,production_lot_2026_00170,2026-04-15,2026-12-11,4869,16,received,production_output_00170,receipt_production_2026_00170,wh_finished_north,wh_finished_north_z10,Sản lượng thành phẩm theo lô.
production_order_2026_00171,fg_0171,production_lot_2026_00171,2026-05-19,2027-01-14,4970,0,received,production_output_00171,receipt_production_2026_00171,wh_finished_south,wh_finished_south_z01,Sản lượng thành phẩm theo lô.
production_order_2026_00172,fg_0172,production_lot_2026_00172,2026-05-20,2027-01-15,5071,1,received,production_output_00172,receipt_production_2026_00172,wh_finished_north,wh_finished_north_z02,Sản lượng thành phẩm theo lô.
production_order_2026_00173,fg_0173,production_lot_2026_00173,2026-06-20,2027-02-15,5172,2,received,production_output_00173,receipt_production_2026_00173,wh_finished_south,wh_finished_south_z03,Sản lượng thành phẩm theo lô.
production_order_2026_00174,fg_0174,production_lot_2026_00174,2026-06-21,2027-02-16,5273,3,received,production_output_00174,receipt_production_2026_00174,wh_finished_north,wh_finished_north_z04,Sản lượng thành phẩm theo lô.
production_order_2026_00175,fg_0175,production_lot_2026_00175,2026-07-05,2027-03-02,5374,4,received,production_output_00175,receipt_production_2026_00175,wh_finished_south,wh_finished_south_z05,Sản lượng thành phẩm theo lô.
production_order_2026_00176,fg_0176,production_lot_2026_00176,2026-07-06,2027-03-03,5475,5,received,production_output_00176,receipt_production_2026_00176,wh_finished_north,wh_finished_north_z06,Sản lượng thành phẩm theo lô.
production_order_2026_00177,fg_0177,production_lot_2026_00177,2026-08-06,2027-04-03,5576,6,received,production_output_00177,receipt_production_2026_00177,wh_finished_south,wh_finished_south_z07,Sản lượng thành phẩm theo lô.
production_order_2026_00178,fg_0178,production_lot_2026_00178,2026-08-07,2027-04-04,5677,7,received,production_output_00178,receipt_production_2026_00178,wh_finished_north,wh_finished_north_z08,Sản lượng thành phẩm theo lô.
production_order_2026_00179,fg_0179,production_lot_2026_00179,2026-09-11,2027-05-09,5778,8,received,production_output_00179,receipt_production_2026_00179,wh_finished_south,wh_finished_south_z09,Sản lượng thành phẩm theo lô.
production_order_2026_00180,fg_0180,production_lot_2026_00180,2026-09-12,2027-05-10,5879,9,received,production_output_00180,receipt_production_2026_00180,wh_finished_north,wh_finished_north_z10,Sản lượng thành phẩm theo lô.
production_order_2026_00181,fg_0181,production_lot_2026_00181,2026-01-12,2026-09-09,5980,10,received,production_output_00181,receipt_production_2026_00181,wh_finished_south,wh_finished_south_z01,Sản lượng thành phẩm theo lô.
production_order_2026_00182,fg_0182,production_lot_2026_00182,2026-01-13,2026-09-10,6081,11,received,production_output_00182,receipt_production_2026_00182,wh_finished_north,wh_finished_north_z02,Sản lượng thành phẩm theo lô.
production_order_2026_00183,fg_0183,production_lot_2026_00183,2026-02-17,2026-10-15,6182,12,received,production_output_00183,receipt_production_2026_00183,wh_finished_south,wh_finished_south_z03,Sản lượng thành phẩm theo lô.
production_order_2026_00184,fg_0184,production_lot_2026_00184,2026-02-18,2026-10-16,6283,13,received,production_output_00184,receipt_production_2026_00184,wh_finished_north,wh_finished_north_z04,Sản lượng thành phẩm theo lô.
production_order_2026_00185,fg_0185,production_lot_2026_00185,2026-03-18,2026-11-13,6384,14,received,production_output_00185,receipt_production_2026_00185,wh_finished_south,wh_finished_south_z05,Sản lượng thành phẩm theo lô.
production_order_2026_00186,fg_0186,production_lot_2026_00186,2026-03-19,2026-11-14,6485,15,received,production_output_00186,receipt_production_2026_00186,wh_finished_north,wh_finished_north_z06,Sản lượng thành phẩm theo lô.
production_order_2026_00187,fg_0187,production_lot_2026_00187,2026-04-23,2026-12-19,6586,16,received,production_output_00187,receipt_production_2026_00187,wh_finished_south,wh_finished_south_z07,Sản lượng thành phẩm theo lô.
production_order_2026_00188,fg_0188,production_lot_2026_00188,2026-04-24,2026-12-20,6687,0,received,production_output_00188,receipt_production_2026_00188,wh_finished_north,wh_finished_north_z08,Sản lượng thành phẩm theo lô.
production_order_2026_00189,fg_0189,production_lot_2026_00189,2026-05-04,2026-12-30,6788,1,received,production_output_00189,receipt_production_2026_00189,wh_finished_south,wh_finished_south_z09,Sản lượng thành phẩm theo lô.
production_order_2026_00190,fg_0190,production_lot_2026_00190,2026-05-05,2026-12-31,6889,2,received,production_output_00190,receipt_production_2026_00190,wh_finished_north,wh_finished_north_z10,Sản lượng thành phẩm theo lô.
production_order_2026_00191,fg_0191,production_lot_2026_00191,2026-06-09,2027-02-04,6990,3,received,production_output_00191,receipt_production_2026_00191,wh_finished_south,wh_finished_south_z01,Sản lượng thành phẩm theo lô.
production_order_2026_00192,fg_0192,production_lot_2026_00192,2026-06-10,2027-02-05,7091,4,received,production_output_00192,receipt_production_2026_00192,wh_finished_north,wh_finished_north_z02,Sản lượng thành phẩm theo lô.
production_order_2026_00193,fg_0193,production_lot_2026_00193,2026-07-10,2027-03-07,7192,5,received,production_output_00193,receipt_production_2026_00193,wh_finished_south,wh_finished_south_z03,Sản lượng thành phẩm theo lô.
production_order_2026_00194,fg_0194,production_lot_2026_00194,2026-07-11,2027-03-08,7293,6,received,production_output_00194,receipt_production_2026_00194,wh_finished_north,wh_finished_north_z04,Sản lượng thành phẩm theo lô.
production_order_2026_00195,fg_0195,production_lot_2026_00195,2026-08-15,2027-04-12,7394,7,received,production_output_00195,receipt_production_2026_00195,wh_finished_south,wh_finished_south_z05,Sản lượng thành phẩm theo lô.
production_order_2026_00196,fg_0196,production_lot_2026_00196,2026-08-16,2027-04-13,7495,8,received,production_output_00196,receipt_production_2026_00196,wh_finished_north,wh_finished_north_z06,Sản lượng thành phẩm theo lô.
production_order_2026_00197,fg_0197,production_lot_2026_00197,2026-09-16,2027-05-14,7596,9,received,production_output_00197,receipt_production_2026_00197,wh_finished_south,wh_finished_south_z07,Sản lượng thành phẩm theo lô.
production_order_2026_00198,fg_0198,production_lot_2026_00198,2026-09-17,2027-05-15,7697,10,received,production_output_00198,receipt_production_2026_00198,wh_finished_north,wh_finished_north_z08,Sản lượng thành phẩm theo lô.
production_order_2026_00199,fg_0199,production_lot_2026_00199,2026-01-21,2026-09-18,7798,11,received,production_output_00199,receipt_production_2026_00199,wh_finished_south,wh_finished_south_z09,Sản lượng thành phẩm theo lô.
production_order_2026_00200,fg_0200,production_lot_2026_00200,2026-01-22,2026-09-19,7899,12,received,production_output_00200,receipt_production_2026_00200,wh_finished_north,wh_finished_north_z10,Sản lượng thành phẩm theo lô.
production_order_2026_00201,fg_0001,production_lot_2026_00201,2026-02-02,2026-09-30,8000,13,received,production_output_00201,receipt_production_2026_00201,wh_finished_south,wh_finished_south_z01,Sản lượng thành phẩm theo lô.
production_order_2026_00202,fg_0002,production_lot_2026_00202,2026-02-03,2026-10-01,8101,14,received,production_output_00202,receipt_production_2026_00202,wh_finished_north,wh_finished_north_z02,Sản lượng thành phẩm theo lô.
production_order_2026_00203,fg_0003,production_lot_2026_00203,2026-03-07,2026-11-02,8202,15,received,production_output_00203,receipt_production_2026_00203,wh_finished_south,wh_finished_south_z03,Sản lượng thành phẩm theo lô.
production_order_2026_00204,fg_0004,production_lot_2026_00204,2026-03-08,2026-11-03,8303,16,received,production_output_00204,receipt_production_2026_00204,wh_finished_north,wh_finished_north_z04,Sản lượng thành phẩm theo lô.
production_order_2026_00205,fg_0005,production_lot_2026_00205,2026-04-08,2026-12-04,8404,0,received,production_output_00205,receipt_production_2026_00205,wh_finished_south,wh_finished_south_z05,Sản lượng thành phẩm theo lô.
production_order_2026_00206,fg_0006,production_lot_2026_00206,2026-04-09,2026-12-05,8505,1,received,production_output_00206,receipt_production_2026_00206,wh_finished_north,wh_finished_north_z06,Sản lượng thành phẩm theo lô.
production_order_2026_00207,fg_0007,production_lot_2026_00207,2026-05-13,2027-01-08,8606,2,received,production_output_00207,receipt_production_2026_00207,wh_finished_south,wh_finished_south_z07,Sản lượng thành phẩm theo lô.
production_order_2026_00208,fg_0008,production_lot_2026_00208,2026-05-14,2027-01-09,8707,3,received,production_output_00208,receipt_production_2026_00208,wh_finished_north,wh_finished_north_z08,Sản lượng thành phẩm theo lô.
production_order_2026_00209,fg_0009,production_lot_2026_00209,2026-06-14,2027-02-09,1808,4,received,production_output_00209,receipt_production_2026_00209,wh_finished_south,wh_finished_south_z09,Sản lượng thành phẩm theo lô.
production_order_2026_00210,fg_0010,production_lot_2026_00210,2026-06-15,2027-02-10,1909,5,received,production_output_00210,receipt_production_2026_00210,wh_finished_north,wh_finished_north_z10,Sản lượng thành phẩm theo lô.
production_order_2026_00211,fg_0011,production_lot_2026_00211,2026-07-19,2027-03-16,2010,6,received,production_output_00211,receipt_production_2026_00211,wh_finished_south,wh_finished_south_z01,Sản lượng thành phẩm theo lô.
production_order_2026_00212,fg_0012,production_lot_2026_00212,2026-07-20,2027-03-17,2111,7,received,production_output_00212,receipt_production_2026_00212,wh_finished_north,wh_finished_north_z02,Sản lượng thành phẩm theo lô.
production_order_2026_00213,fg_0013,production_lot_2026_00213,2026-08-20,2027-04-17,2212,8,received,production_output_00213,receipt_production_2026_00213,wh_finished_south,wh_finished_south_z03,Sản lượng thành phẩm theo lô.
production_order_2026_00214,fg_0014,production_lot_2026_00214,2026-08-21,2027-04-18,2313,9,received,production_output_00214,receipt_production_2026_00214,wh_finished_north,wh_finished_north_z04,Sản lượng thành phẩm theo lô.
production_order_2026_00215,fg_0015,production_lot_2026_00215,2026-09-05,2027-05-03,2414,10,received,production_output_00215,receipt_production_2026_00215,wh_finished_south,wh_finished_south_z05,Sản lượng thành phẩm theo lô.
production_order_2026_00216,fg_0016,production_lot_2026_00216,2026-09-06,2027-05-04,2515,11,received,production_output_00216,receipt_production_2026_00216,wh_finished_north,wh_finished_north_z06,Sản lượng thành phẩm theo lô.
production_order_2026_00217,fg_0017,production_lot_2026_00217,2026-01-06,2026-09-03,2616,12,received,production_output_00217,receipt_production_2026_00217,wh_finished_south,wh_finished_south_z07,Sản lượng thành phẩm theo lô.
production_order_2026_00218,fg_0018,production_lot_2026_00218,2026-01-07,2026-09-04,2717,13,received,production_output_00218,receipt_production_2026_00218,wh_finished_north,wh_finished_north_z08,Sản lượng thành phẩm theo lô.
production_order_2026_00219,fg_0019,production_lot_2026_00219,2026-02-11,2026-10-09,2818,14,received,production_output_00219,receipt_production_2026_00219,wh_finished_south,wh_finished_south_z09,Sản lượng thành phẩm theo lô.
production_order_2026_00220,fg_0020,production_lot_2026_00220,2026-02-12,2026-10-10,2919,15,received,production_output_00220,receipt_production_2026_00220,wh_finished_north,wh_finished_north_z10,Sản lượng thành phẩm theo lô.
production_order_2026_00221,fg_0021,production_lot_2026_00221,2026-03-12,2026-11-07,3020,16,received,production_output_00221,receipt_production_2026_00221,wh_finished_south,wh_finished_south_z01,Sản lượng thành phẩm theo lô.
production_order_2026_00222,fg_0022,production_lot_2026_00222,2026-03-13,2026-11-08,3121,0,received,production_output_00222,receipt_production_2026_00222,wh_finished_north,wh_finished_north_z02,Sản lượng thành phẩm theo lô.
production_order_2026_00223,fg_0023,production_lot_2026_00223,2026-04-17,2026-12-13,3222,1,received,production_output_00223,receipt_production_2026_00223,wh_finished_south,wh_finished_south_z03,Sản lượng thành phẩm theo lô.
production_order_2026_00224,fg_0024,production_lot_2026_00224,2026-04-18,2026-12-14,3323,2,received,production_output_00224,receipt_production_2026_00224,wh_finished_north,wh_finished_north_z04,Sản lượng thành phẩm theo lô.
production_order_2026_00225,fg_0025,production_lot_2026_00225,2026-05-18,2027-01-13,3424,3,received,production_output_00225,receipt_production_2026_00225,wh_finished_south,wh_finished_south_z05,Sản lượng thành phẩm theo lô.
production_order_2026_00226,fg_0026,production_lot_2026_00226,2026-05-19,2027-01-14,3525,4,received,production_output_00226,receipt_production_2026_00226,wh_finished_north,wh_finished_north_z06,Sản lượng thành phẩm theo lô.
production_order_2026_00227,fg_0027,production_lot_2026_00227,2026-06-23,2027-02-18,3626,5,received,production_output_00227,receipt_production_2026_00227,wh_finished_south,wh_finished_south_z07,Sản lượng thành phẩm theo lô.
production_order_2026_00228,fg_0028,production_lot_2026_00228,2026-06-24,2027-02-19,3727,6,received,production_output_00228,receipt_production_2026_00228,wh_finished_north,wh_finished_north_z08,Sản lượng thành phẩm theo lô.
production_order_2026_00229,fg_0029,production_lot_2026_00229,2026-07-04,2027-03-01,3828,7,received,production_output_00229,receipt_production_2026_00229,wh_finished_south,wh_finished_south_z09,Sản lượng thành phẩm theo lô.
production_order_2026_00230,fg_0030,production_lot_2026_00230,2026-07-05,2027-03-02,3929,8,received,production_output_00230,receipt_production_2026_00230,wh_finished_north,wh_finished_north_z10,Sản lượng thành phẩm theo lô.
production_order_2026_00231,fg_0031,production_lot_2026_00231,2026-08-09,2027-04-06,4030,9,received,production_output_00231,receipt_production_2026_00231,wh_finished_south,wh_finished_south_z01,Sản lượng thành phẩm theo lô.
production_order_2026_00232,fg_0032,production_lot_2026_00232,2026-08-10,2027-04-07,4131,10,received,production_output_00232,receipt_production_2026_00232,wh_finished_north,wh_finished_north_z02,Sản lượng thành phẩm theo lô.
production_order_2026_00233,fg_0033,production_lot_2026_00233,2026-09-10,2027-05-08,4232,11,received,production_output_00233,receipt_production_2026_00233,wh_finished_south,wh_finished_south_z03,Sản lượng thành phẩm theo lô.
production_order_2026_00234,fg_0034,production_lot_2026_00234,2026-09-11,2027-05-09,4333,12,received,production_output_00234,receipt_production_2026_00234,wh_finished_north,wh_finished_north_z04,Sản lượng thành phẩm theo lô.
production_order_2026_00235,fg_0035,production_lot_2026_00235,2026-01-15,2026-09-12,4434,13,received,production_output_00235,receipt_production_2026_00235,wh_finished_south,wh_finished_south_z05,Sản lượng thành phẩm theo lô.
production_order_2026_00236,fg_0036,production_lot_2026_00236,2026-01-16,2026-09-13,4535,14,received,production_output_00236,receipt_production_2026_00236,wh_finished_north,wh_finished_north_z06,Sản lượng thành phẩm theo lô.
production_order_2026_00237,fg_0037,production_lot_2026_00237,2026-02-16,2026-10-14,4636,15,received,production_output_00237,receipt_production_2026_00237,wh_finished_south,wh_finished_south_z07,Sản lượng thành phẩm theo lô.
production_order_2026_00238,fg_0038,production_lot_2026_00238,2026-02-17,2026-10-15,4737,16,received,production_output_00238,receipt_production_2026_00238,wh_finished_north,wh_finished_north_z08,Sản lượng thành phẩm theo lô.
production_order_2026_00239,fg_0039,production_lot_2026_00239,2026-03-21,2026-11-16,4838,0,received,production_output_00239,receipt_production_2026_00239,wh_finished_south,wh_finished_south_z09,Sản lượng thành phẩm theo lô.
production_order_2026_00240,fg_0040,production_lot_2026_00240,2026-03-22,2026-11-17,4939,1,received,production_output_00240,receipt_production_2026_00240,wh_finished_north,wh_finished_north_z10,Sản lượng thành phẩm theo lô.
production_order_2026_00241,fg_0041,production_lot_2026_00241,2026-04-02,2026-11-28,5040,2,received,production_output_00241,receipt_production_2026_00241,wh_finished_south,wh_finished_south_z01,Sản lượng thành phẩm theo lô.
production_order_2026_00242,fg_0042,production_lot_2026_00242,2026-04-03,2026-11-29,5141,3,received,production_output_00242,receipt_production_2026_00242,wh_finished_north,wh_finished_north_z02,Sản lượng thành phẩm theo lô.
production_order_2026_00243,fg_0043,production_lot_2026_00243,2026-05-07,2027-01-02,5242,4,received,production_output_00243,receipt_production_2026_00243,wh_finished_south,wh_finished_south_z03,Sản lượng thành phẩm theo lô.
production_order_2026_00244,fg_0044,production_lot_2026_00244,2026-05-08,2027-01-03,5343,5,received,production_output_00244,receipt_production_2026_00244,wh_finished_north,wh_finished_north_z04,Sản lượng thành phẩm theo lô.
production_order_2026_00245,fg_0045,production_lot_2026_00245,2026-06-08,2027-02-03,5444,6,received,production_output_00245,receipt_production_2026_00245,wh_finished_south,wh_finished_south_z05,Sản lượng thành phẩm theo lô.
production_order_2026_00246,fg_0046,production_lot_2026_00246,2026-06-09,2027-02-04,5545,7,received,production_output_00246,receipt_production_2026_00246,wh_finished_north,wh_finished_north_z06,Sản lượng thành phẩm theo lô.
production_order_2026_00247,fg_0047,production_lot_2026_00247,2026-07-13,2027-03-10,5646,8,received,production_output_00247,receipt_production_2026_00247,wh_finished_south,wh_finished_south_z07,Sản lượng thành phẩm theo lô.
production_order_2026_00248,fg_0048,production_lot_2026_00248,2026-07-14,2027-03-11,5747,9,received,production_output_00248,receipt_production_2026_00248,wh_finished_north,wh_finished_north_z08,Sản lượng thành phẩm theo lô.
production_order_2026_00249,fg_0049,production_lot_2026_00249,2026-08-14,2027-04-11,5848,10,received,production_output_00249,receipt_production_2026_00249,wh_finished_south,wh_finished_south_z09,Sản lượng thành phẩm theo lô.
production_order_2026_00250,fg_0050,production_lot_2026_00250,2026-08-15,2027-04-12,5949,11,received,production_output_00250,receipt_production_2026_00250,wh_finished_north,wh_finished_north_z10,Sản lượng thành phẩm theo lô.
production_order_2026_00251,fg_0051,production_lot_2026_00251,2026-09-19,2027-05-17,6050,12,received,production_output_00251,receipt_production_2026_00251,wh_finished_south,wh_finished_south_z01,Sản lượng thành phẩm theo lô.
production_order_2026_00252,fg_0052,production_lot_2026_00252,2026-09-20,2027-05-18,6151,13,received,production_output_00252,receipt_production_2026_00252,wh_finished_north,wh_finished_north_z02,Sản lượng thành phẩm theo lô.
production_order_2026_00253,fg_0053,production_lot_2026_00253,2026-01-20,2026-09-17,6252,14,received,production_output_00253,receipt_production_2026_00253,wh_finished_south,wh_finished_south_z03,Sản lượng thành phẩm theo lô.
production_order_2026_00254,fg_0054,production_lot_2026_00254,2026-01-21,2026-09-18,6353,15,received,production_output_00254,receipt_production_2026_00254,wh_finished_north,wh_finished_north_z04,Sản lượng thành phẩm theo lô.
production_order_2026_00255,fg_0055,production_lot_2026_00255,2026-02-05,2026-10-03,6454,16,received,production_output_00255,receipt_production_2026_00255,wh_finished_south,wh_finished_south_z05,Sản lượng thành phẩm theo lô.
production_order_2026_00256,fg_0056,production_lot_2026_00256,2026-02-06,2026-10-04,6555,0,received,production_output_00256,receipt_production_2026_00256,wh_finished_north,wh_finished_north_z06,Sản lượng thành phẩm theo lô.
production_order_2026_00257,fg_0057,production_lot_2026_00257,2026-03-06,2026-11-01,6656,1,received,production_output_00257,receipt_production_2026_00257,wh_finished_south,wh_finished_south_z07,Sản lượng thành phẩm theo lô.
production_order_2026_00258,fg_0058,production_lot_2026_00258,2026-03-07,2026-11-02,6757,2,received,production_output_00258,receipt_production_2026_00258,wh_finished_north,wh_finished_north_z08,Sản lượng thành phẩm theo lô.
production_order_2026_00259,fg_0059,production_lot_2026_00259,2026-04-11,2026-12-07,6858,3,received,production_output_00259,receipt_production_2026_00259,wh_finished_south,wh_finished_south_z09,Sản lượng thành phẩm theo lô.
production_order_2026_00260,fg_0060,production_lot_2026_00260,2026-04-12,2026-12-08,6959,4,received,production_output_00260,receipt_production_2026_00260,wh_finished_north,wh_finished_north_z10,Sản lượng thành phẩm theo lô.
production_order_2026_00261,fg_0061,production_lot_2026_00261,2026-05-12,2027-01-07,7060,5,received,production_output_00261,receipt_production_2026_00261,wh_finished_south,wh_finished_south_z01,Sản lượng thành phẩm theo lô.
production_order_2026_00262,fg_0062,production_lot_2026_00262,2026-05-13,2027-01-08,7161,6,received,production_output_00262,receipt_production_2026_00262,wh_finished_north,wh_finished_north_z02,Sản lượng thành phẩm theo lô.
production_order_2026_00263,fg_0063,production_lot_2026_00263,2026-06-17,2027-02-12,7262,7,received,production_output_00263,receipt_production_2026_00263,wh_finished_south,wh_finished_south_z03,Sản lượng thành phẩm theo lô.
production_order_2026_00264,fg_0064,production_lot_2026_00264,2026-06-18,2027-02-13,7363,8,received,production_output_00264,receipt_production_2026_00264,wh_finished_north,wh_finished_north_z04,Sản lượng thành phẩm theo lô.
production_order_2026_00265,fg_0065,production_lot_2026_00265,2026-07-18,2027-03-15,7464,9,received,production_output_00265,receipt_production_2026_00265,wh_finished_south,wh_finished_south_z05,Sản lượng thành phẩm theo lô.
production_order_2026_00266,fg_0066,production_lot_2026_00266,2026-07-19,2027-03-16,7565,10,received,production_output_00266,receipt_production_2026_00266,wh_finished_north,wh_finished_north_z06,Sản lượng thành phẩm theo lô.
production_order_2026_00267,fg_0067,production_lot_2026_00267,2026-08-23,2027-04-20,7666,11,received,production_output_00267,receipt_production_2026_00267,wh_finished_south,wh_finished_south_z07,Sản lượng thành phẩm theo lô.
production_order_2026_00268,fg_0068,production_lot_2026_00268,2026-08-24,2027-04-21,7767,12,received,production_output_00268,receipt_production_2026_00268,wh_finished_north,wh_finished_north_z08,Sản lượng thành phẩm theo lô.
production_order_2026_00269,fg_0069,production_lot_2026_00269,2026-09-04,2027-05-02,7868,13,received,production_output_00269,receipt_production_2026_00269,wh_finished_south,wh_finished_south_z09,Sản lượng thành phẩm theo lô.
production_order_2026_00270,fg_0070,production_lot_2026_00270,2026-09-05,2027-05-03,7969,14,received,production_output_00270,receipt_production_2026_00270,wh_finished_north,wh_finished_north_z10,Sản lượng thành phẩm theo lô.
production_order_2026_00271,fg_0071,production_lot_2026_00271,2026-01-09,2026-09-06,8070,15,received,production_output_00271,receipt_production_2026_00271,wh_finished_south,wh_finished_south_z01,Sản lượng thành phẩm theo lô.
production_order_2026_00272,fg_0072,production_lot_2026_00272,2026-01-10,2026-09-07,8171,16,received,production_output_00272,receipt_production_2026_00272,wh_finished_north,wh_finished_north_z02,Sản lượng thành phẩm theo lô.
production_order_2026_00273,fg_0073,production_lot_2026_00273,2026-02-10,2026-10-08,8272,0,received,production_output_00273,receipt_production_2026_00273,wh_finished_south,wh_finished_south_z03,Sản lượng thành phẩm theo lô.
production_order_2026_00274,fg_0074,production_lot_2026_00274,2026-02-11,2026-10-09,8373,1,received,production_output_00274,receipt_production_2026_00274,wh_finished_north,wh_finished_north_z04,Sản lượng thành phẩm theo lô.
production_order_2026_00275,fg_0075,production_lot_2026_00275,2026-03-15,2026-11-10,8474,2,received,production_output_00275,receipt_production_2026_00275,wh_finished_south,wh_finished_south_z05,Sản lượng thành phẩm theo lô.
production_order_2026_00276,fg_0076,production_lot_2026_00276,2026-03-16,2026-11-11,8575,3,received,production_output_00276,receipt_production_2026_00276,wh_finished_north,wh_finished_north_z06,Sản lượng thành phẩm theo lô.
production_order_2026_00277,fg_0077,production_lot_2026_00277,2026-04-16,2026-12-12,8676,4,received,production_output_00277,receipt_production_2026_00277,wh_finished_south,wh_finished_south_z07,Sản lượng thành phẩm theo lô.
production_order_2026_00278,fg_0078,production_lot_2026_00278,2026-04-17,2026-12-13,8777,5,received,production_output_00278,receipt_production_2026_00278,wh_finished_north,wh_finished_north_z08,Sản lượng thành phẩm theo lô.
production_order_2026_00279,fg_0079,production_lot_2026_00279,2026-05-21,2027-01-16,1878,6,received,production_output_00279,receipt_production_2026_00279,wh_finished_south,wh_finished_south_z09,Sản lượng thành phẩm theo lô.
production_order_2026_00280,fg_0080,production_lot_2026_00280,2026-05-22,2027-01-17,1979,7,received,production_output_00280,receipt_production_2026_00280,wh_finished_north,wh_finished_north_z10,Sản lượng thành phẩm theo lô.
production_order_2026_00281,fg_0081,production_lot_2026_00281,2026-06-02,2027-01-28,2080,8,received,production_output_00281,receipt_production_2026_00281,wh_finished_south,wh_finished_south_z01,Sản lượng thành phẩm theo lô.
production_order_2026_00282,fg_0082,production_lot_2026_00282,2026-06-03,2027-01-29,2181,9,received,production_output_00282,receipt_production_2026_00282,wh_finished_north,wh_finished_north_z02,Sản lượng thành phẩm theo lô.
production_order_2026_00283,fg_0083,production_lot_2026_00283,2026-07-07,2027-03-04,2282,10,received,production_output_00283,receipt_production_2026_00283,wh_finished_south,wh_finished_south_z03,Sản lượng thành phẩm theo lô.
production_order_2026_00284,fg_0084,production_lot_2026_00284,2026-07-08,2027-03-05,2383,11,received,production_output_00284,receipt_production_2026_00284,wh_finished_north,wh_finished_north_z04,Sản lượng thành phẩm theo lô.
production_order_2026_00285,fg_0085,production_lot_2026_00285,2026-08-08,2027-04-05,2484,12,received,production_output_00285,receipt_production_2026_00285,wh_finished_south,wh_finished_south_z05,Sản lượng thành phẩm theo lô.
production_order_2026_00286,fg_0086,production_lot_2026_00286,2026-08-09,2027-04-06,2585,13,received,production_output_00286,receipt_production_2026_00286,wh_finished_north,wh_finished_north_z06,Sản lượng thành phẩm theo lô.
production_order_2026_00287,fg_0087,production_lot_2026_00287,2026-09-13,2027-05-11,2686,14,received,production_output_00287,receipt_production_2026_00287,wh_finished_south,wh_finished_south_z07,Sản lượng thành phẩm theo lô.
production_order_2026_00288,fg_0088,production_lot_2026_00288,2026-09-14,2027-05-12,2787,15,received,production_output_00288,receipt_production_2026_00288,wh_finished_north,wh_finished_north_z08,Sản lượng thành phẩm theo lô.
production_order_2026_00289,fg_0089,production_lot_2026_00289,2026-01-14,2026-09-11,2888,16,received,production_output_00289,receipt_production_2026_00289,wh_finished_south,wh_finished_south_z09,Sản lượng thành phẩm theo lô.
production_order_2026_00290,fg_0090,production_lot_2026_00290,2026-01-15,2026-09-12,2989,0,received,production_output_00290,receipt_production_2026_00290,wh_finished_north,wh_finished_north_z10,Sản lượng thành phẩm theo lô.
production_order_2026_00291,fg_0091,production_lot_2026_00291,2026-02-19,2026-10-17,3090,1,received,production_output_00291,receipt_production_2026_00291,wh_finished_south,wh_finished_south_z01,Sản lượng thành phẩm theo lô.
production_order_2026_00292,fg_0092,production_lot_2026_00292,2026-02-20,2026-10-18,3191,2,received,production_output_00292,receipt_production_2026_00292,wh_finished_north,wh_finished_north_z02,Sản lượng thành phẩm theo lô.
production_order_2026_00293,fg_0093,production_lot_2026_00293,2026-03-20,2026-11-15,3292,3,received,production_output_00293,receipt_production_2026_00293,wh_finished_south,wh_finished_south_z03,Sản lượng thành phẩm theo lô.
production_order_2026_00294,fg_0094,production_lot_2026_00294,2026-03-21,2026-11-16,3393,4,received,production_output_00294,receipt_production_2026_00294,wh_finished_north,wh_finished_north_z04,Sản lượng thành phẩm theo lô.
production_order_2026_00295,fg_0095,production_lot_2026_00295,2026-04-05,2026-12-01,3494,5,received,production_output_00295,receipt_production_2026_00295,wh_finished_south,wh_finished_south_z05,Sản lượng thành phẩm theo lô.
production_order_2026_00296,fg_0096,production_lot_2026_00296,2026-04-06,2026-12-02,3595,6,received,production_output_00296,receipt_production_2026_00296,wh_finished_north,wh_finished_north_z06,Sản lượng thành phẩm theo lô.
production_order_2026_00297,fg_0097,production_lot_2026_00297,2026-05-06,2027-01-01,3696,7,received,production_output_00297,receipt_production_2026_00297,wh_finished_south,wh_finished_south_z07,Sản lượng thành phẩm theo lô.
production_order_2026_00298,fg_0098,production_lot_2026_00298,2026-05-07,2027-01-02,3797,8,received,production_output_00298,receipt_production_2026_00298,wh_finished_north,wh_finished_north_z08,Sản lượng thành phẩm theo lô.
production_order_2026_00299,fg_0099,production_lot_2026_00299,2026-06-11,2027-02-06,3898,9,received,production_output_00299,receipt_production_2026_00299,wh_finished_south,wh_finished_south_z09,Sản lượng thành phẩm theo lô.
production_order_2026_00300,fg_0100,production_lot_2026_00300,2026-06-12,2027-02-07,3999,10,received,production_output_00300,receipt_production_2026_00300,wh_finished_north,wh_finished_north_z10,Sản lượng thành phẩm theo lô.
production_order_2026_00301,fg_0101,production_lot_2026_00301,2026-07-12,2027-03-09,4100,11,pending_receipt,production_output_00301,,wh_finished_south,wh_finished_south_z01,Sản lượng thành phẩm theo lô.
production_order_2026_00302,fg_0102,production_lot_2026_00302,2026-07-13,2027-03-10,4201,12,pending_receipt,production_output_00302,,wh_finished_north,wh_finished_north_z02,Sản lượng thành phẩm theo lô.
production_order_2026_00303,fg_0103,production_lot_2026_00303,2026-08-17,2027-04-14,4302,13,pending_receipt,production_output_00303,,wh_finished_south,wh_finished_south_z03,Sản lượng thành phẩm theo lô.
production_order_2026_00304,fg_0104,production_lot_2026_00304,2026-08-18,2027-04-15,4403,14,pending_receipt,production_output_00304,,wh_finished_north,wh_finished_north_z04,Sản lượng thành phẩm theo lô.
production_order_2026_00305,fg_0105,production_lot_2026_00305,2026-09-18,2027-05-16,4504,15,pending_receipt,production_output_00305,,wh_finished_south,wh_finished_south_z05,Sản lượng thành phẩm theo lô.
production_order_2026_00306,fg_0106,production_lot_2026_00306,2026-09-19,2027-05-17,4605,16,pending_receipt,production_output_00306,,wh_finished_north,wh_finished_north_z06,Sản lượng thành phẩm theo lô.
production_order_2026_00307,fg_0107,production_lot_2026_00307,2026-01-23,2026-09-20,4706,0,pending_receipt,production_output_00307,,wh_finished_south,wh_finished_south_z07,Sản lượng thành phẩm theo lô.
production_order_2026_00308,fg_0108,production_lot_2026_00308,2026-01-24,2026-09-21,4807,1,pending_receipt,production_output_00308,,wh_finished_north,wh_finished_north_z08,Sản lượng thành phẩm theo lô.
production_order_2026_00309,fg_0109,production_lot_2026_00309,2026-02-04,2026-10-02,4908,2,pending_receipt,production_output_00309,,wh_finished_south,wh_finished_south_z09,Sản lượng thành phẩm theo lô.
production_order_2026_00310,fg_0110,production_lot_2026_00310,2026-02-05,2026-10-03,5009,3,pending_receipt,production_output_00310,,wh_finished_north,wh_finished_north_z10,Sản lượng thành phẩm theo lô.
production_order_2026_00311,fg_0111,production_lot_2026_00311,2026-03-09,2026-11-04,5110,4,pending_receipt,production_output_00311,,wh_finished_south,wh_finished_south_z01,Sản lượng thành phẩm theo lô.
production_order_2026_00312,fg_0112,production_lot_2026_00312,2026-03-10,2026-11-05,5211,5,pending_receipt,production_output_00312,,wh_finished_north,wh_finished_north_z02,Sản lượng thành phẩm theo lô.
production_order_2026_00313,fg_0113,production_lot_2026_00313,2026-04-10,2026-12-06,5312,6,pending_receipt,production_output_00313,,wh_finished_south,wh_finished_south_z03,Sản lượng thành phẩm theo lô.
production_order_2026_00314,fg_0114,production_lot_2026_00314,2026-04-11,2026-12-07,5413,7,pending_receipt,production_output_00314,,wh_finished_north,wh_finished_north_z04,Sản lượng thành phẩm theo lô.
production_order_2026_00315,fg_0115,production_lot_2026_00315,2026-05-15,2027-01-10,5514,8,pending_receipt,production_output_00315,,wh_finished_south,wh_finished_south_z05,Sản lượng thành phẩm theo lô.
production_order_2026_00316,fg_0116,production_lot_2026_00316,2026-05-16,2027-01-11,5615,9,pending_receipt,production_output_00316,,wh_finished_north,wh_finished_north_z06,Sản lượng thành phẩm theo lô.
production_order_2026_00317,fg_0117,production_lot_2026_00317,2026-06-16,2027-02-11,5716,10,pending_receipt,production_output_00317,,wh_finished_south,wh_finished_south_z07,Sản lượng thành phẩm theo lô.
production_order_2026_00318,fg_0118,production_lot_2026_00318,2026-06-17,2027-02-12,5817,11,pending_receipt,production_output_00318,,wh_finished_north,wh_finished_north_z08,Sản lượng thành phẩm theo lô.
production_order_2026_00319,fg_0119,production_lot_2026_00319,2026-07-21,2027-03-18,5918,12,pending_receipt,production_output_00319,,wh_finished_south,wh_finished_south_z09,Sản lượng thành phẩm theo lô.
production_order_2026_00320,fg_0120,production_lot_2026_00320,2026-07-22,2027-03-19,6019,13,pending_receipt,production_output_00320,,wh_finished_north,wh_finished_north_z10,Sản lượng thành phẩm theo lô.
production_order_2026_00321,fg_0121,production_lot_2026_00321,2026-08-02,2027-03-30,6120,14,pending_receipt,production_output_00321,,wh_finished_south,wh_finished_south_z01,Sản lượng thành phẩm theo lô.
production_order_2026_00322,fg_0122,production_lot_2026_00322,2026-08-03,2027-03-31,6221,15,pending_receipt,production_output_00322,,wh_finished_north,wh_finished_north_z02,Sản lượng thành phẩm theo lô.
production_order_2026_00323,fg_0123,production_lot_2026_00323,2026-09-07,2027-05-05,6322,16,pending_receipt,production_output_00323,,wh_finished_south,wh_finished_south_z03,Sản lượng thành phẩm theo lô.
production_order_2026_00324,fg_0124,production_lot_2026_00324,2026-09-08,2027-05-06,6423,0,pending_receipt,production_output_00324,,wh_finished_north,wh_finished_north_z04,Sản lượng thành phẩm theo lô.
production_order_2026_00325,fg_0125,production_lot_2026_00325,2026-01-08,2026-09-05,6524,1,pending_receipt,production_output_00325,,wh_finished_south,wh_finished_south_z05,Sản lượng thành phẩm theo lô.
production_order_2026_00326,fg_0126,production_lot_2026_00326,2026-01-09,2026-09-06,6625,2,pending_receipt,production_output_00326,,wh_finished_north,wh_finished_north_z06,Sản lượng thành phẩm theo lô.
production_order_2026_00327,fg_0127,production_lot_2026_00327,2026-02-13,2026-10-11,6726,3,pending_receipt,production_output_00327,,wh_finished_south,wh_finished_south_z07,Sản lượng thành phẩm theo lô.
production_order_2026_00328,fg_0128,production_lot_2026_00328,2026-02-14,2026-10-12,6827,4,pending_receipt,production_output_00328,,wh_finished_north,wh_finished_north_z08,Sản lượng thành phẩm theo lô.
production_order_2026_00329,fg_0129,production_lot_2026_00329,2026-03-14,2026-11-09,6928,5,pending_receipt,production_output_00329,,wh_finished_south,wh_finished_south_z09,Sản lượng thành phẩm theo lô.
production_order_2026_00330,fg_0130,production_lot_2026_00330,2026-03-15,2026-11-10,7029,6,pending_receipt,production_output_00330,,wh_finished_north,wh_finished_north_z10,Sản lượng thành phẩm theo lô.
production_order_2026_00331,fg_0131,production_lot_2026_00331,2026-04-19,2026-12-15,7130,7,pending_receipt,production_output_00331,,wh_finished_south,wh_finished_south_z01,Sản lượng thành phẩm theo lô.
production_order_2026_00332,fg_0132,production_lot_2026_00332,2026-04-20,2026-12-16,7231,8,pending_receipt,production_output_00332,,wh_finished_north,wh_finished_north_z02,Sản lượng thành phẩm theo lô.
production_order_2026_00333,fg_0133,production_lot_2026_00333,2026-05-20,2027-01-15,7332,9,pending_receipt,production_output_00333,,wh_finished_south,wh_finished_south_z03,Sản lượng thành phẩm theo lô.
production_order_2026_00334,fg_0134,production_lot_2026_00334,2026-05-21,2027-01-16,7433,10,pending_receipt,production_output_00334,,wh_finished_north,wh_finished_north_z04,Sản lượng thành phẩm theo lô.
production_order_2026_00335,fg_0135,production_lot_2026_00335,2026-06-05,2027-01-31,7534,11,pending_receipt,production_output_00335,,wh_finished_south,wh_finished_south_z05,Sản lượng thành phẩm theo lô.
production_order_2026_00336,fg_0136,production_lot_2026_00336,2026-06-06,2027-02-01,7635,12,pending_receipt,production_output_00336,,wh_finished_north,wh_finished_north_z06,Sản lượng thành phẩm theo lô.
production_order_2026_00337,fg_0137,production_lot_2026_00337,2026-07-06,2027-03-03,7736,13,pending_receipt,production_output_00337,,wh_finished_south,wh_finished_south_z07,Sản lượng thành phẩm theo lô.
production_order_2026_00338,fg_0138,production_lot_2026_00338,2026-07-07,2027-03-04,7837,14,pending_receipt,production_output_00338,,wh_finished_north,wh_finished_north_z08,Sản lượng thành phẩm theo lô.
production_order_2026_00339,fg_0139,production_lot_2026_00339,2026-08-11,2027-04-08,7938,15,pending_receipt,production_output_00339,,wh_finished_south,wh_finished_south_z09,Sản lượng thành phẩm theo lô.
production_order_2026_00340,fg_0140,production_lot_2026_00340,2026-08-12,2027-04-09,8039,16,pending_receipt,production_output_00340,,wh_finished_north,wh_finished_north_z10,Sản lượng thành phẩm theo lô.
production_order_2026_00341,fg_0141,production_lot_2026_00341,2026-09-12,2027-05-10,8140,0,pending_receipt,production_output_00341,,wh_finished_south,wh_finished_south_z01,Sản lượng thành phẩm theo lô.
production_order_2026_00342,fg_0142,production_lot_2026_00342,2026-09-13,2027-05-11,8241,1,pending_receipt,production_output_00342,,wh_finished_north,wh_finished_north_z02,Sản lượng thành phẩm theo lô.
production_order_2026_00343,fg_0143,production_lot_2026_00343,2026-01-17,2026-09-14,8342,2,pending_receipt,production_output_00343,,wh_finished_south,wh_finished_south_z03,Sản lượng thành phẩm theo lô.
production_order_2026_00344,fg_0144,production_lot_2026_00344,2026-01-18,2026-09-15,8443,3,pending_receipt,production_output_00344,,wh_finished_north,wh_finished_north_z04,Sản lượng thành phẩm theo lô.
production_order_2026_00345,fg_0145,production_lot_2026_00345,2026-02-18,2026-10-16,8544,4,pending_receipt,production_output_00345,,wh_finished_south,wh_finished_south_z05,Sản lượng thành phẩm theo lô.
production_order_2026_00346,fg_0146,production_lot_2026_00346,2026-02-19,2026-10-17,8645,5,pending_receipt,production_output_00346,,wh_finished_north,wh_finished_north_z06,Sản lượng thành phẩm theo lô.
production_order_2026_00347,fg_0147,production_lot_2026_00347,2026-03-23,2026-11-18,8746,6,pending_receipt,production_output_00347,,wh_finished_south,wh_finished_south_z07,Sản lượng thành phẩm theo lô.
production_order_2026_00348,fg_0148,production_lot_2026_00348,2026-03-24,2026-11-19,1847,7,pending_receipt,production_output_00348,,wh_finished_north,wh_finished_north_z08,Sản lượng thành phẩm theo lô.
production_order_2026_00349,fg_0149,production_lot_2026_00349,2026-04-04,2026-11-30,1948,8,pending_receipt,production_output_00349,,wh_finished_south,wh_finished_south_z09,Sản lượng thành phẩm theo lô.
production_order_2026_00350,fg_0150,production_lot_2026_00350,2026-04-05,2026-12-01,2049,9,pending_receipt,production_output_00350,,wh_finished_north,wh_finished_north_z10,Sản lượng thành phẩm theo lô.
production_order_2026_00351,fg_0151,production_lot_2026_00351,2026-05-09,2027-01-04,2150,10,pending_receipt,production_output_00351,,wh_finished_south,wh_finished_south_z01,Sản lượng thành phẩm theo lô.
production_order_2026_00352,fg_0152,production_lot_2026_00352,2026-05-10,2027-01-05,2251,11,pending_receipt,production_output_00352,,wh_finished_north,wh_finished_north_z02,Sản lượng thành phẩm theo lô.
production_order_2026_00353,fg_0153,production_lot_2026_00353,2026-06-10,2027-02-05,2352,12,pending_receipt,production_output_00353,,wh_finished_south,wh_finished_south_z03,Sản lượng thành phẩm theo lô.
production_order_2026_00354,fg_0154,production_lot_2026_00354,2026-06-11,2027-02-06,2453,13,pending_receipt,production_output_00354,,wh_finished_north,wh_finished_north_z04,Sản lượng thành phẩm theo lô.
production_order_2026_00355,fg_0155,production_lot_2026_00355,2026-07-15,2027-03-12,2554,14,pending_receipt,production_output_00355,,wh_finished_south,wh_finished_south_z05,Sản lượng thành phẩm theo lô.
production_order_2026_00356,fg_0156,production_lot_2026_00356,2026-07-16,2027-03-13,2655,15,pending_receipt,production_output_00356,,wh_finished_north,wh_finished_north_z06,Sản lượng thành phẩm theo lô.
production_order_2026_00357,fg_0157,production_lot_2026_00357,2026-08-16,2027-04-13,2756,16,pending_receipt,production_output_00357,,wh_finished_south,wh_finished_south_z07,Sản lượng thành phẩm theo lô.
production_order_2026_00358,fg_0158,production_lot_2026_00358,2026-08-17,2027-04-14,2857,0,pending_receipt,production_output_00358,,wh_finished_north,wh_finished_north_z08,Sản lượng thành phẩm theo lô.
production_order_2026_00359,fg_0159,production_lot_2026_00359,2026-09-21,2027-05-19,2958,1,pending_receipt,production_output_00359,,wh_finished_south,wh_finished_south_z09,Sản lượng thành phẩm theo lô.
production_order_2026_00360,fg_0160,production_lot_2026_00360,2026-09-22,2027-05-20,3059,2,pending_receipt,production_output_00360,,wh_finished_north,wh_finished_north_z10,Sản lượng thành phẩm theo lô.
production_order_2026_00361,fg_0161,production_lot_2026_00361,2026-01-02,2026-08-30,3160,3,pending_receipt,production_output_00361,,wh_finished_south,wh_finished_south_z01,Sản lượng thành phẩm theo lô.
production_order_2026_00362,fg_0162,production_lot_2026_00362,2026-01-03,2026-08-31,3261,4,pending_receipt,production_output_00362,,wh_finished_north,wh_finished_north_z02,Sản lượng thành phẩm theo lô.
production_order_2026_00363,fg_0163,production_lot_2026_00363,2026-02-07,2026-10-05,3362,5,pending_receipt,production_output_00363,,wh_finished_south,wh_finished_south_z03,Sản lượng thành phẩm theo lô.
production_order_2026_00364,fg_0164,production_lot_2026_00364,2026-02-08,2026-10-06,3463,6,pending_receipt,production_output_00364,,wh_finished_north,wh_finished_north_z04,Sản lượng thành phẩm theo lô.
production_order_2026_00365,fg_0165,production_lot_2026_00365,2026-03-08,2026-11-03,3564,7,pending_receipt,production_output_00365,,wh_finished_south,wh_finished_south_z05,Sản lượng thành phẩm theo lô.
production_order_2026_00366,fg_0166,production_lot_2026_00366,2026-03-09,2026-11-04,3665,8,pending_receipt,production_output_00366,,wh_finished_north,wh_finished_north_z06,Sản lượng thành phẩm theo lô.
production_order_2026_00367,fg_0167,production_lot_2026_00367,2026-04-13,2026-12-09,3766,9,pending_receipt,production_output_00367,,wh_finished_south,wh_finished_south_z07,Sản lượng thành phẩm theo lô.
production_order_2026_00368,fg_0168,production_lot_2026_00368,2026-04-14,2026-12-10,3867,10,pending_receipt,production_output_00368,,wh_finished_north,wh_finished_north_z08,Sản lượng thành phẩm theo lô.
production_order_2026_00369,fg_0169,production_lot_2026_00369,2026-05-14,2027-01-09,3968,11,pending_receipt,production_output_00369,,wh_finished_south,wh_finished_south_z09,Sản lượng thành phẩm theo lô.
production_order_2026_00370,fg_0170,production_lot_2026_00370,2026-05-15,2027-01-10,4069,12,pending_receipt,production_output_00370,,wh_finished_north,wh_finished_north_z10,Sản lượng thành phẩm theo lô.
production_order_2026_00371,fg_0171,production_lot_2026_00371,2026-06-19,2027-02-14,4170,13,pending_receipt,production_output_00371,,wh_finished_south,wh_finished_south_z01,Sản lượng thành phẩm theo lô.
production_order_2026_00372,fg_0172,production_lot_2026_00372,2026-06-20,2027-02-15,4271,14,pending_receipt,production_output_00372,,wh_finished_north,wh_finished_north_z02,Sản lượng thành phẩm theo lô.
production_order_2026_00373,fg_0173,production_lot_2026_00373,2026-07-20,2027-03-17,4372,15,pending_receipt,production_output_00373,,wh_finished_south,wh_finished_south_z03,Sản lượng thành phẩm theo lô.
production_order_2026_00374,fg_0174,production_lot_2026_00374,2026-07-21,2027-03-18,4473,16,pending_receipt,production_output_00374,,wh_finished_north,wh_finished_north_z04,Sản lượng thành phẩm theo lô.
production_order_2026_00375,fg_0175,production_lot_2026_00375,2026-08-05,2027-04-02,4574,0,pending_receipt,production_output_00375,,wh_finished_south,wh_finished_south_z05,Sản lượng thành phẩm theo lô.
production_order_2026_00376,fg_0176,production_lot_2026_00376,2026-08-06,2027-04-03,4675,1,pending_receipt,production_output_00376,,wh_finished_north,wh_finished_north_z06,Sản lượng thành phẩm theo lô.
production_order_2026_00377,fg_0177,production_lot_2026_00377,2026-09-06,2027-05-04,4776,2,pending_receipt,production_output_00377,,wh_finished_south,wh_finished_south_z07,Sản lượng thành phẩm theo lô.
production_order_2026_00378,fg_0178,production_lot_2026_00378,2026-09-07,2027-05-05,4877,3,pending_receipt,production_output_00378,,wh_finished_north,wh_finished_north_z08,Sản lượng thành phẩm theo lô.
production_order_2026_00379,fg_0179,production_lot_2026_00379,2026-01-11,2026-09-08,4978,4,pending_receipt,production_output_00379,,wh_finished_south,wh_finished_south_z09,Sản lượng thành phẩm theo lô.
production_order_2026_00380,fg_0180,production_lot_2026_00380,2026-01-12,2026-09-09,5079,5,pending_receipt,production_output_00380,,wh_finished_north,wh_finished_north_z10,Sản lượng thành phẩm theo lô.
production_order_2026_00381,fg_0181,production_lot_2026_00381,2026-02-12,2026-10-10,5180,6,pending_receipt,production_output_00381,,wh_finished_south,wh_finished_south_z01,Sản lượng thành phẩm theo lô.
production_order_2026_00382,fg_0182,production_lot_2026_00382,2026-02-13,2026-10-11,5281,7,pending_receipt,production_output_00382,,wh_finished_north,wh_finished_north_z02,Sản lượng thành phẩm theo lô.
production_order_2026_00383,fg_0183,production_lot_2026_00383,2026-03-17,2026-11-12,5382,8,pending_receipt,production_output_00383,,wh_finished_south,wh_finished_south_z03,Sản lượng thành phẩm theo lô.
production_order_2026_00384,fg_0184,production_lot_2026_00384,2026-03-18,2026-11-13,5483,9,pending_receipt,production_output_00384,,wh_finished_north,wh_finished_north_z04,Sản lượng thành phẩm theo lô.
production_order_2026_00385,fg_0185,production_lot_2026_00385,2026-04-18,2026-12-14,5584,10,pending_receipt,production_output_00385,,wh_finished_south,wh_finished_south_z05,Sản lượng thành phẩm theo lô.
production_order_2026_00386,fg_0186,production_lot_2026_00386,2026-04-19,2026-12-15,5685,11,pending_receipt,production_output_00386,,wh_finished_north,wh_finished_north_z06,Sản lượng thành phẩm theo lô.
production_order_2026_00387,fg_0187,production_lot_2026_00387,2026-05-23,2027-01-18,5786,12,pending_receipt,production_output_00387,,wh_finished_south,wh_finished_south_z07,Sản lượng thành phẩm theo lô.
production_order_2026_00388,fg_0188,production_lot_2026_00388,2026-05-24,2027-01-19,5887,13,pending_receipt,production_output_00388,,wh_finished_north,wh_finished_north_z08,Sản lượng thành phẩm theo lô.
production_order_2026_00389,fg_0189,production_lot_2026_00389,2026-06-04,2027-01-30,5988,14,pending_receipt,production_output_00389,,wh_finished_south,wh_finished_south_z09,Sản lượng thành phẩm theo lô.
production_order_2026_00390,fg_0190,production_lot_2026_00390,2026-06-05,2027-01-31,6089,15,pending_receipt,production_output_00390,,wh_finished_north,wh_finished_north_z10,Sản lượng thành phẩm theo lô.
production_order_2026_00391,fg_0191,production_lot_2026_00391,2026-07-09,2027-03-06,6190,16,pending_receipt,production_output_00391,,wh_finished_south,wh_finished_south_z01,Sản lượng thành phẩm theo lô.
production_order_2026_00392,fg_0192,production_lot_2026_00392,2026-07-10,2027-03-07,6291,0,pending_receipt,production_output_00392,,wh_finished_north,wh_finished_north_z02,Sản lượng thành phẩm theo lô.
production_order_2026_00393,fg_0193,production_lot_2026_00393,2026-08-10,2027-04-07,6392,1,pending_receipt,production_output_00393,,wh_finished_south,wh_finished_south_z03,Sản lượng thành phẩm theo lô.
production_order_2026_00394,fg_0194,production_lot_2026_00394,2026-08-11,2027-04-08,6493,2,pending_receipt,production_output_00394,,wh_finished_north,wh_finished_north_z04,Sản lượng thành phẩm theo lô.
production_order_2026_00395,fg_0195,production_lot_2026_00395,2026-09-15,2027-05-13,6594,3,pending_receipt,production_output_00395,,wh_finished_south,wh_finished_south_z05,Sản lượng thành phẩm theo lô.
production_order_2026_00396,fg_0196,production_lot_2026_00396,2026-09-16,2027-05-14,6695,4,pending_receipt,production_output_00396,,wh_finished_north,wh_finished_north_z06,Sản lượng thành phẩm theo lô.
production_order_2026_00397,fg_0197,production_lot_2026_00397,2026-01-16,2026-09-13,6796,5,pending_receipt,production_output_00397,,wh_finished_south,wh_finished_south_z07,Sản lượng thành phẩm theo lô.
production_order_2026_00398,fg_0198,production_lot_2026_00398,2026-01-17,2026-09-14,6897,6,pending_receipt,production_output_00398,,wh_finished_north,wh_finished_north_z08,Sản lượng thành phẩm theo lô.
production_order_2026_00399,fg_0199,production_lot_2026_00399,2026-02-21,2026-10-19,6998,7,pending_receipt,production_output_00399,,wh_finished_south,wh_finished_south_z09,Sản lượng thành phẩm theo lô.
production_order_2026_00400,fg_0200,production_lot_2026_00400,2026-02-22,2026-10-20,7099,8,pending_receipt,production_output_00400,,wh_finished_north,wh_finished_north_z10,Sản lượng thành phẩm theo lô.
production_order_2026_00401,fg_0001,production_lot_2026_00401,2026-03-02,2026-10-28,7200,9,pending_receipt,production_output_00401,,wh_finished_south,wh_finished_south_z01,Sản lượng thành phẩm theo lô.
production_order_2026_00402,fg_0002,production_lot_2026_00402,2026-03-03,2026-10-29,7301,10,pending_receipt,production_output_00402,,wh_finished_north,wh_finished_north_z02,Sản lượng thành phẩm theo lô.
production_order_2026_00403,fg_0003,production_lot_2026_00403,2026-04-07,2026-12-03,7402,11,pending_receipt,production_output_00403,,wh_finished_south,wh_finished_south_z03,Sản lượng thành phẩm theo lô.
production_order_2026_00404,fg_0004,production_lot_2026_00404,2026-04-08,2026-12-04,7503,12,pending_receipt,production_output_00404,,wh_finished_north,wh_finished_north_z04,Sản lượng thành phẩm theo lô.
production_order_2026_00405,fg_0005,production_lot_2026_00405,2026-05-08,2027-01-03,7604,13,pending_receipt,production_output_00405,,wh_finished_south,wh_finished_south_z05,Sản lượng thành phẩm theo lô.
production_order_2026_00406,fg_0006,production_lot_2026_00406,2026-05-09,2027-01-04,7705,14,pending_receipt,production_output_00406,,wh_finished_north,wh_finished_north_z06,Sản lượng thành phẩm theo lô.
production_order_2026_00407,fg_0007,production_lot_2026_00407,2026-06-13,2027-02-08,7806,15,pending_receipt,production_output_00407,,wh_finished_south,wh_finished_south_z07,Sản lượng thành phẩm theo lô.
production_order_2026_00408,fg_0008,production_lot_2026_00408,2026-06-14,2027-02-09,7907,16,pending_receipt,production_output_00408,,wh_finished_north,wh_finished_north_z08,Sản lượng thành phẩm theo lô.
production_order_2026_00409,fg_0009,production_lot_2026_00409,2026-07-14,2027-03-11,8008,0,pending_receipt,production_output_00409,,wh_finished_south,wh_finished_south_z09,Sản lượng thành phẩm theo lô.
production_order_2026_00410,fg_0010,production_lot_2026_00410,2026-07-15,2027-03-12,8109,1,pending_receipt,production_output_00410,,wh_finished_north,wh_finished_north_z10,Sản lượng thành phẩm theo lô.
production_order_2026_00411,fg_0011,production_lot_2026_00411,2026-08-19,2027-04-16,8210,2,pending_receipt,production_output_00411,,wh_finished_south,wh_finished_south_z01,Sản lượng thành phẩm theo lô.
production_order_2026_00412,fg_0012,production_lot_2026_00412,2026-08-20,2027-04-17,8311,3,pending_receipt,production_output_00412,,wh_finished_north,wh_finished_north_z02,Sản lượng thành phẩm theo lô.
production_order_2026_00413,fg_0013,production_lot_2026_00413,2026-09-20,2027-05-18,8412,4,pending_receipt,production_output_00413,,wh_finished_south,wh_finished_south_z03,Sản lượng thành phẩm theo lô.
production_order_2026_00414,fg_0014,production_lot_2026_00414,2026-09-21,2027-05-19,8513,5,pending_receipt,production_output_00414,,wh_finished_north,wh_finished_north_z04,Sản lượng thành phẩm theo lô.
production_order_2026_00415,fg_0015,production_lot_2026_00415,2026-01-05,2026-09-02,8614,6,pending_receipt,production_output_00415,,wh_finished_south,wh_finished_south_z05,Sản lượng thành phẩm theo lô.
production_order_2026_00416,fg_0016,production_lot_2026_00416,2026-01-06,2026-09-03,8715,7,pending_receipt,production_output_00416,,wh_finished_north,wh_finished_north_z06,Sản lượng thành phẩm theo lô.
production_order_2026_00417,fg_0017,production_lot_2026_00417,2026-02-06,2026-10-04,1816,8,pending_receipt,production_output_00417,,wh_finished_south,wh_finished_south_z07,Sản lượng thành phẩm theo lô.
production_order_2026_00418,fg_0018,production_lot_2026_00418,2026-02-07,2026-10-05,1917,9,pending_receipt,production_output_00418,,wh_finished_north,wh_finished_north_z08,Sản lượng thành phẩm theo lô.
production_order_2026_00419,fg_0019,production_lot_2026_00419,2026-03-11,2026-11-06,2018,10,pending_receipt,production_output_00419,,wh_finished_south,wh_finished_south_z09,Sản lượng thành phẩm theo lô.
production_order_2026_00420,fg_0020,production_lot_2026_00420,2026-03-12,2026-11-07,2119,11,pending_receipt,production_output_00420,,wh_finished_north,wh_finished_north_z10,Sản lượng thành phẩm theo lô.
production_order_2026_00421,fg_0021,production_lot_2026_00421,2026-04-12,2026-12-08,2220,12,pending_receipt,production_output_00421,,wh_finished_south,wh_finished_south_z01,Sản lượng thành phẩm theo lô.
production_order_2026_00422,fg_0022,production_lot_2026_00422,2026-04-13,2026-12-09,2321,13,pending_receipt,production_output_00422,,wh_finished_north,wh_finished_north_z02,Sản lượng thành phẩm theo lô.
production_order_2026_00423,fg_0023,production_lot_2026_00423,2026-05-17,2027-01-12,2422,14,pending_receipt,production_output_00423,,wh_finished_south,wh_finished_south_z03,Sản lượng thành phẩm theo lô.
production_order_2026_00424,fg_0024,production_lot_2026_00424,2026-05-18,2027-01-13,2523,15,pending_receipt,production_output_00424,,wh_finished_north,wh_finished_north_z04,Sản lượng thành phẩm theo lô.
production_order_2026_00425,fg_0025,production_lot_2026_00425,2026-06-18,2027-02-13,2624,16,pending_receipt,production_output_00425,,wh_finished_south,wh_finished_south_z05,Sản lượng thành phẩm theo lô.
production_order_2026_00426,fg_0026,production_lot_2026_00426,2026-06-19,2027-02-14,2725,0,pending_receipt,production_output_00426,,wh_finished_north,wh_finished_north_z06,Sản lượng thành phẩm theo lô.
production_order_2026_00427,fg_0027,production_lot_2026_00427,2026-07-23,2027-03-20,2826,1,pending_receipt,production_output_00427,,wh_finished_south,wh_finished_south_z07,Sản lượng thành phẩm theo lô.
production_order_2026_00428,fg_0028,production_lot_2026_00428,2026-07-24,2027-03-21,2927,2,pending_receipt,production_output_00428,,wh_finished_north,wh_finished_north_z08,Sản lượng thành phẩm theo lô.
production_order_2026_00429,fg_0029,production_lot_2026_00429,2026-08-04,2027-04-01,3028,3,pending_receipt,production_output_00429,,wh_finished_south,wh_finished_south_z09,Sản lượng thành phẩm theo lô.
production_order_2026_00430,fg_0030,production_lot_2026_00430,2026-08-05,2027-04-02,3129,4,pending_receipt,production_output_00430,,wh_finished_north,wh_finished_north_z10,Sản lượng thành phẩm theo lô.
production_order_2026_00431,fg_0031,production_lot_2026_00431,2026-09-09,2027-05-07,3230,5,pending_receipt,production_output_00431,,wh_finished_south,wh_finished_south_z01,Sản lượng thành phẩm theo lô.
production_order_2026_00432,fg_0032,production_lot_2026_00432,2026-09-10,2027-05-08,3331,6,pending_receipt,production_output_00432,,wh_finished_north,wh_finished_north_z02,Sản lượng thành phẩm theo lô.
production_order_2026_00433,fg_0033,production_lot_2026_00433,2026-01-10,2026-09-07,3432,7,pending_receipt,production_output_00433,,wh_finished_south,wh_finished_south_z03,Sản lượng thành phẩm theo lô.
production_order_2026_00434,fg_0034,production_lot_2026_00434,2026-01-11,2026-09-08,3533,8,pending_receipt,production_output_00434,,wh_finished_north,wh_finished_north_z04,Sản lượng thành phẩm theo lô.
production_order_2026_00435,fg_0035,production_lot_2026_00435,2026-02-15,2026-10-13,3634,9,pending_receipt,production_output_00435,,wh_finished_south,wh_finished_south_z05,Sản lượng thành phẩm theo lô.
production_order_2026_00436,fg_0036,production_lot_2026_00436,2026-02-16,2026-10-14,3735,10,pending_receipt,production_output_00436,,wh_finished_north,wh_finished_north_z06,Sản lượng thành phẩm theo lô.
production_order_2026_00437,fg_0037,production_lot_2026_00437,2026-03-16,2026-11-11,3836,11,pending_receipt,production_output_00437,,wh_finished_south,wh_finished_south_z07,Sản lượng thành phẩm theo lô.
production_order_2026_00438,fg_0038,production_lot_2026_00438,2026-03-17,2026-11-12,3937,12,pending_receipt,production_output_00438,,wh_finished_north,wh_finished_north_z08,Sản lượng thành phẩm theo lô.
production_order_2026_00439,fg_0039,production_lot_2026_00439,2026-04-21,2026-12-17,4038,13,pending_receipt,production_output_00439,,wh_finished_south,wh_finished_south_z09,Sản lượng thành phẩm theo lô.
production_order_2026_00440,fg_0040,production_lot_2026_00440,2026-04-22,2026-12-18,4139,14,pending_receipt,production_output_00440,,wh_finished_north,wh_finished_north_z10,Sản lượng thành phẩm theo lô.
production_order_2026_00441,fg_0041,production_lot_2026_00441,2026-05-02,2026-12-28,4240,15,pending_receipt,production_output_00441,,wh_finished_south,wh_finished_south_z01,Sản lượng thành phẩm theo lô.
production_order_2026_00442,fg_0042,production_lot_2026_00442,2026-05-03,2026-12-29,4341,16,pending_receipt,production_output_00442,,wh_finished_north,wh_finished_north_z02,Sản lượng thành phẩm theo lô.
production_order_2026_00443,fg_0043,production_lot_2026_00443,2026-06-07,2027-02-02,4442,0,pending_receipt,production_output_00443,,wh_finished_south,wh_finished_south_z03,Sản lượng thành phẩm theo lô.
production_order_2026_00444,fg_0044,production_lot_2026_00444,2026-06-08,2027-02-03,4543,1,pending_receipt,production_output_00444,,wh_finished_north,wh_finished_north_z04,Sản lượng thành phẩm theo lô.
production_order_2026_00445,fg_0045,production_lot_2026_00445,2026-07-08,2027-03-05,4644,2,pending_receipt,production_output_00445,,wh_finished_south,wh_finished_south_z05,Sản lượng thành phẩm theo lô.
production_order_2026_00446,fg_0046,production_lot_2026_00446,2026-07-09,2027-03-06,4745,3,pending_receipt,production_output_00446,,wh_finished_north,wh_finished_north_z06,Sản lượng thành phẩm theo lô.
production_order_2026_00447,fg_0047,production_lot_2026_00447,2026-08-13,2027-04-10,4846,4,pending_receipt,production_output_00447,,wh_finished_south,wh_finished_south_z07,Sản lượng thành phẩm theo lô.
production_order_2026_00448,fg_0048,production_lot_2026_00448,2026-08-14,2027-04-11,4947,5,pending_receipt,production_output_00448,,wh_finished_north,wh_finished_north_z08,Sản lượng thành phẩm theo lô.
production_order_2026_00449,fg_0049,production_lot_2026_00449,2026-09-14,2027-05-12,5048,6,pending_receipt,production_output_00449,,wh_finished_south,wh_finished_south_z09,Sản lượng thành phẩm theo lô.
production_order_2026_00450,fg_0050,production_lot_2026_00450,2026-09-15,2027-05-13,5149,7,pending_receipt,production_output_00450,,wh_finished_north,wh_finished_north_z10,Sản lượng thành phẩm theo lô.
production_order_2026_00451,fg_0051,production_lot_2026_00451,2026-01-19,2026-09-16,5250,8,pending_receipt,production_output_00451,,wh_finished_south,wh_finished_south_z01,Sản lượng thành phẩm theo lô.
production_order_2026_00452,fg_0052,production_lot_2026_00452,2026-01-20,2026-09-17,5351,9,pending_receipt,production_output_00452,,wh_finished_north,wh_finished_north_z02,Sản lượng thành phẩm theo lô.
production_order_2026_00453,fg_0053,production_lot_2026_00453,2026-02-20,2026-10-18,5452,10,pending_receipt,production_output_00453,,wh_finished_south,wh_finished_south_z03,Sản lượng thành phẩm theo lô.
production_order_2026_00454,fg_0054,production_lot_2026_00454,2026-02-21,2026-10-19,5553,11,pending_receipt,production_output_00454,,wh_finished_north,wh_finished_north_z04,Sản lượng thành phẩm theo lô.
production_order_2026_00455,fg_0055,production_lot_2026_00455,2026-03-05,2026-10-31,5654,12,pending_receipt,production_output_00455,,wh_finished_south,wh_finished_south_z05,Sản lượng thành phẩm theo lô.
production_order_2026_00456,fg_0056,production_lot_2026_00456,2026-03-06,2026-11-01,5755,13,pending_receipt,production_output_00456,,wh_finished_north,wh_finished_north_z06,Sản lượng thành phẩm theo lô.
production_order_2026_00457,fg_0057,production_lot_2026_00457,2026-04-06,2026-12-02,5856,14,pending_receipt,production_output_00457,,wh_finished_south,wh_finished_south_z07,Sản lượng thành phẩm theo lô.
production_order_2026_00458,fg_0058,production_lot_2026_00458,2026-04-07,2026-12-03,5957,15,pending_receipt,production_output_00458,,wh_finished_north,wh_finished_north_z08,Sản lượng thành phẩm theo lô.
production_order_2026_00459,fg_0059,production_lot_2026_00459,2026-05-11,2027-01-06,6058,16,pending_receipt,production_output_00459,,wh_finished_south,wh_finished_south_z09,Sản lượng thành phẩm theo lô.
production_order_2026_00460,fg_0060,production_lot_2026_00460,2026-05-12,2027-01-07,6159,0,pending_receipt,production_output_00460,,wh_finished_north,wh_finished_north_z10,Sản lượng thành phẩm theo lô.
production_order_2026_00461,fg_0061,production_lot_2026_00461,2026-06-12,2027-02-07,6260,1,pending_receipt,production_output_00461,,wh_finished_south,wh_finished_south_z01,Sản lượng thành phẩm theo lô.
production_order_2026_00462,fg_0062,production_lot_2026_00462,2026-06-13,2027-02-08,6361,2,pending_receipt,production_output_00462,,wh_finished_north,wh_finished_north_z02,Sản lượng thành phẩm theo lô.
production_order_2026_00463,fg_0063,production_lot_2026_00463,2026-07-17,2027-03-14,6462,3,pending_receipt,production_output_00463,,wh_finished_south,wh_finished_south_z03,Sản lượng thành phẩm theo lô.
production_order_2026_00464,fg_0064,production_lot_2026_00464,2026-07-18,2027-03-15,6563,4,pending_receipt,production_output_00464,,wh_finished_north,wh_finished_north_z04,Sản lượng thành phẩm theo lô.
production_order_2026_00465,fg_0065,production_lot_2026_00465,2026-08-18,2027-04-15,6664,5,pending_receipt,production_output_00465,,wh_finished_south,wh_finished_south_z05,Sản lượng thành phẩm theo lô.
production_order_2026_00466,fg_0066,production_lot_2026_00466,2026-08-19,2027-04-16,6765,6,pending_receipt,production_output_00466,,wh_finished_north,wh_finished_north_z06,Sản lượng thành phẩm theo lô.
production_order_2026_00467,fg_0067,production_lot_2026_00467,2026-09-23,2027-05-21,6866,7,pending_receipt,production_output_00467,,wh_finished_south,wh_finished_south_z07,Sản lượng thành phẩm theo lô.
production_order_2026_00468,fg_0068,production_lot_2026_00468,2026-09-24,2027-05-22,6967,8,pending_receipt,production_output_00468,,wh_finished_north,wh_finished_north_z08,Sản lượng thành phẩm theo lô.
production_order_2026_00469,fg_0069,production_lot_2026_00469,2026-01-04,2026-09-01,7068,9,pending_receipt,production_output_00469,,wh_finished_south,wh_finished_south_z09,Sản lượng thành phẩm theo lô.
production_order_2026_00470,fg_0070,production_lot_2026_00470,2026-01-05,2026-09-02,7169,10,pending_receipt,production_output_00470,,wh_finished_north,wh_finished_north_z10,Sản lượng thành phẩm theo lô.
production_order_2026_00471,fg_0071,production_lot_2026_00471,2026-02-09,2026-10-07,7270,11,pending_receipt,production_output_00471,,wh_finished_south,wh_finished_south_z01,Sản lượng thành phẩm theo lô.
production_order_2026_00472,fg_0072,production_lot_2026_00472,2026-02-10,2026-10-08,7371,12,pending_receipt,production_output_00472,,wh_finished_north,wh_finished_north_z02,Sản lượng thành phẩm theo lô.
production_order_2026_00473,fg_0073,production_lot_2026_00473,2026-03-10,2026-11-05,7472,13,pending_receipt,production_output_00473,,wh_finished_south,wh_finished_south_z03,Sản lượng thành phẩm theo lô.
production_order_2026_00474,fg_0074,production_lot_2026_00474,2026-03-11,2026-11-06,7573,14,pending_receipt,production_output_00474,,wh_finished_north,wh_finished_north_z04,Sản lượng thành phẩm theo lô.
production_order_2026_00475,fg_0075,production_lot_2026_00475,2026-04-15,2026-12-11,7674,15,pending_receipt,production_output_00475,,wh_finished_south,wh_finished_south_z05,Sản lượng thành phẩm theo lô.
production_order_2026_00476,fg_0076,production_lot_2026_00476,2026-04-16,2026-12-12,7775,16,pending_receipt,production_output_00476,,wh_finished_north,wh_finished_north_z06,Sản lượng thành phẩm theo lô.
production_order_2026_00477,fg_0077,production_lot_2026_00477,2026-05-16,2027-01-11,7876,0,pending_receipt,production_output_00477,,wh_finished_south,wh_finished_south_z07,Sản lượng thành phẩm theo lô.
production_order_2026_00478,fg_0078,production_lot_2026_00478,2026-05-17,2027-01-12,7977,1,pending_receipt,production_output_00478,,wh_finished_north,wh_finished_north_z08,Sản lượng thành phẩm theo lô.
production_order_2026_00479,fg_0079,production_lot_2026_00479,2026-06-21,2027-02-16,8078,2,pending_receipt,production_output_00479,,wh_finished_south,wh_finished_south_z09,Sản lượng thành phẩm theo lô.
production_order_2026_00480,fg_0080,production_lot_2026_00480,2026-06-22,2027-02-17,8179,3,pending_receipt,production_output_00480,,wh_finished_north,wh_finished_north_z10,Sản lượng thành phẩm theo lô.
production_order_2026_00481,fg_0081,production_lot_2026_00481,2026-07-02,2027-02-27,8280,4,draft,production_output_00481,,wh_finished_south,wh_finished_south_z01,Sản lượng thành phẩm theo lô.
production_order_2026_00482,fg_0082,production_lot_2026_00482,2026-07-03,2027-02-28,8381,5,draft,production_output_00482,,wh_finished_north,wh_finished_north_z02,Sản lượng thành phẩm theo lô.
production_order_2026_00483,fg_0083,production_lot_2026_00483,2026-08-07,2027-04-04,8482,6,draft,production_output_00483,,wh_finished_south,wh_finished_south_z03,Sản lượng thành phẩm theo lô.
production_order_2026_00484,fg_0084,production_lot_2026_00484,2026-08-08,2027-04-05,8583,7,draft,production_output_00484,,wh_finished_north,wh_finished_north_z04,Sản lượng thành phẩm theo lô.
production_order_2026_00485,fg_0085,production_lot_2026_00485,2026-09-08,2027-05-06,8684,8,draft,production_output_00485,,wh_finished_south,wh_finished_south_z05,Sản lượng thành phẩm theo lô.
production_order_2026_00486,fg_0086,production_lot_2026_00486,2026-09-09,2027-05-07,8785,9,draft,production_output_00486,,wh_finished_north,wh_finished_north_z06,Sản lượng thành phẩm theo lô.
production_order_2026_00487,fg_0087,production_lot_2026_00487,2026-01-13,2026-09-10,1886,10,draft,production_output_00487,,wh_finished_south,wh_finished_south_z07,Sản lượng thành phẩm theo lô.
production_order_2026_00488,fg_0088,production_lot_2026_00488,2026-01-14,2026-09-11,1987,11,draft,production_output_00488,,wh_finished_north,wh_finished_north_z08,Sản lượng thành phẩm theo lô.
production_order_2026_00489,fg_0089,production_lot_2026_00489,2026-02-14,2026-10-12,2088,12,draft,production_output_00489,,wh_finished_south,wh_finished_south_z09,Sản lượng thành phẩm theo lô.
production_order_2026_00490,fg_0090,production_lot_2026_00490,2026-02-15,2026-10-13,2189,13,draft,production_output_00490,,wh_finished_north,wh_finished_north_z10,Sản lượng thành phẩm theo lô.
production_order_2026_00491,fg_0091,production_lot_2026_00491,2026-03-19,2026-11-14,2290,14,draft,production_output_00491,,wh_finished_south,wh_finished_south_z01,Sản lượng thành phẩm theo lô.
production_order_2026_00492,fg_0092,production_lot_2026_00492,2026-03-20,2026-11-15,2391,15,draft,production_output_00492,,wh_finished_north,wh_finished_north_z02,Sản lượng thành phẩm theo lô.
production_order_2026_00493,fg_0093,production_lot_2026_00493,2026-04-20,2026-12-16,2492,16,draft,production_output_00493,,wh_finished_south,wh_finished_south_z03,Sản lượng thành phẩm theo lô.
production_order_2026_00494,fg_0094,production_lot_2026_00494,2026-04-21,2026-12-17,2593,0,draft,production_output_00494,,wh_finished_north,wh_finished_north_z04,Sản lượng thành phẩm theo lô.
production_order_2026_00495,fg_0095,production_lot_2026_00495,2026-05-05,2026-12-31,2694,1,draft,production_output_00495,,wh_finished_south,wh_finished_south_z05,Sản lượng thành phẩm theo lô.
production_order_2026_00496,fg_0096,production_lot_2026_00496,2026-05-06,2027-01-01,2795,2,draft,production_output_00496,,wh_finished_north,wh_finished_north_z06,Sản lượng thành phẩm theo lô.
production_order_2026_00497,fg_0097,production_lot_2026_00497,2026-06-06,2027-02-01,2896,3,draft,production_output_00497,,wh_finished_south,wh_finished_south_z07,Sản lượng thành phẩm theo lô.
production_order_2026_00498,fg_0098,production_lot_2026_00498,2026-06-07,2027-02-02,2997,4,draft,production_output_00498,,wh_finished_north,wh_finished_north_z08,Sản lượng thành phẩm theo lô.
production_order_2026_00499,fg_0099,production_lot_2026_00499,2026-07-11,2027-03-08,3098,5,draft,production_output_00499,,wh_finished_south,wh_finished_south_z09,Sản lượng thành phẩm theo lô.
production_order_2026_00500,fg_0100,production_lot_2026_00500,2026-07-12,2027-03-09,3199,6,draft,production_output_00500,,wh_finished_north,wh_finished_north_z10,Sản lượng thành phẩm theo lô.
production_order_2026_00501,fg_0001,production_lot_2026_00501,2026-01-02,2026-08-30,3300,7,draft,production_output_00501,,wh_finished_south,wh_finished_south_z01,Sản lượng thành phẩm theo lô.
production_order_2026_00502,fg_0002,production_lot_2026_00502,2026-01-03,2026-08-31,3401,8,draft,production_output_00502,,wh_finished_north,wh_finished_north_z02,Sản lượng thành phẩm theo lô.
production_order_2026_00503,fg_0003,production_lot_2026_00503,2026-02-07,2026-10-05,3502,9,draft,production_output_00503,,wh_finished_south,wh_finished_south_z03,Sản lượng thành phẩm theo lô.
production_order_2026_00504,fg_0004,production_lot_2026_00504,2026-02-08,2026-10-06,3603,10,draft,production_output_00504,,wh_finished_north,wh_finished_north_z04,Sản lượng thành phẩm theo lô.
production_order_2026_00505,fg_0005,production_lot_2026_00505,2026-03-08,2026-11-03,3704,11,draft,production_output_00505,,wh_finished_south,wh_finished_south_z05,Sản lượng thành phẩm theo lô.
production_order_2026_00506,fg_0006,production_lot_2026_00506,2026-03-09,2026-11-04,3805,12,draft,production_output_00506,,wh_finished_north,wh_finished_north_z06,Sản lượng thành phẩm theo lô.
production_order_2026_00507,fg_0007,production_lot_2026_00507,2026-04-13,2026-12-09,3906,13,draft,production_output_00507,,wh_finished_south,wh_finished_south_z07,Sản lượng thành phẩm theo lô.
production_order_2026_00508,fg_0008,production_lot_2026_00508,2026-04-14,2026-12-10,4007,14,draft,production_output_00508,,wh_finished_north,wh_finished_north_z08,Sản lượng thành phẩm theo lô.
production_order_2026_00509,fg_0009,production_lot_2026_00509,2026-05-14,2027-01-09,4108,15,draft,production_output_00509,,wh_finished_south,wh_finished_south_z09,Sản lượng thành phẩm theo lô.
production_order_2026_00510,fg_0010,production_lot_2026_00510,2026-05-15,2027-01-10,4209,16,draft,production_output_00510,,wh_finished_north,wh_finished_north_z10,Sản lượng thành phẩm theo lô.
production_order_2026_00511,fg_0011,production_lot_2026_00511,2026-06-19,2027-02-14,4310,0,draft,production_output_00511,,wh_finished_south,wh_finished_south_z01,Sản lượng thành phẩm theo lô.
production_order_2026_00512,fg_0012,production_lot_2026_00512,2026-06-20,2027-02-15,4411,1,draft,production_output_00512,,wh_finished_north,wh_finished_north_z02,Sản lượng thành phẩm theo lô.
production_order_2026_00513,fg_0013,production_lot_2026_00513,2026-07-20,2027-03-17,4512,2,draft,production_output_00513,,wh_finished_south,wh_finished_south_z03,Sản lượng thành phẩm theo lô.
production_order_2026_00514,fg_0014,production_lot_2026_00514,2026-07-21,2027-03-18,4613,3,draft,production_output_00514,,wh_finished_north,wh_finished_north_z04,Sản lượng thành phẩm theo lô.
production_order_2026_00515,fg_0015,production_lot_2026_00515,2026-08-05,2027-04-02,4714,4,draft,production_output_00515,,wh_finished_south,wh_finished_south_z05,Sản lượng thành phẩm theo lô.
production_order_2026_00516,fg_0016,production_lot_2026_00516,2026-08-06,2027-04-03,4815,5,draft,production_output_00516,,wh_finished_north,wh_finished_north_z06,Sản lượng thành phẩm theo lô.
production_order_2026_00517,fg_0017,production_lot_2026_00517,2026-09-06,2027-05-04,4916,6,draft,production_output_00517,,wh_finished_south,wh_finished_south_z07,Sản lượng thành phẩm theo lô.
production_order_2026_00518,fg_0018,production_lot_2026_00518,2026-09-07,2027-05-05,5017,7,draft,production_output_00518,,wh_finished_north,wh_finished_north_z08,Sản lượng thành phẩm theo lô.
production_order_2026_00519,fg_0019,production_lot_2026_00519,2026-01-11,2026-09-08,5118,8,draft,production_output_00519,,wh_finished_south,wh_finished_south_z09,Sản lượng thành phẩm theo lô.
production_order_2026_00520,fg_0020,production_lot_2026_00520,2026-01-12,2026-09-09,5219,9,draft,production_output_00520,,wh_finished_north,wh_finished_north_z10,Sản lượng thành phẩm theo lô.
production_order_2026_00521,fg_0021,production_lot_2026_00521,2026-02-12,2026-10-10,5320,10,draft,production_output_00521,,wh_finished_south,wh_finished_south_z01,Sản lượng thành phẩm theo lô.
production_order_2026_00522,fg_0022,production_lot_2026_00522,2026-02-13,2026-10-11,5421,11,draft,production_output_00522,,wh_finished_north,wh_finished_north_z02,Sản lượng thành phẩm theo lô.
production_order_2026_00523,fg_0023,production_lot_2026_00523,2026-03-17,2026-11-12,5522,12,draft,production_output_00523,,wh_finished_south,wh_finished_south_z03,Sản lượng thành phẩm theo lô.
production_order_2026_00524,fg_0024,production_lot_2026_00524,2026-03-18,2026-11-13,5623,13,draft,production_output_00524,,wh_finished_north,wh_finished_north_z04,Sản lượng thành phẩm theo lô.
production_order_2026_00525,fg_0025,production_lot_2026_00525,2026-04-18,2026-12-14,5724,14,draft,production_output_00525,,wh_finished_south,wh_finished_south_z05,Sản lượng thành phẩm theo lô.
production_order_2026_00526,fg_0026,production_lot_2026_00526,2026-04-19,2026-12-15,5825,15,draft,production_output_00526,,wh_finished_north,wh_finished_north_z06,Sản lượng thành phẩm theo lô.
production_order_2026_00527,fg_0027,production_lot_2026_00527,2026-05-23,2027-01-18,5926,16,draft,production_output_00527,,wh_finished_south,wh_finished_south_z07,Sản lượng thành phẩm theo lô.
production_order_2026_00528,fg_0028,production_lot_2026_00528,2026-05-24,2027-01-19,6027,0,draft,production_output_00528,,wh_finished_north,wh_finished_north_z08,Sản lượng thành phẩm theo lô.
production_order_2026_00529,fg_0029,production_lot_2026_00529,2026-06-04,2027-01-30,6128,1,draft,production_output_00529,,wh_finished_south,wh_finished_south_z09,Sản lượng thành phẩm theo lô.
production_order_2026_00530,fg_0030,production_lot_2026_00530,2026-06-05,2027-01-31,6229,2,draft,production_output_00530,,wh_finished_north,wh_finished_north_z10,Sản lượng thành phẩm theo lô.
production_order_2026_00531,fg_0031,production_lot_2026_00531,2026-07-09,2027-03-06,6330,3,draft,production_output_00531,,wh_finished_south,wh_finished_south_z01,Sản lượng thành phẩm theo lô.
production_order_2026_00532,fg_0032,production_lot_2026_00532,2026-07-10,2027-03-07,6431,4,draft,production_output_00532,,wh_finished_north,wh_finished_north_z02,Sản lượng thành phẩm theo lô.
production_order_2026_00533,fg_0033,production_lot_2026_00533,2026-08-10,2027-04-07,6532,5,draft,production_output_00533,,wh_finished_south,wh_finished_south_z03,Sản lượng thành phẩm theo lô.
production_order_2026_00534,fg_0034,production_lot_2026_00534,2026-08-11,2027-04-08,6633,6,draft,production_output_00534,,wh_finished_north,wh_finished_north_z04,Sản lượng thành phẩm theo lô.
production_order_2026_00535,fg_0035,production_lot_2026_00535,2026-09-15,2027-05-13,6734,7,draft,production_output_00535,,wh_finished_south,wh_finished_south_z05,Sản lượng thành phẩm theo lô.
production_order_2026_00536,fg_0036,production_lot_2026_00536,2026-09-16,2027-05-14,6835,8,draft,production_output_00536,,wh_finished_north,wh_finished_north_z06,Sản lượng thành phẩm theo lô.
production_order_2026_00537,fg_0037,production_lot_2026_00537,2026-01-16,2026-09-13,6936,9,draft,production_output_00537,,wh_finished_south,wh_finished_south_z07,Sản lượng thành phẩm theo lô.
production_order_2026_00538,fg_0038,production_lot_2026_00538,2026-01-17,2026-09-14,7037,10,draft,production_output_00538,,wh_finished_north,wh_finished_north_z08,Sản lượng thành phẩm theo lô.
production_order_2026_00539,fg_0039,production_lot_2026_00539,2026-02-21,2026-10-19,7138,11,draft,production_output_00539,,wh_finished_south,wh_finished_south_z09,Sản lượng thành phẩm theo lô.
production_order_2026_00540,fg_0040,production_lot_2026_00540,2026-02-22,2026-10-20,7239,12,draft,production_output_00540,,wh_finished_north,wh_finished_north_z10,Sản lượng thành phẩm theo lô.
production_order_2026_00541,fg_0041,production_lot_2026_00541,2026-03-02,2026-10-28,7340,13,draft,production_output_00541,,wh_finished_south,wh_finished_south_z01,Sản lượng thành phẩm theo lô.
production_order_2026_00542,fg_0042,production_lot_2026_00542,2026-03-03,2026-10-29,7441,14,draft,production_output_00542,,wh_finished_north,wh_finished_north_z02,Sản lượng thành phẩm theo lô.
production_order_2026_00543,fg_0043,production_lot_2026_00543,2026-04-07,2026-12-03,7542,15,draft,production_output_00543,,wh_finished_south,wh_finished_south_z03,Sản lượng thành phẩm theo lô.
production_order_2026_00544,fg_0044,production_lot_2026_00544,2026-04-08,2026-12-04,7643,16,draft,production_output_00544,,wh_finished_north,wh_finished_north_z04,Sản lượng thành phẩm theo lô.
production_order_2026_00545,fg_0045,production_lot_2026_00545,2026-05-08,2027-01-03,7744,0,draft,production_output_00545,,wh_finished_south,wh_finished_south_z05,Sản lượng thành phẩm theo lô.
production_order_2026_00546,fg_0046,production_lot_2026_00546,2026-05-09,2027-01-04,7845,1,draft,production_output_00546,,wh_finished_north,wh_finished_north_z06,Sản lượng thành phẩm theo lô.
production_order_2026_00547,fg_0047,production_lot_2026_00547,2026-06-13,2027-02-08,7946,2,draft,production_output_00547,,wh_finished_south,wh_finished_south_z07,Sản lượng thành phẩm theo lô.
production_order_2026_00548,fg_0048,production_lot_2026_00548,2026-06-14,2027-02-09,8047,3,draft,production_output_00548,,wh_finished_north,wh_finished_north_z08,Sản lượng thành phẩm theo lô.
production_order_2026_00549,fg_0049,production_lot_2026_00549,2026-07-14,2027-03-11,8148,4,draft,production_output_00549,,wh_finished_south,wh_finished_south_z09,Sản lượng thành phẩm theo lô.
production_order_2026_00550,fg_0050,production_lot_2026_00550,2026-07-15,2027-03-12,8249,5,draft,production_output_00550,,wh_finished_north,wh_finished_north_z10,Sản lượng thành phẩm theo lô.
production_order_2026_00551,fg_0051,production_lot_2026_00551,2026-08-19,2027-04-16,8350,6,draft,production_output_00551,,wh_finished_south,wh_finished_south_z01,Sản lượng thành phẩm theo lô.
production_order_2026_00552,fg_0052,production_lot_2026_00552,2026-08-20,2027-04-17,8451,7,draft,production_output_00552,,wh_finished_north,wh_finished_north_z02,Sản lượng thành phẩm theo lô.
production_order_2026_00553,fg_0053,production_lot_2026_00553,2026-09-20,2027-05-18,8552,8,draft,production_output_00553,,wh_finished_south,wh_finished_south_z03,Sản lượng thành phẩm theo lô.
production_order_2026_00554,fg_0054,production_lot_2026_00554,2026-09-21,2027-05-19,8653,9,draft,production_output_00554,,wh_finished_north,wh_finished_north_z04,Sản lượng thành phẩm theo lô.
production_order_2026_00555,fg_0055,production_lot_2026_00555,2026-01-05,2026-09-02,8754,10,draft,production_output_00555,,wh_finished_south,wh_finished_south_z05,Sản lượng thành phẩm theo lô.
production_order_2026_00556,fg_0056,production_lot_2026_00556,2026-01-06,2026-09-03,1855,11,draft,production_output_00556,,wh_finished_north,wh_finished_north_z06,Sản lượng thành phẩm theo lô.
production_order_2026_00557,fg_0057,production_lot_2026_00557,2026-02-06,2026-10-04,1956,12,draft,production_output_00557,,wh_finished_south,wh_finished_south_z07,Sản lượng thành phẩm theo lô.
production_order_2026_00558,fg_0058,production_lot_2026_00558,2026-02-07,2026-10-05,2057,13,draft,production_output_00558,,wh_finished_north,wh_finished_north_z08,Sản lượng thành phẩm theo lô.
production_order_2026_00559,fg_0059,production_lot_2026_00559,2026-03-11,2026-11-06,2158,14,draft,production_output_00559,,wh_finished_south,wh_finished_south_z09,Sản lượng thành phẩm theo lô.
production_order_2026_00560,fg_0060,production_lot_2026_00560,2026-03-12,2026-11-07,2259,15,draft,production_output_00560,,wh_finished_north,wh_finished_north_z10,Sản lượng thành phẩm theo lô.
production_order_2026_00561,fg_0061,production_lot_2026_00561,2026-04-12,2026-12-08,2360,16,draft,production_output_00561,,wh_finished_south,wh_finished_south_z01,Sản lượng thành phẩm theo lô.
production_order_2026_00562,fg_0062,production_lot_2026_00562,2026-04-13,2026-12-09,2461,0,draft,production_output_00562,,wh_finished_north,wh_finished_north_z02,Sản lượng thành phẩm theo lô.
production_order_2026_00563,fg_0063,production_lot_2026_00563,2026-05-17,2027-01-12,2562,1,draft,production_output_00563,,wh_finished_south,wh_finished_south_z03,Sản lượng thành phẩm theo lô.
production_order_2026_00564,fg_0064,production_lot_2026_00564,2026-05-18,2027-01-13,2663,2,draft,production_output_00564,,wh_finished_north,wh_finished_north_z04,Sản lượng thành phẩm theo lô.
production_order_2026_00565,fg_0065,production_lot_2026_00565,2026-06-18,2027-02-13,2764,3,draft,production_output_00565,,wh_finished_south,wh_finished_south_z05,Sản lượng thành phẩm theo lô.
production_order_2026_00566,fg_0066,production_lot_2026_00566,2026-06-19,2027-02-14,2865,4,draft,production_output_00566,,wh_finished_north,wh_finished_north_z06,Sản lượng thành phẩm theo lô.
production_order_2026_00567,fg_0067,production_lot_2026_00567,2026-07-23,2027-03-20,2966,5,draft,production_output_00567,,wh_finished_south,wh_finished_south_z07,Sản lượng thành phẩm theo lô.
production_order_2026_00568,fg_0068,production_lot_2026_00568,2026-07-24,2027-03-21,3067,6,draft,production_output_00568,,wh_finished_north,wh_finished_north_z08,Sản lượng thành phẩm theo lô.
production_order_2026_00569,fg_0069,production_lot_2026_00569,2026-08-04,2027-04-01,3168,7,draft,production_output_00569,,wh_finished_south,wh_finished_south_z09,Sản lượng thành phẩm theo lô.
production_order_2026_00570,fg_0070,production_lot_2026_00570,2026-08-05,2027-04-02,3269,8,draft,production_output_00570,,wh_finished_north,wh_finished_north_z10,Sản lượng thành phẩm theo lô.
production_order_2026_00571,fg_0071,production_lot_2026_00571,2026-09-09,2027-05-07,3370,9,draft,production_output_00571,,wh_finished_south,wh_finished_south_z01,Sản lượng thành phẩm theo lô.
production_order_2026_00572,fg_0072,production_lot_2026_00572,2026-09-10,2027-05-08,3471,10,draft,production_output_00572,,wh_finished_north,wh_finished_north_z02,Sản lượng thành phẩm theo lô.
production_order_2026_00573,fg_0073,production_lot_2026_00573,2026-01-10,2026-09-07,3572,11,draft,production_output_00573,,wh_finished_south,wh_finished_south_z03,Sản lượng thành phẩm theo lô.
production_order_2026_00574,fg_0074,production_lot_2026_00574,2026-01-11,2026-09-08,3673,12,draft,production_output_00574,,wh_finished_north,wh_finished_north_z04,Sản lượng thành phẩm theo lô.
production_order_2026_00575,fg_0075,production_lot_2026_00575,2026-02-15,2026-10-13,3774,13,draft,production_output_00575,,wh_finished_south,wh_finished_south_z05,Sản lượng thành phẩm theo lô.
production_order_2026_00576,fg_0076,production_lot_2026_00576,2026-02-16,2026-10-14,3875,14,draft,production_output_00576,,wh_finished_north,wh_finished_north_z06,Sản lượng thành phẩm theo lô.
production_order_2026_00577,fg_0077,production_lot_2026_00577,2026-03-16,2026-11-11,3976,15,draft,production_output_00577,,wh_finished_south,wh_finished_south_z07,Sản lượng thành phẩm theo lô.
production_order_2026_00578,fg_0078,production_lot_2026_00578,2026-03-17,2026-11-12,4077,16,draft,production_output_00578,,wh_finished_north,wh_finished_north_z08,Sản lượng thành phẩm theo lô.
production_order_2026_00579,fg_0079,production_lot_2026_00579,2026-04-21,2026-12-17,4178,0,draft,production_output_00579,,wh_finished_south,wh_finished_south_z09,Sản lượng thành phẩm theo lô.
production_order_2026_00580,fg_0080,production_lot_2026_00580,2026-04-22,2026-12-18,4279,1,draft,production_output_00580,,wh_finished_north,wh_finished_north_z10,Sản lượng thành phẩm theo lô.
production_order_2026_00581,fg_0081,production_lot_2026_00581,2026-05-02,2026-12-28,4380,2,draft,production_output_00581,,wh_finished_south,wh_finished_south_z01,Sản lượng thành phẩm theo lô.
production_order_2026_00582,fg_0082,production_lot_2026_00582,2026-05-03,2026-12-29,4481,3,draft,production_output_00582,,wh_finished_north,wh_finished_north_z02,Sản lượng thành phẩm theo lô.
production_order_2026_00583,fg_0083,production_lot_2026_00583,2026-06-07,2027-02-02,4582,4,draft,production_output_00583,,wh_finished_south,wh_finished_south_z03,Sản lượng thành phẩm theo lô.
production_order_2026_00584,fg_0084,production_lot_2026_00584,2026-06-08,2027-02-03,4683,5,draft,production_output_00584,,wh_finished_north,wh_finished_north_z04,Sản lượng thành phẩm theo lô.
production_order_2026_00585,fg_0085,production_lot_2026_00585,2026-07-08,2027-03-05,4784,6,draft,production_output_00585,,wh_finished_south,wh_finished_south_z05,Sản lượng thành phẩm theo lô.
production_order_2026_00586,fg_0086,production_lot_2026_00586,2026-07-09,2027-03-06,4885,7,draft,production_output_00586,,wh_finished_north,wh_finished_north_z06,Sản lượng thành phẩm theo lô.
production_order_2026_00587,fg_0087,production_lot_2026_00587,2026-08-13,2027-04-10,4986,8,draft,production_output_00587,,wh_finished_south,wh_finished_south_z07,Sản lượng thành phẩm theo lô.
production_order_2026_00588,fg_0088,production_lot_2026_00588,2026-08-14,2027-04-11,5087,9,draft,production_output_00588,,wh_finished_north,wh_finished_north_z08,Sản lượng thành phẩm theo lô.
production_order_2026_00589,fg_0089,production_lot_2026_00589,2026-09-14,2027-05-12,5188,10,draft,production_output_00589,,wh_finished_south,wh_finished_south_z09,Sản lượng thành phẩm theo lô.
production_order_2026_00590,fg_0090,production_lot_2026_00590,2026-09-15,2027-05-13,5289,11,draft,production_output_00590,,wh_finished_north,wh_finished_north_z10,Sản lượng thành phẩm theo lô.
production_order_2026_00591,fg_0091,production_lot_2026_00591,2026-01-19,2026-09-16,5390,12,draft,production_output_00591,,wh_finished_south,wh_finished_south_z01,Sản lượng thành phẩm theo lô.
production_order_2026_00592,fg_0092,production_lot_2026_00592,2026-01-20,2026-09-17,5491,13,draft,production_output_00592,,wh_finished_north,wh_finished_north_z02,Sản lượng thành phẩm theo lô.
production_order_2026_00593,fg_0093,production_lot_2026_00593,2026-02-20,2026-10-18,5592,14,draft,production_output_00593,,wh_finished_south,wh_finished_south_z03,Sản lượng thành phẩm theo lô.
production_order_2026_00594,fg_0094,production_lot_2026_00594,2026-02-21,2026-10-19,5693,15,draft,production_output_00594,,wh_finished_north,wh_finished_north_z04,Sản lượng thành phẩm theo lô.
production_order_2026_00595,fg_0095,production_lot_2026_00595,2026-03-05,2026-10-31,5794,16,draft,production_output_00595,,wh_finished_south,wh_finished_south_z05,Sản lượng thành phẩm theo lô.
production_order_2026_00596,fg_0096,production_lot_2026_00596,2026-03-06,2026-11-01,5895,0,draft,production_output_00596,,wh_finished_north,wh_finished_north_z06,Sản lượng thành phẩm theo lô.
production_order_2026_00597,fg_0097,production_lot_2026_00597,2026-04-06,2026-12-02,5996,1,draft,production_output_00597,,wh_finished_south,wh_finished_south_z07,Sản lượng thành phẩm theo lô.
production_order_2026_00598,fg_0098,production_lot_2026_00598,2026-04-07,2026-12-03,6097,2,draft,production_output_00598,,wh_finished_north,wh_finished_north_z08,Sản lượng thành phẩm theo lô.
production_order_2026_00599,fg_0099,production_lot_2026_00599,2026-05-11,2027-01-06,6198,3,draft,production_output_00599,,wh_finished_south,wh_finished_south_z09,Sản lượng thành phẩm theo lô.
production_order_2026_00600,fg_0100,production_lot_2026_00600,2026-05-12,2027-01-07,6299,4,draft,production_output_00600,,wh_finished_north,wh_finished_north_z10,Sản lượng thành phẩm theo lô.
