receipt_code,warehouse_code,supplier_code,source_module,source_document_code,reference_number,status,idempotency_key,posted_at,notes
receipt_2025_00001,wh_raw_south,supplier_001,,,purchase_order_2025_00001,draft,receipt_2025_00001,2025-01-01T09:00:00+07:00,Nhập hàng theo kế hoạch cung ứng nguyên liệu.
receipt_2025_00002,wh_raw_north,supplier_002,,,purchase_order_2026_00002,pending,receipt_2026_00002,2026-06-12T09:00:00+07:00,Nhập hàng theo kế hoạch cung ứng nguyên liệu.
receipt_2025_00003,wh_finished_south,supplier_003,,,purchase_order_2025_00003,posted,receipt_2025_00003,2025-11-23T09:00:00+07:00,Nhập hàng theo kế hoạch cung ứng nguyên liệu.
receipt_2025_00004,wh_finished_north,supplier_004,,,purchase_order_2026_00004,cancelled,receipt_2026_00004,2026-04-10T09:00:00+07:00,Nhập hàng theo kế hoạch cung ứng nguyên liệu.
receipt_2025_00005,wh_cold,supplier_005,,,purchase_order_2025_00005,draft,receipt_2025_00005,2025-09-21T09:00:00+07:00,Nhập hàng theo kế hoạch cung ứng nguyên liệu.
receipt_2025_00006,wh_packaging,supplier_006,,,purchase_order_2026_00006,pending,receipt_2026_00006,2026-02-08T09:00:00+07:00,Nhập hàng theo kế hoạch cung ứng nguyên liệu.
receipt_2025_00007,wh_raw_south,supplier_007,,,purchase_order_2025_00007,posted,receipt_2025_00007,2025-07-19T09:00:00+07:00,Nhập hàng theo kế hoạch cung ứng nguyên liệu.
receipt_2025_00008,wh_raw_north,supplier_008,,,purchase_order_2026_00008,cancelled,receipt_2026_00008,2026-12-06T09:00:00+07:00,Nhập hàng theo kế hoạch cung ứng nguyên liệu.
receipt_2025_00009,wh_finished_south,supplier_009,,,purchase_order_2025_00009,draft,receipt_2025_00009,2025-05-17T09:00:00+07:00,Nhập hàng theo kế hoạch cung ứng nguyên liệu.
receipt_2025_00010,wh_finished_north,supplier_010,,,purchase_order_2026_00010,pending,receipt_2026_00010,2026-10-04T09:00:00+07:00,Nhập hàng theo kế hoạch cung ứng nguyên liệu.
receipt_2025_00011,wh_cold,supplier_011,,,purchase_order_2025_00011,posted,receipt_2025_00011,2025-03-15T09:00:00+07:00,Nhập hàng theo kế hoạch cung ứng nguyên liệu.
receipt_2025_00012,wh_packaging,supplier_012,,,purchase_order_2026_00012,cancelled,receipt_2026_00012,2026-08-02T09:00:00+07:00,Nhập hàng theo kế hoạch cung ứng nguyên liệu.
receipt_2025_00013,wh_raw_south,supplier_013,,,purchase_order_2025_00013,draft,receipt_2025_00013,2025-01-13T09:00:00+07:00,Nhập hàng theo kế hoạch cung ứng nguyên liệu.
receipt_2025_00014,wh_raw_north,supplier_014,,,purchase_order_2026_00014,pending,receipt_2026_00014,2026-06-24T09:00:00+07:00,Nhập hàng theo kế hoạch cung ứng nguyên liệu.
receipt_2025_00015,wh_finished_south,supplier_015,,,purchase_order_2025_00015,posted,receipt_2025_00015,2025-11-11T09:00:00+07:00,Nhập hàng theo kế hoạch cung ứng nguyên liệu.
receipt_2025_00016,wh_finished_north,supplier_016,,,purchase_order_2026_00016,cancelled,receipt_2026_00016,2026-04-22T09:00:00+07:00,Nhập hàng theo kế hoạch cung ứng nguyên liệu.
receipt_2025_00017,wh_cold,supplier_017,,,purchase_order_2025_00017,draft,receipt_2025_00017,2025-09-09T09:00:00+07:00,Nhập hàng theo kế hoạch cung ứng nguyên liệu.
receipt_2025_00018,wh_packaging,supplier_018,,,purchase_order_2026_00018,pending,receipt_2026_00018,2026-02-20T09:00:00+07:00,Nhập hàng theo kế hoạch cung ứng nguyên liệu.
receipt_2025_00019,wh_raw_south,supplier_019,,,purchase_order_2025_00019,posted,receipt_2025_00019,2025-07-07T09:00:00+07:00,Nhập hàng theo kế hoạch cung ứng nguyên liệu.
receipt_2025_00020,wh_raw_north,supplier_020,,,purchase_order_2026_00020,cancelled,receipt_2026_00020,2026-12-18T09:00:00+07:00,Nhập hàng theo kế hoạch cung ứng nguyên liệu.
receipt_2025_00021,wh_finished_south,supplier_021,,,purchase_order_2025_00021,draft,receipt_2025_00021,2025-05-05T09:00:00+07:00,Nhập hàng theo kế hoạch cung ứng nguyên liệu.
receipt_2025_00022,wh_finished_north,supplier_022,,,purchase_order_2026_00022,pending,receipt_2026_00022,2026-10-16T09:00:00+07:00,Nhập hàng theo kế hoạch cung ứng nguyên liệu.
receipt_2025_00023,wh_cold,supplier_023,,,purchase_order_2025_00023,posted,receipt_2025_00023,2025-03-03T09:00:00+07:00,Nhập hàng theo kế hoạch cung ứng nguyên liệu.
receipt_2025_00024,wh_packaging,supplier_024,,,purchase_order_2026_00024,cancelled,receipt_2026_00024,2026-08-14T09:00:00+07:00,Nhập hàng theo kế hoạch cung ứng nguyên liệu.
receipt_2025_00025,wh_raw_south,supplier_025,,,purchase_order_2025_00025,draft,receipt_2025_00025,2025-01-01T09:00:00+07:00,Nhập hàng theo kế hoạch cung ứng nguyên liệu.
receipt_2025_00026,wh_raw_north,supplier_026,,,purchase_order_2026_00026,pending,receipt_2026_00026,2026-06-12T09:00:00+07:00,Nhập hàng theo kế hoạch cung ứng nguyên liệu.
receipt_2025_00027,wh_finished_south,supplier_027,,,purchase_order_2025_00027,posted,receipt_2025_00027,2025-11-23T09:00:00+07:00,Nhập hàng theo kế hoạch cung ứng nguyên liệu.
receipt_2025_00028,wh_finished_north,supplier_028,,,purchase_order_2026_00028,cancelled,receipt_2026_00028,2026-04-10T09:00:00+07:00,Nhập hàng theo kế hoạch cung ứng nguyên liệu.
receipt_2025_00029,wh_cold,supplier_029,,,purchase_order_2025_00029,draft,receipt_2025_00029,2025-09-21T09:00:00+07:00,Nhập hàng theo kế hoạch cung ứng nguyên liệu.
receipt_2025_00030,wh_packaging,supplier_030,,,purchase_order_2026_00030,pending,receipt_2026_00030,2026-02-08T09:00:00+07:00,Nhập hàng theo kế hoạch cung ứng nguyên liệu.
receipt_2025_00031,wh_raw_south,supplier_001,,,purchase_order_2025_00031,posted,receipt_2025_00031,2025-07-19T09:00:00+07:00,Nhập hàng theo kế hoạch cung ứng nguyên liệu.
receipt_2025_00032,wh_raw_north,supplier_002,,,purchase_order_2026_00032,cancelled,receipt_2026_00032,2026-12-06T09:00:00+07:00,Nhập hàng theo kế hoạch cung ứng nguyên liệu.
receipt_2025_00033,wh_finished_south,supplier_003,,,purchase_order_2025_00033,draft,receipt_2025_00033,2025-05-17T09:00:00+07:00,Nhập hàng theo kế hoạch cung ứng nguyên liệu.
receipt_2025_00034,wh_finished_north,supplier_004,,,purchase_order_2026_00034,pending,receipt_2026_00034,2026-10-04T09:00:00+07:00,Nhập hàng theo kế hoạch cung ứng nguyên liệu.
receipt_2025_00035,wh_cold,supplier_005,,,purchase_order_2025_00035,posted,receipt_2025_00035,2025-03-15T09:00:00+07:00,Nhập hàng theo kế hoạch cung ứng nguyên liệu.
receipt_2025_00036,wh_packaging,supplier_006,,,purchase_order_2026_00036,cancelled,receipt_2026_00036,2026-08-02T09:00:00+07:00,Nhập hàng theo kế hoạch cung ứng nguyên liệu.
receipt_2025_00037,wh_raw_south,supplier_007,,,purchase_order_2025_00037,draft,receipt_2025_00037,2025-01-13T09:00:00+07:00,Nhập hàng theo kế hoạch cung ứng nguyên liệu.
receipt_2025_00038,wh_raw_north,supplier_008,,,purchase_order_2026_00038,pending,receipt_2026_00038,2026-06-24T09:00:00+07:00,Nhập hàng theo kế hoạch cung ứng nguyên liệu.
receipt_2025_00039,wh_finished_south,supplier_009,,,purchase_order_2025_00039,posted,receipt_2025_00039,2025-11-11T09:00:00+07:00,Nhập hàng theo kế hoạch cung ứng nguyên liệu.
receipt_2025_00040,wh_finished_north,supplier_010,,,purchase_order_2026_00040,cancelled,receipt_2026_00040,2026-04-22T09:00:00+07:00,Nhập hàng theo kế hoạch cung ứng nguyên liệu.
receipt_2025_00041,wh_cold,supplier_011,,,purchase_order_2025_00041,draft,receipt_2025_00041,2025-09-09T09:00:00+07:00,Nhập hàng theo kế hoạch cung ứng nguyên liệu.
receipt_2025_00042,wh_packaging,supplier_012,,,purchase_order_2026_00042,pending,receipt_2026_00042,2026-02-20T09:00:00+07:00,Nhập hàng theo kế hoạch cung ứng nguyên liệu.
receipt_2025_00043,wh_raw_south,supplier_013,,,purchase_order_2025_00043,posted,receipt_2025_00043,2025-07-07T09:00:00+07:00,Nhập hàng theo kế hoạch cung ứng nguyên liệu.
receipt_2025_00044,wh_raw_north,supplier_014,,,purchase_order_2026_00044,cancelled,receipt_2026_00044,2026-12-18T09:00:00+07:00,Nhập hàng theo kế hoạch cung ứng nguyên liệu.
receipt_2025_00045,wh_finished_south,supplier_015,,,purchase_order_2025_00045,draft,receipt_2025_00045,2025-05-05T09:00:00+07:00,Nhập hàng theo kế hoạch cung ứng nguyên liệu.
receipt_2025_00046,wh_finished_north,supplier_016,,,purchase_order_2026_00046,pending,receipt_2026_00046,2026-10-16T09:00:00+07:00,Nhập hàng theo kế hoạch cung ứng nguyên liệu.
receipt_2025_00047,wh_cold,supplier_017,,,purchase_order_2025_00047,posted,receipt_2025_00047,2025-03-03T09:00:00+07:00,Nhập hàng theo kế hoạch cung ứng nguyên liệu.
receipt_2025_00048,wh_packaging,supplier_018,,,purchase_order_2026_00048,cancelled,receipt_2026_00048,2026-08-14T09:00:00+07:00,Nhập hàng theo kế hoạch cung ứng nguyên liệu.
receipt_2025_00049,wh_raw_south,supplier_019,,,purchase_order_2025_00049,draft,receipt_2025_00049,2025-01-01T09:00:00+07:00,Nhập hàng theo kế hoạch cung ứng nguyên liệu.
receipt_2025_00050,wh_raw_north,supplier_020,,,purchase_order_2026_00050,pending,receipt_2026_00050,2026-06-12T09:00:00+07:00,Nhập hàng theo kế hoạch cung ứng nguyên liệu.
receipt_2025_00051,wh_finished_south,supplier_021,,,purchase_order_2025_00051,posted,receipt_2025_00051,2025-11-23T09:00:00+07:00,Nhập hàng theo kế hoạch cung ứng nguyên liệu.
receipt_2025_00052,wh_finished_north,supplier_022,,,purchase_order_2026_00052,cancelled,receipt_2026_00052,2026-04-10T09:00:00+07:00,Nhập hàng theo kế hoạch cung ứng nguyên liệu.
receipt_2025_00053,wh_cold,supplier_023,,,purchase_order_2025_00053,draft,receipt_2025_00053,2025-09-21T09:00:00+07:00,Nhập hàng theo kế hoạch cung ứng nguyên liệu.
receipt_2025_00054,wh_packaging,supplier_024,,,purchase_order_2026_00054,pending,receipt_2026_00054,2026-02-08T09:00:00+07:00,Nhập hàng theo kế hoạch cung ứng nguyên liệu.
receipt_2025_00055,wh_raw_south,supplier_025,,,purchase_order_2025_00055,posted,receipt_2025_00055,2025-07-19T09:00:00+07:00,Nhập hàng theo kế hoạch cung ứng nguyên liệu.
receipt_2025_00056,wh_raw_north,supplier_026,,,purchase_order_2026_00056,cancelled,receipt_2026_00056,2026-12-06T09:00:00+07:00,Nhập hàng theo kế hoạch cung ứng nguyên liệu.
receipt_2025_00057,wh_finished_south,supplier_027,,,purchase_order_2025_00057,draft,receipt_2025_00057,2025-05-17T09:00:00+07:00,Nhập hàng theo kế hoạch cung ứng nguyên liệu.
receipt_2025_00058,wh_finished_north,supplier_028,,,purchase_order_2026_00058,pending,receipt_2026_00058,2026-10-04T09:00:00+07:00,Nhập hàng theo kế hoạch cung ứng nguyên liệu.
receipt_2025_00059,wh_cold,supplier_029,,,purchase_order_2025_00059,posted,receipt_2025_00059,2025-03-15T09:00:00+07:00,Nhập hàng theo kế hoạch cung ứng nguyên liệu.
receipt_2025_00060,wh_packaging,supplier_030,,,purchase_order_2026_00060,cancelled,receipt_2026_00060,2026-08-02T09:00:00+07:00,Nhập hàng theo kế hoạch cung ứng nguyên liệu.
receipt_2025_00061,wh_raw_south,supplier_001,,,purchase_order_2025_00061,draft,receipt_2025_00061,2025-01-13T09:00:00+07:00,Nhập hàng theo kế hoạch cung ứng nguyên liệu.
receipt_2025_00062,wh_raw_north,supplier_002,,,purchase_order_2026_00062,pending,receipt_2026_00062,2026-06-24T09:00:00+07:00,Nhập hàng theo kế hoạch cung ứng nguyên liệu.
receipt_2025_00063,wh_finished_south,supplier_003,,,purchase_order_2025_00063,posted,receipt_2025_00063,2025-11-11T09:00:00+07:00,Nhập hàng theo kế hoạch cung ứng nguyên liệu.
receipt_2025_00064,wh_finished_north,supplier_004,,,purchase_order_2026_00064,cancelled,receipt_2026_00064,2026-04-22T09:00:00+07:00,Nhập hàng theo kế hoạch cung ứng nguyên liệu.
receipt_2025_00065,wh_cold,supplier_005,,,purchase_order_2025_00065,draft,receipt_2025_00065,2025-09-09T09:00:00+07:00,Nhập hàng theo kế hoạch cung ứng nguyên liệu.
receipt_2025_00066,wh_packaging,supplier_006,,,purchase_order_2026_00066,pending,receipt_2026_00066,2026-02-20T09:00:00+07:00,Nhập hàng theo kế hoạch cung ứng nguyên liệu.
receipt_2025_00067,wh_raw_south,supplier_007,,,purchase_order_2025_00067,posted,receipt_2025_00067,2025-07-07T09:00:00+07:00,Nhập hàng theo kế hoạch cung ứng nguyên liệu.
receipt_2025_00068,wh_raw_north,supplier_008,,,purchase_order_2026_00068,cancelled,receipt_2026_00068,2026-12-18T09:00:00+07:00,Nhập hàng theo kế hoạch cung ứng nguyên liệu.
receipt_2025_00069,wh_finished_south,supplier_009,,,purchase_order_2025_00069,draft,receipt_2025_00069,2025-05-05T09:00:00+07:00,Nhập hàng theo kế hoạch cung ứng nguyên liệu.
receipt_2025_00070,wh_finished_north,supplier_010,,,purchase_order_2026_00070,pending,receipt_2026_00070,2026-10-16T09:00:00+07:00,Nhập hàng theo kế hoạch cung ứng nguyên liệu.
receipt_2025_00071,wh_cold,supplier_011,,,purchase_order_2025_00071,posted,receipt_2025_00071,2025-03-03T09:00:00+07:00,Nhập hàng theo kế hoạch cung ứng nguyên liệu.
receipt_2025_00072,wh_packaging,supplier_012,,,purchase_order_2026_00072,cancelled,receipt_2026_00072,2026-08-14T09:00:00+07:00,Nhập hàng theo kế hoạch cung ứng nguyên liệu.
receipt_2025_00073,wh_raw_south,supplier_013,,,purchase_order_2025_00073,draft,receipt_2025_00073,2025-01-01T09:00:00+07:00,Nhập hàng theo kế hoạch cung ứng nguyên liệu.
receipt_2025_00074,wh_raw_north,supplier_014,,,purchase_order_2026_00074,pending,receipt_2026_00074,2026-06-12T09:00:00+07:00,Nhập hàng theo kế hoạch cung ứng nguyên liệu.
receipt_2025_00075,wh_finished_south,supplier_015,,,purchase_order_2025_00075,posted,receipt_2025_00075,2025-11-23T09:00:00+07:00,Nhập hàng theo kế hoạch cung ứng nguyên liệu.
receipt_2025_00076,wh_finished_north,supplier_016,,,purchase_order_2026_00076,cancelled,receipt_2026_00076,2026-04-10T09:00:00+07:00,Nhập hàng theo kế hoạch cung ứng nguyên liệu.
receipt_2025_00077,wh_cold,supplier_017,,,purchase_order_2025_00077,draft,receipt_2025_00077,2025-09-21T09:00:00+07:00,Nhập hàng theo kế hoạch cung ứng nguyên liệu.
receipt_2025_00078,wh_packaging,supplier_018,,,purchase_order_2026_00078,pending,receipt_2026_00078,2026-02-08T09:00:00+07:00,Nhập hàng theo kế hoạch cung ứng nguyên liệu.
receipt_2025_00079,wh_raw_south,supplier_019,,,purchase_order_2025_00079,posted,receipt_2025_00079,2025-07-19T09:00:00+07:00,Nhập hàng theo kế hoạch cung ứng nguyên liệu.
receipt_2025_00080,wh_raw_north,supplier_020,,,purchase_order_2026_00080,cancelled,receipt_2026_00080,2026-12-06T09:00:00+07:00,Nhập hàng theo kế hoạch cung ứng nguyên liệu.
receipt_2025_00081,wh_finished_south,supplier_021,,,purchase_order_2025_00081,draft,receipt_2025_00081,2025-05-17T09:00:00+07:00,Nhập hàng theo kế hoạch cung ứng nguyên liệu.
receipt_2025_00082,wh_finished_north,supplier_022,,,purchase_order_2026_00082,pending,receipt_2026_00082,2026-10-04T09:00:00+07:00,Nhập hàng theo kế hoạch cung ứng nguyên liệu.
receipt_2025_00083,wh_cold,supplier_023,,,purchase_order_2025_00083,posted,receipt_2025_00083,2025-03-15T09:00:00+07:00,Nhập hàng theo kế hoạch cung ứng nguyên liệu.
receipt_2025_00084,wh_packaging,supplier_024,,,purchase_order_2026_00084,cancelled,receipt_2026_00084,2026-08-02T09:00:00+07:00,Nhập hàng theo kế hoạch cung ứng nguyên liệu.
receipt_2025_00085,wh_raw_south,supplier_025,,,purchase_order_2025_00085,draft,receipt_2025_00085,2025-01-13T09:00:00+07:00,Nhập hàng theo kế hoạch cung ứng nguyên liệu.
receipt_2025_00086,wh_raw_north,supplier_026,,,purchase_order_2026_00086,pending,receipt_2026_00086,2026-06-24T09:00:00+07:00,Nhập hàng theo kế hoạch cung ứng nguyên liệu.
receipt_2025_00087,wh_finished_south,supplier_027,,,purchase_order_2025_00087,posted,receipt_2025_00087,2025-11-11T09:00:00+07:00,Nhập hàng theo kế hoạch cung ứng nguyên liệu.
receipt_2025_00088,wh_finished_north,supplier_028,,,purchase_order_2026_00088,cancelled,receipt_2026_00088,2026-04-22T09:00:00+07:00,Nhập hàng theo kế hoạch cung ứng nguyên liệu.
receipt_2025_00089,wh_cold,supplier_029,,,purchase_order_2025_00089,draft,receipt_2025_00089,2025-09-09T09:00:00+07:00,Nhập hàng theo kế hoạch cung ứng nguyên liệu.
receipt_2025_00090,wh_packaging,supplier_030,,,purchase_order_2026_00090,pending,receipt_2026_00090,2026-02-20T09:00:00+07:00,Nhập hàng theo kế hoạch cung ứng nguyên liệu.
receipt_2025_00091,wh_raw_south,supplier_001,,,purchase_order_2025_00091,posted,receipt_2025_00091,2025-07-07T09:00:00+07:00,Nhập hàng theo kế hoạch cung ứng nguyên liệu.
receipt_2025_00092,wh_raw_north,supplier_002,,,purchase_order_2026_00092,cancelled,receipt_2026_00092,2026-12-18T09:00:00+07:00,Nhập hàng theo kế hoạch cung ứng nguyên liệu.
receipt_2025_00093,wh_finished_south,supplier_003,,,purchase_order_2025_00093,draft,receipt_2025_00093,2025-05-05T09:00:00+07:00,Nhập hàng theo kế hoạch cung ứng nguyên liệu.
receipt_2025_00094,wh_finished_north,supplier_004,,,purchase_order_2026_00094,pending,receipt_2026_00094,2026-10-16T09:00:00+07:00,Nhập hàng theo kế hoạch cung ứng nguyên liệu.
receipt_2025_00095,wh_cold,supplier_005,,,purchase_order_2025_00095,posted,receipt_2025_00095,2025-03-03T09:00:00+07:00,Nhập hàng theo kế hoạch cung ứng nguyên liệu.
receipt_2025_00096,wh_packaging,supplier_006,,,purchase_order_2026_00096,cancelled,receipt_2026_00096,2026-08-14T09:00:00+07:00,Nhập hàng theo kế hoạch cung ứng nguyên liệu.
receipt_2025_00097,wh_raw_south,supplier_007,,,purchase_order_2025_00097,draft,receipt_2025_00097,2025-01-01T09:00:00+07:00,Nhập hàng theo kế hoạch cung ứng nguyên liệu.
receipt_2025_00098,wh_raw_north,supplier_008,,,purchase_order_2026_00098,pending,receipt_2026_00098,2026-06-12T09:00:00+07:00,Nhập hàng theo kế hoạch cung ứng nguyên liệu.
receipt_2025_00099,wh_finished_south,supplier_009,,,purchase_order_2025_00099,posted,receipt_2025_00099,2025-11-23T09:00:00+07:00,Nhập hàng theo kế hoạch cung ứng nguyên liệu.
receipt_2025_00100,wh_finished_north,supplier_010,,,purchase_order_2026_00100,cancelled,receipt_2026_00100,2026-04-10T09:00:00+07:00,Nhập hàng theo kế hoạch cung ứng nguyên liệu.
receipt_2025_00101,wh_cold,supplier_011,,,purchase_order_2025_00101,draft,receipt_2025_00101,2025-09-21T09:00:00+07:00,Nhập hàng theo kế hoạch cung ứng nguyên liệu.
receipt_2025_00102,wh_packaging,supplier_012,,,purchase_order_2026_00102,pending,receipt_2026_00102,2026-02-08T09:00:00+07:00,Nhập hàng theo kế hoạch cung ứng nguyên liệu.
receipt_2025_00103,wh_raw_south,supplier_013,,,purchase_order_2025_00103,posted,receipt_2025_00103,2025-07-19T09:00:00+07:00,Nhập hàng theo kế hoạch cung ứng nguyên liệu.
receipt_2025_00104,wh_raw_north,supplier_014,,,purchase_order_2026_00104,cancelled,receipt_2026_00104,2026-12-06T09:00:00+07:00,Nhập hàng theo kế hoạch cung ứng nguyên liệu.
receipt_2025_00105,wh_finished_south,supplier_015,,,purchase_order_2025_00105,draft,receipt_2025_00105,2025-05-17T09:00:00+07:00,Nhập hàng theo kế hoạch cung ứng nguyên liệu.
receipt_2025_00106,wh_finished_north,supplier_016,,,purchase_order_2026_00106,pending,receipt_2026_00106,2026-10-04T09:00:00+07:00,Nhập hàng theo kế hoạch cung ứng nguyên liệu.
receipt_2025_00107,wh_cold,supplier_017,,,purchase_order_2025_00107,posted,receipt_2025_00107,2025-03-15T09:00:00+07:00,Nhập hàng theo kế hoạch cung ứng nguyên liệu.
receipt_2025_00108,wh_packaging,supplier_018,,,purchase_order_2026_00108,cancelled,receipt_2026_00108,2026-08-02T09:00:00+07:00,Nhập hàng theo kế hoạch cung ứng nguyên liệu.
receipt_2025_00109,wh_raw_south,supplier_019,,,purchase_order_2025_00109,draft,receipt_2025_00109,2025-01-13T09:00:00+07:00,Nhập hàng theo kế hoạch cung ứng nguyên liệu.
receipt_2025_00110,wh_raw_north,supplier_020,,,purchase_order_2026_00110,pending,receipt_2026_00110,2026-06-24T09:00:00+07:00,Nhập hàng theo kế hoạch cung ứng nguyên liệu.
receipt_2025_00111,wh_finished_south,supplier_021,,,purchase_order_2025_00111,posted,receipt_2025_00111,2025-11-11T09:00:00+07:00,Nhập hàng theo kế hoạch cung ứng nguyên liệu.
receipt_2025_00112,wh_finished_north,supplier_022,,,purchase_order_2026_00112,cancelled,receipt_2026_00112,2026-04-22T09:00:00+07:00,Nhập hàng theo kế hoạch cung ứng nguyên liệu.
receipt_2025_00113,wh_cold,supplier_023,,,purchase_order_2025_00113,draft,receipt_2025_00113,2025-09-09T09:00:00+07:00,Nhập hàng theo kế hoạch cung ứng nguyên liệu.
receipt_2025_00114,wh_packaging,supplier_024,,,purchase_order_2026_00114,pending,receipt_2026_00114,2026-02-20T09:00:00+07:00,Nhập hàng theo kế hoạch cung ứng nguyên liệu.
receipt_2025_00115,wh_raw_south,supplier_025,,,purchase_order_2025_00115,posted,receipt_2025_00115,2025-07-07T09:00:00+07:00,Nhập hàng theo kế hoạch cung ứng nguyên liệu.
receipt_2025_00116,wh_raw_north,supplier_026,,,purchase_order_2026_00116,cancelled,receipt_2026_00116,2026-12-18T09:00:00+07:00,Nhập hàng theo kế hoạch cung ứng nguyên liệu.
receipt_2025_00117,wh_finished_south,supplier_027,,,purchase_order_2025_00117,draft,receipt_2025_00117,2025-05-05T09:00:00+07:00,Nhập hàng theo kế hoạch cung ứng nguyên liệu.
receipt_2025_00118,wh_finished_north,supplier_028,,,purchase_order_2026_00118,pending,receipt_2026_00118,2026-10-16T09:00:00+07:00,Nhập hàng theo kế hoạch cung ứng nguyên liệu.
receipt_2025_00119,wh_cold,supplier_029,,,purchase_order_2025_00119,posted,receipt_2025_00119,2025-03-03T09:00:00+07:00,Nhập hàng theo kế hoạch cung ứng nguyên liệu.
receipt_2025_00120,wh_packaging,supplier_030,,,purchase_order_2026_00120,cancelled,receipt_2026_00120,2026-08-14T09:00:00+07:00,Nhập hàng theo kế hoạch cung ứng nguyên liệu.
receipt_2025_00121,wh_raw_south,supplier_001,,,purchase_order_2025_00121,draft,receipt_2025_00121,2025-01-01T09:00:00+07:00,Nhập hàng theo kế hoạch cung ứng nguyên liệu.
receipt_2025_00122,wh_raw_north,supplier_002,,,purchase_order_2026_00122,pending,receipt_2026_00122,2026-06-12T09:00:00+07:00,Nhập hàng theo kế hoạch cung ứng nguyên liệu.
receipt_2025_00123,wh_finished_south,supplier_003,,,purchase_order_2025_00123,posted,receipt_2025_00123,2025-11-23T09:00:00+07:00,Nhập hàng theo kế hoạch cung ứng nguyên liệu.
receipt_2025_00124,wh_finished_north,supplier_004,,,purchase_order_2026_00124,cancelled,receipt_2026_00124,2026-04-10T09:00:00+07:00,Nhập hàng theo kế hoạch cung ứng nguyên liệu.
receipt_2025_00125,wh_cold,supplier_005,,,purchase_order_2025_00125,draft,receipt_2025_00125,2025-09-21T09:00:00+07:00,Nhập hàng theo kế hoạch cung ứng nguyên liệu.
receipt_2025_00126,wh_packaging,supplier_006,,,purchase_order_2026_00126,pending,receipt_2026_00126,2026-02-08T09:00:00+07:00,Nhập hàng theo kế hoạch cung ứng nguyên liệu.
receipt_2025_00127,wh_raw_south,supplier_007,,,purchase_order_2025_00127,posted,receipt_2025_00127,2025-07-19T09:00:00+07:00,Nhập hàng theo kế hoạch cung ứng nguyên liệu.
receipt_2025_00128,wh_raw_north,supplier_008,,,purchase_order_2026_00128,cancelled,receipt_2026_00128,2026-12-06T09:00:00+07:00,Nhập hàng theo kế hoạch cung ứng nguyên liệu.
receipt_2025_00129,wh_finished_south,supplier_009,,,purchase_order_2025_00129,draft,receipt_2025_00129,2025-05-17T09:00:00+07:00,Nhập hàng theo kế hoạch cung ứng nguyên liệu.
receipt_2025_00130,wh_finished_north,supplier_010,,,purchase_order_2026_00130,pending,receipt_2026_00130,2026-10-04T09:00:00+07:00,Nhập hàng theo kế hoạch cung ứng nguyên liệu.
receipt_2025_00131,wh_cold,supplier_011,,,purchase_order_2025_00131,posted,receipt_2025_00131,2025-03-15T09:00:00+07:00,Nhập hàng theo kế hoạch cung ứng nguyên liệu.
receipt_2025_00132,wh_packaging,supplier_012,,,purchase_order_2026_00132,cancelled,receipt_2026_00132,2026-08-02T09:00:00+07:00,Nhập hàng theo kế hoạch cung ứng nguyên liệu.
receipt_2025_00133,wh_raw_south,supplier_013,,,purchase_order_2025_00133,draft,receipt_2025_00133,2025-01-13T09:00:00+07:00,Nhập hàng theo kế hoạch cung ứng nguyên liệu.
receipt_2025_00134,wh_raw_north,supplier_014,,,purchase_order_2026_00134,pending,receipt_2026_00134,2026-06-24T09:00:00+07:00,Nhập hàng theo kế hoạch cung ứng nguyên liệu.
receipt_2025_00135,wh_finished_south,supplier_015,,,purchase_order_2025_00135,posted,receipt_2025_00135,2025-11-11T09:00:00+07:00,Nhập hàng theo kế hoạch cung ứng nguyên liệu.
receipt_2025_00136,wh_finished_north,supplier_016,,,purchase_order_2026_00136,cancelled,receipt_2026_00136,2026-04-22T09:00:00+07:00,Nhập hàng theo kế hoạch cung ứng nguyên liệu.
receipt_2025_00137,wh_cold,supplier_017,,,purchase_order_2025_00137,draft,receipt_2025_00137,2025-09-09T09:00:00+07:00,Nhập hàng theo kế hoạch cung ứng nguyên liệu.
receipt_2025_00138,wh_packaging,supplier_018,,,purchase_order_2026_00138,pending,receipt_2026_00138,2026-02-20T09:00:00+07:00,Nhập hàng theo kế hoạch cung ứng nguyên liệu.
receipt_2025_00139,wh_raw_south,supplier_019,,,purchase_order_2025_00139,posted,receipt_2025_00139,2025-07-07T09:00:00+07:00,Nhập hàng theo kế hoạch cung ứng nguyên liệu.
receipt_2025_00140,wh_raw_north,supplier_020,,,purchase_order_2026_00140,cancelled,receipt_2026_00140,2026-12-18T09:00:00+07:00,Nhập hàng theo kế hoạch cung ứng nguyên liệu.
receipt_2025_00141,wh_finished_south,supplier_021,,,purchase_order_2025_00141,draft,receipt_2025_00141,2025-05-05T09:00:00+07:00,Nhập hàng theo kế hoạch cung ứng nguyên liệu.
receipt_2025_00142,wh_finished_north,supplier_022,,,purchase_order_2026_00142,pending,receipt_2026_00142,2026-10-16T09:00:00+07:00,Nhập hàng theo kế hoạch cung ứng nguyên liệu.
receipt_2025_00143,wh_cold,supplier_023,,,purchase_order_2025_00143,posted,receipt_2025_00143,2025-03-03T09:00:00+07:00,Nhập hàng theo kế hoạch cung ứng nguyên liệu.
receipt_2025_00144,wh_packaging,supplier_024,,,purchase_order_2026_00144,cancelled,receipt_2026_00144,2026-08-14T09:00:00+07:00,Nhập hàng theo kế hoạch cung ứng nguyên liệu.
receipt_2025_00145,wh_raw_south,supplier_025,,,purchase_order_2025_00145,draft,receipt_2025_00145,2025-01-01T09:00:00+07:00,Nhập hàng theo kế hoạch cung ứng nguyên liệu.
receipt_2025_00146,wh_raw_north,supplier_026,,,purchase_order_2026_00146,pending,receipt_2026_00146,2026-06-12T09:00:00+07:00,Nhập hàng theo kế hoạch cung ứng nguyên liệu.
receipt_2025_00147,wh_finished_south,supplier_027,,,purchase_order_2025_00147,posted,receipt_2025_00147,2025-11-23T09:00:00+07:00,Nhập hàng theo kế hoạch cung ứng nguyên liệu.
receipt_2025_00148,wh_finished_north,supplier_028,,,purchase_order_2026_00148,cancelled,receipt_2026_00148,2026-04-10T09:00:00+07:00,Nhập hàng theo kế hoạch cung ứng nguyên liệu.
receipt_2025_00149,wh_cold,supplier_029,,,purchase_order_2025_00149,draft,receipt_2025_00149,2025-09-21T09:00:00+07:00,Nhập hàng theo kế hoạch cung ứng nguyên liệu.
receipt_2025_00150,wh_packaging,supplier_030,,,purchase_order_2026_00150,pending,receipt_2026_00150,2026-02-08T09:00:00+07:00,Nhập hàng theo kế hoạch cung ứng nguyên liệu.
receipt_2025_00151,wh_raw_south,supplier_001,,,purchase_order_2025_00151,posted,receipt_2025_00151,2025-07-19T09:00:00+07:00,Nhập hàng theo kế hoạch cung ứng nguyên liệu.
receipt_2025_00152,wh_raw_north,supplier_002,,,purchase_order_2026_00152,cancelled,receipt_2026_00152,2026-12-06T09:00:00+07:00,Nhập hàng theo kế hoạch cung ứng nguyên liệu.
receipt_2025_00153,wh_finished_south,supplier_003,,,purchase_order_2025_00153,draft,receipt_2025_00153,2025-05-17T09:00:00+07:00,Nhập hàng theo kế hoạch cung ứng nguyên liệu.
receipt_2025_00154,wh_finished_north,supplier_004,,,purchase_order_2026_00154,pending,receipt_2026_00154,2026-10-04T09:00:00+07:00,Nhập hàng theo kế hoạch cung ứng nguyên liệu.
receipt_2025_00155,wh_cold,supplier_005,,,purchase_order_2025_00155,posted,receipt_2025_00155,2025-03-15T09:00:00+07:00,Nhập hàng theo kế hoạch cung ứng nguyên liệu.
receipt_2025_00156,wh_packaging,supplier_006,,,purchase_order_2026_00156,cancelled,receipt_2026_00156,2026-08-02T09:00:00+07:00,Nhập hàng theo kế hoạch cung ứng nguyên liệu.
receipt_2025_00157,wh_raw_south,supplier_007,,,purchase_order_2025_00157,draft,receipt_2025_00157,2025-01-13T09:00:00+07:00,Nhập hàng theo kế hoạch cung ứng nguyên liệu.
receipt_2025_00158,wh_raw_north,supplier_008,,,purchase_order_2026_00158,pending,receipt_2026_00158,2026-06-24T09:00:00+07:00,Nhập hàng theo kế hoạch cung ứng nguyên liệu.
receipt_2025_00159,wh_finished_south,supplier_009,,,purchase_order_2025_00159,posted,receipt_2025_00159,2025-11-11T09:00:00+07:00,Nhập hàng theo kế hoạch cung ứng nguyên liệu.
receipt_2025_00160,wh_finished_north,supplier_010,,,purchase_order_2026_00160,cancelled,receipt_2026_00160,2026-04-22T09:00:00+07:00,Nhập hàng theo kế hoạch cung ứng nguyên liệu.
receipt_2025_00161,wh_cold,supplier_011,,,purchase_order_2025_00161,draft,receipt_2025_00161,2025-09-09T09:00:00+07:00,Nhập hàng theo kế hoạch cung ứng nguyên liệu.
receipt_2025_00162,wh_packaging,supplier_012,,,purchase_order_2026_00162,pending,receipt_2026_00162,2026-02-20T09:00:00+07:00,Nhập hàng theo kế hoạch cung ứng nguyên liệu.
receipt_2025_00163,wh_raw_south,supplier_013,,,purchase_order_2025_00163,posted,receipt_2025_00163,2025-07-07T09:00:00+07:00,Nhập hàng theo kế hoạch cung ứng nguyên liệu.
receipt_2025_00164,wh_raw_north,supplier_014,,,purchase_order_2026_00164,cancelled,receipt_2026_00164,2026-12-18T09:00:00+07:00,Nhập hàng theo kế hoạch cung ứng nguyên liệu.
receipt_2025_00165,wh_finished_south,supplier_015,,,purchase_order_2025_00165,draft,receipt_2025_00165,2025-05-05T09:00:00+07:00,Nhập hàng theo kế hoạch cung ứng nguyên liệu.
receipt_2025_00166,wh_finished_north,supplier_016,,,purchase_order_2026_00166,pending,receipt_2026_00166,2026-10-16T09:00:00+07:00,Nhập hàng theo kế hoạch cung ứng nguyên liệu.
receipt_2025_00167,wh_cold,supplier_017,,,purchase_order_2025_00167,posted,receipt_2025_00167,2025-03-03T09:00:00+07:00,Nhập hàng theo kế hoạch cung ứng nguyên liệu.
receipt_2025_00168,wh_packaging,supplier_018,,,purchase_order_2026_00168,cancelled,receipt_2026_00168,2026-08-14T09:00:00+07:00,Nhập hàng theo kế hoạch cung ứng nguyên liệu.
receipt_2025_00169,wh_raw_south,supplier_019,,,purchase_order_2025_00169,draft,receipt_2025_00169,2025-01-01T09:00:00+07:00,Nhập hàng theo kế hoạch cung ứng nguyên liệu.
receipt_2025_00170,wh_raw_north,supplier_020,,,purchase_order_2026_00170,pending,receipt_2026_00170,2026-06-12T09:00:00+07:00,Nhập hàng theo kế hoạch cung ứng nguyên liệu.
receipt_2025_00171,wh_finished_south,supplier_021,,,purchase_order_2025_00171,posted,receipt_2025_00171,2025-11-23T09:00:00+07:00,Nhập hàng theo kế hoạch cung ứng nguyên liệu.
receipt_2025_00172,wh_finished_north,supplier_022,,,purchase_order_2026_00172,cancelled,receipt_2026_00172,2026-04-10T09:00:00+07:00,Nhập hàng theo kế hoạch cung ứng nguyên liệu.
receipt_2025_00173,wh_cold,supplier_023,,,purchase_order_2025_00173,draft,receipt_2025_00173,2025-09-21T09:00:00+07:00,Nhập hàng theo kế hoạch cung ứng nguyên liệu.
receipt_2025_00174,wh_packaging,supplier_024,,,purchase_order_2026_00174,pending,receipt_2026_00174,2026-02-08T09:00:00+07:00,Nhập hàng theo kế hoạch cung ứng nguyên liệu.
receipt_2025_00175,wh_raw_south,supplier_025,,,purchase_order_2025_00175,posted,receipt_2025_00175,2025-07-19T09:00:00+07:00,Nhập hàng theo kế hoạch cung ứng nguyên liệu.
receipt_2025_00176,wh_raw_north,supplier_026,,,purchase_order_2026_00176,cancelled,receipt_2026_00176,2026-12-06T09:00:00+07:00,Nhập hàng theo kế hoạch cung ứng nguyên liệu.
receipt_2025_00177,wh_finished_south,supplier_027,,,purchase_order_2025_00177,draft,receipt_2025_00177,2025-05-17T09:00:00+07:00,Nhập hàng theo kế hoạch cung ứng nguyên liệu.
receipt_2025_00178,wh_finished_north,supplier_028,,,purchase_order_2026_00178,pending,receipt_2026_00178,2026-10-04T09:00:00+07:00,Nhập hàng theo kế hoạch cung ứng nguyên liệu.
receipt_2025_00179,wh_cold,supplier_029,,,purchase_order_2025_00179,posted,receipt_2025_00179,2025-03-15T09:00:00+07:00,Nhập hàng theo kế hoạch cung ứng nguyên liệu.
receipt_2025_00180,wh_packaging,supplier_030,,,purchase_order_2026_00180,cancelled,receipt_2026_00180,2026-08-02T09:00:00+07:00,Nhập hàng theo kế hoạch cung ứng nguyên liệu.
receipt_2025_00181,wh_raw_south,supplier_001,,,purchase_order_2025_00181,draft,receipt_2025_00181,2025-01-13T09:00:00+07:00,Nhập hàng theo kế hoạch cung ứng nguyên liệu.
receipt_2025_00182,wh_raw_north,supplier_002,,,purchase_order_2026_00182,pending,receipt_2026_00182,2026-06-24T09:00:00+07:00,Nhập hàng theo kế hoạch cung ứng nguyên liệu.
receipt_2025_00183,wh_finished_south,supplier_003,,,purchase_order_2025_00183,posted,receipt_2025_00183,2025-11-11T09:00:00+07:00,Nhập hàng theo kế hoạch cung ứng nguyên liệu.
receipt_2025_00184,wh_finished_north,supplier_004,,,purchase_order_2026_00184,cancelled,receipt_2026_00184,2026-04-22T09:00:00+07:00,Nhập hàng theo kế hoạch cung ứng nguyên liệu.
receipt_2025_00185,wh_cold,supplier_005,,,purchase_order_2025_00185,draft,receipt_2025_00185,2025-09-09T09:00:00+07:00,Nhập hàng theo kế hoạch cung ứng nguyên liệu.
receipt_2025_00186,wh_packaging,supplier_006,,,purchase_order_2026_00186,pending,receipt_2026_00186,2026-02-20T09:00:00+07:00,Nhập hàng theo kế hoạch cung ứng nguyên liệu.
receipt_2025_00187,wh_raw_south,supplier_007,,,purchase_order_2025_00187,posted,receipt_2025_00187,2025-07-07T09:00:00+07:00,Nhập hàng theo kế hoạch cung ứng nguyên liệu.
receipt_2025_00188,wh_raw_north,supplier_008,,,purchase_order_2026_00188,cancelled,receipt_2026_00188,2026-12-18T09:00:00+07:00,Nhập hàng theo kế hoạch cung ứng nguyên liệu.
receipt_2025_00189,wh_finished_south,supplier_009,,,purchase_order_2025_00189,draft,receipt_2025_00189,2025-05-05T09:00:00+07:00,Nhập hàng theo kế hoạch cung ứng nguyên liệu.
receipt_2025_00190,wh_finished_north,supplier_010,,,purchase_order_2026_00190,pending,receipt_2026_00190,2026-10-16T09:00:00+07:00,Nhập hàng theo kế hoạch cung ứng nguyên liệu.
receipt_2025_00191,wh_cold,supplier_011,,,purchase_order_2025_00191,posted,receipt_2025_00191,2025-03-03T09:00:00+07:00,Nhập hàng theo kế hoạch cung ứng nguyên liệu.
receipt_2025_00192,wh_packaging,supplier_012,,,purchase_order_2026_00192,cancelled,receipt_2026_00192,2026-08-14T09:00:00+07:00,Nhập hàng theo kế hoạch cung ứng nguyên liệu.
receipt_2025_00193,wh_raw_south,supplier_013,,,purchase_order_2025_00193,draft,receipt_2025_00193,2025-01-01T09:00:00+07:00,Nhập hàng theo kế hoạch cung ứng nguyên liệu.
receipt_2025_00194,wh_raw_north,supplier_014,,,purchase_order_2026_00194,pending,receipt_2026_00194,2026-06-12T09:00:00+07:00,Nhập hàng theo kế hoạch cung ứng nguyên liệu.
receipt_2025_00195,wh_finished_south,supplier_015,,,purchase_order_2025_00195,posted,receipt_2025_00195,2025-11-23T09:00:00+07:00,Nhập hàng theo kế hoạch cung ứng nguyên liệu.
receipt_2025_00196,wh_finished_north,supplier_016,,,purchase_order_2026_00196,cancelled,receipt_2026_00196,2026-04-10T09:00:00+07:00,Nhập hàng theo kế hoạch cung ứng nguyên liệu.
receipt_2025_00197,wh_cold,supplier_017,,,purchase_order_2025_00197,draft,receipt_2025_00197,2025-09-21T09:00:00+07:00,Nhập hàng theo kế hoạch cung ứng nguyên liệu.
receipt_2025_00198,wh_packaging,supplier_018,,,purchase_order_2026_00198,pending,receipt_2026_00198,2026-02-08T09:00:00+07:00,Nhập hàng theo kế hoạch cung ứng nguyên liệu.
receipt_2025_00199,wh_raw_south,supplier_019,,,purchase_order_2025_00199,posted,receipt_2025_00199,2025-07-19T09:00:00+07:00,Nhập hàng theo kế hoạch cung ứng nguyên liệu.
receipt_2025_00200,wh_raw_north,supplier_020,,,purchase_order_2026_00200,cancelled,receipt_2026_00200,2026-12-06T09:00:00+07:00,Nhập hàng theo kế hoạch cung ứng nguyên liệu.
receipt_2025_00201,wh_finished_south,supplier_021,,,purchase_order_2025_00201,draft,receipt_2025_00201,2025-05-17T09:00:00+07:00,Nhập hàng theo kế hoạch cung ứng nguyên liệu.
receipt_2025_00202,wh_finished_north,supplier_022,,,purchase_order_2026_00202,pending,receipt_2026_00202,2026-10-04T09:00:00+07:00,Nhập hàng theo kế hoạch cung ứng nguyên liệu.
receipt_2025_00203,wh_cold,supplier_023,,,purchase_order_2025_00203,posted,receipt_2025_00203,2025-03-15T09:00:00+07:00,Nhập hàng theo kế hoạch cung ứng nguyên liệu.
receipt_2025_00204,wh_packaging,supplier_024,,,purchase_order_2026_00204,cancelled,receipt_2026_00204,2026-08-02T09:00:00+07:00,Nhập hàng theo kế hoạch cung ứng nguyên liệu.
receipt_2025_00205,wh_raw_south,supplier_025,,,purchase_order_2025_00205,draft,receipt_2025_00205,2025-01-13T09:00:00+07:00,Nhập hàng theo kế hoạch cung ứng nguyên liệu.
receipt_2025_00206,wh_raw_north,supplier_026,,,purchase_order_2026_00206,pending,receipt_2026_00206,2026-06-24T09:00:00+07:00,Nhập hàng theo kế hoạch cung ứng nguyên liệu.
receipt_2025_00207,wh_finished_south,supplier_027,,,purchase_order_2025_00207,posted,receipt_2025_00207,2025-11-11T09:00:00+07:00,Nhập hàng theo kế hoạch cung ứng nguyên liệu.
receipt_2025_00208,wh_finished_north,supplier_028,,,purchase_order_2026_00208,cancelled,receipt_2026_00208,2026-04-22T09:00:00+07:00,Nhập hàng theo kế hoạch cung ứng nguyên liệu.
receipt_2025_00209,wh_cold,supplier_029,,,purchase_order_2025_00209,draft,receipt_2025_00209,2025-09-09T09:00:00+07:00,Nhập hàng theo kế hoạch cung ứng nguyên liệu.
receipt_2025_00210,wh_packaging,supplier_030,,,purchase_order_2026_00210,pending,receipt_2026_00210,2026-02-20T09:00:00+07:00,Nhập hàng theo kế hoạch cung ứng nguyên liệu.
receipt_2025_00211,wh_raw_south,supplier_001,,,purchase_order_2025_00211,posted,receipt_2025_00211,2025-07-07T09:00:00+07:00,Nhập hàng theo kế hoạch cung ứng nguyên liệu.
receipt_2025_00212,wh_raw_north,supplier_002,,,purchase_order_2026_00212,cancelled,receipt_2026_00212,2026-12-18T09:00:00+07:00,Nhập hàng theo kế hoạch cung ứng nguyên liệu.
receipt_2025_00213,wh_finished_south,supplier_003,,,purchase_order_2025_00213,draft,receipt_2025_00213,2025-05-05T09:00:00+07:00,Nhập hàng theo kế hoạch cung ứng nguyên liệu.
receipt_2025_00214,wh_finished_north,supplier_004,,,purchase_order_2026_00214,pending,receipt_2026_00214,2026-10-16T09:00:00+07:00,Nhập hàng theo kế hoạch cung ứng nguyên liệu.
receipt_2025_00215,wh_cold,supplier_005,,,purchase_order_2025_00215,posted,receipt_2025_00215,2025-03-03T09:00:00+07:00,Nhập hàng theo kế hoạch cung ứng nguyên liệu.
receipt_2025_00216,wh_packaging,supplier_006,,,purchase_order_2026_00216,cancelled,receipt_2026_00216,2026-08-14T09:00:00+07:00,Nhập hàng theo kế hoạch cung ứng nguyên liệu.
receipt_2025_00217,wh_raw_south,supplier_007,,,purchase_order_2025_00217,draft,receipt_2025_00217,2025-01-01T09:00:00+07:00,Nhập hàng theo kế hoạch cung ứng nguyên liệu.
receipt_2025_00218,wh_raw_north,supplier_008,,,purchase_order_2026_00218,pending,receipt_2026_00218,2026-06-12T09:00:00+07:00,Nhập hàng theo kế hoạch cung ứng nguyên liệu.
receipt_2025_00219,wh_finished_south,supplier_009,,,purchase_order_2025_00219,posted,receipt_2025_00219,2025-11-23T09:00:00+07:00,Nhập hàng theo kế hoạch cung ứng nguyên liệu.
receipt_2025_00220,wh_finished_north,supplier_010,,,purchase_order_2026_00220,cancelled,receipt_2026_00220,2026-04-10T09:00:00+07:00,Nhập hàng theo kế hoạch cung ứng nguyên liệu.
receipt_2025_00221,wh_cold,supplier_011,,,purchase_order_2025_00221,draft,receipt_2025_00221,2025-09-21T09:00:00+07:00,Nhập hàng theo kế hoạch cung ứng nguyên liệu.
receipt_2025_00222,wh_packaging,supplier_012,,,purchase_order_2026_00222,pending,receipt_2026_00222,2026-02-08T09:00:00+07:00,Nhập hàng theo kế hoạch cung ứng nguyên liệu.
receipt_2025_00223,wh_raw_south,supplier_013,,,purchase_order_2025_00223,posted,receipt_2025_00223,2025-07-19T09:00:00+07:00,Nhập hàng theo kế hoạch cung ứng nguyên liệu.
receipt_2025_00224,wh_raw_north,supplier_014,,,purchase_order_2026_00224,cancelled,receipt_2026_00224,2026-12-06T09:00:00+07:00,Nhập hàng theo kế hoạch cung ứng nguyên liệu.
receipt_2025_00225,wh_finished_south,supplier_015,,,purchase_order_2025_00225,draft,receipt_2025_00225,2025-05-17T09:00:00+07:00,Nhập hàng theo kế hoạch cung ứng nguyên liệu.
receipt_2025_00226,wh_finished_north,supplier_016,,,purchase_order_2026_00226,pending,receipt_2026_00226,2026-10-04T09:00:00+07:00,Nhập hàng theo kế hoạch cung ứng nguyên liệu.
receipt_2025_00227,wh_cold,supplier_017,,,purchase_order_2025_00227,posted,receipt_2025_00227,2025-03-15T09:00:00+07:00,Nhập hàng theo kế hoạch cung ứng nguyên liệu.
receipt_2025_00228,wh_packaging,supplier_018,,,purchase_order_2026_00228,cancelled,receipt_2026_00228,2026-08-02T09:00:00+07:00,Nhập hàng theo kế hoạch cung ứng nguyên liệu.
receipt_2025_00229,wh_raw_south,supplier_019,,,purchase_order_2025_00229,draft,receipt_2025_00229,2025-01-13T09:00:00+07:00,Nhập hàng theo kế hoạch cung ứng nguyên liệu.
receipt_2025_00230,wh_raw_north,supplier_020,,,purchase_order_2026_00230,pending,receipt_2026_00230,2026-06-24T09:00:00+07:00,Nhập hàng theo kế hoạch cung ứng nguyên liệu.
receipt_2025_00231,wh_finished_south,supplier_021,,,purchase_order_2025_00231,posted,receipt_2025_00231,2025-11-11T09:00:00+07:00,Nhập hàng theo kế hoạch cung ứng nguyên liệu.
receipt_2025_00232,wh_finished_north,supplier_022,,,purchase_order_2026_00232,cancelled,receipt_2026_00232,2026-04-22T09:00:00+07:00,Nhập hàng theo kế hoạch cung ứng nguyên liệu.
receipt_2025_00233,wh_cold,supplier_023,,,purchase_order_2025_00233,draft,receipt_2025_00233,2025-09-09T09:00:00+07:00,Nhập hàng theo kế hoạch cung ứng nguyên liệu.
receipt_2025_00234,wh_packaging,supplier_024,,,purchase_order_2026_00234,pending,receipt_2026_00234,2026-02-20T09:00:00+07:00,Nhập hàng theo kế hoạch cung ứng nguyên liệu.
receipt_2025_00235,wh_raw_south,supplier_025,,,purchase_order_2025_00235,posted,receipt_2025_00235,2025-07-07T09:00:00+07:00,Nhập hàng theo kế hoạch cung ứng nguyên liệu.
receipt_2025_00236,wh_raw_north,supplier_026,,,purchase_order_2026_00236,cancelled,receipt_2026_00236,2026-12-18T09:00:00+07:00,Nhập hàng theo kế hoạch cung ứng nguyên liệu.
receipt_2025_00237,wh_finished_south,supplier_027,,,purchase_order_2025_00237,draft,receipt_2025_00237,2025-05-05T09:00:00+07:00,Nhập hàng theo kế hoạch cung ứng nguyên liệu.
receipt_2025_00238,wh_finished_north,supplier_028,,,purchase_order_2026_00238,pending,receipt_2026_00238,2026-10-16T09:00:00+07:00,Nhập hàng theo kế hoạch cung ứng nguyên liệu.
receipt_2025_00239,wh_cold,supplier_029,,,purchase_order_2025_00239,posted,receipt_2025_00239,2025-03-03T09:00:00+07:00,Nhập hàng theo kế hoạch cung ứng nguyên liệu.
receipt_2025_00240,wh_packaging,supplier_030,,,purchase_order_2026_00240,cancelled,receipt_2026_00240,2026-08-14T09:00:00+07:00,Nhập hàng theo kế hoạch cung ứng nguyên liệu.
receipt_2025_00241,wh_raw_south,supplier_001,,,purchase_order_2025_00241,draft,receipt_2025_00241,2025-01-01T09:00:00+07:00,Nhập hàng theo kế hoạch cung ứng nguyên liệu.
receipt_2025_00242,wh_raw_north,supplier_002,,,purchase_order_2026_00242,pending,receipt_2026_00242,2026-06-12T09:00:00+07:00,Nhập hàng theo kế hoạch cung ứng nguyên liệu.
receipt_2025_00243,wh_finished_south,supplier_003,,,purchase_order_2025_00243,posted,receipt_2025_00243,2025-11-23T09:00:00+07:00,Nhập hàng theo kế hoạch cung ứng nguyên liệu.
receipt_2025_00244,wh_finished_north,supplier_004,,,purchase_order_2026_00244,cancelled,receipt_2026_00244,2026-04-10T09:00:00+07:00,Nhập hàng theo kế hoạch cung ứng nguyên liệu.
receipt_2025_00245,wh_cold,supplier_005,,,purchase_order_2025_00245,draft,receipt_2025_00245,2025-09-21T09:00:00+07:00,Nhập hàng theo kế hoạch cung ứng nguyên liệu.
receipt_2025_00246,wh_packaging,supplier_006,,,purchase_order_2026_00246,pending,receipt_2026_00246,2026-02-08T09:00:00+07:00,Nhập hàng theo kế hoạch cung ứng nguyên liệu.
receipt_2025_00247,wh_raw_south,supplier_007,,,purchase_order_2025_00247,posted,receipt_2025_00247,2025-07-19T09:00:00+07:00,Nhập hàng theo kế hoạch cung ứng nguyên liệu.
receipt_2025_00248,wh_raw_north,supplier_008,,,purchase_order_2026_00248,cancelled,receipt_2026_00248,2026-12-06T09:00:00+07:00,Nhập hàng theo kế hoạch cung ứng nguyên liệu.
receipt_2025_00249,wh_finished_south,supplier_009,,,purchase_order_2025_00249,draft,receipt_2025_00249,2025-05-17T09:00:00+07:00,Nhập hàng theo kế hoạch cung ứng nguyên liệu.
receipt_2025_00250,wh_finished_north,supplier_010,,,purchase_order_2026_00250,pending,receipt_2026_00250,2026-10-04T09:00:00+07:00,Nhập hàng theo kế hoạch cung ứng nguyên liệu.
receipt_2025_00251,wh_cold,supplier_011,,,purchase_order_2025_00251,posted,receipt_2025_00251,2025-03-15T09:00:00+07:00,Nhập hàng theo kế hoạch cung ứng nguyên liệu.
receipt_2025_00252,wh_packaging,supplier_012,,,purchase_order_2026_00252,cancelled,receipt_2026_00252,2026-08-02T09:00:00+07:00,Nhập hàng theo kế hoạch cung ứng nguyên liệu.
receipt_2025_00253,wh_raw_south,supplier_013,,,purchase_order_2025_00253,draft,receipt_2025_00253,2025-01-13T09:00:00+07:00,Nhập hàng theo kế hoạch cung ứng nguyên liệu.
receipt_2025_00254,wh_raw_north,supplier_014,,,purchase_order_2026_00254,pending,receipt_2026_00254,2026-06-24T09:00:00+07:00,Nhập hàng theo kế hoạch cung ứng nguyên liệu.
receipt_2025_00255,wh_finished_south,supplier_015,,,purchase_order_2025_00255,posted,receipt_2025_00255,2025-11-11T09:00:00+07:00,Nhập hàng theo kế hoạch cung ứng nguyên liệu.
receipt_2025_00256,wh_finished_north,supplier_016,,,purchase_order_2026_00256,cancelled,receipt_2026_00256,2026-04-22T09:00:00+07:00,Nhập hàng theo kế hoạch cung ứng nguyên liệu.
receipt_2025_00257,wh_cold,supplier_017,,,purchase_order_2025_00257,draft,receipt_2025_00257,2025-09-09T09:00:00+07:00,Nhập hàng theo kế hoạch cung ứng nguyên liệu.
receipt_2025_00258,wh_packaging,supplier_018,,,purchase_order_2026_00258,pending,receipt_2026_00258,2026-02-20T09:00:00+07:00,Nhập hàng theo kế hoạch cung ứng nguyên liệu.
receipt_2025_00259,wh_raw_south,supplier_019,,,purchase_order_2025_00259,posted,receipt_2025_00259,2025-07-07T09:00:00+07:00,Nhập hàng theo kế hoạch cung ứng nguyên liệu.
receipt_2025_00260,wh_raw_north,supplier_020,,,purchase_order_2026_00260,cancelled,receipt_2026_00260,2026-12-18T09:00:00+07:00,Nhập hàng theo kế hoạch cung ứng nguyên liệu.
receipt_2025_00261,wh_finished_south,supplier_021,,,purchase_order_2025_00261,draft,receipt_2025_00261,2025-05-05T09:00:00+07:00,Nhập hàng theo kế hoạch cung ứng nguyên liệu.
receipt_2025_00262,wh_finished_north,supplier_022,,,purchase_order_2026_00262,pending,receipt_2026_00262,2026-10-16T09:00:00+07:00,Nhập hàng theo kế hoạch cung ứng nguyên liệu.
receipt_2025_00263,wh_cold,supplier_023,,,purchase_order_2025_00263,posted,receipt_2025_00263,2025-03-03T09:00:00+07:00,Nhập hàng theo kế hoạch cung ứng nguyên liệu.
receipt_2025_00264,wh_packaging,supplier_024,,,purchase_order_2026_00264,cancelled,receipt_2026_00264,2026-08-14T09:00:00+07:00,Nhập hàng theo kế hoạch cung ứng nguyên liệu.
receipt_2025_00265,wh_raw_south,supplier_025,,,purchase_order_2025_00265,draft,receipt_2025_00265,2025-01-01T09:00:00+07:00,Nhập hàng theo kế hoạch cung ứng nguyên liệu.
receipt_2025_00266,wh_raw_north,supplier_026,,,purchase_order_2026_00266,pending,receipt_2026_00266,2026-06-12T09:00:00+07:00,Nhập hàng theo kế hoạch cung ứng nguyên liệu.
receipt_2025_00267,wh_finished_south,supplier_027,,,purchase_order_2025_00267,posted,receipt_2025_00267,2025-11-23T09:00:00+07:00,Nhập hàng theo kế hoạch cung ứng nguyên liệu.
receipt_2025_00268,wh_finished_north,supplier_028,,,purchase_order_2026_00268,cancelled,receipt_2026_00268,2026-04-10T09:00:00+07:00,Nhập hàng theo kế hoạch cung ứng nguyên liệu.
receipt_2025_00269,wh_cold,supplier_029,,,purchase_order_2025_00269,draft,receipt_2025_00269,2025-09-21T09:00:00+07:00,Nhập hàng theo kế hoạch cung ứng nguyên liệu.
receipt_2025_00270,wh_packaging,supplier_030,,,purchase_order_2026_00270,pending,receipt_2026_00270,2026-02-08T09:00:00+07:00,Nhập hàng theo kế hoạch cung ứng nguyên liệu.
receipt_2025_00271,wh_raw_south,supplier_001,,,purchase_order_2025_00271,posted,receipt_2025_00271,2025-07-19T09:00:00+07:00,Nhập hàng theo kế hoạch cung ứng nguyên liệu.
receipt_2025_00272,wh_raw_north,supplier_002,,,purchase_order_2026_00272,cancelled,receipt_2026_00272,2026-12-06T09:00:00+07:00,Nhập hàng theo kế hoạch cung ứng nguyên liệu.
receipt_2025_00273,wh_finished_south,supplier_003,,,purchase_order_2025_00273,draft,receipt_2025_00273,2025-05-17T09:00:00+07:00,Nhập hàng theo kế hoạch cung ứng nguyên liệu.
receipt_2025_00274,wh_finished_north,supplier_004,,,purchase_order_2026_00274,pending,receipt_2026_00274,2026-10-04T09:00:00+07:00,Nhập hàng theo kế hoạch cung ứng nguyên liệu.
receipt_2025_00275,wh_cold,supplier_005,,,purchase_order_2025_00275,posted,receipt_2025_00275,2025-03-15T09:00:00+07:00,Nhập hàng theo kế hoạch cung ứng nguyên liệu.
receipt_2025_00276,wh_packaging,supplier_006,,,purchase_order_2026_00276,cancelled,receipt_2026_00276,2026-08-02T09:00:00+07:00,Nhập hàng theo kế hoạch cung ứng nguyên liệu.
receipt_2025_00277,wh_raw_south,supplier_007,,,purchase_order_2025_00277,draft,receipt_2025_00277,2025-01-13T09:00:00+07:00,Nhập hàng theo kế hoạch cung ứng nguyên liệu.
receipt_2025_00278,wh_raw_north,supplier_008,,,purchase_order_2026_00278,pending,receipt_2026_00278,2026-06-24T09:00:00+07:00,Nhập hàng theo kế hoạch cung ứng nguyên liệu.
receipt_2025_00279,wh_finished_south,supplier_009,,,purchase_order_2025_00279,posted,receipt_2025_00279,2025-11-11T09:00:00+07:00,Nhập hàng theo kế hoạch cung ứng nguyên liệu.
receipt_2025_00280,wh_finished_north,supplier_010,,,purchase_order_2026_00280,cancelled,receipt_2026_00280,2026-04-22T09:00:00+07:00,Nhập hàng theo kế hoạch cung ứng nguyên liệu.
receipt_2025_00281,wh_cold,supplier_011,,,purchase_order_2025_00281,draft,receipt_2025_00281,2025-09-09T09:00:00+07:00,Nhập hàng theo kế hoạch cung ứng nguyên liệu.
receipt_2025_00282,wh_packaging,supplier_012,,,purchase_order_2026_00282,pending,receipt_2026_00282,2026-02-20T09:00:00+07:00,Nhập hàng theo kế hoạch cung ứng nguyên liệu.
receipt_2025_00283,wh_raw_south,supplier_013,,,purchase_order_2025_00283,posted,receipt_2025_00283,2025-07-07T09:00:00+07:00,Nhập hàng theo kế hoạch cung ứng nguyên liệu.
receipt_2025_00284,wh_raw_north,supplier_014,,,purchase_order_2026_00284,cancelled,receipt_2026_00284,2026-12-18T09:00:00+07:00,Nhập hàng theo kế hoạch cung ứng nguyên liệu.
receipt_2025_00285,wh_finished_south,supplier_015,,,purchase_order_2025_00285,draft,receipt_2025_00285,2025-05-05T09:00:00+07:00,Nhập hàng theo kế hoạch cung ứng nguyên liệu.
receipt_2025_00286,wh_finished_north,supplier_016,,,purchase_order_2026_00286,pending,receipt_2026_00286,2026-10-16T09:00:00+07:00,Nhập hàng theo kế hoạch cung ứng nguyên liệu.
receipt_2025_00287,wh_cold,supplier_017,,,purchase_order_2025_00287,posted,receipt_2025_00287,2025-03-03T09:00:00+07:00,Nhập hàng theo kế hoạch cung ứng nguyên liệu.
receipt_2025_00288,wh_packaging,supplier_018,,,purchase_order_2026_00288,cancelled,receipt_2026_00288,2026-08-14T09:00:00+07:00,Nhập hàng theo kế hoạch cung ứng nguyên liệu.
receipt_2025_00289,wh_raw_south,supplier_019,,,purchase_order_2025_00289,draft,receipt_2025_00289,2025-01-01T09:00:00+07:00,Nhập hàng theo kế hoạch cung ứng nguyên liệu.
receipt_2025_00290,wh_raw_north,supplier_020,,,purchase_order_2026_00290,pending,receipt_2026_00290,2026-06-12T09:00:00+07:00,Nhập hàng theo kế hoạch cung ứng nguyên liệu.
receipt_2025_00291,wh_finished_south,supplier_021,,,purchase_order_2025_00291,posted,receipt_2025_00291,2025-11-23T09:00:00+07:00,Nhập hàng theo kế hoạch cung ứng nguyên liệu.
receipt_2025_00292,wh_finished_north,supplier_022,,,purchase_order_2026_00292,cancelled,receipt_2026_00292,2026-04-10T09:00:00+07:00,Nhập hàng theo kế hoạch cung ứng nguyên liệu.
receipt_2025_00293,wh_cold,supplier_023,,,purchase_order_2025_00293,draft,receipt_2025_00293,2025-09-21T09:00:00+07:00,Nhập hàng theo kế hoạch cung ứng nguyên liệu.
receipt_2025_00294,wh_packaging,supplier_024,,,purchase_order_2026_00294,pending,receipt_2026_00294,2026-02-08T09:00:00+07:00,Nhập hàng theo kế hoạch cung ứng nguyên liệu.
receipt_2025_00295,wh_raw_south,supplier_025,,,purchase_order_2025_00295,posted,receipt_2025_00295,2025-07-19T09:00:00+07:00,Nhập hàng theo kế hoạch cung ứng nguyên liệu.
receipt_2025_00296,wh_raw_north,supplier_026,,,purchase_order_2026_00296,cancelled,receipt_2026_00296,2026-12-06T09:00:00+07:00,Nhập hàng theo kế hoạch cung ứng nguyên liệu.
receipt_2025_00297,wh_finished_south,supplier_027,,,purchase_order_2025_00297,draft,receipt_2025_00297,2025-05-17T09:00:00+07:00,Nhập hàng theo kế hoạch cung ứng nguyên liệu.
receipt_2025_00298,wh_finished_north,supplier_028,,,purchase_order_2026_00298,pending,receipt_2026_00298,2026-10-04T09:00:00+07:00,Nhập hàng theo kế hoạch cung ứng nguyên liệu.
receipt_2025_00299,wh_cold,supplier_029,,,purchase_order_2025_00299,posted,receipt_2025_00299,2025-03-15T09:00:00+07:00,Nhập hàng theo kế hoạch cung ứng nguyên liệu.
receipt_2025_00300,wh_packaging,supplier_030,,,purchase_order_2026_00300,cancelled,receipt_2026_00300,2026-08-02T09:00:00+07:00,Nhập hàng theo kế hoạch cung ứng nguyên liệu.
receipt_2025_00301,wh_raw_south,supplier_001,,,purchase_order_2025_00301,draft,receipt_2025_00301,2025-01-13T09:00:00+07:00,Nhập hàng theo kế hoạch cung ứng nguyên liệu.
receipt_2025_00302,wh_raw_north,supplier_002,,,purchase_order_2026_00302,pending,receipt_2026_00302,2026-06-24T09:00:00+07:00,Nhập hàng theo kế hoạch cung ứng nguyên liệu.
receipt_2025_00303,wh_finished_south,supplier_003,,,purchase_order_2025_00303,posted,receipt_2025_00303,2025-11-11T09:00:00+07:00,Nhập hàng theo kế hoạch cung ứng nguyên liệu.
receipt_2025_00304,wh_finished_north,supplier_004,,,purchase_order_2026_00304,cancelled,receipt_2026_00304,2026-04-22T09:00:00+07:00,Nhập hàng theo kế hoạch cung ứng nguyên liệu.
receipt_2025_00305,wh_cold,supplier_005,,,purchase_order_2025_00305,draft,receipt_2025_00305,2025-09-09T09:00:00+07:00,Nhập hàng theo kế hoạch cung ứng nguyên liệu.
receipt_2025_00306,wh_packaging,supplier_006,,,purchase_order_2026_00306,pending,receipt_2026_00306,2026-02-20T09:00:00+07:00,Nhập hàng theo kế hoạch cung ứng nguyên liệu.
receipt_2025_00307,wh_raw_south,supplier_007,,,purchase_order_2025_00307,posted,receipt_2025_00307,2025-07-07T09:00:00+07:00,Nhập hàng theo kế hoạch cung ứng nguyên liệu.
receipt_2025_00308,wh_raw_north,supplier_008,,,purchase_order_2026_00308,cancelled,receipt_2026_00308,2026-12-18T09:00:00+07:00,Nhập hàng theo kế hoạch cung ứng nguyên liệu.
receipt_2025_00309,wh_finished_south,supplier_009,,,purchase_order_2025_00309,draft,receipt_2025_00309,2025-05-05T09:00:00+07:00,Nhập hàng theo kế hoạch cung ứng nguyên liệu.
receipt_2025_00310,wh_finished_north,supplier_010,,,purchase_order_2026_00310,pending,receipt_2026_00310,2026-10-16T09:00:00+07:00,Nhập hàng theo kế hoạch cung ứng nguyên liệu.
receipt_2025_00311,wh_cold,supplier_011,,,purchase_order_2025_00311,posted,receipt_2025_00311,2025-03-03T09:00:00+07:00,Nhập hàng theo kế hoạch cung ứng nguyên liệu.
receipt_2025_00312,wh_packaging,supplier_012,,,purchase_order_2026_00312,cancelled,receipt_2026_00312,2026-08-14T09:00:00+07:00,Nhập hàng theo kế hoạch cung ứng nguyên liệu.
receipt_2025_00313,wh_raw_south,supplier_013,,,purchase_order_2025_00313,draft,receipt_2025_00313,2025-01-01T09:00:00+07:00,Nhập hàng theo kế hoạch cung ứng nguyên liệu.
receipt_2025_00314,wh_raw_north,supplier_014,,,purchase_order_2026_00314,pending,receipt_2026_00314,2026-06-12T09:00:00+07:00,Nhập hàng theo kế hoạch cung ứng nguyên liệu.
receipt_2025_00315,wh_finished_south,supplier_015,,,purchase_order_2025_00315,posted,receipt_2025_00315,2025-11-23T09:00:00+07:00,Nhập hàng theo kế hoạch cung ứng nguyên liệu.
receipt_2025_00316,wh_finished_north,supplier_016,,,purchase_order_2026_00316,cancelled,receipt_2026_00316,2026-04-10T09:00:00+07:00,Nhập hàng theo kế hoạch cung ứng nguyên liệu.
receipt_2025_00317,wh_cold,supplier_017,,,purchase_order_2025_00317,draft,receipt_2025_00317,2025-09-21T09:00:00+07:00,Nhập hàng theo kế hoạch cung ứng nguyên liệu.
receipt_2025_00318,wh_packaging,supplier_018,,,purchase_order_2026_00318,pending,receipt_2026_00318,2026-02-08T09:00:00+07:00,Nhập hàng theo kế hoạch cung ứng nguyên liệu.
receipt_2025_00319,wh_raw_south,supplier_019,,,purchase_order_2025_00319,posted,receipt_2025_00319,2025-07-19T09:00:00+07:00,Nhập hàng theo kế hoạch cung ứng nguyên liệu.
receipt_2025_00320,wh_raw_north,supplier_020,,,purchase_order_2026_00320,cancelled,receipt_2026_00320,2026-12-06T09:00:00+07:00,Nhập hàng theo kế hoạch cung ứng nguyên liệu.
receipt_2025_00321,wh_finished_south,supplier_021,,,purchase_order_2025_00321,draft,receipt_2025_00321,2025-05-17T09:00:00+07:00,Nhập hàng theo kế hoạch cung ứng nguyên liệu.
receipt_2025_00322,wh_finished_north,supplier_022,,,purchase_order_2026_00322,pending,receipt_2026_00322,2026-10-04T09:00:00+07:00,Nhập hàng theo kế hoạch cung ứng nguyên liệu.
receipt_2025_00323,wh_cold,supplier_023,,,purchase_order_2025_00323,posted,receipt_2025_00323,2025-03-15T09:00:00+07:00,Nhập hàng theo kế hoạch cung ứng nguyên liệu.
receipt_2025_00324,wh_packaging,supplier_024,,,purchase_order_2026_00324,cancelled,receipt_2026_00324,2026-08-02T09:00:00+07:00,Nhập hàng theo kế hoạch cung ứng nguyên liệu.
receipt_2025_00325,wh_raw_south,supplier_025,,,purchase_order_2025_00325,draft,receipt_2025_00325,2025-01-13T09:00:00+07:00,Nhập hàng theo kế hoạch cung ứng nguyên liệu.
receipt_2025_00326,wh_raw_north,supplier_026,,,purchase_order_2026_00326,pending,receipt_2026_00326,2026-06-24T09:00:00+07:00,Nhập hàng theo kế hoạch cung ứng nguyên liệu.
receipt_2025_00327,wh_finished_south,supplier_027,,,purchase_order_2025_00327,posted,receipt_2025_00327,2025-11-11T09:00:00+07:00,Nhập hàng theo kế hoạch cung ứng nguyên liệu.
receipt_2025_00328,wh_finished_north,supplier_028,,,purchase_order_2026_00328,cancelled,receipt_2026_00328,2026-04-22T09:00:00+07:00,Nhập hàng theo kế hoạch cung ứng nguyên liệu.
receipt_2025_00329,wh_cold,supplier_029,,,purchase_order_2025_00329,draft,receipt_2025_00329,2025-09-09T09:00:00+07:00,Nhập hàng theo kế hoạch cung ứng nguyên liệu.
receipt_2025_00330,wh_packaging,supplier_030,,,purchase_order_2026_00330,pending,receipt_2026_00330,2026-02-20T09:00:00+07:00,Nhập hàng theo kế hoạch cung ứng nguyên liệu.
receipt_2025_00331,wh_raw_south,supplier_001,,,purchase_order_2025_00331,posted,receipt_2025_00331,2025-07-07T09:00:00+07:00,Nhập hàng theo kế hoạch cung ứng nguyên liệu.
receipt_2025_00332,wh_raw_north,supplier_002,,,purchase_order_2026_00332,cancelled,receipt_2026_00332,2026-12-18T09:00:00+07:00,Nhập hàng theo kế hoạch cung ứng nguyên liệu.
receipt_2025_00333,wh_finished_south,supplier_003,,,purchase_order_2025_00333,draft,receipt_2025_00333,2025-05-05T09:00:00+07:00,Nhập hàng theo kế hoạch cung ứng nguyên liệu.
receipt_2025_00334,wh_finished_north,supplier_004,,,purchase_order_2026_00334,pending,receipt_2026_00334,2026-10-16T09:00:00+07:00,Nhập hàng theo kế hoạch cung ứng nguyên liệu.
receipt_2025_00335,wh_cold,supplier_005,,,purchase_order_2025_00335,posted,receipt_2025_00335,2025-03-03T09:00:00+07:00,Nhập hàng theo kế hoạch cung ứng nguyên liệu.
receipt_2025_00336,wh_packaging,supplier_006,,,purchase_order_2026_00336,cancelled,receipt_2026_00336,2026-08-14T09:00:00+07:00,Nhập hàng theo kế hoạch cung ứng nguyên liệu.
receipt_2025_00337,wh_raw_south,supplier_007,,,purchase_order_2025_00337,draft,receipt_2025_00337,2025-01-01T09:00:00+07:00,Nhập hàng theo kế hoạch cung ứng nguyên liệu.
receipt_2025_00338,wh_raw_north,supplier_008,,,purchase_order_2026_00338,pending,receipt_2026_00338,2026-06-12T09:00:00+07:00,Nhập hàng theo kế hoạch cung ứng nguyên liệu.
receipt_2025_00339,wh_finished_south,supplier_009,,,purchase_order_2025_00339,posted,receipt_2025_00339,2025-11-23T09:00:00+07:00,Nhập hàng theo kế hoạch cung ứng nguyên liệu.
receipt_2025_00340,wh_finished_north,supplier_010,,,purchase_order_2026_00340,cancelled,receipt_2026_00340,2026-04-10T09:00:00+07:00,Nhập hàng theo kế hoạch cung ứng nguyên liệu.
receipt_2025_00341,wh_cold,supplier_011,,,purchase_order_2025_00341,draft,receipt_2025_00341,2025-09-21T09:00:00+07:00,Nhập hàng theo kế hoạch cung ứng nguyên liệu.
receipt_2025_00342,wh_packaging,supplier_012,,,purchase_order_2026_00342,pending,receipt_2026_00342,2026-02-08T09:00:00+07:00,Nhập hàng theo kế hoạch cung ứng nguyên liệu.
receipt_2025_00343,wh_raw_south,supplier_013,,,purchase_order_2025_00343,posted,receipt_2025_00343,2025-07-19T09:00:00+07:00,Nhập hàng theo kế hoạch cung ứng nguyên liệu.
receipt_2025_00344,wh_raw_north,supplier_014,,,purchase_order_2026_00344,cancelled,receipt_2026_00344,2026-12-06T09:00:00+07:00,Nhập hàng theo kế hoạch cung ứng nguyên liệu.
receipt_2025_00345,wh_finished_south,supplier_015,,,purchase_order_2025_00345,draft,receipt_2025_00345,2025-05-17T09:00:00+07:00,Nhập hàng theo kế hoạch cung ứng nguyên liệu.
receipt_2025_00346,wh_finished_north,supplier_016,,,purchase_order_2026_00346,pending,receipt_2026_00346,2026-10-04T09:00:00+07:00,Nhập hàng theo kế hoạch cung ứng nguyên liệu.
receipt_2025_00347,wh_cold,supplier_017,,,purchase_order_2025_00347,posted,receipt_2025_00347,2025-03-15T09:00:00+07:00,Nhập hàng theo kế hoạch cung ứng nguyên liệu.
receipt_2025_00348,wh_packaging,supplier_018,,,purchase_order_2026_00348,cancelled,receipt_2026_00348,2026-08-02T09:00:00+07:00,Nhập hàng theo kế hoạch cung ứng nguyên liệu.
receipt_2025_00349,wh_raw_south,supplier_019,,,purchase_order_2025_00349,draft,receipt_2025_00349,2025-01-13T09:00:00+07:00,Nhập hàng theo kế hoạch cung ứng nguyên liệu.
receipt_2025_00350,wh_raw_north,supplier_020,,,purchase_order_2026_00350,pending,receipt_2026_00350,2026-06-24T09:00:00+07:00,Nhập hàng theo kế hoạch cung ứng nguyên liệu.
receipt_2025_00351,wh_finished_south,supplier_021,,,purchase_order_2025_00351,posted,receipt_2025_00351,2025-11-11T09:00:00+07:00,Nhập hàng theo kế hoạch cung ứng nguyên liệu.
receipt_2025_00352,wh_finished_north,supplier_022,,,purchase_order_2026_00352,cancelled,receipt_2026_00352,2026-04-22T09:00:00+07:00,Nhập hàng theo kế hoạch cung ứng nguyên liệu.
receipt_2025_00353,wh_cold,supplier_023,,,purchase_order_2025_00353,draft,receipt_2025_00353,2025-09-09T09:00:00+07:00,Nhập hàng theo kế hoạch cung ứng nguyên liệu.
receipt_2025_00354,wh_packaging,supplier_024,,,purchase_order_2026_00354,pending,receipt_2026_00354,2026-02-20T09:00:00+07:00,Nhập hàng theo kế hoạch cung ứng nguyên liệu.
receipt_2025_00355,wh_raw_south,supplier_025,,,purchase_order_2025_00355,posted,receipt_2025_00355,2025-07-07T09:00:00+07:00,Nhập hàng theo kế hoạch cung ứng nguyên liệu.
receipt_2025_00356,wh_raw_north,supplier_026,,,purchase_order_2026_00356,cancelled,receipt_2026_00356,2026-12-18T09:00:00+07:00,Nhập hàng theo kế hoạch cung ứng nguyên liệu.
receipt_2025_00357,wh_finished_south,supplier_027,,,purchase_order_2025_00357,draft,receipt_2025_00357,2025-05-05T09:00:00+07:00,Nhập hàng theo kế hoạch cung ứng nguyên liệu.
receipt_2025_00358,wh_finished_north,supplier_028,,,purchase_order_2026_00358,pending,receipt_2026_00358,2026-10-16T09:00:00+07:00,Nhập hàng theo kế hoạch cung ứng nguyên liệu.
receipt_2025_00359,wh_cold,supplier_029,,,purchase_order_2025_00359,posted,receipt_2025_00359,2025-03-03T09:00:00+07:00,Nhập hàng theo kế hoạch cung ứng nguyên liệu.
receipt_2025_00360,wh_packaging,supplier_030,,,purchase_order_2026_00360,cancelled,receipt_2026_00360,2026-08-14T09:00:00+07:00,Nhập hàng theo kế hoạch cung ứng nguyên liệu.
receipt_2025_00361,wh_raw_south,supplier_001,,,purchase_order_2025_00361,draft,receipt_2025_00361,2025-01-01T09:00:00+07:00,Nhập hàng theo kế hoạch cung ứng nguyên liệu.
receipt_2025_00362,wh_raw_north,supplier_002,,,purchase_order_2026_00362,pending,receipt_2026_00362,2026-06-12T09:00:00+07:00,Nhập hàng theo kế hoạch cung ứng nguyên liệu.
receipt_2025_00363,wh_finished_south,supplier_003,,,purchase_order_2025_00363,posted,receipt_2025_00363,2025-11-23T09:00:00+07:00,Nhập hàng theo kế hoạch cung ứng nguyên liệu.
receipt_2025_00364,wh_finished_north,supplier_004,,,purchase_order_2026_00364,cancelled,receipt_2026_00364,2026-04-10T09:00:00+07:00,Nhập hàng theo kế hoạch cung ứng nguyên liệu.
receipt_2025_00365,wh_cold,supplier_005,,,purchase_order_2025_00365,draft,receipt_2025_00365,2025-09-21T09:00:00+07:00,Nhập hàng theo kế hoạch cung ứng nguyên liệu.
receipt_2025_00366,wh_packaging,supplier_006,,,purchase_order_2026_00366,pending,receipt_2026_00366,2026-02-08T09:00:00+07:00,Nhập hàng theo kế hoạch cung ứng nguyên liệu.
receipt_2025_00367,wh_raw_south,supplier_007,,,purchase_order_2025_00367,posted,receipt_2025_00367,2025-07-19T09:00:00+07:00,Nhập hàng theo kế hoạch cung ứng nguyên liệu.
receipt_2025_00368,wh_raw_north,supplier_008,,,purchase_order_2026_00368,cancelled,receipt_2026_00368,2026-12-06T09:00:00+07:00,Nhập hàng theo kế hoạch cung ứng nguyên liệu.
receipt_2025_00369,wh_finished_south,supplier_009,,,purchase_order_2025_00369,draft,receipt_2025_00369,2025-05-17T09:00:00+07:00,Nhập hàng theo kế hoạch cung ứng nguyên liệu.
receipt_2025_00370,wh_finished_north,supplier_010,,,purchase_order_2026_00370,pending,receipt_2026_00370,2026-10-04T09:00:00+07:00,Nhập hàng theo kế hoạch cung ứng nguyên liệu.
receipt_2025_00371,wh_cold,supplier_011,,,purchase_order_2025_00371,posted,receipt_2025_00371,2025-03-15T09:00:00+07:00,Nhập hàng theo kế hoạch cung ứng nguyên liệu.
receipt_2025_00372,wh_packaging,supplier_012,,,purchase_order_2026_00372,cancelled,receipt_2026_00372,2026-08-02T09:00:00+07:00,Nhập hàng theo kế hoạch cung ứng nguyên liệu.
receipt_2025_00373,wh_raw_south,supplier_013,,,purchase_order_2025_00373,draft,receipt_2025_00373,2025-01-13T09:00:00+07:00,Nhập hàng theo kế hoạch cung ứng nguyên liệu.
receipt_2025_00374,wh_raw_north,supplier_014,,,purchase_order_2026_00374,pending,receipt_2026_00374,2026-06-24T09:00:00+07:00,Nhập hàng theo kế hoạch cung ứng nguyên liệu.
receipt_2025_00375,wh_finished_south,supplier_015,,,purchase_order_2025_00375,posted,receipt_2025_00375,2025-11-11T09:00:00+07:00,Nhập hàng theo kế hoạch cung ứng nguyên liệu.
receipt_2025_00376,wh_finished_north,supplier_016,,,purchase_order_2026_00376,cancelled,receipt_2026_00376,2026-04-22T09:00:00+07:00,Nhập hàng theo kế hoạch cung ứng nguyên liệu.
receipt_2025_00377,wh_cold,supplier_017,,,purchase_order_2025_00377,draft,receipt_2025_00377,2025-09-09T09:00:00+07:00,Nhập hàng theo kế hoạch cung ứng nguyên liệu.
receipt_2025_00378,wh_packaging,supplier_018,,,purchase_order_2026_00378,pending,receipt_2026_00378,2026-02-20T09:00:00+07:00,Nhập hàng theo kế hoạch cung ứng nguyên liệu.
receipt_2025_00379,wh_raw_south,supplier_019,,,purchase_order_2025_00379,posted,receipt_2025_00379,2025-07-07T09:00:00+07:00,Nhập hàng theo kế hoạch cung ứng nguyên liệu.
receipt_2025_00380,wh_raw_north,supplier_020,,,purchase_order_2026_00380,cancelled,receipt_2026_00380,2026-12-18T09:00:00+07:00,Nhập hàng theo kế hoạch cung ứng nguyên liệu.
receipt_2025_00381,wh_finished_south,supplier_021,,,purchase_order_2025_00381,draft,receipt_2025_00381,2025-05-05T09:00:00+07:00,Nhập hàng theo kế hoạch cung ứng nguyên liệu.
receipt_2025_00382,wh_finished_north,supplier_022,,,purchase_order_2026_00382,pending,receipt_2026_00382,2026-10-16T09:00:00+07:00,Nhập hàng theo kế hoạch cung ứng nguyên liệu.
receipt_2025_00383,wh_cold,supplier_023,,,purchase_order_2025_00383,posted,receipt_2025_00383,2025-03-03T09:00:00+07:00,Nhập hàng theo kế hoạch cung ứng nguyên liệu.
receipt_2025_00384,wh_packaging,supplier_024,,,purchase_order_2026_00384,cancelled,receipt_2026_00384,2026-08-14T09:00:00+07:00,Nhập hàng theo kế hoạch cung ứng nguyên liệu.
receipt_2025_00385,wh_raw_south,supplier_025,,,purchase_order_2025_00385,draft,receipt_2025_00385,2025-01-01T09:00:00+07:00,Nhập hàng theo kế hoạch cung ứng nguyên liệu.
receipt_2025_00386,wh_raw_north,supplier_026,,,purchase_order_2026_00386,pending,receipt_2026_00386,2026-06-12T09:00:00+07:00,Nhập hàng theo kế hoạch cung ứng nguyên liệu.
receipt_2025_00387,wh_finished_south,supplier_027,,,purchase_order_2025_00387,posted,receipt_2025_00387,2025-11-23T09:00:00+07:00,Nhập hàng theo kế hoạch cung ứng nguyên liệu.
receipt_2025_00388,wh_finished_north,supplier_028,,,purchase_order_2026_00388,cancelled,receipt_2026_00388,2026-04-10T09:00:00+07:00,Nhập hàng theo kế hoạch cung ứng nguyên liệu.
receipt_2025_00389,wh_cold,supplier_029,,,purchase_order_2025_00389,draft,receipt_2025_00389,2025-09-21T09:00:00+07:00,Nhập hàng theo kế hoạch cung ứng nguyên liệu.
receipt_2025_00390,wh_packaging,supplier_030,,,purchase_order_2026_00390,pending,receipt_2026_00390,2026-02-08T09:00:00+07:00,Nhập hàng theo kế hoạch cung ứng nguyên liệu.
receipt_2025_00391,wh_raw_south,supplier_001,,,purchase_order_2025_00391,posted,receipt_2025_00391,2025-07-19T09:00:00+07:00,Nhập hàng theo kế hoạch cung ứng nguyên liệu.
receipt_2025_00392,wh_raw_north,supplier_002,,,purchase_order_2026_00392,cancelled,receipt_2026_00392,2026-12-06T09:00:00+07:00,Nhập hàng theo kế hoạch cung ứng nguyên liệu.
receipt_2025_00393,wh_finished_south,supplier_003,,,purchase_order_2025_00393,draft,receipt_2025_00393,2025-05-17T09:00:00+07:00,Nhập hàng theo kế hoạch cung ứng nguyên liệu.
receipt_2025_00394,wh_finished_north,supplier_004,,,purchase_order_2026_00394,pending,receipt_2026_00394,2026-10-04T09:00:00+07:00,Nhập hàng theo kế hoạch cung ứng nguyên liệu.
receipt_2025_00395,wh_cold,supplier_005,,,purchase_order_2025_00395,posted,receipt_2025_00395,2025-03-15T09:00:00+07:00,Nhập hàng theo kế hoạch cung ứng nguyên liệu.
receipt_2025_00396,wh_packaging,supplier_006,,,purchase_order_2026_00396,cancelled,receipt_2026_00396,2026-08-02T09:00:00+07:00,Nhập hàng theo kế hoạch cung ứng nguyên liệu.
receipt_2025_00397,wh_raw_south,supplier_007,,,purchase_order_2025_00397,draft,receipt_2025_00397,2025-01-13T09:00:00+07:00,Nhập hàng theo kế hoạch cung ứng nguyên liệu.
receipt_2025_00398,wh_raw_north,supplier_008,,,purchase_order_2026_00398,pending,receipt_2026_00398,2026-06-24T09:00:00+07:00,Nhập hàng theo kế hoạch cung ứng nguyên liệu.
receipt_2025_00399,wh_finished_south,supplier_009,,,purchase_order_2025_00399,posted,receipt_2025_00399,2025-11-11T09:00:00+07:00,Nhập hàng theo kế hoạch cung ứng nguyên liệu.
receipt_2025_00400,wh_finished_north,supplier_010,,,purchase_order_2026_00400,cancelled,receipt_2026_00400,2026-04-22T09:00:00+07:00,Nhập hàng theo kế hoạch cung ứng nguyên liệu.
receipt_2025_00401,wh_cold,supplier_011,,,purchase_order_2025_00401,draft,receipt_2025_00401,2025-09-09T09:00:00+07:00,Nhập hàng theo kế hoạch cung ứng nguyên liệu.
receipt_2025_00402,wh_packaging,supplier_012,,,purchase_order_2026_00402,pending,receipt_2026_00402,2026-02-20T09:00:00+07:00,Nhập hàng theo kế hoạch cung ứng nguyên liệu.
receipt_2025_00403,wh_raw_south,supplier_013,,,purchase_order_2025_00403,posted,receipt_2025_00403,2025-07-07T09:00:00+07:00,Nhập hàng theo kế hoạch cung ứng nguyên liệu.
receipt_2025_00404,wh_raw_north,supplier_014,,,purchase_order_2026_00404,cancelled,receipt_2026_00404,2026-12-18T09:00:00+07:00,Nhập hàng theo kế hoạch cung ứng nguyên liệu.
receipt_2025_00405,wh_finished_south,supplier_015,,,purchase_order_2025_00405,draft,receipt_2025_00405,2025-05-05T09:00:00+07:00,Nhập hàng theo kế hoạch cung ứng nguyên liệu.
receipt_2025_00406,wh_finished_north,supplier_016,,,purchase_order_2026_00406,pending,receipt_2026_00406,2026-10-16T09:00:00+07:00,Nhập hàng theo kế hoạch cung ứng nguyên liệu.
receipt_2025_00407,wh_cold,supplier_017,,,purchase_order_2025_00407,posted,receipt_2025_00407,2025-03-03T09:00:00+07:00,Nhập hàng theo kế hoạch cung ứng nguyên liệu.
receipt_2025_00408,wh_packaging,supplier_018,,,purchase_order_2026_00408,cancelled,receipt_2026_00408,2026-08-14T09:00:00+07:00,Nhập hàng theo kế hoạch cung ứng nguyên liệu.
receipt_2025_00409,wh_raw_south,supplier_019,,,purchase_order_2025_00409,draft,receipt_2025_00409,2025-01-01T09:00:00+07:00,Nhập hàng theo kế hoạch cung ứng nguyên liệu.
receipt_2025_00410,wh_raw_north,supplier_020,,,purchase_order_2026_00410,pending,receipt_2026_00410,2026-06-12T09:00:00+07:00,Nhập hàng theo kế hoạch cung ứng nguyên liệu.
receipt_2025_00411,wh_finished_south,supplier_021,,,purchase_order_2025_00411,posted,receipt_2025_00411,2025-11-23T09:00:00+07:00,Nhập hàng theo kế hoạch cung ứng nguyên liệu.
receipt_2025_00412,wh_finished_north,supplier_022,,,purchase_order_2026_00412,cancelled,receipt_2026_00412,2026-04-10T09:00:00+07:00,Nhập hàng theo kế hoạch cung ứng nguyên liệu.
receipt_2025_00413,wh_cold,supplier_023,,,purchase_order_2025_00413,draft,receipt_2025_00413,2025-09-21T09:00:00+07:00,Nhập hàng theo kế hoạch cung ứng nguyên liệu.
receipt_2025_00414,wh_packaging,supplier_024,,,purchase_order_2026_00414,pending,receipt_2026_00414,2026-02-08T09:00:00+07:00,Nhập hàng theo kế hoạch cung ứng nguyên liệu.
receipt_2025_00415,wh_raw_south,supplier_025,,,purchase_order_2025_00415,posted,receipt_2025_00415,2025-07-19T09:00:00+07:00,Nhập hàng theo kế hoạch cung ứng nguyên liệu.
receipt_2025_00416,wh_raw_north,supplier_026,,,purchase_order_2026_00416,cancelled,receipt_2026_00416,2026-12-06T09:00:00+07:00,Nhập hàng theo kế hoạch cung ứng nguyên liệu.
receipt_2025_00417,wh_finished_south,supplier_027,,,purchase_order_2025_00417,draft,receipt_2025_00417,2025-05-17T09:00:00+07:00,Nhập hàng theo kế hoạch cung ứng nguyên liệu.
receipt_2025_00418,wh_finished_north,supplier_028,,,purchase_order_2026_00418,pending,receipt_2026_00418,2026-10-04T09:00:00+07:00,Nhập hàng theo kế hoạch cung ứng nguyên liệu.
receipt_2025_00419,wh_cold,supplier_029,,,purchase_order_2025_00419,posted,receipt_2025_00419,2025-03-15T09:00:00+07:00,Nhập hàng theo kế hoạch cung ứng nguyên liệu.
receipt_2025_00420,wh_packaging,supplier_030,,,purchase_order_2026_00420,cancelled,receipt_2026_00420,2026-08-02T09:00:00+07:00,Nhập hàng theo kế hoạch cung ứng nguyên liệu.
receipt_2025_00421,wh_raw_south,supplier_001,,,purchase_order_2025_00421,draft,receipt_2025_00421,2025-01-13T09:00:00+07:00,Nhập hàng theo kế hoạch cung ứng nguyên liệu.
receipt_2025_00422,wh_raw_north,supplier_002,,,purchase_order_2026_00422,pending,receipt_2026_00422,2026-06-24T09:00:00+07:00,Nhập hàng theo kế hoạch cung ứng nguyên liệu.
receipt_2025_00423,wh_finished_south,supplier_003,,,purchase_order_2025_00423,posted,receipt_2025_00423,2025-11-11T09:00:00+07:00,Nhập hàng theo kế hoạch cung ứng nguyên liệu.
receipt_2025_00424,wh_finished_north,supplier_004,,,purchase_order_2026_00424,cancelled,receipt_2026_00424,2026-04-22T09:00:00+07:00,Nhập hàng theo kế hoạch cung ứng nguyên liệu.
receipt_2025_00425,wh_cold,supplier_005,,,purchase_order_2025_00425,draft,receipt_2025_00425,2025-09-09T09:00:00+07:00,Nhập hàng theo kế hoạch cung ứng nguyên liệu.
receipt_2025_00426,wh_packaging,supplier_006,,,purchase_order_2026_00426,pending,receipt_2026_00426,2026-02-20T09:00:00+07:00,Nhập hàng theo kế hoạch cung ứng nguyên liệu.
receipt_2025_00427,wh_raw_south,supplier_007,,,purchase_order_2025_00427,posted,receipt_2025_00427,2025-07-07T09:00:00+07:00,Nhập hàng theo kế hoạch cung ứng nguyên liệu.
receipt_2025_00428,wh_raw_north,supplier_008,,,purchase_order_2026_00428,cancelled,receipt_2026_00428,2026-12-18T09:00:00+07:00,Nhập hàng theo kế hoạch cung ứng nguyên liệu.
receipt_2025_00429,wh_finished_south,supplier_009,,,purchase_order_2025_00429,draft,receipt_2025_00429,2025-05-05T09:00:00+07:00,Nhập hàng theo kế hoạch cung ứng nguyên liệu.
receipt_2025_00430,wh_finished_north,supplier_010,,,purchase_order_2026_00430,pending,receipt_2026_00430,2026-10-16T09:00:00+07:00,Nhập hàng theo kế hoạch cung ứng nguyên liệu.
receipt_2025_00431,wh_cold,supplier_011,,,purchase_order_2025_00431,posted,receipt_2025_00431,2025-03-03T09:00:00+07:00,Nhập hàng theo kế hoạch cung ứng nguyên liệu.
receipt_2025_00432,wh_packaging,supplier_012,,,purchase_order_2026_00432,cancelled,receipt_2026_00432,2026-08-14T09:00:00+07:00,Nhập hàng theo kế hoạch cung ứng nguyên liệu.
receipt_2025_00433,wh_raw_south,supplier_013,,,purchase_order_2025_00433,draft,receipt_2025_00433,2025-01-01T09:00:00+07:00,Nhập hàng theo kế hoạch cung ứng nguyên liệu.
receipt_2025_00434,wh_raw_north,supplier_014,,,purchase_order_2026_00434,pending,receipt_2026_00434,2026-06-12T09:00:00+07:00,Nhập hàng theo kế hoạch cung ứng nguyên liệu.
receipt_2025_00435,wh_finished_south,supplier_015,,,purchase_order_2025_00435,posted,receipt_2025_00435,2025-11-23T09:00:00+07:00,Nhập hàng theo kế hoạch cung ứng nguyên liệu.
receipt_2025_00436,wh_finished_north,supplier_016,,,purchase_order_2026_00436,cancelled,receipt_2026_00436,2026-04-10T09:00:00+07:00,Nhập hàng theo kế hoạch cung ứng nguyên liệu.
receipt_2025_00437,wh_cold,supplier_017,,,purchase_order_2025_00437,draft,receipt_2025_00437,2025-09-21T09:00:00+07:00,Nhập hàng theo kế hoạch cung ứng nguyên liệu.
receipt_2025_00438,wh_packaging,supplier_018,,,purchase_order_2026_00438,pending,receipt_2026_00438,2026-02-08T09:00:00+07:00,Nhập hàng theo kế hoạch cung ứng nguyên liệu.
receipt_2025_00439,wh_raw_south,supplier_019,,,purchase_order_2025_00439,posted,receipt_2025_00439,2025-07-19T09:00:00+07:00,Nhập hàng theo kế hoạch cung ứng nguyên liệu.
receipt_2025_00440,wh_raw_north,supplier_020,,,purchase_order_2026_00440,cancelled,receipt_2026_00440,2026-12-06T09:00:00+07:00,Nhập hàng theo kế hoạch cung ứng nguyên liệu.
receipt_2025_00441,wh_finished_south,supplier_021,,,purchase_order_2025_00441,draft,receipt_2025_00441,2025-05-17T09:00:00+07:00,Nhập hàng theo kế hoạch cung ứng nguyên liệu.
receipt_2025_00442,wh_finished_north,supplier_022,,,purchase_order_2026_00442,pending,receipt_2026_00442,2026-10-04T09:00:00+07:00,Nhập hàng theo kế hoạch cung ứng nguyên liệu.
receipt_2025_00443,wh_cold,supplier_023,,,purchase_order_2025_00443,posted,receipt_2025_00443,2025-03-15T09:00:00+07:00,Nhập hàng theo kế hoạch cung ứng nguyên liệu.
receipt_2025_00444,wh_packaging,supplier_024,,,purchase_order_2026_00444,cancelled,receipt_2026_00444,2026-08-02T09:00:00+07:00,Nhập hàng theo kế hoạch cung ứng nguyên liệu.
receipt_2025_00445,wh_raw_south,supplier_025,,,purchase_order_2025_00445,draft,receipt_2025_00445,2025-01-13T09:00:00+07:00,Nhập hàng theo kế hoạch cung ứng nguyên liệu.
receipt_2025_00446,wh_raw_north,supplier_026,,,purchase_order_2026_00446,pending,receipt_2026_00446,2026-06-24T09:00:00+07:00,Nhập hàng theo kế hoạch cung ứng nguyên liệu.
receipt_2025_00447,wh_finished_south,supplier_027,,,purchase_order_2025_00447,posted,receipt_2025_00447,2025-11-11T09:00:00+07:00,Nhập hàng theo kế hoạch cung ứng nguyên liệu.
receipt_2025_00448,wh_finished_north,supplier_028,,,purchase_order_2026_00448,cancelled,receipt_2026_00448,2026-04-22T09:00:00+07:00,Nhập hàng theo kế hoạch cung ứng nguyên liệu.
receipt_2025_00449,wh_cold,supplier_029,,,purchase_order_2025_00449,draft,receipt_2025_00449,2025-09-09T09:00:00+07:00,Nhập hàng theo kế hoạch cung ứng nguyên liệu.
receipt_2025_00450,wh_packaging,supplier_030,,,purchase_order_2026_00450,pending,receipt_2026_00450,2026-02-20T09:00:00+07:00,Nhập hàng theo kế hoạch cung ứng nguyên liệu.
receipt_2025_00451,wh_raw_south,supplier_001,,,purchase_order_2025_00451,posted,receipt_2025_00451,2025-07-07T09:00:00+07:00,Nhập hàng theo kế hoạch cung ứng nguyên liệu.
receipt_2025_00452,wh_raw_north,supplier_002,,,purchase_order_2026_00452,cancelled,receipt_2026_00452,2026-12-18T09:00:00+07:00,Nhập hàng theo kế hoạch cung ứng nguyên liệu.
receipt_2025_00453,wh_finished_south,supplier_003,,,purchase_order_2025_00453,draft,receipt_2025_00453,2025-05-05T09:00:00+07:00,Nhập hàng theo kế hoạch cung ứng nguyên liệu.
receipt_2025_00454,wh_finished_north,supplier_004,,,purchase_order_2026_00454,pending,receipt_2026_00454,2026-10-16T09:00:00+07:00,Nhập hàng theo kế hoạch cung ứng nguyên liệu.
receipt_2025_00455,wh_cold,supplier_005,,,purchase_order_2025_00455,posted,receipt_2025_00455,2025-03-03T09:00:00+07:00,Nhập hàng theo kế hoạch cung ứng nguyên liệu.
receipt_2025_00456,wh_packaging,supplier_006,,,purchase_order_2026_00456,cancelled,receipt_2026_00456,2026-08-14T09:00:00+07:00,Nhập hàng theo kế hoạch cung ứng nguyên liệu.
receipt_2025_00457,wh_raw_south,supplier_007,,,purchase_order_2025_00457,draft,receipt_2025_00457,2025-01-01T09:00:00+07:00,Nhập hàng theo kế hoạch cung ứng nguyên liệu.
receipt_2025_00458,wh_raw_north,supplier_008,,,purchase_order_2026_00458,pending,receipt_2026_00458,2026-06-12T09:00:00+07:00,Nhập hàng theo kế hoạch cung ứng nguyên liệu.
receipt_2025_00459,wh_finished_south,supplier_009,,,purchase_order_2025_00459,posted,receipt_2025_00459,2025-11-23T09:00:00+07:00,Nhập hàng theo kế hoạch cung ứng nguyên liệu.
receipt_2025_00460,wh_finished_north,supplier_010,,,purchase_order_2026_00460,cancelled,receipt_2026_00460,2026-04-10T09:00:00+07:00,Nhập hàng theo kế hoạch cung ứng nguyên liệu.
receipt_2025_00461,wh_cold,supplier_011,,,purchase_order_2025_00461,draft,receipt_2025_00461,2025-09-21T09:00:00+07:00,Nhập hàng theo kế hoạch cung ứng nguyên liệu.
receipt_2025_00462,wh_packaging,supplier_012,,,purchase_order_2026_00462,pending,receipt_2026_00462,2026-02-08T09:00:00+07:00,Nhập hàng theo kế hoạch cung ứng nguyên liệu.
receipt_2025_00463,wh_raw_south,supplier_013,,,purchase_order_2025_00463,posted,receipt_2025_00463,2025-07-19T09:00:00+07:00,Nhập hàng theo kế hoạch cung ứng nguyên liệu.
receipt_2025_00464,wh_raw_north,supplier_014,,,purchase_order_2026_00464,cancelled,receipt_2026_00464,2026-12-06T09:00:00+07:00,Nhập hàng theo kế hoạch cung ứng nguyên liệu.
receipt_2025_00465,wh_finished_south,supplier_015,,,purchase_order_2025_00465,draft,receipt_2025_00465,2025-05-17T09:00:00+07:00,Nhập hàng theo kế hoạch cung ứng nguyên liệu.
receipt_2025_00466,wh_finished_north,supplier_016,,,purchase_order_2026_00466,pending,receipt_2026_00466,2026-10-04T09:00:00+07:00,Nhập hàng theo kế hoạch cung ứng nguyên liệu.
receipt_2025_00467,wh_cold,supplier_017,,,purchase_order_2025_00467,posted,receipt_2025_00467,2025-03-15T09:00:00+07:00,Nhập hàng theo kế hoạch cung ứng nguyên liệu.
receipt_2025_00468,wh_packaging,supplier_018,,,purchase_order_2026_00468,cancelled,receipt_2026_00468,2026-08-02T09:00:00+07:00,Nhập hàng theo kế hoạch cung ứng nguyên liệu.
receipt_2025_00469,wh_raw_south,supplier_019,,,purchase_order_2025_00469,draft,receipt_2025_00469,2025-01-13T09:00:00+07:00,Nhập hàng theo kế hoạch cung ứng nguyên liệu.
receipt_2025_00470,wh_raw_north,supplier_020,,,purchase_order_2026_00470,pending,receipt_2026_00470,2026-06-24T09:00:00+07:00,Nhập hàng theo kế hoạch cung ứng nguyên liệu.
receipt_2025_00471,wh_finished_south,supplier_021,,,purchase_order_2025_00471,posted,receipt_2025_00471,2025-11-11T09:00:00+07:00,Nhập hàng theo kế hoạch cung ứng nguyên liệu.
receipt_2025_00472,wh_finished_north,supplier_022,,,purchase_order_2026_00472,cancelled,receipt_2026_00472,2026-04-22T09:00:00+07:00,Nhập hàng theo kế hoạch cung ứng nguyên liệu.
receipt_2025_00473,wh_cold,supplier_023,,,purchase_order_2025_00473,draft,receipt_2025_00473,2025-09-09T09:00:00+07:00,Nhập hàng theo kế hoạch cung ứng nguyên liệu.
receipt_2025_00474,wh_packaging,supplier_024,,,purchase_order_2026_00474,pending,receipt_2026_00474,2026-02-20T09:00:00+07:00,Nhập hàng theo kế hoạch cung ứng nguyên liệu.
receipt_2025_00475,wh_raw_south,supplier_025,,,purchase_order_2025_00475,posted,receipt_2025_00475,2025-07-07T09:00:00+07:00,Nhập hàng theo kế hoạch cung ứng nguyên liệu.
receipt_2025_00476,wh_raw_north,supplier_026,,,purchase_order_2026_00476,cancelled,receipt_2026_00476,2026-12-18T09:00:00+07:00,Nhập hàng theo kế hoạch cung ứng nguyên liệu.
receipt_2025_00477,wh_finished_south,supplier_027,,,purchase_order_2025_00477,draft,receipt_2025_00477,2025-05-05T09:00:00+07:00,Nhập hàng theo kế hoạch cung ứng nguyên liệu.
receipt_2025_00478,wh_finished_north,supplier_028,,,purchase_order_2026_00478,pending,receipt_2026_00478,2026-10-16T09:00:00+07:00,Nhập hàng theo kế hoạch cung ứng nguyên liệu.
receipt_2025_00479,wh_cold,supplier_029,,,purchase_order_2025_00479,posted,receipt_2025_00479,2025-03-03T09:00:00+07:00,Nhập hàng theo kế hoạch cung ứng nguyên liệu.
receipt_2025_00480,wh_packaging,supplier_030,,,purchase_order_2026_00480,cancelled,receipt_2026_00480,2026-08-14T09:00:00+07:00,Nhập hàng theo kế hoạch cung ứng nguyên liệu.
receipt_2025_00481,wh_raw_south,supplier_001,,,purchase_order_2025_00481,draft,receipt_2025_00481,2025-01-01T09:00:00+07:00,Nhập hàng theo kế hoạch cung ứng nguyên liệu.
receipt_2025_00482,wh_raw_north,supplier_002,,,purchase_order_2026_00482,pending,receipt_2026_00482,2026-06-12T09:00:00+07:00,Nhập hàng theo kế hoạch cung ứng nguyên liệu.
receipt_2025_00483,wh_finished_south,supplier_003,,,purchase_order_2025_00483,posted,receipt_2025_00483,2025-11-23T09:00:00+07:00,Nhập hàng theo kế hoạch cung ứng nguyên liệu.
receipt_2025_00484,wh_finished_north,supplier_004,,,purchase_order_2026_00484,cancelled,receipt_2026_00484,2026-04-10T09:00:00+07:00,Nhập hàng theo kế hoạch cung ứng nguyên liệu.
receipt_2025_00485,wh_cold,supplier_005,,,purchase_order_2025_00485,draft,receipt_2025_00485,2025-09-21T09:00:00+07:00,Nhập hàng theo kế hoạch cung ứng nguyên liệu.
receipt_2025_00486,wh_packaging,supplier_006,,,purchase_order_2026_00486,pending,receipt_2026_00486,2026-02-08T09:00:00+07:00,Nhập hàng theo kế hoạch cung ứng nguyên liệu.
receipt_2025_00487,wh_raw_south,supplier_007,,,purchase_order_2025_00487,posted,receipt_2025_00487,2025-07-19T09:00:00+07:00,Nhập hàng theo kế hoạch cung ứng nguyên liệu.
receipt_2025_00488,wh_raw_north,supplier_008,,,purchase_order_2026_00488,cancelled,receipt_2026_00488,2026-12-06T09:00:00+07:00,Nhập hàng theo kế hoạch cung ứng nguyên liệu.
receipt_2025_00489,wh_finished_south,supplier_009,,,purchase_order_2025_00489,draft,receipt_2025_00489,2025-05-17T09:00:00+07:00,Nhập hàng theo kế hoạch cung ứng nguyên liệu.
receipt_2025_00490,wh_finished_north,supplier_010,,,purchase_order_2026_00490,pending,receipt_2026_00490,2026-10-04T09:00:00+07:00,Nhập hàng theo kế hoạch cung ứng nguyên liệu.
receipt_2025_00491,wh_cold,supplier_011,,,purchase_order_2025_00491,posted,receipt_2025_00491,2025-03-15T09:00:00+07:00,Nhập hàng theo kế hoạch cung ứng nguyên liệu.
receipt_2025_00492,wh_packaging,supplier_012,,,purchase_order_2026_00492,cancelled,receipt_2026_00492,2026-08-02T09:00:00+07:00,Nhập hàng theo kế hoạch cung ứng nguyên liệu.
receipt_2025_00493,wh_raw_south,supplier_013,,,purchase_order_2025_00493,draft,receipt_2025_00493,2025-01-13T09:00:00+07:00,Nhập hàng theo kế hoạch cung ứng nguyên liệu.
receipt_2025_00494,wh_raw_north,supplier_014,,,purchase_order_2026_00494,pending,receipt_2026_00494,2026-06-24T09:00:00+07:00,Nhập hàng theo kế hoạch cung ứng nguyên liệu.
receipt_2025_00495,wh_finished_south,supplier_015,,,purchase_order_2025_00495,posted,receipt_2025_00495,2025-11-11T09:00:00+07:00,Nhập hàng theo kế hoạch cung ứng nguyên liệu.
receipt_2025_00496,wh_finished_north,supplier_016,,,purchase_order_2026_00496,cancelled,receipt_2026_00496,2026-04-22T09:00:00+07:00,Nhập hàng theo kế hoạch cung ứng nguyên liệu.
receipt_2025_00497,wh_cold,supplier_017,,,purchase_order_2025_00497,draft,receipt_2025_00497,2025-09-09T09:00:00+07:00,Nhập hàng theo kế hoạch cung ứng nguyên liệu.
receipt_2025_00498,wh_packaging,supplier_018,,,purchase_order_2026_00498,pending,receipt_2026_00498,2026-02-20T09:00:00+07:00,Nhập hàng theo kế hoạch cung ứng nguyên liệu.
receipt_2025_00499,wh_raw_south,supplier_019,,,purchase_order_2025_00499,posted,receipt_2025_00499,2025-07-07T09:00:00+07:00,Nhập hàng theo kế hoạch cung ứng nguyên liệu.
receipt_2025_00500,wh_raw_north,supplier_020,,,purchase_order_2026_00500,cancelled,receipt_2026_00500,2026-12-18T09:00:00+07:00,Nhập hàng theo kế hoạch cung ứng nguyên liệu.
receipt_2025_00501,wh_finished_south,supplier_021,,,purchase_order_2025_00501,draft,receipt_2025_00501,2025-05-05T09:00:00+07:00,Nhập hàng theo kế hoạch cung ứng nguyên liệu.
receipt_2025_00502,wh_finished_north,supplier_022,,,purchase_order_2026_00502,pending,receipt_2026_00502,2026-10-16T09:00:00+07:00,Nhập hàng theo kế hoạch cung ứng nguyên liệu.
receipt_2025_00503,wh_cold,supplier_023,,,purchase_order_2025_00503,posted,receipt_2025_00503,2025-03-03T09:00:00+07:00,Nhập hàng theo kế hoạch cung ứng nguyên liệu.
receipt_2025_00504,wh_packaging,supplier_024,,,purchase_order_2026_00504,cancelled,receipt_2026_00504,2026-08-14T09:00:00+07:00,Nhập hàng theo kế hoạch cung ứng nguyên liệu.
receipt_2025_00505,wh_raw_south,supplier_025,,,purchase_order_2025_00505,draft,receipt_2025_00505,2025-01-01T09:00:00+07:00,Nhập hàng theo kế hoạch cung ứng nguyên liệu.
receipt_2025_00506,wh_raw_north,supplier_026,,,purchase_order_2026_00506,pending,receipt_2026_00506,2026-06-12T09:00:00+07:00,Nhập hàng theo kế hoạch cung ứng nguyên liệu.
receipt_2025_00507,wh_finished_south,supplier_027,,,purchase_order_2025_00507,posted,receipt_2025_00507,2025-11-23T09:00:00+07:00,Nhập hàng theo kế hoạch cung ứng nguyên liệu.
receipt_2025_00508,wh_finished_north,supplier_028,,,purchase_order_2026_00508,cancelled,receipt_2026_00508,2026-04-10T09:00:00+07:00,Nhập hàng theo kế hoạch cung ứng nguyên liệu.
receipt_2025_00509,wh_cold,supplier_029,,,purchase_order_2025_00509,draft,receipt_2025_00509,2025-09-21T09:00:00+07:00,Nhập hàng theo kế hoạch cung ứng nguyên liệu.
receipt_2025_00510,wh_packaging,supplier_030,,,purchase_order_2026_00510,pending,receipt_2026_00510,2026-02-08T09:00:00+07:00,Nhập hàng theo kế hoạch cung ứng nguyên liệu.
receipt_2025_00511,wh_raw_south,supplier_001,,,purchase_order_2025_00511,posted,receipt_2025_00511,2025-07-19T09:00:00+07:00,Nhập hàng theo kế hoạch cung ứng nguyên liệu.
receipt_2025_00512,wh_raw_north,supplier_002,,,purchase_order_2026_00512,cancelled,receipt_2026_00512,2026-12-06T09:00:00+07:00,Nhập hàng theo kế hoạch cung ứng nguyên liệu.
receipt_2025_00513,wh_finished_south,supplier_003,,,purchase_order_2025_00513,draft,receipt_2025_00513,2025-05-17T09:00:00+07:00,Nhập hàng theo kế hoạch cung ứng nguyên liệu.
receipt_2025_00514,wh_finished_north,supplier_004,,,purchase_order_2026_00514,pending,receipt_2026_00514,2026-10-04T09:00:00+07:00,Nhập hàng theo kế hoạch cung ứng nguyên liệu.
receipt_2025_00515,wh_cold,supplier_005,,,purchase_order_2025_00515,posted,receipt_2025_00515,2025-03-15T09:00:00+07:00,Nhập hàng theo kế hoạch cung ứng nguyên liệu.
receipt_2025_00516,wh_packaging,supplier_006,,,purchase_order_2026_00516,cancelled,receipt_2026_00516,2026-08-02T09:00:00+07:00,Nhập hàng theo kế hoạch cung ứng nguyên liệu.
receipt_2025_00517,wh_raw_south,supplier_007,,,purchase_order_2025_00517,draft,receipt_2025_00517,2025-01-13T09:00:00+07:00,Nhập hàng theo kế hoạch cung ứng nguyên liệu.
receipt_2025_00518,wh_raw_north,supplier_008,,,purchase_order_2026_00518,pending,receipt_2026_00518,2026-06-24T09:00:00+07:00,Nhập hàng theo kế hoạch cung ứng nguyên liệu.
receipt_2025_00519,wh_finished_south,supplier_009,,,purchase_order_2025_00519,posted,receipt_2025_00519,2025-11-11T09:00:00+07:00,Nhập hàng theo kế hoạch cung ứng nguyên liệu.
receipt_2025_00520,wh_finished_north,supplier_010,,,purchase_order_2026_00520,cancelled,receipt_2026_00520,2026-04-22T09:00:00+07:00,Nhập hàng theo kế hoạch cung ứng nguyên liệu.
receipt_2025_00521,wh_cold,supplier_011,,,purchase_order_2025_00521,draft,receipt_2025_00521,2025-09-09T09:00:00+07:00,Nhập hàng theo kế hoạch cung ứng nguyên liệu.
receipt_2025_00522,wh_packaging,supplier_012,,,purchase_order_2026_00522,pending,receipt_2026_00522,2026-02-20T09:00:00+07:00,Nhập hàng theo kế hoạch cung ứng nguyên liệu.
receipt_2025_00523,wh_raw_south,supplier_013,,,purchase_order_2025_00523,posted,receipt_2025_00523,2025-07-07T09:00:00+07:00,Nhập hàng theo kế hoạch cung ứng nguyên liệu.
receipt_2025_00524,wh_raw_north,supplier_014,,,purchase_order_2026_00524,cancelled,receipt_2026_00524,2026-12-18T09:00:00+07:00,Nhập hàng theo kế hoạch cung ứng nguyên liệu.
receipt_2025_00525,wh_finished_south,supplier_015,,,purchase_order_2025_00525,draft,receipt_2025_00525,2025-05-05T09:00:00+07:00,Nhập hàng theo kế hoạch cung ứng nguyên liệu.
receipt_2025_00526,wh_finished_north,supplier_016,,,purchase_order_2026_00526,pending,receipt_2026_00526,2026-10-16T09:00:00+07:00,Nhập hàng theo kế hoạch cung ứng nguyên liệu.
receipt_2025_00527,wh_cold,supplier_017,,,purchase_order_2025_00527,posted,receipt_2025_00527,2025-03-03T09:00:00+07:00,Nhập hàng theo kế hoạch cung ứng nguyên liệu.
receipt_2025_00528,wh_packaging,supplier_018,,,purchase_order_2026_00528,cancelled,receipt_2026_00528,2026-08-14T09:00:00+07:00,Nhập hàng theo kế hoạch cung ứng nguyên liệu.
receipt_2025_00529,wh_raw_south,supplier_019,,,purchase_order_2025_00529,draft,receipt_2025_00529,2025-01-01T09:00:00+07:00,Nhập hàng theo kế hoạch cung ứng nguyên liệu.
receipt_2025_00530,wh_raw_north,supplier_020,,,purchase_order_2026_00530,pending,receipt_2026_00530,2026-06-12T09:00:00+07:00,Nhập hàng theo kế hoạch cung ứng nguyên liệu.
receipt_2025_00531,wh_finished_south,supplier_021,,,purchase_order_2025_00531,posted,receipt_2025_00531,2025-11-23T09:00:00+07:00,Nhập hàng theo kế hoạch cung ứng nguyên liệu.
receipt_2025_00532,wh_finished_north,supplier_022,,,purchase_order_2026_00532,cancelled,receipt_2026_00532,2026-04-10T09:00:00+07:00,Nhập hàng theo kế hoạch cung ứng nguyên liệu.
receipt_2025_00533,wh_cold,supplier_023,,,purchase_order_2025_00533,draft,receipt_2025_00533,2025-09-21T09:00:00+07:00,Nhập hàng theo kế hoạch cung ứng nguyên liệu.
receipt_2025_00534,wh_packaging,supplier_024,,,purchase_order_2026_00534,pending,receipt_2026_00534,2026-02-08T09:00:00+07:00,Nhập hàng theo kế hoạch cung ứng nguyên liệu.
receipt_2025_00535,wh_raw_south,supplier_025,,,purchase_order_2025_00535,posted,receipt_2025_00535,2025-07-19T09:00:00+07:00,Nhập hàng theo kế hoạch cung ứng nguyên liệu.
receipt_2025_00536,wh_raw_north,supplier_026,,,purchase_order_2026_00536,cancelled,receipt_2026_00536,2026-12-06T09:00:00+07:00,Nhập hàng theo kế hoạch cung ứng nguyên liệu.
receipt_2025_00537,wh_finished_south,supplier_027,,,purchase_order_2025_00537,draft,receipt_2025_00537,2025-05-17T09:00:00+07:00,Nhập hàng theo kế hoạch cung ứng nguyên liệu.
receipt_2025_00538,wh_finished_north,supplier_028,,,purchase_order_2026_00538,pending,receipt_2026_00538,2026-10-04T09:00:00+07:00,Nhập hàng theo kế hoạch cung ứng nguyên liệu.
receipt_2025_00539,wh_cold,supplier_029,,,purchase_order_2025_00539,posted,receipt_2025_00539,2025-03-15T09:00:00+07:00,Nhập hàng theo kế hoạch cung ứng nguyên liệu.
receipt_2025_00540,wh_packaging,supplier_030,,,purchase_order_2026_00540,cancelled,receipt_2026_00540,2026-08-02T09:00:00+07:00,Nhập hàng theo kế hoạch cung ứng nguyên liệu.
receipt_2025_00541,wh_raw_south,supplier_001,,,purchase_order_2025_00541,draft,receipt_2025_00541,2025-01-13T09:00:00+07:00,Nhập hàng theo kế hoạch cung ứng nguyên liệu.
receipt_2025_00542,wh_raw_north,supplier_002,,,purchase_order_2026_00542,pending,receipt_2026_00542,2026-06-24T09:00:00+07:00,Nhập hàng theo kế hoạch cung ứng nguyên liệu.
receipt_2025_00543,wh_finished_south,supplier_003,,,purchase_order_2025_00543,posted,receipt_2025_00543,2025-11-11T09:00:00+07:00,Nhập hàng theo kế hoạch cung ứng nguyên liệu.
receipt_2025_00544,wh_finished_north,supplier_004,,,purchase_order_2026_00544,cancelled,receipt_2026_00544,2026-04-22T09:00:00+07:00,Nhập hàng theo kế hoạch cung ứng nguyên liệu.
receipt_2025_00545,wh_cold,supplier_005,,,purchase_order_2025_00545,draft,receipt_2025_00545,2025-09-09T09:00:00+07:00,Nhập hàng theo kế hoạch cung ứng nguyên liệu.
receipt_2025_00546,wh_packaging,supplier_006,,,purchase_order_2026_00546,pending,receipt_2026_00546,2026-02-20T09:00:00+07:00,Nhập hàng theo kế hoạch cung ứng nguyên liệu.
receipt_2025_00547,wh_raw_south,supplier_007,,,purchase_order_2025_00547,posted,receipt_2025_00547,2025-07-07T09:00:00+07:00,Nhập hàng theo kế hoạch cung ứng nguyên liệu.
receipt_2025_00548,wh_raw_north,supplier_008,,,purchase_order_2026_00548,cancelled,receipt_2026_00548,2026-12-18T09:00:00+07:00,Nhập hàng theo kế hoạch cung ứng nguyên liệu.
receipt_2025_00549,wh_finished_south,supplier_009,,,purchase_order_2025_00549,draft,receipt_2025_00549,2025-05-05T09:00:00+07:00,Nhập hàng theo kế hoạch cung ứng nguyên liệu.
receipt_2025_00550,wh_finished_north,supplier_010,,,purchase_order_2026_00550,pending,receipt_2026_00550,2026-10-16T09:00:00+07:00,Nhập hàng theo kế hoạch cung ứng nguyên liệu.
receipt_2025_00551,wh_cold,supplier_011,,,purchase_order_2025_00551,posted,receipt_2025_00551,2025-03-03T09:00:00+07:00,Nhập hàng theo kế hoạch cung ứng nguyên liệu.
receipt_2025_00552,wh_packaging,supplier_012,,,purchase_order_2026_00552,cancelled,receipt_2026_00552,2026-08-14T09:00:00+07:00,Nhập hàng theo kế hoạch cung ứng nguyên liệu.
receipt_2025_00553,wh_raw_south,supplier_013,,,purchase_order_2025_00553,draft,receipt_2025_00553,2025-01-01T09:00:00+07:00,Nhập hàng theo kế hoạch cung ứng nguyên liệu.
receipt_2025_00554,wh_raw_north,supplier_014,,,purchase_order_2026_00554,pending,receipt_2026_00554,2026-06-12T09:00:00+07:00,Nhập hàng theo kế hoạch cung ứng nguyên liệu.
receipt_2025_00555,wh_finished_south,supplier_015,,,purchase_order_2025_00555,posted,receipt_2025_00555,2025-11-23T09:00:00+07:00,Nhập hàng theo kế hoạch cung ứng nguyên liệu.
receipt_2025_00556,wh_finished_north,supplier_016,,,purchase_order_2026_00556,cancelled,receipt_2026_00556,2026-04-10T09:00:00+07:00,Nhập hàng theo kế hoạch cung ứng nguyên liệu.
receipt_2025_00557,wh_cold,supplier_017,,,purchase_order_2025_00557,draft,receipt_2025_00557,2025-09-21T09:00:00+07:00,Nhập hàng theo kế hoạch cung ứng nguyên liệu.
receipt_2025_00558,wh_packaging,supplier_018,,,purchase_order_2026_00558,pending,receipt_2026_00558,2026-02-08T09:00:00+07:00,Nhập hàng theo kế hoạch cung ứng nguyên liệu.
receipt_2025_00559,wh_raw_south,supplier_019,,,purchase_order_2025_00559,posted,receipt_2025_00559,2025-07-19T09:00:00+07:00,Nhập hàng theo kế hoạch cung ứng nguyên liệu.
receipt_2025_00560,wh_raw_north,supplier_020,,,purchase_order_2026_00560,cancelled,receipt_2026_00560,2026-12-06T09:00:00+07:00,Nhập hàng theo kế hoạch cung ứng nguyên liệu.
receipt_2025_00561,wh_finished_south,supplier_021,,,purchase_order_2025_00561,draft,receipt_2025_00561,2025-05-17T09:00:00+07:00,Nhập hàng theo kế hoạch cung ứng nguyên liệu.
receipt_2025_00562,wh_finished_north,supplier_022,,,purchase_order_2026_00562,pending,receipt_2026_00562,2026-10-04T09:00:00+07:00,Nhập hàng theo kế hoạch cung ứng nguyên liệu.
receipt_2025_00563,wh_cold,supplier_023,,,purchase_order_2025_00563,posted,receipt_2025_00563,2025-03-15T09:00:00+07:00,Nhập hàng theo kế hoạch cung ứng nguyên liệu.
receipt_2025_00564,wh_packaging,supplier_024,,,purchase_order_2026_00564,cancelled,receipt_2026_00564,2026-08-02T09:00:00+07:00,Nhập hàng theo kế hoạch cung ứng nguyên liệu.
receipt_2025_00565,wh_raw_south,supplier_025,,,purchase_order_2025_00565,draft,receipt_2025_00565,2025-01-13T09:00:00+07:00,Nhập hàng theo kế hoạch cung ứng nguyên liệu.
receipt_2025_00566,wh_raw_north,supplier_026,,,purchase_order_2026_00566,pending,receipt_2026_00566,2026-06-24T09:00:00+07:00,Nhập hàng theo kế hoạch cung ứng nguyên liệu.
receipt_2025_00567,wh_finished_south,supplier_027,,,purchase_order_2025_00567,posted,receipt_2025_00567,2025-11-11T09:00:00+07:00,Nhập hàng theo kế hoạch cung ứng nguyên liệu.
receipt_2025_00568,wh_finished_north,supplier_028,,,purchase_order_2026_00568,cancelled,receipt_2026_00568,2026-04-22T09:00:00+07:00,Nhập hàng theo kế hoạch cung ứng nguyên liệu.
receipt_2025_00569,wh_cold,supplier_029,,,purchase_order_2025_00569,draft,receipt_2025_00569,2025-09-09T09:00:00+07:00,Nhập hàng theo kế hoạch cung ứng nguyên liệu.
receipt_2025_00570,wh_packaging,supplier_030,,,purchase_order_2026_00570,pending,receipt_2026_00570,2026-02-20T09:00:00+07:00,Nhập hàng theo kế hoạch cung ứng nguyên liệu.
receipt_2025_00571,wh_raw_south,supplier_001,,,purchase_order_2025_00571,posted,receipt_2025_00571,2025-07-07T09:00:00+07:00,Nhập hàng theo kế hoạch cung ứng nguyên liệu.
receipt_2025_00572,wh_raw_north,supplier_002,,,purchase_order_2026_00572,cancelled,receipt_2026_00572,2026-12-18T09:00:00+07:00,Nhập hàng theo kế hoạch cung ứng nguyên liệu.
receipt_2025_00573,wh_finished_south,supplier_003,,,purchase_order_2025_00573,draft,receipt_2025_00573,2025-05-05T09:00:00+07:00,Nhập hàng theo kế hoạch cung ứng nguyên liệu.
receipt_2025_00574,wh_finished_north,supplier_004,,,purchase_order_2026_00574,pending,receipt_2026_00574,2026-10-16T09:00:00+07:00,Nhập hàng theo kế hoạch cung ứng nguyên liệu.
receipt_2025_00575,wh_cold,supplier_005,,,purchase_order_2025_00575,posted,receipt_2025_00575,2025-03-03T09:00:00+07:00,Nhập hàng theo kế hoạch cung ứng nguyên liệu.
receipt_2025_00576,wh_packaging,supplier_006,,,purchase_order_2026_00576,cancelled,receipt_2026_00576,2026-08-14T09:00:00+07:00,Nhập hàng theo kế hoạch cung ứng nguyên liệu.
receipt_2025_00577,wh_raw_south,supplier_007,,,purchase_order_2025_00577,draft,receipt_2025_00577,2025-01-01T09:00:00+07:00,Nhập hàng theo kế hoạch cung ứng nguyên liệu.
receipt_2025_00578,wh_raw_north,supplier_008,,,purchase_order_2026_00578,pending,receipt_2026_00578,2026-06-12T09:00:00+07:00,Nhập hàng theo kế hoạch cung ứng nguyên liệu.
receipt_2025_00579,wh_finished_south,supplier_009,,,purchase_order_2025_00579,posted,receipt_2025_00579,2025-11-23T09:00:00+07:00,Nhập hàng theo kế hoạch cung ứng nguyên liệu.
receipt_2025_00580,wh_finished_north,supplier_010,,,purchase_order_2026_00580,cancelled,receipt_2026_00580,2026-04-10T09:00:00+07:00,Nhập hàng theo kế hoạch cung ứng nguyên liệu.
receipt_2025_00581,wh_cold,supplier_011,,,purchase_order_2025_00581,draft,receipt_2025_00581,2025-09-21T09:00:00+07:00,Nhập hàng theo kế hoạch cung ứng nguyên liệu.
receipt_2025_00582,wh_packaging,supplier_012,,,purchase_order_2026_00582,pending,receipt_2026_00582,2026-02-08T09:00:00+07:00,Nhập hàng theo kế hoạch cung ứng nguyên liệu.
receipt_2025_00583,wh_raw_south,supplier_013,,,purchase_order_2025_00583,posted,receipt_2025_00583,2025-07-19T09:00:00+07:00,Nhập hàng theo kế hoạch cung ứng nguyên liệu.
receipt_2025_00584,wh_raw_north,supplier_014,,,purchase_order_2026_00584,cancelled,receipt_2026_00584,2026-12-06T09:00:00+07:00,Nhập hàng theo kế hoạch cung ứng nguyên liệu.
receipt_2025_00585,wh_finished_south,supplier_015,,,purchase_order_2025_00585,draft,receipt_2025_00585,2025-05-17T09:00:00+07:00,Nhập hàng theo kế hoạch cung ứng nguyên liệu.
receipt_2025_00586,wh_finished_north,supplier_016,,,purchase_order_2026_00586,pending,receipt_2026_00586,2026-10-04T09:00:00+07:00,Nhập hàng theo kế hoạch cung ứng nguyên liệu.
receipt_2025_00587,wh_cold,supplier_017,,,purchase_order_2025_00587,posted,receipt_2025_00587,2025-03-15T09:00:00+07:00,Nhập hàng theo kế hoạch cung ứng nguyên liệu.
receipt_2025_00588,wh_packaging,supplier_018,,,purchase_order_2026_00588,cancelled,receipt_2026_00588,2026-08-02T09:00:00+07:00,Nhập hàng theo kế hoạch cung ứng nguyên liệu.
receipt_2025_00589,wh_raw_south,supplier_019,,,purchase_order_2025_00589,draft,receipt_2025_00589,2025-01-13T09:00:00+07:00,Nhập hàng theo kế hoạch cung ứng nguyên liệu.
receipt_2025_00590,wh_raw_north,supplier_020,,,purchase_order_2026_00590,pending,receipt_2026_00590,2026-06-24T09:00:00+07:00,Nhập hàng theo kế hoạch cung ứng nguyên liệu.
receipt_2025_00591,wh_finished_south,supplier_021,,,purchase_order_2025_00591,posted,receipt_2025_00591,2025-11-11T09:00:00+07:00,Nhập hàng theo kế hoạch cung ứng nguyên liệu.
receipt_2025_00592,wh_finished_north,supplier_022,,,purchase_order_2026_00592,cancelled,receipt_2026_00592,2026-04-22T09:00:00+07:00,Nhập hàng theo kế hoạch cung ứng nguyên liệu.
receipt_2025_00593,wh_cold,supplier_023,,,purchase_order_2025_00593,draft,receipt_2025_00593,2025-09-09T09:00:00+07:00,Nhập hàng theo kế hoạch cung ứng nguyên liệu.
receipt_2025_00594,wh_packaging,supplier_024,,,purchase_order_2026_00594,pending,receipt_2026_00594,2026-02-20T09:00:00+07:00,Nhập hàng theo kế hoạch cung ứng nguyên liệu.
receipt_2025_00595,wh_raw_south,supplier_025,,,purchase_order_2025_00595,posted,receipt_2025_00595,2025-07-07T09:00:00+07:00,Nhập hàng theo kế hoạch cung ứng nguyên liệu.
receipt_2025_00596,wh_raw_north,supplier_026,,,purchase_order_2026_00596,cancelled,receipt_2026_00596,2026-12-18T09:00:00+07:00,Nhập hàng theo kế hoạch cung ứng nguyên liệu.
receipt_2025_00597,wh_finished_south,supplier_027,,,purchase_order_2025_00597,draft,receipt_2025_00597,2025-05-05T09:00:00+07:00,Nhập hàng theo kế hoạch cung ứng nguyên liệu.
receipt_2025_00598,wh_finished_north,supplier_028,,,purchase_order_2026_00598,pending,receipt_2026_00598,2026-10-16T09:00:00+07:00,Nhập hàng theo kế hoạch cung ứng nguyên liệu.
receipt_2025_00599,wh_cold,supplier_029,,,purchase_order_2025_00599,posted,receipt_2025_00599,2025-03-03T09:00:00+07:00,Nhập hàng theo kế hoạch cung ứng nguyên liệu.
receipt_2025_00600,wh_packaging,supplier_030,,,purchase_order_2026_00600,cancelled,receipt_2026_00600,2026-08-14T09:00:00+07:00,Nhập hàng theo kế hoạch cung ứng nguyên liệu.
receipt_2025_00601,wh_raw_south,supplier_001,,,purchase_order_2025_00601,draft,receipt_2025_00601,2025-01-01T09:00:00+07:00,Nhập hàng theo kế hoạch cung ứng nguyên liệu.
receipt_2025_00602,wh_raw_north,supplier_002,,,purchase_order_2026_00602,pending,receipt_2026_00602,2026-06-12T09:00:00+07:00,Nhập hàng theo kế hoạch cung ứng nguyên liệu.
receipt_2025_00603,wh_finished_south,supplier_003,,,purchase_order_2025_00603,posted,receipt_2025_00603,2025-11-23T09:00:00+07:00,Nhập hàng theo kế hoạch cung ứng nguyên liệu.
receipt_2025_00604,wh_finished_north,supplier_004,,,purchase_order_2026_00604,cancelled,receipt_2026_00604,2026-04-10T09:00:00+07:00,Nhập hàng theo kế hoạch cung ứng nguyên liệu.
receipt_2025_00605,wh_cold,supplier_005,,,purchase_order_2025_00605,draft,receipt_2025_00605,2025-09-21T09:00:00+07:00,Nhập hàng theo kế hoạch cung ứng nguyên liệu.
receipt_2025_00606,wh_packaging,supplier_006,,,purchase_order_2026_00606,pending,receipt_2026_00606,2026-02-08T09:00:00+07:00,Nhập hàng theo kế hoạch cung ứng nguyên liệu.
receipt_2025_00607,wh_raw_south,supplier_007,,,purchase_order_2025_00607,posted,receipt_2025_00607,2025-07-19T09:00:00+07:00,Nhập hàng theo kế hoạch cung ứng nguyên liệu.
receipt_2025_00608,wh_raw_north,supplier_008,,,purchase_order_2026_00608,cancelled,receipt_2026_00608,2026-12-06T09:00:00+07:00,Nhập hàng theo kế hoạch cung ứng nguyên liệu.
receipt_2025_00609,wh_finished_south,supplier_009,,,purchase_order_2025_00609,draft,receipt_2025_00609,2025-05-17T09:00:00+07:00,Nhập hàng theo kế hoạch cung ứng nguyên liệu.
receipt_2025_00610,wh_finished_north,supplier_010,,,purchase_order_2026_00610,pending,receipt_2026_00610,2026-10-04T09:00:00+07:00,Nhập hàng theo kế hoạch cung ứng nguyên liệu.
receipt_2025_00611,wh_cold,supplier_011,,,purchase_order_2025_00611,posted,receipt_2025_00611,2025-03-15T09:00:00+07:00,Nhập hàng theo kế hoạch cung ứng nguyên liệu.
receipt_2025_00612,wh_packaging,supplier_012,,,purchase_order_2026_00612,cancelled,receipt_2026_00612,2026-08-02T09:00:00+07:00,Nhập hàng theo kế hoạch cung ứng nguyên liệu.
receipt_2025_00613,wh_raw_south,supplier_013,,,purchase_order_2025_00613,draft,receipt_2025_00613,2025-01-13T09:00:00+07:00,Nhập hàng theo kế hoạch cung ứng nguyên liệu.
receipt_2025_00614,wh_raw_north,supplier_014,,,purchase_order_2026_00614,pending,receipt_2026_00614,2026-06-24T09:00:00+07:00,Nhập hàng theo kế hoạch cung ứng nguyên liệu.
receipt_2025_00615,wh_finished_south,supplier_015,,,purchase_order_2025_00615,posted,receipt_2025_00615,2025-11-11T09:00:00+07:00,Nhập hàng theo kế hoạch cung ứng nguyên liệu.
receipt_2025_00616,wh_finished_north,supplier_016,,,purchase_order_2026_00616,cancelled,receipt_2026_00616,2026-04-22T09:00:00+07:00,Nhập hàng theo kế hoạch cung ứng nguyên liệu.
receipt_2025_00617,wh_cold,supplier_017,,,purchase_order_2025_00617,draft,receipt_2025_00617,2025-09-09T09:00:00+07:00,Nhập hàng theo kế hoạch cung ứng nguyên liệu.
receipt_2025_00618,wh_packaging,supplier_018,,,purchase_order_2026_00618,pending,receipt_2026_00618,2026-02-20T09:00:00+07:00,Nhập hàng theo kế hoạch cung ứng nguyên liệu.
receipt_2025_00619,wh_raw_south,supplier_019,,,purchase_order_2025_00619,posted,receipt_2025_00619,2025-07-07T09:00:00+07:00,Nhập hàng theo kế hoạch cung ứng nguyên liệu.
receipt_2025_00620,wh_raw_north,supplier_020,,,purchase_order_2026_00620,cancelled,receipt_2026_00620,2026-12-18T09:00:00+07:00,Nhập hàng theo kế hoạch cung ứng nguyên liệu.
receipt_2025_00621,wh_finished_south,supplier_021,,,purchase_order_2025_00621,draft,receipt_2025_00621,2025-05-05T09:00:00+07:00,Nhập hàng theo kế hoạch cung ứng nguyên liệu.
receipt_2025_00622,wh_finished_north,supplier_022,,,purchase_order_2026_00622,pending,receipt_2026_00622,2026-10-16T09:00:00+07:00,Nhập hàng theo kế hoạch cung ứng nguyên liệu.
receipt_2025_00623,wh_cold,supplier_023,,,purchase_order_2025_00623,posted,receipt_2025_00623,2025-03-03T09:00:00+07:00,Nhập hàng theo kế hoạch cung ứng nguyên liệu.
receipt_2025_00624,wh_packaging,supplier_024,,,purchase_order_2026_00624,cancelled,receipt_2026_00624,2026-08-14T09:00:00+07:00,Nhập hàng theo kế hoạch cung ứng nguyên liệu.
receipt_2025_00625,wh_raw_south,supplier_025,,,purchase_order_2025_00625,draft,receipt_2025_00625,2025-01-01T09:00:00+07:00,Nhập hàng theo kế hoạch cung ứng nguyên liệu.
receipt_2025_00626,wh_raw_north,supplier_026,,,purchase_order_2026_00626,pending,receipt_2026_00626,2026-06-12T09:00:00+07:00,Nhập hàng theo kế hoạch cung ứng nguyên liệu.
receipt_2025_00627,wh_finished_south,supplier_027,,,purchase_order_2025_00627,posted,receipt_2025_00627,2025-11-23T09:00:00+07:00,Nhập hàng theo kế hoạch cung ứng nguyên liệu.
receipt_2025_00628,wh_finished_north,supplier_028,,,purchase_order_2026_00628,cancelled,receipt_2026_00628,2026-04-10T09:00:00+07:00,Nhập hàng theo kế hoạch cung ứng nguyên liệu.
receipt_2025_00629,wh_cold,supplier_029,,,purchase_order_2025_00629,draft,receipt_2025_00629,2025-09-21T09:00:00+07:00,Nhập hàng theo kế hoạch cung ứng nguyên liệu.
receipt_2025_00630,wh_packaging,supplier_030,,,purchase_order_2026_00630,pending,receipt_2026_00630,2026-02-08T09:00:00+07:00,Nhập hàng theo kế hoạch cung ứng nguyên liệu.
receipt_2025_00631,wh_raw_south,supplier_001,,,purchase_order_2025_00631,posted,receipt_2025_00631,2025-07-19T09:00:00+07:00,Nhập hàng theo kế hoạch cung ứng nguyên liệu.
receipt_2025_00632,wh_raw_north,supplier_002,,,purchase_order_2026_00632,cancelled,receipt_2026_00632,2026-12-06T09:00:00+07:00,Nhập hàng theo kế hoạch cung ứng nguyên liệu.
receipt_2025_00633,wh_finished_south,supplier_003,,,purchase_order_2025_00633,draft,receipt_2025_00633,2025-05-17T09:00:00+07:00,Nhập hàng theo kế hoạch cung ứng nguyên liệu.
receipt_2025_00634,wh_finished_north,supplier_004,,,purchase_order_2026_00634,pending,receipt_2026_00634,2026-10-04T09:00:00+07:00,Nhập hàng theo kế hoạch cung ứng nguyên liệu.
receipt_2025_00635,wh_cold,supplier_005,,,purchase_order_2025_00635,posted,receipt_2025_00635,2025-03-15T09:00:00+07:00,Nhập hàng theo kế hoạch cung ứng nguyên liệu.
receipt_2025_00636,wh_packaging,supplier_006,,,purchase_order_2026_00636,cancelled,receipt_2026_00636,2026-08-02T09:00:00+07:00,Nhập hàng theo kế hoạch cung ứng nguyên liệu.
receipt_2025_00637,wh_raw_south,supplier_007,,,purchase_order_2025_00637,draft,receipt_2025_00637,2025-01-13T09:00:00+07:00,Nhập hàng theo kế hoạch cung ứng nguyên liệu.
receipt_2025_00638,wh_raw_north,supplier_008,,,purchase_order_2026_00638,pending,receipt_2026_00638,2026-06-24T09:00:00+07:00,Nhập hàng theo kế hoạch cung ứng nguyên liệu.
receipt_2025_00639,wh_finished_south,supplier_009,,,purchase_order_2025_00639,posted,receipt_2025_00639,2025-11-11T09:00:00+07:00,Nhập hàng theo kế hoạch cung ứng nguyên liệu.
receipt_2025_00640,wh_finished_north,supplier_010,,,purchase_order_2026_00640,cancelled,receipt_2026_00640,2026-04-22T09:00:00+07:00,Nhập hàng theo kế hoạch cung ứng nguyên liệu.
receipt_2025_00641,wh_cold,supplier_011,,,purchase_order_2025_00641,draft,receipt_2025_00641,2025-09-09T09:00:00+07:00,Nhập hàng theo kế hoạch cung ứng nguyên liệu.
receipt_2025_00642,wh_packaging,supplier_012,,,purchase_order_2026_00642,pending,receipt_2026_00642,2026-02-20T09:00:00+07:00,Nhập hàng theo kế hoạch cung ứng nguyên liệu.
receipt_2025_00643,wh_raw_south,supplier_013,,,purchase_order_2025_00643,posted,receipt_2025_00643,2025-07-07T09:00:00+07:00,Nhập hàng theo kế hoạch cung ứng nguyên liệu.
receipt_2025_00644,wh_raw_north,supplier_014,,,purchase_order_2026_00644,cancelled,receipt_2026_00644,2026-12-18T09:00:00+07:00,Nhập hàng theo kế hoạch cung ứng nguyên liệu.
receipt_2025_00645,wh_finished_south,supplier_015,,,purchase_order_2025_00645,draft,receipt_2025_00645,2025-05-05T09:00:00+07:00,Nhập hàng theo kế hoạch cung ứng nguyên liệu.
receipt_2025_00646,wh_finished_north,supplier_016,,,purchase_order_2026_00646,pending,receipt_2026_00646,2026-10-16T09:00:00+07:00,Nhập hàng theo kế hoạch cung ứng nguyên liệu.
receipt_2025_00647,wh_cold,supplier_017,,,purchase_order_2025_00647,posted,receipt_2025_00647,2025-03-03T09:00:00+07:00,Nhập hàng theo kế hoạch cung ứng nguyên liệu.
receipt_2025_00648,wh_packaging,supplier_018,,,purchase_order_2026_00648,cancelled,receipt_2026_00648,2026-08-14T09:00:00+07:00,Nhập hàng theo kế hoạch cung ứng nguyên liệu.
receipt_2025_00649,wh_raw_south,supplier_019,,,purchase_order_2025_00649,draft,receipt_2025_00649,2025-01-01T09:00:00+07:00,Nhập hàng theo kế hoạch cung ứng nguyên liệu.
receipt_2025_00650,wh_raw_north,supplier_020,,,purchase_order_2026_00650,pending,receipt_2026_00650,2026-06-12T09:00:00+07:00,Nhập hàng theo kế hoạch cung ứng nguyên liệu.
receipt_2026_state_draft,wh_finished_south,supplier_001,,,purchase_order_state_draft,draft,receipt_state_draft,,Phiếu nhập ở trạng thái draft.
receipt_2026_state_pending,wh_finished_south,supplier_001,,,purchase_order_state_pending,pending,receipt_state_pending,,Phiếu nhập ở trạng thái pending.
receipt_2026_state_cancelled,wh_finished_south,supplier_001,,,purchase_order_state_cancelled,cancelled,receipt_state_cancelled,,Phiếu nhập ở trạng thái cancelled.
receipt_production_2026_00001,wh_finished_south,,production,production_order_2026_00001,production_order_2026_00001,posted,receipt_production_2026_00001,2026-01-02T18:00:00+07:00,Bàn giao thành phẩm đạt từ Sản xuất sang Kho.
receipt_production_2026_00002,wh_finished_north,,production,production_order_2026_00002,production_order_2026_00002,posted,receipt_production_2026_00002,2026-01-03T18:00:00+07:00,Bàn giao thành phẩm đạt từ Sản xuất sang Kho.
receipt_production_2026_00003,wh_finished_south,,production,production_order_2026_00003,production_order_2026_00003,posted,receipt_production_2026_00003,2026-02-07T18:00:00+07:00,Bàn giao thành phẩm đạt từ Sản xuất sang Kho.
receipt_production_2026_00004,wh_finished_north,,production,production_order_2026_00004,production_order_2026_00004,posted,receipt_production_2026_00004,2026-02-08T18:00:00+07:00,Bàn giao thành phẩm đạt từ Sản xuất sang Kho.
receipt_production_2026_00005,wh_finished_south,,production,production_order_2026_00005,production_order_2026_00005,posted,receipt_production_2026_00005,2026-03-08T18:00:00+07:00,Bàn giao thành phẩm đạt từ Sản xuất sang Kho.
receipt_production_2026_00006,wh_finished_north,,production,production_order_2026_00006,production_order_2026_00006,posted,receipt_production_2026_00006,2026-03-09T18:00:00+07:00,Bàn giao thành phẩm đạt từ Sản xuất sang Kho.
receipt_production_2026_00007,wh_finished_south,,production,production_order_2026_00007,production_order_2026_00007,posted,receipt_production_2026_00007,2026-04-13T18:00:00+07:00,Bàn giao thành phẩm đạt từ Sản xuất sang Kho.
receipt_production_2026_00008,wh_finished_north,,production,production_order_2026_00008,production_order_2026_00008,posted,receipt_production_2026_00008,2026-04-14T18:00:00+07:00,Bàn giao thành phẩm đạt từ Sản xuất sang Kho.
receipt_production_2026_00009,wh_finished_south,,production,production_order_2026_00009,production_order_2026_00009,posted,receipt_production_2026_00009,2026-05-14T18:00:00+07:00,Bàn giao thành phẩm đạt từ Sản xuất sang Kho.
receipt_production_2026_00010,wh_finished_north,,production,production_order_2026_00010,production_order_2026_00010,posted,receipt_production_2026_00010,2026-05-15T18:00:00+07:00,Bàn giao thành phẩm đạt từ Sản xuất sang Kho.
receipt_production_2026_00011,wh_finished_south,,production,production_order_2026_00011,production_order_2026_00011,posted,receipt_production_2026_00011,2026-06-19T18:00:00+07:00,Bàn giao thành phẩm đạt từ Sản xuất sang Kho.
receipt_production_2026_00012,wh_finished_north,,production,production_order_2026_00012,production_order_2026_00012,posted,receipt_production_2026_00012,2026-06-20T18:00:00+07:00,Bàn giao thành phẩm đạt từ Sản xuất sang Kho.
receipt_production_2026_00013,wh_finished_south,,production,production_order_2026_00013,production_order_2026_00013,posted,receipt_production_2026_00013,2026-07-20T18:00:00+07:00,Bàn giao thành phẩm đạt từ Sản xuất sang Kho.
receipt_production_2026_00014,wh_finished_north,,production,production_order_2026_00014,production_order_2026_00014,posted,receipt_production_2026_00014,2026-07-21T18:00:00+07:00,Bàn giao thành phẩm đạt từ Sản xuất sang Kho.
receipt_production_2026_00015,wh_finished_south,,production,production_order_2026_00015,production_order_2026_00015,posted,receipt_production_2026_00015,2026-08-05T18:00:00+07:00,Bàn giao thành phẩm đạt từ Sản xuất sang Kho.
receipt_production_2026_00016,wh_finished_north,,production,production_order_2026_00016,production_order_2026_00016,posted,receipt_production_2026_00016,2026-08-06T18:00:00+07:00,Bàn giao thành phẩm đạt từ Sản xuất sang Kho.
receipt_production_2026_00017,wh_finished_south,,production,production_order_2026_00017,production_order_2026_00017,posted,receipt_production_2026_00017,2026-09-06T18:00:00+07:00,Bàn giao thành phẩm đạt từ Sản xuất sang Kho.
receipt_production_2026_00018,wh_finished_north,,production,production_order_2026_00018,production_order_2026_00018,posted,receipt_production_2026_00018,2026-09-07T18:00:00+07:00,Bàn giao thành phẩm đạt từ Sản xuất sang Kho.
receipt_production_2026_00019,wh_finished_south,,production,production_order_2026_00019,production_order_2026_00019,posted,receipt_production_2026_00019,2026-01-11T18:00:00+07:00,Bàn giao thành phẩm đạt từ Sản xuất sang Kho.
receipt_production_2026_00020,wh_finished_north,,production,production_order_2026_00020,production_order_2026_00020,posted,receipt_production_2026_00020,2026-01-12T18:00:00+07:00,Bàn giao thành phẩm đạt từ Sản xuất sang Kho.
receipt_production_2026_00021,wh_finished_south,,production,production_order_2026_00021,production_order_2026_00021,posted,receipt_production_2026_00021,2026-02-12T18:00:00+07:00,Bàn giao thành phẩm đạt từ Sản xuất sang Kho.
receipt_production_2026_00022,wh_finished_north,,production,production_order_2026_00022,production_order_2026_00022,posted,receipt_production_2026_00022,2026-02-13T18:00:00+07:00,Bàn giao thành phẩm đạt từ Sản xuất sang Kho.
receipt_production_2026_00023,wh_finished_south,,production,production_order_2026_00023,production_order_2026_00023,posted,receipt_production_2026_00023,2026-03-17T18:00:00+07:00,Bàn giao thành phẩm đạt từ Sản xuất sang Kho.
receipt_production_2026_00024,wh_finished_north,,production,production_order_2026_00024,production_order_2026_00024,posted,receipt_production_2026_00024,2026-03-18T18:00:00+07:00,Bàn giao thành phẩm đạt từ Sản xuất sang Kho.
receipt_production_2026_00025,wh_finished_south,,production,production_order_2026_00025,production_order_2026_00025,posted,receipt_production_2026_00025,2026-04-18T18:00:00+07:00,Bàn giao thành phẩm đạt từ Sản xuất sang Kho.
receipt_production_2026_00026,wh_finished_north,,production,production_order_2026_00026,production_order_2026_00026,posted,receipt_production_2026_00026,2026-04-19T18:00:00+07:00,Bàn giao thành phẩm đạt từ Sản xuất sang Kho.
receipt_production_2026_00027,wh_finished_south,,production,production_order_2026_00027,production_order_2026_00027,posted,receipt_production_2026_00027,2026-05-23T18:00:00+07:00,Bàn giao thành phẩm đạt từ Sản xuất sang Kho.
receipt_production_2026_00028,wh_finished_north,,production,production_order_2026_00028,production_order_2026_00028,posted,receipt_production_2026_00028,2026-05-24T18:00:00+07:00,Bàn giao thành phẩm đạt từ Sản xuất sang Kho.
receipt_production_2026_00029,wh_finished_south,,production,production_order_2026_00029,production_order_2026_00029,posted,receipt_production_2026_00029,2026-06-04T18:00:00+07:00,Bàn giao thành phẩm đạt từ Sản xuất sang Kho.
receipt_production_2026_00030,wh_finished_north,,production,production_order_2026_00030,production_order_2026_00030,posted,receipt_production_2026_00030,2026-06-05T18:00:00+07:00,Bàn giao thành phẩm đạt từ Sản xuất sang Kho.
receipt_production_2026_00031,wh_finished_south,,production,production_order_2026_00031,production_order_2026_00031,posted,receipt_production_2026_00031,2026-07-09T18:00:00+07:00,Bàn giao thành phẩm đạt từ Sản xuất sang Kho.
receipt_production_2026_00032,wh_finished_north,,production,production_order_2026_00032,production_order_2026_00032,posted,receipt_production_2026_00032,2026-07-10T18:00:00+07:00,Bàn giao thành phẩm đạt từ Sản xuất sang Kho.
receipt_production_2026_00033,wh_finished_south,,production,production_order_2026_00033,production_order_2026_00033,posted,receipt_production_2026_00033,2026-08-10T18:00:00+07:00,Bàn giao thành phẩm đạt từ Sản xuất sang Kho.
receipt_production_2026_00034,wh_finished_north,,production,production_order_2026_00034,production_order_2026_00034,posted,receipt_production_2026_00034,2026-08-11T18:00:00+07:00,Bàn giao thành phẩm đạt từ Sản xuất sang Kho.
receipt_production_2026_00035,wh_finished_south,,production,production_order_2026_00035,production_order_2026_00035,posted,receipt_production_2026_00035,2026-09-15T18:00:00+07:00,Bàn giao thành phẩm đạt từ Sản xuất sang Kho.
receipt_production_2026_00036,wh_finished_north,,production,production_order_2026_00036,production_order_2026_00036,posted,receipt_production_2026_00036,2026-09-16T18:00:00+07:00,Bàn giao thành phẩm đạt từ Sản xuất sang Kho.
receipt_production_2026_00037,wh_finished_south,,production,production_order_2026_00037,production_order_2026_00037,posted,receipt_production_2026_00037,2026-01-16T18:00:00+07:00,Bàn giao thành phẩm đạt từ Sản xuất sang Kho.
receipt_production_2026_00038,wh_finished_north,,production,production_order_2026_00038,production_order_2026_00038,posted,receipt_production_2026_00038,2026-01-17T18:00:00+07:00,Bàn giao thành phẩm đạt từ Sản xuất sang Kho.
receipt_production_2026_00039,wh_finished_south,,production,production_order_2026_00039,production_order_2026_00039,posted,receipt_production_2026_00039,2026-02-21T18:00:00+07:00,Bàn giao thành phẩm đạt từ Sản xuất sang Kho.
receipt_production_2026_00040,wh_finished_north,,production,production_order_2026_00040,production_order_2026_00040,posted,receipt_production_2026_00040,2026-02-22T18:00:00+07:00,Bàn giao thành phẩm đạt từ Sản xuất sang Kho.
receipt_production_2026_00041,wh_finished_south,,production,production_order_2026_00041,production_order_2026_00041,posted,receipt_production_2026_00041,2026-03-02T18:00:00+07:00,Bàn giao thành phẩm đạt từ Sản xuất sang Kho.
receipt_production_2026_00042,wh_finished_north,,production,production_order_2026_00042,production_order_2026_00042,posted,receipt_production_2026_00042,2026-03-03T18:00:00+07:00,Bàn giao thành phẩm đạt từ Sản xuất sang Kho.
receipt_production_2026_00043,wh_finished_south,,production,production_order_2026_00043,production_order_2026_00043,posted,receipt_production_2026_00043,2026-04-07T18:00:00+07:00,Bàn giao thành phẩm đạt từ Sản xuất sang Kho.
receipt_production_2026_00044,wh_finished_north,,production,production_order_2026_00044,production_order_2026_00044,posted,receipt_production_2026_00044,2026-04-08T18:00:00+07:00,Bàn giao thành phẩm đạt từ Sản xuất sang Kho.
receipt_production_2026_00045,wh_finished_south,,production,production_order_2026_00045,production_order_2026_00045,posted,receipt_production_2026_00045,2026-05-08T18:00:00+07:00,Bàn giao thành phẩm đạt từ Sản xuất sang Kho.
receipt_production_2026_00046,wh_finished_north,,production,production_order_2026_00046,production_order_2026_00046,posted,receipt_production_2026_00046,2026-05-09T18:00:00+07:00,Bàn giao thành phẩm đạt từ Sản xuất sang Kho.
receipt_production_2026_00047,wh_finished_south,,production,production_order_2026_00047,production_order_2026_00047,posted,receipt_production_2026_00047,2026-06-13T18:00:00+07:00,Bàn giao thành phẩm đạt từ Sản xuất sang Kho.
receipt_production_2026_00048,wh_finished_north,,production,production_order_2026_00048,production_order_2026_00048,posted,receipt_production_2026_00048,2026-06-14T18:00:00+07:00,Bàn giao thành phẩm đạt từ Sản xuất sang Kho.
receipt_production_2026_00049,wh_finished_south,,production,production_order_2026_00049,production_order_2026_00049,posted,receipt_production_2026_00049,2026-07-14T18:00:00+07:00,Bàn giao thành phẩm đạt từ Sản xuất sang Kho.
receipt_production_2026_00050,wh_finished_north,,production,production_order_2026_00050,production_order_2026_00050,posted,receipt_production_2026_00050,2026-07-15T18:00:00+07:00,Bàn giao thành phẩm đạt từ Sản xuất sang Kho.
receipt_production_2026_00051,wh_finished_south,,production,production_order_2026_00051,production_order_2026_00051,posted,receipt_production_2026_00051,2026-08-19T18:00:00+07:00,Bàn giao thành phẩm đạt từ Sản xuất sang Kho.
receipt_production_2026_00052,wh_finished_north,,production,production_order_2026_00052,production_order_2026_00052,posted,receipt_production_2026_00052,2026-08-20T18:00:00+07:00,Bàn giao thành phẩm đạt từ Sản xuất sang Kho.
receipt_production_2026_00053,wh_finished_south,,production,production_order_2026_00053,production_order_2026_00053,posted,receipt_production_2026_00053,2026-09-20T18:00:00+07:00,Bàn giao thành phẩm đạt từ Sản xuất sang Kho.
receipt_production_2026_00054,wh_finished_north,,production,production_order_2026_00054,production_order_2026_00054,posted,receipt_production_2026_00054,2026-09-21T18:00:00+07:00,Bàn giao thành phẩm đạt từ Sản xuất sang Kho.
receipt_production_2026_00055,wh_finished_south,,production,production_order_2026_00055,production_order_2026_00055,posted,receipt_production_2026_00055,2026-01-05T18:00:00+07:00,Bàn giao thành phẩm đạt từ Sản xuất sang Kho.
receipt_production_2026_00056,wh_finished_north,,production,production_order_2026_00056,production_order_2026_00056,posted,receipt_production_2026_00056,2026-01-06T18:00:00+07:00,Bàn giao thành phẩm đạt từ Sản xuất sang Kho.
receipt_production_2026_00057,wh_finished_south,,production,production_order_2026_00057,production_order_2026_00057,posted,receipt_production_2026_00057,2026-02-06T18:00:00+07:00,Bàn giao thành phẩm đạt từ Sản xuất sang Kho.
receipt_production_2026_00058,wh_finished_north,,production,production_order_2026_00058,production_order_2026_00058,posted,receipt_production_2026_00058,2026-02-07T18:00:00+07:00,Bàn giao thành phẩm đạt từ Sản xuất sang Kho.
receipt_production_2026_00059,wh_finished_south,,production,production_order_2026_00059,production_order_2026_00059,posted,receipt_production_2026_00059,2026-03-11T18:00:00+07:00,Bàn giao thành phẩm đạt từ Sản xuất sang Kho.
receipt_production_2026_00060,wh_finished_north,,production,production_order_2026_00060,production_order_2026_00060,posted,receipt_production_2026_00060,2026-03-12T18:00:00+07:00,Bàn giao thành phẩm đạt từ Sản xuất sang Kho.
receipt_production_2026_00061,wh_finished_south,,production,production_order_2026_00061,production_order_2026_00061,posted,receipt_production_2026_00061,2026-04-12T18:00:00+07:00,Bàn giao thành phẩm đạt từ Sản xuất sang Kho.
receipt_production_2026_00062,wh_finished_north,,production,production_order_2026_00062,production_order_2026_00062,posted,receipt_production_2026_00062,2026-04-13T18:00:00+07:00,Bàn giao thành phẩm đạt từ Sản xuất sang Kho.
receipt_production_2026_00063,wh_finished_south,,production,production_order_2026_00063,production_order_2026_00063,posted,receipt_production_2026_00063,2026-05-17T18:00:00+07:00,Bàn giao thành phẩm đạt từ Sản xuất sang Kho.
receipt_production_2026_00064,wh_finished_north,,production,production_order_2026_00064,production_order_2026_00064,posted,receipt_production_2026_00064,2026-05-18T18:00:00+07:00,Bàn giao thành phẩm đạt từ Sản xuất sang Kho.
receipt_production_2026_00065,wh_finished_south,,production,production_order_2026_00065,production_order_2026_00065,posted,receipt_production_2026_00065,2026-06-18T18:00:00+07:00,Bàn giao thành phẩm đạt từ Sản xuất sang Kho.
receipt_production_2026_00066,wh_finished_north,,production,production_order_2026_00066,production_order_2026_00066,posted,receipt_production_2026_00066,2026-06-19T18:00:00+07:00,Bàn giao thành phẩm đạt từ Sản xuất sang Kho.
receipt_production_2026_00067,wh_finished_south,,production,production_order_2026_00067,production_order_2026_00067,posted,receipt_production_2026_00067,2026-07-23T18:00:00+07:00,Bàn giao thành phẩm đạt từ Sản xuất sang Kho.
receipt_production_2026_00068,wh_finished_north,,production,production_order_2026_00068,production_order_2026_00068,posted,receipt_production_2026_00068,2026-07-24T18:00:00+07:00,Bàn giao thành phẩm đạt từ Sản xuất sang Kho.
receipt_production_2026_00069,wh_finished_south,,production,production_order_2026_00069,production_order_2026_00069,posted,receipt_production_2026_00069,2026-08-04T18:00:00+07:00,Bàn giao thành phẩm đạt từ Sản xuất sang Kho.
receipt_production_2026_00070,wh_finished_north,,production,production_order_2026_00070,production_order_2026_00070,posted,receipt_production_2026_00070,2026-08-05T18:00:00+07:00,Bàn giao thành phẩm đạt từ Sản xuất sang Kho.
receipt_production_2026_00071,wh_finished_south,,production,production_order_2026_00071,production_order_2026_00071,posted,receipt_production_2026_00071,2026-09-09T18:00:00+07:00,Bàn giao thành phẩm đạt từ Sản xuất sang Kho.
receipt_production_2026_00072,wh_finished_north,,production,production_order_2026_00072,production_order_2026_00072,posted,receipt_production_2026_00072,2026-09-10T18:00:00+07:00,Bàn giao thành phẩm đạt từ Sản xuất sang Kho.
receipt_production_2026_00073,wh_finished_south,,production,production_order_2026_00073,production_order_2026_00073,posted,receipt_production_2026_00073,2026-01-10T18:00:00+07:00,Bàn giao thành phẩm đạt từ Sản xuất sang Kho.
receipt_production_2026_00074,wh_finished_north,,production,production_order_2026_00074,production_order_2026_00074,posted,receipt_production_2026_00074,2026-01-11T18:00:00+07:00,Bàn giao thành phẩm đạt từ Sản xuất sang Kho.
receipt_production_2026_00075,wh_finished_south,,production,production_order_2026_00075,production_order_2026_00075,posted,receipt_production_2026_00075,2026-02-15T18:00:00+07:00,Bàn giao thành phẩm đạt từ Sản xuất sang Kho.
receipt_production_2026_00076,wh_finished_north,,production,production_order_2026_00076,production_order_2026_00076,posted,receipt_production_2026_00076,2026-02-16T18:00:00+07:00,Bàn giao thành phẩm đạt từ Sản xuất sang Kho.
receipt_production_2026_00077,wh_finished_south,,production,production_order_2026_00077,production_order_2026_00077,posted,receipt_production_2026_00077,2026-03-16T18:00:00+07:00,Bàn giao thành phẩm đạt từ Sản xuất sang Kho.
receipt_production_2026_00078,wh_finished_north,,production,production_order_2026_00078,production_order_2026_00078,posted,receipt_production_2026_00078,2026-03-17T18:00:00+07:00,Bàn giao thành phẩm đạt từ Sản xuất sang Kho.
receipt_production_2026_00079,wh_finished_south,,production,production_order_2026_00079,production_order_2026_00079,posted,receipt_production_2026_00079,2026-04-21T18:00:00+07:00,Bàn giao thành phẩm đạt từ Sản xuất sang Kho.
receipt_production_2026_00080,wh_finished_north,,production,production_order_2026_00080,production_order_2026_00080,posted,receipt_production_2026_00080,2026-04-22T18:00:00+07:00,Bàn giao thành phẩm đạt từ Sản xuất sang Kho.
receipt_production_2026_00081,wh_finished_south,,production,production_order_2026_00081,production_order_2026_00081,posted,receipt_production_2026_00081,2026-05-02T18:00:00+07:00,Bàn giao thành phẩm đạt từ Sản xuất sang Kho.
receipt_production_2026_00082,wh_finished_north,,production,production_order_2026_00082,production_order_2026_00082,posted,receipt_production_2026_00082,2026-05-03T18:00:00+07:00,Bàn giao thành phẩm đạt từ Sản xuất sang Kho.
receipt_production_2026_00083,wh_finished_south,,production,production_order_2026_00083,production_order_2026_00083,posted,receipt_production_2026_00083,2026-06-07T18:00:00+07:00,Bàn giao thành phẩm đạt từ Sản xuất sang Kho.
receipt_production_2026_00084,wh_finished_north,,production,production_order_2026_00084,production_order_2026_00084,posted,receipt_production_2026_00084,2026-06-08T18:00:00+07:00,Bàn giao thành phẩm đạt từ Sản xuất sang Kho.
receipt_production_2026_00085,wh_finished_south,,production,production_order_2026_00085,production_order_2026_00085,posted,receipt_production_2026_00085,2026-07-08T18:00:00+07:00,Bàn giao thành phẩm đạt từ Sản xuất sang Kho.
receipt_production_2026_00086,wh_finished_north,,production,production_order_2026_00086,production_order_2026_00086,posted,receipt_production_2026_00086,2026-07-09T18:00:00+07:00,Bàn giao thành phẩm đạt từ Sản xuất sang Kho.
receipt_production_2026_00087,wh_finished_south,,production,production_order_2026_00087,production_order_2026_00087,posted,receipt_production_2026_00087,2026-08-13T18:00:00+07:00,Bàn giao thành phẩm đạt từ Sản xuất sang Kho.
receipt_production_2026_00088,wh_finished_north,,production,production_order_2026_00088,production_order_2026_00088,posted,receipt_production_2026_00088,2026-08-14T18:00:00+07:00,Bàn giao thành phẩm đạt từ Sản xuất sang Kho.
receipt_production_2026_00089,wh_finished_south,,production,production_order_2026_00089,production_order_2026_00089,posted,receipt_production_2026_00089,2026-09-14T18:00:00+07:00,Bàn giao thành phẩm đạt từ Sản xuất sang Kho.
receipt_production_2026_00090,wh_finished_north,,production,production_order_2026_00090,production_order_2026_00090,posted,receipt_production_2026_00090,2026-09-15T18:00:00+07:00,Bàn giao thành phẩm đạt từ Sản xuất sang Kho.
receipt_production_2026_00091,wh_finished_south,,production,production_order_2026_00091,production_order_2026_00091,posted,receipt_production_2026_00091,2026-01-19T18:00:00+07:00,Bàn giao thành phẩm đạt từ Sản xuất sang Kho.
receipt_production_2026_00092,wh_finished_north,,production,production_order_2026_00092,production_order_2026_00092,posted,receipt_production_2026_00092,2026-01-20T18:00:00+07:00,Bàn giao thành phẩm đạt từ Sản xuất sang Kho.
receipt_production_2026_00093,wh_finished_south,,production,production_order_2026_00093,production_order_2026_00093,posted,receipt_production_2026_00093,2026-02-20T18:00:00+07:00,Bàn giao thành phẩm đạt từ Sản xuất sang Kho.
receipt_production_2026_00094,wh_finished_north,,production,production_order_2026_00094,production_order_2026_00094,posted,receipt_production_2026_00094,2026-02-21T18:00:00+07:00,Bàn giao thành phẩm đạt từ Sản xuất sang Kho.
receipt_production_2026_00095,wh_finished_south,,production,production_order_2026_00095,production_order_2026_00095,posted,receipt_production_2026_00095,2026-03-05T18:00:00+07:00,Bàn giao thành phẩm đạt từ Sản xuất sang Kho.
receipt_production_2026_00096,wh_finished_north,,production,production_order_2026_00096,production_order_2026_00096,posted,receipt_production_2026_00096,2026-03-06T18:00:00+07:00,Bàn giao thành phẩm đạt từ Sản xuất sang Kho.
receipt_production_2026_00097,wh_finished_south,,production,production_order_2026_00097,production_order_2026_00097,posted,receipt_production_2026_00097,2026-04-06T18:00:00+07:00,Bàn giao thành phẩm đạt từ Sản xuất sang Kho.
receipt_production_2026_00098,wh_finished_north,,production,production_order_2026_00098,production_order_2026_00098,posted,receipt_production_2026_00098,2026-04-07T18:00:00+07:00,Bàn giao thành phẩm đạt từ Sản xuất sang Kho.
receipt_production_2026_00099,wh_finished_south,,production,production_order_2026_00099,production_order_2026_00099,posted,receipt_production_2026_00099,2026-05-11T18:00:00+07:00,Bàn giao thành phẩm đạt từ Sản xuất sang Kho.
receipt_production_2026_00100,wh_finished_north,,production,production_order_2026_00100,production_order_2026_00100,posted,receipt_production_2026_00100,2026-05-12T18:00:00+07:00,Bàn giao thành phẩm đạt từ Sản xuất sang Kho.
receipt_production_2026_00101,wh_finished_south,,production,production_order_2026_00101,production_order_2026_00101,posted,receipt_production_2026_00101,2026-06-12T18:00:00+07:00,Bàn giao thành phẩm đạt từ Sản xuất sang Kho.
receipt_production_2026_00102,wh_finished_north,,production,production_order_2026_00102,production_order_2026_00102,posted,receipt_production_2026_00102,2026-06-13T18:00:00+07:00,Bàn giao thành phẩm đạt từ Sản xuất sang Kho.
receipt_production_2026_00103,wh_finished_south,,production,production_order_2026_00103,production_order_2026_00103,posted,receipt_production_2026_00103,2026-07-17T18:00:00+07:00,Bàn giao thành phẩm đạt từ Sản xuất sang Kho.
receipt_production_2026_00104,wh_finished_north,,production,production_order_2026_00104,production_order_2026_00104,posted,receipt_production_2026_00104,2026-07-18T18:00:00+07:00,Bàn giao thành phẩm đạt từ Sản xuất sang Kho.
receipt_production_2026_00105,wh_finished_south,,production,production_order_2026_00105,production_order_2026_00105,posted,receipt_production_2026_00105,2026-08-18T18:00:00+07:00,Bàn giao thành phẩm đạt từ Sản xuất sang Kho.
receipt_production_2026_00106,wh_finished_north,,production,production_order_2026_00106,production_order_2026_00106,posted,receipt_production_2026_00106,2026-08-19T18:00:00+07:00,Bàn giao thành phẩm đạt từ Sản xuất sang Kho.
receipt_production_2026_00107,wh_finished_south,,production,production_order_2026_00107,production_order_2026_00107,posted,receipt_production_2026_00107,2026-09-23T18:00:00+07:00,Bàn giao thành phẩm đạt từ Sản xuất sang Kho.
receipt_production_2026_00108,wh_finished_north,,production,production_order_2026_00108,production_order_2026_00108,posted,receipt_production_2026_00108,2026-09-24T18:00:00+07:00,Bàn giao thành phẩm đạt từ Sản xuất sang Kho.
receipt_production_2026_00109,wh_finished_south,,production,production_order_2026_00109,production_order_2026_00109,posted,receipt_production_2026_00109,2026-01-04T18:00:00+07:00,Bàn giao thành phẩm đạt từ Sản xuất sang Kho.
receipt_production_2026_00110,wh_finished_north,,production,production_order_2026_00110,production_order_2026_00110,posted,receipt_production_2026_00110,2026-01-05T18:00:00+07:00,Bàn giao thành phẩm đạt từ Sản xuất sang Kho.
receipt_production_2026_00111,wh_finished_south,,production,production_order_2026_00111,production_order_2026_00111,posted,receipt_production_2026_00111,2026-02-09T18:00:00+07:00,Bàn giao thành phẩm đạt từ Sản xuất sang Kho.
receipt_production_2026_00112,wh_finished_north,,production,production_order_2026_00112,production_order_2026_00112,posted,receipt_production_2026_00112,2026-02-10T18:00:00+07:00,Bàn giao thành phẩm đạt từ Sản xuất sang Kho.
receipt_production_2026_00113,wh_finished_south,,production,production_order_2026_00113,production_order_2026_00113,posted,receipt_production_2026_00113,2026-03-10T18:00:00+07:00,Bàn giao thành phẩm đạt từ Sản xuất sang Kho.
receipt_production_2026_00114,wh_finished_north,,production,production_order_2026_00114,production_order_2026_00114,posted,receipt_production_2026_00114,2026-03-11T18:00:00+07:00,Bàn giao thành phẩm đạt từ Sản xuất sang Kho.
receipt_production_2026_00115,wh_finished_south,,production,production_order_2026_00115,production_order_2026_00115,posted,receipt_production_2026_00115,2026-04-15T18:00:00+07:00,Bàn giao thành phẩm đạt từ Sản xuất sang Kho.
receipt_production_2026_00116,wh_finished_north,,production,production_order_2026_00116,production_order_2026_00116,posted,receipt_production_2026_00116,2026-04-16T18:00:00+07:00,Bàn giao thành phẩm đạt từ Sản xuất sang Kho.
receipt_production_2026_00117,wh_finished_south,,production,production_order_2026_00117,production_order_2026_00117,posted,receipt_production_2026_00117,2026-05-16T18:00:00+07:00,Bàn giao thành phẩm đạt từ Sản xuất sang Kho.
receipt_production_2026_00118,wh_finished_north,,production,production_order_2026_00118,production_order_2026_00118,posted,receipt_production_2026_00118,2026-05-17T18:00:00+07:00,Bàn giao thành phẩm đạt từ Sản xuất sang Kho.
receipt_production_2026_00119,wh_finished_south,,production,production_order_2026_00119,production_order_2026_00119,posted,receipt_production_2026_00119,2026-06-21T18:00:00+07:00,Bàn giao thành phẩm đạt từ Sản xuất sang Kho.
receipt_production_2026_00120,wh_finished_north,,production,production_order_2026_00120,production_order_2026_00120,posted,receipt_production_2026_00120,2026-06-22T18:00:00+07:00,Bàn giao thành phẩm đạt từ Sản xuất sang Kho.
receipt_production_2026_00121,wh_finished_south,,production,production_order_2026_00121,production_order_2026_00121,posted,receipt_production_2026_00121,2026-07-02T18:00:00+07:00,Bàn giao thành phẩm đạt từ Sản xuất sang Kho.
receipt_production_2026_00122,wh_finished_north,,production,production_order_2026_00122,production_order_2026_00122,posted,receipt_production_2026_00122,2026-07-03T18:00:00+07:00,Bàn giao thành phẩm đạt từ Sản xuất sang Kho.
receipt_production_2026_00123,wh_finished_south,,production,production_order_2026_00123,production_order_2026_00123,posted,receipt_production_2026_00123,2026-08-07T18:00:00+07:00,Bàn giao thành phẩm đạt từ Sản xuất sang Kho.
receipt_production_2026_00124,wh_finished_north,,production,production_order_2026_00124,production_order_2026_00124,posted,receipt_production_2026_00124,2026-08-08T18:00:00+07:00,Bàn giao thành phẩm đạt từ Sản xuất sang Kho.
receipt_production_2026_00125,wh_finished_south,,production,production_order_2026_00125,production_order_2026_00125,posted,receipt_production_2026_00125,2026-09-08T18:00:00+07:00,Bàn giao thành phẩm đạt từ Sản xuất sang Kho.
receipt_production_2026_00126,wh_finished_north,,production,production_order_2026_00126,production_order_2026_00126,posted,receipt_production_2026_00126,2026-09-09T18:00:00+07:00,Bàn giao thành phẩm đạt từ Sản xuất sang Kho.
receipt_production_2026_00127,wh_finished_south,,production,production_order_2026_00127,production_order_2026_00127,posted,receipt_production_2026_00127,2026-01-13T18:00:00+07:00,Bàn giao thành phẩm đạt từ Sản xuất sang Kho.
receipt_production_2026_00128,wh_finished_north,,production,production_order_2026_00128,production_order_2026_00128,posted,receipt_production_2026_00128,2026-01-14T18:00:00+07:00,Bàn giao thành phẩm đạt từ Sản xuất sang Kho.
receipt_production_2026_00129,wh_finished_south,,production,production_order_2026_00129,production_order_2026_00129,posted,receipt_production_2026_00129,2026-02-14T18:00:00+07:00,Bàn giao thành phẩm đạt từ Sản xuất sang Kho.
receipt_production_2026_00130,wh_finished_north,,production,production_order_2026_00130,production_order_2026_00130,posted,receipt_production_2026_00130,2026-02-15T18:00:00+07:00,Bàn giao thành phẩm đạt từ Sản xuất sang Kho.
receipt_production_2026_00131,wh_finished_south,,production,production_order_2026_00131,production_order_2026_00131,posted,receipt_production_2026_00131,2026-03-19T18:00:00+07:00,Bàn giao thành phẩm đạt từ Sản xuất sang Kho.
receipt_production_2026_00132,wh_finished_north,,production,production_order_2026_00132,production_order_2026_00132,posted,receipt_production_2026_00132,2026-03-20T18:00:00+07:00,Bàn giao thành phẩm đạt từ Sản xuất sang Kho.
receipt_production_2026_00133,wh_finished_south,,production,production_order_2026_00133,production_order_2026_00133,posted,receipt_production_2026_00133,2026-04-20T18:00:00+07:00,Bàn giao thành phẩm đạt từ Sản xuất sang Kho.
receipt_production_2026_00134,wh_finished_north,,production,production_order_2026_00134,production_order_2026_00134,posted,receipt_production_2026_00134,2026-04-21T18:00:00+07:00,Bàn giao thành phẩm đạt từ Sản xuất sang Kho.
receipt_production_2026_00135,wh_finished_south,,production,production_order_2026_00135,production_order_2026_00135,posted,receipt_production_2026_00135,2026-05-05T18:00:00+07:00,Bàn giao thành phẩm đạt từ Sản xuất sang Kho.
receipt_production_2026_00136,wh_finished_north,,production,production_order_2026_00136,production_order_2026_00136,posted,receipt_production_2026_00136,2026-05-06T18:00:00+07:00,Bàn giao thành phẩm đạt từ Sản xuất sang Kho.
receipt_production_2026_00137,wh_finished_south,,production,production_order_2026_00137,production_order_2026_00137,posted,receipt_production_2026_00137,2026-06-06T18:00:00+07:00,Bàn giao thành phẩm đạt từ Sản xuất sang Kho.
receipt_production_2026_00138,wh_finished_north,,production,production_order_2026_00138,production_order_2026_00138,posted,receipt_production_2026_00138,2026-06-07T18:00:00+07:00,Bàn giao thành phẩm đạt từ Sản xuất sang Kho.
receipt_production_2026_00139,wh_finished_south,,production,production_order_2026_00139,production_order_2026_00139,posted,receipt_production_2026_00139,2026-07-11T18:00:00+07:00,Bàn giao thành phẩm đạt từ Sản xuất sang Kho.
receipt_production_2026_00140,wh_finished_north,,production,production_order_2026_00140,production_order_2026_00140,posted,receipt_production_2026_00140,2026-07-12T18:00:00+07:00,Bàn giao thành phẩm đạt từ Sản xuất sang Kho.
receipt_production_2026_00141,wh_finished_south,,production,production_order_2026_00141,production_order_2026_00141,posted,receipt_production_2026_00141,2026-08-12T18:00:00+07:00,Bàn giao thành phẩm đạt từ Sản xuất sang Kho.
receipt_production_2026_00142,wh_finished_north,,production,production_order_2026_00142,production_order_2026_00142,posted,receipt_production_2026_00142,2026-08-13T18:00:00+07:00,Bàn giao thành phẩm đạt từ Sản xuất sang Kho.
receipt_production_2026_00143,wh_finished_south,,production,production_order_2026_00143,production_order_2026_00143,posted,receipt_production_2026_00143,2026-09-17T18:00:00+07:00,Bàn giao thành phẩm đạt từ Sản xuất sang Kho.
receipt_production_2026_00144,wh_finished_north,,production,production_order_2026_00144,production_order_2026_00144,posted,receipt_production_2026_00144,2026-09-18T18:00:00+07:00,Bàn giao thành phẩm đạt từ Sản xuất sang Kho.
receipt_production_2026_00145,wh_finished_south,,production,production_order_2026_00145,production_order_2026_00145,posted,receipt_production_2026_00145,2026-01-18T18:00:00+07:00,Bàn giao thành phẩm đạt từ Sản xuất sang Kho.
receipt_production_2026_00146,wh_finished_north,,production,production_order_2026_00146,production_order_2026_00146,posted,receipt_production_2026_00146,2026-01-19T18:00:00+07:00,Bàn giao thành phẩm đạt từ Sản xuất sang Kho.
receipt_production_2026_00147,wh_finished_south,,production,production_order_2026_00147,production_order_2026_00147,posted,receipt_production_2026_00147,2026-02-23T18:00:00+07:00,Bàn giao thành phẩm đạt từ Sản xuất sang Kho.
receipt_production_2026_00148,wh_finished_north,,production,production_order_2026_00148,production_order_2026_00148,posted,receipt_production_2026_00148,2026-02-24T18:00:00+07:00,Bàn giao thành phẩm đạt từ Sản xuất sang Kho.
receipt_production_2026_00149,wh_finished_south,,production,production_order_2026_00149,production_order_2026_00149,posted,receipt_production_2026_00149,2026-03-04T18:00:00+07:00,Bàn giao thành phẩm đạt từ Sản xuất sang Kho.
receipt_production_2026_00150,wh_finished_north,,production,production_order_2026_00150,production_order_2026_00150,posted,receipt_production_2026_00150,2026-03-05T18:00:00+07:00,Bàn giao thành phẩm đạt từ Sản xuất sang Kho.
receipt_production_2026_00151,wh_finished_south,,production,production_order_2026_00151,production_order_2026_00151,posted,receipt_production_2026_00151,2026-04-09T18:00:00+07:00,Bàn giao thành phẩm đạt từ Sản xuất sang Kho.
receipt_production_2026_00152,wh_finished_north,,production,production_order_2026_00152,production_order_2026_00152,posted,receipt_production_2026_00152,2026-04-10T18:00:00+07:00,Bàn giao thành phẩm đạt từ Sản xuất sang Kho.
receipt_production_2026_00153,wh_finished_south,,production,production_order_2026_00153,production_order_2026_00153,posted,receipt_production_2026_00153,2026-05-10T18:00:00+07:00,Bàn giao thành phẩm đạt từ Sản xuất sang Kho.
receipt_production_2026_00154,wh_finished_north,,production,production_order_2026_00154,production_order_2026_00154,posted,receipt_production_2026_00154,2026-05-11T18:00:00+07:00,Bàn giao thành phẩm đạt từ Sản xuất sang Kho.
receipt_production_2026_00155,wh_finished_south,,production,production_order_2026_00155,production_order_2026_00155,posted,receipt_production_2026_00155,2026-06-15T18:00:00+07:00,Bàn giao thành phẩm đạt từ Sản xuất sang Kho.
receipt_production_2026_00156,wh_finished_north,,production,production_order_2026_00156,production_order_2026_00156,posted,receipt_production_2026_00156,2026-06-16T18:00:00+07:00,Bàn giao thành phẩm đạt từ Sản xuất sang Kho.
receipt_production_2026_00157,wh_finished_south,,production,production_order_2026_00157,production_order_2026_00157,posted,receipt_production_2026_00157,2026-07-16T18:00:00+07:00,Bàn giao thành phẩm đạt từ Sản xuất sang Kho.
receipt_production_2026_00158,wh_finished_north,,production,production_order_2026_00158,production_order_2026_00158,posted,receipt_production_2026_00158,2026-07-17T18:00:00+07:00,Bàn giao thành phẩm đạt từ Sản xuất sang Kho.
receipt_production_2026_00159,wh_finished_south,,production,production_order_2026_00159,production_order_2026_00159,posted,receipt_production_2026_00159,2026-08-21T18:00:00+07:00,Bàn giao thành phẩm đạt từ Sản xuất sang Kho.
receipt_production_2026_00160,wh_finished_north,,production,production_order_2026_00160,production_order_2026_00160,posted,receipt_production_2026_00160,2026-08-22T18:00:00+07:00,Bàn giao thành phẩm đạt từ Sản xuất sang Kho.
receipt_production_2026_00161,wh_finished_south,,production,production_order_2026_00161,production_order_2026_00161,posted,receipt_production_2026_00161,2026-09-02T18:00:00+07:00,Bàn giao thành phẩm đạt từ Sản xuất sang Kho.
receipt_production_2026_00162,wh_finished_north,,production,production_order_2026_00162,production_order_2026_00162,posted,receipt_production_2026_00162,2026-09-03T18:00:00+07:00,Bàn giao thành phẩm đạt từ Sản xuất sang Kho.
receipt_production_2026_00163,wh_finished_south,,production,production_order_2026_00163,production_order_2026_00163,posted,receipt_production_2026_00163,2026-01-07T18:00:00+07:00,Bàn giao thành phẩm đạt từ Sản xuất sang Kho.
receipt_production_2026_00164,wh_finished_north,,production,production_order_2026_00164,production_order_2026_00164,posted,receipt_production_2026_00164,2026-01-08T18:00:00+07:00,Bàn giao thành phẩm đạt từ Sản xuất sang Kho.
receipt_production_2026_00165,wh_finished_south,,production,production_order_2026_00165,production_order_2026_00165,posted,receipt_production_2026_00165,2026-02-08T18:00:00+07:00,Bàn giao thành phẩm đạt từ Sản xuất sang Kho.
receipt_production_2026_00166,wh_finished_north,,production,production_order_2026_00166,production_order_2026_00166,posted,receipt_production_2026_00166,2026-02-09T18:00:00+07:00,Bàn giao thành phẩm đạt từ Sản xuất sang Kho.
receipt_production_2026_00167,wh_finished_south,,production,production_order_2026_00167,production_order_2026_00167,posted,receipt_production_2026_00167,2026-03-13T18:00:00+07:00,Bàn giao thành phẩm đạt từ Sản xuất sang Kho.
receipt_production_2026_00168,wh_finished_north,,production,production_order_2026_00168,production_order_2026_00168,posted,receipt_production_2026_00168,2026-03-14T18:00:00+07:00,Bàn giao thành phẩm đạt từ Sản xuất sang Kho.
receipt_production_2026_00169,wh_finished_south,,production,production_order_2026_00169,production_order_2026_00169,posted,receipt_production_2026_00169,2026-04-14T18:00:00+07:00,Bàn giao thành phẩm đạt từ Sản xuất sang Kho.
receipt_production_2026_00170,wh_finished_north,,production,production_order_2026_00170,production_order_2026_00170,posted,receipt_production_2026_00170,2026-04-15T18:00:00+07:00,Bàn giao thành phẩm đạt từ Sản xuất sang Kho.
receipt_production_2026_00171,wh_finished_south,,production,production_order_2026_00171,production_order_2026_00171,posted,receipt_production_2026_00171,2026-05-19T18:00:00+07:00,Bàn giao thành phẩm đạt từ Sản xuất sang Kho.
receipt_production_2026_00172,wh_finished_north,,production,production_order_2026_00172,production_order_2026_00172,posted,receipt_production_2026_00172,2026-05-20T18:00:00+07:00,Bàn giao thành phẩm đạt từ Sản xuất sang Kho.
receipt_production_2026_00173,wh_finished_south,,production,production_order_2026_00173,production_order_2026_00173,posted,receipt_production_2026_00173,2026-06-20T18:00:00+07:00,Bàn giao thành phẩm đạt từ Sản xuất sang Kho.
receipt_production_2026_00174,wh_finished_north,,production,production_order_2026_00174,production_order_2026_00174,posted,receipt_production_2026_00174,2026-06-21T18:00:00+07:00,Bàn giao thành phẩm đạt từ Sản xuất sang Kho.
receipt_production_2026_00175,wh_finished_south,,production,production_order_2026_00175,production_order_2026_00175,posted,receipt_production_2026_00175,2026-07-05T18:00:00+07:00,Bàn giao thành phẩm đạt từ Sản xuất sang Kho.
receipt_production_2026_00176,wh_finished_north,,production,production_order_2026_00176,production_order_2026_00176,posted,receipt_production_2026_00176,2026-07-06T18:00:00+07:00,Bàn giao thành phẩm đạt từ Sản xuất sang Kho.
receipt_production_2026_00177,wh_finished_south,,production,production_order_2026_00177,production_order_2026_00177,posted,receipt_production_2026_00177,2026-08-06T18:00:00+07:00,Bàn giao thành phẩm đạt từ Sản xuất sang Kho.
receipt_production_2026_00178,wh_finished_north,,production,production_order_2026_00178,production_order_2026_00178,posted,receipt_production_2026_00178,2026-08-07T18:00:00+07:00,Bàn giao thành phẩm đạt từ Sản xuất sang Kho.
receipt_production_2026_00179,wh_finished_south,,production,production_order_2026_00179,production_order_2026_00179,posted,receipt_production_2026_00179,2026-09-11T18:00:00+07:00,Bàn giao thành phẩm đạt từ Sản xuất sang Kho.
receipt_production_2026_00180,wh_finished_north,,production,production_order_2026_00180,production_order_2026_00180,posted,receipt_production_2026_00180,2026-09-12T18:00:00+07:00,Bàn giao thành phẩm đạt từ Sản xuất sang Kho.
receipt_production_2026_00181,wh_finished_south,,production,production_order_2026_00181,production_order_2026_00181,posted,receipt_production_2026_00181,2026-01-12T18:00:00+07:00,Bàn giao thành phẩm đạt từ Sản xuất sang Kho.
receipt_production_2026_00182,wh_finished_north,,production,production_order_2026_00182,production_order_2026_00182,posted,receipt_production_2026_00182,2026-01-13T18:00:00+07:00,Bàn giao thành phẩm đạt từ Sản xuất sang Kho.
receipt_production_2026_00183,wh_finished_south,,production,production_order_2026_00183,production_order_2026_00183,posted,receipt_production_2026_00183,2026-02-17T18:00:00+07:00,Bàn giao thành phẩm đạt từ Sản xuất sang Kho.
receipt_production_2026_00184,wh_finished_north,,production,production_order_2026_00184,production_order_2026_00184,posted,receipt_production_2026_00184,2026-02-18T18:00:00+07:00,Bàn giao thành phẩm đạt từ Sản xuất sang Kho.
receipt_production_2026_00185,wh_finished_south,,production,production_order_2026_00185,production_order_2026_00185,posted,receipt_production_2026_00185,2026-03-18T18:00:00+07:00,Bàn giao thành phẩm đạt từ Sản xuất sang Kho.
receipt_production_2026_00186,wh_finished_north,,production,production_order_2026_00186,production_order_2026_00186,posted,receipt_production_2026_00186,2026-03-19T18:00:00+07:00,Bàn giao thành phẩm đạt từ Sản xuất sang Kho.
receipt_production_2026_00187,wh_finished_south,,production,production_order_2026_00187,production_order_2026_00187,posted,receipt_production_2026_00187,2026-04-23T18:00:00+07:00,Bàn giao thành phẩm đạt từ Sản xuất sang Kho.
receipt_production_2026_00188,wh_finished_north,,production,production_order_2026_00188,production_order_2026_00188,posted,receipt_production_2026_00188,2026-04-24T18:00:00+07:00,Bàn giao thành phẩm đạt từ Sản xuất sang Kho.
receipt_production_2026_00189,wh_finished_south,,production,production_order_2026_00189,production_order_2026_00189,posted,receipt_production_2026_00189,2026-05-04T18:00:00+07:00,Bàn giao thành phẩm đạt từ Sản xuất sang Kho.
receipt_production_2026_00190,wh_finished_north,,production,production_order_2026_00190,production_order_2026_00190,posted,receipt_production_2026_00190,2026-05-05T18:00:00+07:00,Bàn giao thành phẩm đạt từ Sản xuất sang Kho.
receipt_production_2026_00191,wh_finished_south,,production,production_order_2026_00191,production_order_2026_00191,posted,receipt_production_2026_00191,2026-06-09T18:00:00+07:00,Bàn giao thành phẩm đạt từ Sản xuất sang Kho.
receipt_production_2026_00192,wh_finished_north,,production,production_order_2026_00192,production_order_2026_00192,posted,receipt_production_2026_00192,2026-06-10T18:00:00+07:00,Bàn giao thành phẩm đạt từ Sản xuất sang Kho.
receipt_production_2026_00193,wh_finished_south,,production,production_order_2026_00193,production_order_2026_00193,posted,receipt_production_2026_00193,2026-07-10T18:00:00+07:00,Bàn giao thành phẩm đạt từ Sản xuất sang Kho.
receipt_production_2026_00194,wh_finished_north,,production,production_order_2026_00194,production_order_2026_00194,posted,receipt_production_2026_00194,2026-07-11T18:00:00+07:00,Bàn giao thành phẩm đạt từ Sản xuất sang Kho.
receipt_production_2026_00195,wh_finished_south,,production,production_order_2026_00195,production_order_2026_00195,posted,receipt_production_2026_00195,2026-08-15T18:00:00+07:00,Bàn giao thành phẩm đạt từ Sản xuất sang Kho.
receipt_production_2026_00196,wh_finished_north,,production,production_order_2026_00196,production_order_2026_00196,posted,receipt_production_2026_00196,2026-08-16T18:00:00+07:00,Bàn giao thành phẩm đạt từ Sản xuất sang Kho.
receipt_production_2026_00197,wh_finished_south,,production,production_order_2026_00197,production_order_2026_00197,posted,receipt_production_2026_00197,2026-09-16T18:00:00+07:00,Bàn giao thành phẩm đạt từ Sản xuất sang Kho.
receipt_production_2026_00198,wh_finished_north,,production,production_order_2026_00198,production_order_2026_00198,posted,receipt_production_2026_00198,2026-09-17T18:00:00+07:00,Bàn giao thành phẩm đạt từ Sản xuất sang Kho.
receipt_production_2026_00199,wh_finished_south,,production,production_order_2026_00199,production_order_2026_00199,posted,receipt_production_2026_00199,2026-01-21T18:00:00+07:00,Bàn giao thành phẩm đạt từ Sản xuất sang Kho.
receipt_production_2026_00200,wh_finished_north,,production,production_order_2026_00200,production_order_2026_00200,posted,receipt_production_2026_00200,2026-01-22T18:00:00+07:00,Bàn giao thành phẩm đạt từ Sản xuất sang Kho.
receipt_production_2026_00201,wh_finished_south,,production,production_order_2026_00201,production_order_2026_00201,posted,receipt_production_2026_00201,2026-02-02T18:00:00+07:00,Bàn giao thành phẩm đạt từ Sản xuất sang Kho.
receipt_production_2026_00202,wh_finished_north,,production,production_order_2026_00202,production_order_2026_00202,posted,receipt_production_2026_00202,2026-02-03T18:00:00+07:00,Bàn giao thành phẩm đạt từ Sản xuất sang Kho.
receipt_production_2026_00203,wh_finished_south,,production,production_order_2026_00203,production_order_2026_00203,posted,receipt_production_2026_00203,2026-03-07T18:00:00+07:00,Bàn giao thành phẩm đạt từ Sản xuất sang Kho.
receipt_production_2026_00204,wh_finished_north,,production,production_order_2026_00204,production_order_2026_00204,posted,receipt_production_2026_00204,2026-03-08T18:00:00+07:00,Bàn giao thành phẩm đạt từ Sản xuất sang Kho.
receipt_production_2026_00205,wh_finished_south,,production,production_order_2026_00205,production_order_2026_00205,posted,receipt_production_2026_00205,2026-04-08T18:00:00+07:00,Bàn giao thành phẩm đạt từ Sản xuất sang Kho.
receipt_production_2026_00206,wh_finished_north,,production,production_order_2026_00206,production_order_2026_00206,posted,receipt_production_2026_00206,2026-04-09T18:00:00+07:00,Bàn giao thành phẩm đạt từ Sản xuất sang Kho.
receipt_production_2026_00207,wh_finished_south,,production,production_order_2026_00207,production_order_2026_00207,posted,receipt_production_2026_00207,2026-05-13T18:00:00+07:00,Bàn giao thành phẩm đạt từ Sản xuất sang Kho.
receipt_production_2026_00208,wh_finished_north,,production,production_order_2026_00208,production_order_2026_00208,posted,receipt_production_2026_00208,2026-05-14T18:00:00+07:00,Bàn giao thành phẩm đạt từ Sản xuất sang Kho.
receipt_production_2026_00209,wh_finished_south,,production,production_order_2026_00209,production_order_2026_00209,posted,receipt_production_2026_00209,2026-06-14T18:00:00+07:00,Bàn giao thành phẩm đạt từ Sản xuất sang Kho.
receipt_production_2026_00210,wh_finished_north,,production,production_order_2026_00210,production_order_2026_00210,posted,receipt_production_2026_00210,2026-06-15T18:00:00+07:00,Bàn giao thành phẩm đạt từ Sản xuất sang Kho.
receipt_production_2026_00211,wh_finished_south,,production,production_order_2026_00211,production_order_2026_00211,posted,receipt_production_2026_00211,2026-07-19T18:00:00+07:00,Bàn giao thành phẩm đạt từ Sản xuất sang Kho.
receipt_production_2026_00212,wh_finished_north,,production,production_order_2026_00212,production_order_2026_00212,posted,receipt_production_2026_00212,2026-07-20T18:00:00+07:00,Bàn giao thành phẩm đạt từ Sản xuất sang Kho.
receipt_production_2026_00213,wh_finished_south,,production,production_order_2026_00213,production_order_2026_00213,posted,receipt_production_2026_00213,2026-08-20T18:00:00+07:00,Bàn giao thành phẩm đạt từ Sản xuất sang Kho.
receipt_production_2026_00214,wh_finished_north,,production,production_order_2026_00214,production_order_2026_00214,posted,receipt_production_2026_00214,2026-08-21T18:00:00+07:00,Bàn giao thành phẩm đạt từ Sản xuất sang Kho.
receipt_production_2026_00215,wh_finished_south,,production,production_order_2026_00215,production_order_2026_00215,posted,receipt_production_2026_00215,2026-09-05T18:00:00+07:00,Bàn giao thành phẩm đạt từ Sản xuất sang Kho.
receipt_production_2026_00216,wh_finished_north,,production,production_order_2026_00216,production_order_2026_00216,posted,receipt_production_2026_00216,2026-09-06T18:00:00+07:00,Bàn giao thành phẩm đạt từ Sản xuất sang Kho.
receipt_production_2026_00217,wh_finished_south,,production,production_order_2026_00217,production_order_2026_00217,posted,receipt_production_2026_00217,2026-01-06T18:00:00+07:00,Bàn giao thành phẩm đạt từ Sản xuất sang Kho.
receipt_production_2026_00218,wh_finished_north,,production,production_order_2026_00218,production_order_2026_00218,posted,receipt_production_2026_00218,2026-01-07T18:00:00+07:00,Bàn giao thành phẩm đạt từ Sản xuất sang Kho.
receipt_production_2026_00219,wh_finished_south,,production,production_order_2026_00219,production_order_2026_00219,posted,receipt_production_2026_00219,2026-02-11T18:00:00+07:00,Bàn giao thành phẩm đạt từ Sản xuất sang Kho.
receipt_production_2026_00220,wh_finished_north,,production,production_order_2026_00220,production_order_2026_00220,posted,receipt_production_2026_00220,2026-02-12T18:00:00+07:00,Bàn giao thành phẩm đạt từ Sản xuất sang Kho.
receipt_production_2026_00221,wh_finished_south,,production,production_order_2026_00221,production_order_2026_00221,posted,receipt_production_2026_00221,2026-03-12T18:00:00+07:00,Bàn giao thành phẩm đạt từ Sản xuất sang Kho.
receipt_production_2026_00222,wh_finished_north,,production,production_order_2026_00222,production_order_2026_00222,posted,receipt_production_2026_00222,2026-03-13T18:00:00+07:00,Bàn giao thành phẩm đạt từ Sản xuất sang Kho.
receipt_production_2026_00223,wh_finished_south,,production,production_order_2026_00223,production_order_2026_00223,posted,receipt_production_2026_00223,2026-04-17T18:00:00+07:00,Bàn giao thành phẩm đạt từ Sản xuất sang Kho.
receipt_production_2026_00224,wh_finished_north,,production,production_order_2026_00224,production_order_2026_00224,posted,receipt_production_2026_00224,2026-04-18T18:00:00+07:00,Bàn giao thành phẩm đạt từ Sản xuất sang Kho.
receipt_production_2026_00225,wh_finished_south,,production,production_order_2026_00225,production_order_2026_00225,posted,receipt_production_2026_00225,2026-05-18T18:00:00+07:00,Bàn giao thành phẩm đạt từ Sản xuất sang Kho.
receipt_production_2026_00226,wh_finished_north,,production,production_order_2026_00226,production_order_2026_00226,posted,receipt_production_2026_00226,2026-05-19T18:00:00+07:00,Bàn giao thành phẩm đạt từ Sản xuất sang Kho.
receipt_production_2026_00227,wh_finished_south,,production,production_order_2026_00227,production_order_2026_00227,posted,receipt_production_2026_00227,2026-06-23T18:00:00+07:00,Bàn giao thành phẩm đạt từ Sản xuất sang Kho.
receipt_production_2026_00228,wh_finished_north,,production,production_order_2026_00228,production_order_2026_00228,posted,receipt_production_2026_00228,2026-06-24T18:00:00+07:00,Bàn giao thành phẩm đạt từ Sản xuất sang Kho.
receipt_production_2026_00229,wh_finished_south,,production,production_order_2026_00229,production_order_2026_00229,posted,receipt_production_2026_00229,2026-07-04T18:00:00+07:00,Bàn giao thành phẩm đạt từ Sản xuất sang Kho.
receipt_production_2026_00230,wh_finished_north,,production,production_order_2026_00230,production_order_2026_00230,posted,receipt_production_2026_00230,2026-07-05T18:00:00+07:00,Bàn giao thành phẩm đạt từ Sản xuất sang Kho.
receipt_production_2026_00231,wh_finished_south,,production,production_order_2026_00231,production_order_2026_00231,posted,receipt_production_2026_00231,2026-08-09T18:00:00+07:00,Bàn giao thành phẩm đạt từ Sản xuất sang Kho.
receipt_production_2026_00232,wh_finished_north,,production,production_order_2026_00232,production_order_2026_00232,posted,receipt_production_2026_00232,2026-08-10T18:00:00+07:00,Bàn giao thành phẩm đạt từ Sản xuất sang Kho.
receipt_production_2026_00233,wh_finished_south,,production,production_order_2026_00233,production_order_2026_00233,posted,receipt_production_2026_00233,2026-09-10T18:00:00+07:00,Bàn giao thành phẩm đạt từ Sản xuất sang Kho.
receipt_production_2026_00234,wh_finished_north,,production,production_order_2026_00234,production_order_2026_00234,posted,receipt_production_2026_00234,2026-09-11T18:00:00+07:00,Bàn giao thành phẩm đạt từ Sản xuất sang Kho.
receipt_production_2026_00235,wh_finished_south,,production,production_order_2026_00235,production_order_2026_00235,posted,receipt_production_2026_00235,2026-01-15T18:00:00+07:00,Bàn giao thành phẩm đạt từ Sản xuất sang Kho.
receipt_production_2026_00236,wh_finished_north,,production,production_order_2026_00236,production_order_2026_00236,posted,receipt_production_2026_00236,2026-01-16T18:00:00+07:00,Bàn giao thành phẩm đạt từ Sản xuất sang Kho.
receipt_production_2026_00237,wh_finished_south,,production,production_order_2026_00237,production_order_2026_00237,posted,receipt_production_2026_00237,2026-02-16T18:00:00+07:00,Bàn giao thành phẩm đạt từ Sản xuất sang Kho.
receipt_production_2026_00238,wh_finished_north,,production,production_order_2026_00238,production_order_2026_00238,posted,receipt_production_2026_00238,2026-02-17T18:00:00+07:00,Bàn giao thành phẩm đạt từ Sản xuất sang Kho.
receipt_production_2026_00239,wh_finished_south,,production,production_order_2026_00239,production_order_2026_00239,posted,receipt_production_2026_00239,2026-03-21T18:00:00+07:00,Bàn giao thành phẩm đạt từ Sản xuất sang Kho.
receipt_production_2026_00240,wh_finished_north,,production,production_order_2026_00240,production_order_2026_00240,posted,receipt_production_2026_00240,2026-03-22T18:00:00+07:00,Bàn giao thành phẩm đạt từ Sản xuất sang Kho.
receipt_production_2026_00241,wh_finished_south,,production,production_order_2026_00241,production_order_2026_00241,posted,receipt_production_2026_00241,2026-04-02T18:00:00+07:00,Bàn giao thành phẩm đạt từ Sản xuất sang Kho.
receipt_production_2026_00242,wh_finished_north,,production,production_order_2026_00242,production_order_2026_00242,posted,receipt_production_2026_00242,2026-04-03T18:00:00+07:00,Bàn giao thành phẩm đạt từ Sản xuất sang Kho.
receipt_production_2026_00243,wh_finished_south,,production,production_order_2026_00243,production_order_2026_00243,posted,receipt_production_2026_00243,2026-05-07T18:00:00+07:00,Bàn giao thành phẩm đạt từ Sản xuất sang Kho.
receipt_production_2026_00244,wh_finished_north,,production,production_order_2026_00244,production_order_2026_00244,posted,receipt_production_2026_00244,2026-05-08T18:00:00+07:00,Bàn giao thành phẩm đạt từ Sản xuất sang Kho.
receipt_production_2026_00245,wh_finished_south,,production,production_order_2026_00245,production_order_2026_00245,posted,receipt_production_2026_00245,2026-06-08T18:00:00+07:00,Bàn giao thành phẩm đạt từ Sản xuất sang Kho.
receipt_production_2026_00246,wh_finished_north,,production,production_order_2026_00246,production_order_2026_00246,posted,receipt_production_2026_00246,2026-06-09T18:00:00+07:00,Bàn giao thành phẩm đạt từ Sản xuất sang Kho.
receipt_production_2026_00247,wh_finished_south,,production,production_order_2026_00247,production_order_2026_00247,posted,receipt_production_2026_00247,2026-07-13T18:00:00+07:00,Bàn giao thành phẩm đạt từ Sản xuất sang Kho.
receipt_production_2026_00248,wh_finished_north,,production,production_order_2026_00248,production_order_2026_00248,posted,receipt_production_2026_00248,2026-07-14T18:00:00+07:00,Bàn giao thành phẩm đạt từ Sản xuất sang Kho.
receipt_production_2026_00249,wh_finished_south,,production,production_order_2026_00249,production_order_2026_00249,posted,receipt_production_2026_00249,2026-08-14T18:00:00+07:00,Bàn giao thành phẩm đạt từ Sản xuất sang Kho.
receipt_production_2026_00250,wh_finished_north,,production,production_order_2026_00250,production_order_2026_00250,posted,receipt_production_2026_00250,2026-08-15T18:00:00+07:00,Bàn giao thành phẩm đạt từ Sản xuất sang Kho.
receipt_production_2026_00251,wh_finished_south,,production,production_order_2026_00251,production_order_2026_00251,posted,receipt_production_2026_00251,2026-09-19T18:00:00+07:00,Bàn giao thành phẩm đạt từ Sản xuất sang Kho.
receipt_production_2026_00252,wh_finished_north,,production,production_order_2026_00252,production_order_2026_00252,posted,receipt_production_2026_00252,2026-09-20T18:00:00+07:00,Bàn giao thành phẩm đạt từ Sản xuất sang Kho.
receipt_production_2026_00253,wh_finished_south,,production,production_order_2026_00253,production_order_2026_00253,posted,receipt_production_2026_00253,2026-01-20T18:00:00+07:00,Bàn giao thành phẩm đạt từ Sản xuất sang Kho.
receipt_production_2026_00254,wh_finished_north,,production,production_order_2026_00254,production_order_2026_00254,posted,receipt_production_2026_00254,2026-01-21T18:00:00+07:00,Bàn giao thành phẩm đạt từ Sản xuất sang Kho.
receipt_production_2026_00255,wh_finished_south,,production,production_order_2026_00255,production_order_2026_00255,posted,receipt_production_2026_00255,2026-02-05T18:00:00+07:00,Bàn giao thành phẩm đạt từ Sản xuất sang Kho.
receipt_production_2026_00256,wh_finished_north,,production,production_order_2026_00256,production_order_2026_00256,posted,receipt_production_2026_00256,2026-02-06T18:00:00+07:00,Bàn giao thành phẩm đạt từ Sản xuất sang Kho.
receipt_production_2026_00257,wh_finished_south,,production,production_order_2026_00257,production_order_2026_00257,posted,receipt_production_2026_00257,2026-03-06T18:00:00+07:00,Bàn giao thành phẩm đạt từ Sản xuất sang Kho.
receipt_production_2026_00258,wh_finished_north,,production,production_order_2026_00258,production_order_2026_00258,posted,receipt_production_2026_00258,2026-03-07T18:00:00+07:00,Bàn giao thành phẩm đạt từ Sản xuất sang Kho.
receipt_production_2026_00259,wh_finished_south,,production,production_order_2026_00259,production_order_2026_00259,posted,receipt_production_2026_00259,2026-04-11T18:00:00+07:00,Bàn giao thành phẩm đạt từ Sản xuất sang Kho.
receipt_production_2026_00260,wh_finished_north,,production,production_order_2026_00260,production_order_2026_00260,posted,receipt_production_2026_00260,2026-04-12T18:00:00+07:00,Bàn giao thành phẩm đạt từ Sản xuất sang Kho.
receipt_production_2026_00261,wh_finished_south,,production,production_order_2026_00261,production_order_2026_00261,posted,receipt_production_2026_00261,2026-05-12T18:00:00+07:00,Bàn giao thành phẩm đạt từ Sản xuất sang Kho.
receipt_production_2026_00262,wh_finished_north,,production,production_order_2026_00262,production_order_2026_00262,posted,receipt_production_2026_00262,2026-05-13T18:00:00+07:00,Bàn giao thành phẩm đạt từ Sản xuất sang Kho.
receipt_production_2026_00263,wh_finished_south,,production,production_order_2026_00263,production_order_2026_00263,posted,receipt_production_2026_00263,2026-06-17T18:00:00+07:00,Bàn giao thành phẩm đạt từ Sản xuất sang Kho.
receipt_production_2026_00264,wh_finished_north,,production,production_order_2026_00264,production_order_2026_00264,posted,receipt_production_2026_00264,2026-06-18T18:00:00+07:00,Bàn giao thành phẩm đạt từ Sản xuất sang Kho.
receipt_production_2026_00265,wh_finished_south,,production,production_order_2026_00265,production_order_2026_00265,posted,receipt_production_2026_00265,2026-07-18T18:00:00+07:00,Bàn giao thành phẩm đạt từ Sản xuất sang Kho.
receipt_production_2026_00266,wh_finished_north,,production,production_order_2026_00266,production_order_2026_00266,posted,receipt_production_2026_00266,2026-07-19T18:00:00+07:00,Bàn giao thành phẩm đạt từ Sản xuất sang Kho.
receipt_production_2026_00267,wh_finished_south,,production,production_order_2026_00267,production_order_2026_00267,posted,receipt_production_2026_00267,2026-08-23T18:00:00+07:00,Bàn giao thành phẩm đạt từ Sản xuất sang Kho.
receipt_production_2026_00268,wh_finished_north,,production,production_order_2026_00268,production_order_2026_00268,posted,receipt_production_2026_00268,2026-08-24T18:00:00+07:00,Bàn giao thành phẩm đạt từ Sản xuất sang Kho.
receipt_production_2026_00269,wh_finished_south,,production,production_order_2026_00269,production_order_2026_00269,posted,receipt_production_2026_00269,2026-09-04T18:00:00+07:00,Bàn giao thành phẩm đạt từ Sản xuất sang Kho.
receipt_production_2026_00270,wh_finished_north,,production,production_order_2026_00270,production_order_2026_00270,posted,receipt_production_2026_00270,2026-09-05T18:00:00+07:00,Bàn giao thành phẩm đạt từ Sản xuất sang Kho.
receipt_production_2026_00271,wh_finished_south,,production,production_order_2026_00271,production_order_2026_00271,posted,receipt_production_2026_00271,2026-01-09T18:00:00+07:00,Bàn giao thành phẩm đạt từ Sản xuất sang Kho.
receipt_production_2026_00272,wh_finished_north,,production,production_order_2026_00272,production_order_2026_00272,posted,receipt_production_2026_00272,2026-01-10T18:00:00+07:00,Bàn giao thành phẩm đạt từ Sản xuất sang Kho.
receipt_production_2026_00273,wh_finished_south,,production,production_order_2026_00273,production_order_2026_00273,posted,receipt_production_2026_00273,2026-02-10T18:00:00+07:00,Bàn giao thành phẩm đạt từ Sản xuất sang Kho.
receipt_production_2026_00274,wh_finished_north,,production,production_order_2026_00274,production_order_2026_00274,posted,receipt_production_2026_00274,2026-02-11T18:00:00+07:00,Bàn giao thành phẩm đạt từ Sản xuất sang Kho.
receipt_production_2026_00275,wh_finished_south,,production,production_order_2026_00275,production_order_2026_00275,posted,receipt_production_2026_00275,2026-03-15T18:00:00+07:00,Bàn giao thành phẩm đạt từ Sản xuất sang Kho.
receipt_production_2026_00276,wh_finished_north,,production,production_order_2026_00276,production_order_2026_00276,posted,receipt_production_2026_00276,2026-03-16T18:00:00+07:00,Bàn giao thành phẩm đạt từ Sản xuất sang Kho.
receipt_production_2026_00277,wh_finished_south,,production,production_order_2026_00277,production_order_2026_00277,posted,receipt_production_2026_00277,2026-04-16T18:00:00+07:00,Bàn giao thành phẩm đạt từ Sản xuất sang Kho.
receipt_production_2026_00278,wh_finished_north,,production,production_order_2026_00278,production_order_2026_00278,posted,receipt_production_2026_00278,2026-04-17T18:00:00+07:00,Bàn giao thành phẩm đạt từ Sản xuất sang Kho.
receipt_production_2026_00279,wh_finished_south,,production,production_order_2026_00279,production_order_2026_00279,posted,receipt_production_2026_00279,2026-05-21T18:00:00+07:00,Bàn giao thành phẩm đạt từ Sản xuất sang Kho.
receipt_production_2026_00280,wh_finished_north,,production,production_order_2026_00280,production_order_2026_00280,posted,receipt_production_2026_00280,2026-05-22T18:00:00+07:00,Bàn giao thành phẩm đạt từ Sản xuất sang Kho.
receipt_production_2026_00281,wh_finished_south,,production,production_order_2026_00281,production_order_2026_00281,posted,receipt_production_2026_00281,2026-06-02T18:00:00+07:00,Bàn giao thành phẩm đạt từ Sản xuất sang Kho.
receipt_production_2026_00282,wh_finished_north,,production,production_order_2026_00282,production_order_2026_00282,posted,receipt_production_2026_00282,2026-06-03T18:00:00+07:00,Bàn giao thành phẩm đạt từ Sản xuất sang Kho.
receipt_production_2026_00283,wh_finished_south,,production,production_order_2026_00283,production_order_2026_00283,posted,receipt_production_2026_00283,2026-07-07T18:00:00+07:00,Bàn giao thành phẩm đạt từ Sản xuất sang Kho.
receipt_production_2026_00284,wh_finished_north,,production,production_order_2026_00284,production_order_2026_00284,posted,receipt_production_2026_00284,2026-07-08T18:00:00+07:00,Bàn giao thành phẩm đạt từ Sản xuất sang Kho.
receipt_production_2026_00285,wh_finished_south,,production,production_order_2026_00285,production_order_2026_00285,posted,receipt_production_2026_00285,2026-08-08T18:00:00+07:00,Bàn giao thành phẩm đạt từ Sản xuất sang Kho.
receipt_production_2026_00286,wh_finished_north,,production,production_order_2026_00286,production_order_2026_00286,posted,receipt_production_2026_00286,2026-08-09T18:00:00+07:00,Bàn giao thành phẩm đạt từ Sản xuất sang Kho.
receipt_production_2026_00287,wh_finished_south,,production,production_order_2026_00287,production_order_2026_00287,posted,receipt_production_2026_00287,2026-09-13T18:00:00+07:00,Bàn giao thành phẩm đạt từ Sản xuất sang Kho.
receipt_production_2026_00288,wh_finished_north,,production,production_order_2026_00288,production_order_2026_00288,posted,receipt_production_2026_00288,2026-09-14T18:00:00+07:00,Bàn giao thành phẩm đạt từ Sản xuất sang Kho.
receipt_production_2026_00289,wh_finished_south,,production,production_order_2026_00289,production_order_2026_00289,posted,receipt_production_2026_00289,2026-01-14T18:00:00+07:00,Bàn giao thành phẩm đạt từ Sản xuất sang Kho.
receipt_production_2026_00290,wh_finished_north,,production,production_order_2026_00290,production_order_2026_00290,posted,receipt_production_2026_00290,2026-01-15T18:00:00+07:00,Bàn giao thành phẩm đạt từ Sản xuất sang Kho.
receipt_production_2026_00291,wh_finished_south,,production,production_order_2026_00291,production_order_2026_00291,posted,receipt_production_2026_00291,2026-02-19T18:00:00+07:00,Bàn giao thành phẩm đạt từ Sản xuất sang Kho.
receipt_production_2026_00292,wh_finished_north,,production,production_order_2026_00292,production_order_2026_00292,posted,receipt_production_2026_00292,2026-02-20T18:00:00+07:00,Bàn giao thành phẩm đạt từ Sản xuất sang Kho.
receipt_production_2026_00293,wh_finished_south,,production,production_order_2026_00293,production_order_2026_00293,posted,receipt_production_2026_00293,2026-03-20T18:00:00+07:00,Bàn giao thành phẩm đạt từ Sản xuất sang Kho.
receipt_production_2026_00294,wh_finished_north,,production,production_order_2026_00294,production_order_2026_00294,posted,receipt_production_2026_00294,2026-03-21T18:00:00+07:00,Bàn giao thành phẩm đạt từ Sản xuất sang Kho.
receipt_production_2026_00295,wh_finished_south,,production,production_order_2026_00295,production_order_2026_00295,posted,receipt_production_2026_00295,2026-04-05T18:00:00+07:00,Bàn giao thành phẩm đạt từ Sản xuất sang Kho.
receipt_production_2026_00296,wh_finished_north,,production,production_order_2026_00296,production_order_2026_00296,posted,receipt_production_2026_00296,2026-04-06T18:00:00+07:00,Bàn giao thành phẩm đạt từ Sản xuất sang Kho.
receipt_production_2026_00297,wh_finished_south,,production,production_order_2026_00297,production_order_2026_00297,posted,receipt_production_2026_00297,2026-05-06T18:00:00+07:00,Bàn giao thành phẩm đạt từ Sản xuất sang Kho.
receipt_production_2026_00298,wh_finished_north,,production,production_order_2026_00298,production_order_2026_00298,posted,receipt_production_2026_00298,2026-05-07T18:00:00+07:00,Bàn giao thành phẩm đạt từ Sản xuất sang Kho.
receipt_production_2026_00299,wh_finished_south,,production,production_order_2026_00299,production_order_2026_00299,posted,receipt_production_2026_00299,2026-06-11T18:00:00+07:00,Bàn giao thành phẩm đạt từ Sản xuất sang Kho.
receipt_production_2026_00300,wh_finished_north,,production,production_order_2026_00300,production_order_2026_00300,posted,receipt_production_2026_00300,2026-06-12T18:00:00+07:00,Bàn giao thành phẩm đạt từ Sản xuất sang Kho.
