receipt_code,line_number,item_code,location_code,lot_code,quantity
receipt_2025_00001,1,rm_0001,wh_raw_south_z01,lot_rm_0001_01,8000
receipt_2025_00001,2,rm_0002,wh_raw_south_z02,lot_rm_0002_02,8101
receipt_2025_00001,3,rm_0003,wh_raw_south_z03,lot_rm_0003_01,8202
receipt_2025_00002,1,rm_0004,wh_raw_north_z02,lot_rm_0004_02,8037
receipt_2025_00002,2,rm_0005,wh_raw_north_z03,lot_rm_0005_01,8138
receipt_2025_00002,3,rm_0006,wh_raw_north_z04,lot_rm_0006_02,8239
receipt_2025_00003,1,rm_0007,wh_finished_south_z03,lot_rm_0007_01,8074
receipt_2025_00003,2,rm_0008,wh_finished_south_z04,lot_rm_0008_02,8175
receipt_2025_00003,3,rm_0009,wh_finished_south_z05,lot_rm_0009_01,8276
receipt_2025_00004,1,rm_0010,wh_finished_north_z04,lot_rm_0010_02,8111
receipt_2025_00004,2,rm_0011,wh_finished_north_z05,lot_rm_0011_01,8212
receipt_2025_00004,3,rm_0012,wh_finished_north_z06,lot_rm_0012_02,8313
receipt_2025_00005,1,rm_0013,wh_cold_z05,lot_rm_0013_01,8148
receipt_2025_00005,2,rm_0014,wh_cold_z06,lot_rm_0014_02,8249
receipt_2025_00005,3,rm_0015,wh_cold_z07,lot_rm_0015_01,8350
receipt_2025_00006,1,rm_0016,wh_packaging_z06,lot_rm_0016_02,8185
receipt_2025_00006,2,rm_0017,wh_packaging_z07,lot_rm_0017_01,8286
receipt_2025_00006,3,rm_0018,wh_packaging_z08,lot_rm_0018_02,8387
receipt_2025_00007,1,rm_0019,wh_raw_south_z07,lot_rm_0019_01,8222
receipt_2025_00007,2,rm_0020,wh_raw_south_z08,lot_rm_0020_02,8323
receipt_2025_00007,3,rm_0021,wh_raw_south_z09,lot_rm_0021_01,8424
receipt_2025_00008,1,rm_0022,wh_raw_north_z08,lot_rm_0022_02,8259
receipt_2025_00008,2,rm_0023,wh_raw_north_z09,lot_rm_0023_01,8360
receipt_2025_00008,3,rm_0024,wh_raw_north_z10,lot_rm_0024_02,8461
receipt_2025_00009,1,rm_0025,wh_finished_south_z09,lot_rm_0025_01,8296
receipt_2025_00009,2,rm_0026,wh_finished_south_z10,lot_rm_0026_02,8397
receipt_2025_00009,3,rm_0027,wh_finished_south_z01,lot_rm_0027_01,8498
receipt_2025_00010,1,rm_0028,wh_finished_north_z10,lot_rm_0028_02,8333
receipt_2025_00010,2,rm_0029,wh_finished_north_z01,lot_rm_0029_01,8434
receipt_2025_00010,3,rm_0030,wh_finished_north_z02,lot_rm_0030_02,8535
receipt_2025_00011,1,rm_0031,wh_cold_z01,lot_rm_0031_01,8370
receipt_2025_00011,2,rm_0032,wh_cold_z02,lot_rm_0032_02,8471
receipt_2025_00011,3,rm_0033,wh_cold_z03,lot_rm_0033_01,8572
receipt_2025_00012,1,rm_0034,wh_packaging_z02,lot_rm_0034_02,8407
receipt_2025_00012,2,rm_0035,wh_packaging_z03,lot_rm_0035_01,8508
receipt_2025_00012,3,rm_0036,wh_packaging_z04,lot_rm_0036_02,8609
receipt_2025_00013,1,rm_0037,wh_raw_south_z03,lot_rm_0037_01,8444
receipt_2025_00013,2,rm_0038,wh_raw_south_z04,lot_rm_0038_02,8545
receipt_2025_00013,3,rm_0039,wh_raw_south_z05,lot_rm_0039_01,8646
receipt_2025_00014,1,rm_0040,wh_raw_north_z04,lot_rm_0040_02,8481
receipt_2025_00014,2,rm_0041,wh_raw_north_z05,lot_rm_0041_01,8582
receipt_2025_00014,3,rm_0042,wh_raw_north_z06,lot_rm_0042_02,8683
receipt_2025_00015,1,rm_0043,wh_finished_south_z05,lot_rm_0043_01,8518
receipt_2025_00015,2,rm_0044,wh_finished_south_z06,lot_rm_0044_02,8619
receipt_2025_00015,3,rm_0045,wh_finished_south_z07,lot_rm_0045_01,8720
receipt_2025_00016,1,rm_0046,wh_finished_north_z06,lot_rm_0046_02,8555
receipt_2025_00016,2,rm_0047,wh_finished_north_z07,lot_rm_0047_01,8656
receipt_2025_00016,3,rm_0048,wh_finished_north_z08,lot_rm_0048_02,8757
receipt_2025_00017,1,rm_0049,wh_cold_z07,,8592
receipt_2025_00017,2,rm_0050,wh_cold_z08,,8693
receipt_2025_00017,3,rm_0051,wh_cold_z09,,8794
receipt_2025_00018,1,rm_0052,wh_packaging_z08,,8629
receipt_2025_00018,2,rm_0053,wh_packaging_z09,,8730
receipt_2025_00018,3,rm_0054,wh_packaging_z10,,8831
receipt_2025_00019,1,rm_0055,wh_raw_south_z09,,8666
receipt_2025_00019,2,rm_0056,wh_raw_south_z10,,8767
receipt_2025_00019,3,rm_0057,wh_raw_south_z01,,8868
receipt_2025_00020,1,rm_0058,wh_raw_north_z10,,8703
receipt_2025_00020,2,rm_0059,wh_raw_north_z01,,8804
receipt_2025_00020,3,rm_0060,wh_raw_north_z02,,8905
receipt_2025_00021,1,rm_0061,wh_finished_south_z01,,8740
receipt_2025_00021,2,rm_0062,wh_finished_south_z02,,8841
receipt_2025_00021,3,rm_0063,wh_finished_south_z03,,8942
receipt_2025_00022,1,rm_0064,wh_finished_north_z02,,8777
receipt_2025_00022,2,rm_0065,wh_finished_north_z03,lot_rm_0065_01,8878
receipt_2025_00022,3,rm_0066,wh_finished_north_z04,lot_rm_0066_02,8979
receipt_2025_00023,1,rm_0067,wh_cold_z03,lot_rm_0067_01,8814
receipt_2025_00023,2,rm_0068,wh_cold_z04,lot_rm_0068_02,8915
receipt_2025_00023,3,rm_0069,wh_cold_z05,lot_rm_0069_01,9016
receipt_2025_00024,1,rm_0070,wh_packaging_z04,lot_rm_0070_02,8851
receipt_2025_00024,2,rm_0071,wh_packaging_z05,lot_rm_0071_01,8952
receipt_2025_00024,3,rm_0072,wh_packaging_z06,lot_rm_0072_02,9053
receipt_2025_00025,1,rm_0073,wh_raw_south_z05,lot_rm_0073_01,8888
receipt_2025_00025,2,rm_0074,wh_raw_south_z06,lot_rm_0074_02,8989
receipt_2025_00025,3,rm_0075,wh_raw_south_z07,lot_rm_0075_01,9090
receipt_2025_00026,1,rm_0076,wh_raw_north_z06,lot_rm_0076_02,8925
receipt_2025_00026,2,rm_0077,wh_raw_north_z07,lot_rm_0077_01,9026
receipt_2025_00026,3,rm_0078,wh_raw_north_z08,lot_rm_0078_02,9127
receipt_2025_00027,1,rm_0079,wh_finished_south_z07,lot_rm_0079_01,8962
receipt_2025_00027,2,rm_0080,wh_finished_south_z08,lot_rm_0080_02,9063
receipt_2025_00027,3,rm_0081,wh_finished_south_z09,lot_rm_0081_01,9164
receipt_2025_00028,1,rm_0082,wh_finished_north_z08,lot_rm_0082_02,8999
receipt_2025_00028,2,rm_0083,wh_finished_north_z09,lot_rm_0083_01,9100
receipt_2025_00028,3,rm_0084,wh_finished_north_z10,lot_rm_0084_02,9201
receipt_2025_00029,1,rm_0085,wh_cold_z09,lot_rm_0085_01,9036
receipt_2025_00029,2,rm_0086,wh_cold_z10,lot_rm_0086_02,9137
receipt_2025_00029,3,rm_0087,wh_cold_z01,lot_rm_0087_01,9238
receipt_2025_00030,1,rm_0088,wh_packaging_z10,lot_rm_0088_02,9073
receipt_2025_00030,2,rm_0089,wh_packaging_z01,lot_rm_0089_01,9174
receipt_2025_00030,3,rm_0090,wh_packaging_z02,lot_rm_0090_02,9275
receipt_2025_00031,1,rm_0091,wh_raw_south_z01,lot_rm_0091_01,9110
receipt_2025_00031,2,rm_0092,wh_raw_south_z02,lot_rm_0092_02,9211
receipt_2025_00031,3,rm_0093,wh_raw_south_z03,lot_rm_0093_01,9312
receipt_2025_00032,1,rm_0094,wh_raw_north_z02,lot_rm_0094_02,9147
receipt_2025_00032,2,rm_0095,wh_raw_north_z03,lot_rm_0095_01,9248
receipt_2025_00032,3,rm_0096,wh_raw_north_z04,lot_rm_0096_02,9349
receipt_2025_00033,1,rm_0097,wh_finished_south_z03,lot_rm_0097_01,9184
receipt_2025_00033,2,rm_0098,wh_finished_south_z04,lot_rm_0098_02,9285
receipt_2025_00033,3,rm_0099,wh_finished_south_z05,lot_rm_0099_01,9386
receipt_2025_00034,1,rm_0100,wh_finished_north_z04,lot_rm_0100_02,9221
receipt_2025_00034,2,rm_0101,wh_finished_north_z05,lot_rm_0101_01,9322
receipt_2025_00034,3,rm_0102,wh_finished_north_z06,lot_rm_0102_02,9423
receipt_2025_00035,1,rm_0103,wh_cold_z05,lot_rm_0103_01,9258
receipt_2025_00035,2,rm_0104,wh_cold_z06,lot_rm_0104_02,9359
receipt_2025_00035,3,rm_0105,wh_cold_z07,lot_rm_0105_01,9460
receipt_2025_00036,1,rm_0106,wh_packaging_z06,lot_rm_0106_02,9295
receipt_2025_00036,2,rm_0107,wh_packaging_z07,lot_rm_0107_01,9396
receipt_2025_00036,3,rm_0108,wh_packaging_z08,lot_rm_0108_02,9497
receipt_2025_00037,1,rm_0109,wh_raw_south_z07,lot_rm_0109_01,9332
receipt_2025_00037,2,rm_0110,wh_raw_south_z08,lot_rm_0110_02,9433
receipt_2025_00037,3,rm_0111,wh_raw_south_z09,lot_rm_0111_01,9534
receipt_2025_00038,1,rm_0112,wh_raw_north_z08,lot_rm_0112_02,9369
receipt_2025_00038,2,rm_0113,wh_raw_north_z09,,9470
receipt_2025_00038,3,rm_0114,wh_raw_north_z10,,9571
receipt_2025_00039,1,rm_0115,wh_finished_south_z09,,9406
receipt_2025_00039,2,rm_0116,wh_finished_south_z10,,9507
receipt_2025_00039,3,rm_0117,wh_finished_south_z01,,9608
receipt_2025_00040,1,rm_0118,wh_finished_north_z10,,9443
receipt_2025_00040,2,rm_0119,wh_finished_north_z01,,9544
receipt_2025_00040,3,rm_0120,wh_finished_north_z02,,9645
receipt_2025_00041,1,rm_0121,wh_cold_z01,,9480
receipt_2025_00041,2,rm_0122,wh_cold_z02,,9581
receipt_2025_00041,3,rm_0123,wh_cold_z03,,9682
receipt_2025_00042,1,rm_0124,wh_packaging_z02,,9517
receipt_2025_00042,2,rm_0125,wh_packaging_z03,,9618
receipt_2025_00042,3,rm_0126,wh_packaging_z04,,9719
receipt_2025_00043,1,rm_0127,wh_raw_south_z03,,9554
receipt_2025_00043,2,rm_0128,wh_raw_south_z04,,9655
receipt_2025_00043,3,rm_0129,wh_raw_south_z05,lot_rm_0129_01,9756
receipt_2025_00044,1,rm_0130,wh_raw_north_z04,lot_rm_0130_02,9591
receipt_2025_00044,2,rm_0131,wh_raw_north_z05,lot_rm_0131_01,9692
receipt_2025_00044,3,rm_0132,wh_raw_north_z06,lot_rm_0132_02,9793
receipt_2025_00045,1,rm_0133,wh_finished_south_z05,lot_rm_0133_01,9628
receipt_2025_00045,2,rm_0134,wh_finished_south_z06,lot_rm_0134_02,9729
receipt_2025_00045,3,rm_0135,wh_finished_south_z07,lot_rm_0135_01,9830
receipt_2025_00046,1,rm_0136,wh_finished_north_z06,lot_rm_0136_02,9665
receipt_2025_00046,2,rm_0137,wh_finished_north_z07,lot_rm_0137_01,9766
receipt_2025_00046,3,rm_0138,wh_finished_north_z08,lot_rm_0138_02,9867
receipt_2025_00047,1,rm_0139,wh_cold_z07,lot_rm_0139_01,9702
receipt_2025_00047,2,rm_0140,wh_cold_z08,lot_rm_0140_02,9803
receipt_2025_00047,3,rm_0141,wh_cold_z09,lot_rm_0141_01,9904
receipt_2025_00048,1,rm_0142,wh_packaging_z08,lot_rm_0142_02,9739
receipt_2025_00048,2,rm_0143,wh_packaging_z09,lot_rm_0143_01,9840
receipt_2025_00048,3,rm_0144,wh_packaging_z10,lot_rm_0144_02,9941
receipt_2025_00049,1,rm_0145,wh_raw_south_z09,lot_rm_0145_01,9776
receipt_2025_00049,2,rm_0146,wh_raw_south_z10,lot_rm_0146_02,9877
receipt_2025_00049,3,rm_0147,wh_raw_south_z01,lot_rm_0147_01,9978
receipt_2025_00050,1,rm_0148,wh_raw_north_z10,lot_rm_0148_02,9813
receipt_2025_00050,2,rm_0149,wh_raw_north_z01,lot_rm_0149_01,9914
receipt_2025_00050,3,rm_0150,wh_raw_north_z02,lot_rm_0150_02,10015
receipt_2025_00051,1,rm_0151,wh_finished_south_z01,lot_rm_0151_01,9850
receipt_2025_00051,2,rm_0152,wh_finished_south_z02,lot_rm_0152_02,9951
receipt_2025_00051,3,rm_0153,wh_finished_south_z03,lot_rm_0153_01,10052
receipt_2025_00052,1,rm_0154,wh_finished_north_z02,lot_rm_0154_02,9887
receipt_2025_00052,2,rm_0155,wh_finished_north_z03,lot_rm_0155_01,9988
receipt_2025_00052,3,rm_0156,wh_finished_north_z04,lot_rm_0156_02,10089
receipt_2025_00053,1,rm_0157,wh_cold_z03,lot_rm_0157_01,9924
receipt_2025_00053,2,rm_0158,wh_cold_z04,lot_rm_0158_02,10025
receipt_2025_00053,3,rm_0159,wh_cold_z05,lot_rm_0159_01,10126
receipt_2025_00054,1,rm_0160,wh_packaging_z04,lot_rm_0160_02,9961
receipt_2025_00054,2,rm_0161,wh_packaging_z05,lot_rm_0161_01,10062
receipt_2025_00054,3,rm_0162,wh_packaging_z06,lot_rm_0162_02,10163
receipt_2025_00055,1,rm_0163,wh_raw_south_z05,lot_rm_0163_01,9998
receipt_2025_00055,2,rm_0164,wh_raw_south_z06,lot_rm_0164_02,10099
receipt_2025_00055,3,rm_0165,wh_raw_south_z07,lot_rm_0165_01,10200
receipt_2025_00056,1,rm_0166,wh_raw_north_z06,lot_rm_0166_02,10035
receipt_2025_00056,2,rm_0167,wh_raw_north_z07,lot_rm_0167_01,10136
receipt_2025_00056,3,rm_0168,wh_raw_north_z08,lot_rm_0168_02,10237
receipt_2025_00057,1,rm_0169,wh_finished_south_z07,lot_rm_0169_01,10072
receipt_2025_00057,2,rm_0170,wh_finished_south_z08,lot_rm_0170_02,10173
receipt_2025_00057,3,rm_0171,wh_finished_south_z09,lot_rm_0171_01,10274
receipt_2025_00058,1,rm_0172,wh_finished_north_z08,lot_rm_0172_02,10109
receipt_2025_00058,2,rm_0173,wh_finished_north_z09,lot_rm_0173_01,10210
receipt_2025_00058,3,rm_0174,wh_finished_north_z10,lot_rm_0174_02,10311
receipt_2025_00059,1,rm_0175,wh_cold_z09,lot_rm_0175_01,10146
receipt_2025_00059,2,rm_0176,wh_cold_z10,lot_rm_0176_02,10247
receipt_2025_00059,3,rm_0177,wh_cold_z01,,10348
receipt_2025_00060,1,rm_0178,wh_packaging_z10,,10183
receipt_2025_00060,2,rm_0179,wh_packaging_z01,,10284
receipt_2025_00060,3,rm_0180,wh_packaging_z02,,10385
receipt_2025_00061,1,rm_0181,wh_raw_south_z01,,10220
receipt_2025_00061,2,rm_0182,wh_raw_south_z02,,10321
receipt_2025_00061,3,rm_0183,wh_raw_south_z03,,10422
receipt_2025_00062,1,rm_0184,wh_raw_north_z02,,10257
receipt_2025_00062,2,rm_0185,wh_raw_north_z03,,10358
receipt_2025_00062,3,rm_0186,wh_raw_north_z04,,10459
receipt_2025_00063,1,rm_0187,wh_finished_south_z03,,10294
receipt_2025_00063,2,rm_0188,wh_finished_south_z04,,10395
receipt_2025_00063,3,rm_0189,wh_finished_south_z05,,10496
receipt_2025_00064,1,rm_0190,wh_finished_north_z04,,10331
receipt_2025_00064,2,rm_0191,wh_finished_north_z05,,10432
receipt_2025_00064,3,rm_0192,wh_finished_north_z06,,10533
receipt_2025_00065,1,rm_0193,wh_cold_z05,lot_rm_0193_01,10368
receipt_2025_00065,2,rm_0194,wh_cold_z06,lot_rm_0194_02,10469
receipt_2025_00065,3,rm_0195,wh_cold_z07,lot_rm_0195_01,10570
receipt_2025_00066,1,rm_0196,wh_packaging_z06,lot_rm_0196_02,10405
receipt_2025_00066,2,rm_0197,wh_packaging_z07,lot_rm_0197_01,10506
receipt_2025_00066,3,rm_0198,wh_packaging_z08,lot_rm_0198_02,10607
receipt_2025_00067,1,rm_0199,wh_raw_south_z07,lot_rm_0199_01,10442
receipt_2025_00067,2,rm_0200,wh_raw_south_z08,lot_rm_0200_02,10543
receipt_2025_00067,3,rm_0201,wh_raw_south_z09,lot_rm_0201_01,10644
receipt_2025_00068,1,rm_0202,wh_raw_north_z08,lot_rm_0202_02,10479
receipt_2025_00068,2,rm_0203,wh_raw_north_z09,lot_rm_0203_01,10580
receipt_2025_00068,3,rm_0204,wh_raw_north_z10,lot_rm_0204_02,10681
receipt_2025_00069,1,rm_0205,wh_finished_south_z09,lot_rm_0205_01,10516
receipt_2025_00069,2,rm_0206,wh_finished_south_z10,lot_rm_0206_02,10617
receipt_2025_00069,3,rm_0207,wh_finished_south_z01,lot_rm_0207_01,10718
receipt_2025_00070,1,rm_0208,wh_finished_north_z10,lot_rm_0208_02,10553
receipt_2025_00070,2,rm_0209,wh_finished_north_z01,lot_rm_0209_01,10654
receipt_2025_00070,3,rm_0210,wh_finished_north_z02,lot_rm_0210_02,10755
receipt_2025_00071,1,rm_0211,wh_cold_z01,lot_rm_0211_01,10590
receipt_2025_00071,2,rm_0212,wh_cold_z02,lot_rm_0212_02,10691
receipt_2025_00071,3,rm_0213,wh_cold_z03,lot_rm_0213_01,10792
receipt_2025_00072,1,rm_0214,wh_packaging_z02,lot_rm_0214_02,10627
receipt_2025_00072,2,rm_0215,wh_packaging_z03,lot_rm_0215_01,10728
receipt_2025_00072,3,rm_0216,wh_packaging_z04,lot_rm_0216_02,10829
receipt_2025_00073,1,rm_0217,wh_raw_south_z03,lot_rm_0217_01,10664
receipt_2025_00073,2,rm_0218,wh_raw_south_z04,lot_rm_0218_02,10765
receipt_2025_00073,3,rm_0219,wh_raw_south_z05,lot_rm_0219_01,10866
receipt_2025_00074,1,rm_0220,wh_raw_north_z04,lot_rm_0220_02,10701
receipt_2025_00074,2,rm_0221,wh_raw_north_z05,lot_rm_0221_01,10802
receipt_2025_00074,3,rm_0222,wh_raw_north_z06,lot_rm_0222_02,10903
receipt_2025_00075,1,rm_0223,wh_finished_south_z05,lot_rm_0223_01,10738
receipt_2025_00075,2,rm_0224,wh_finished_south_z06,lot_rm_0224_02,10839
receipt_2025_00075,3,rm_0225,wh_finished_south_z07,lot_rm_0225_01,10940
receipt_2025_00076,1,rm_0226,wh_finished_north_z06,lot_rm_0226_02,10775
receipt_2025_00076,2,rm_0227,wh_finished_north_z07,lot_rm_0227_01,10876
receipt_2025_00076,3,rm_0228,wh_finished_north_z08,lot_rm_0228_02,10977
receipt_2025_00077,1,rm_0229,wh_cold_z07,lot_rm_0229_01,10812
receipt_2025_00077,2,rm_0230,wh_cold_z08,lot_rm_0230_02,10913
receipt_2025_00077,3,rm_0231,wh_cold_z09,lot_rm_0231_01,11014
receipt_2025_00078,1,rm_0232,wh_packaging_z08,lot_rm_0232_02,10849
receipt_2025_00078,2,rm_0233,wh_packaging_z09,lot_rm_0233_01,10950
receipt_2025_00078,3,rm_0234,wh_packaging_z10,lot_rm_0234_02,11051
receipt_2025_00079,1,rm_0235,wh_raw_south_z09,lot_rm_0235_01,10886
receipt_2025_00079,2,rm_0236,wh_raw_south_z10,lot_rm_0236_02,10987
receipt_2025_00079,3,rm_0237,wh_raw_south_z01,lot_rm_0237_01,11088
receipt_2025_00080,1,rm_0238,wh_raw_north_z10,lot_rm_0238_02,10923
receipt_2025_00080,2,rm_0239,wh_raw_north_z01,lot_rm_0239_01,11024
receipt_2025_00080,3,rm_0240,wh_raw_north_z02,lot_rm_0240_02,11125
receipt_2025_00081,1,rm_0241,wh_finished_south_z01,,10960
receipt_2025_00081,2,rm_0242,wh_finished_south_z02,,11061
receipt_2025_00081,3,rm_0243,wh_finished_south_z03,,11162
receipt_2025_00082,1,rm_0244,wh_finished_north_z02,,10997
receipt_2025_00082,2,rm_0245,wh_finished_north_z03,,11098
receipt_2025_00082,3,rm_0246,wh_finished_north_z04,,11199
receipt_2025_00083,1,rm_0247,wh_cold_z03,,11034
receipt_2025_00083,2,rm_0248,wh_cold_z04,,11135
receipt_2025_00083,3,rm_0249,wh_cold_z05,,11236
receipt_2025_00084,1,rm_0250,wh_packaging_z04,,11071
receipt_2025_00084,2,rm_0251,wh_packaging_z05,,11172
receipt_2025_00084,3,rm_0252,wh_packaging_z06,,11273
receipt_2025_00085,1,rm_0253,wh_raw_south_z05,,11108
receipt_2025_00085,2,rm_0254,wh_raw_south_z06,,11209
receipt_2025_00085,3,rm_0255,wh_raw_south_z07,,11310
receipt_2025_00086,1,rm_0256,wh_raw_north_z06,,11145
receipt_2025_00086,2,rm_0257,wh_raw_north_z07,lot_rm_0257_01,11246
receipt_2025_00086,3,rm_0258,wh_raw_north_z08,lot_rm_0258_02,11347
receipt_2025_00087,1,rm_0259,wh_finished_south_z07,lot_rm_0259_01,11182
receipt_2025_00087,2,rm_0260,wh_finished_south_z08,lot_rm_0260_02,11283
receipt_2025_00087,3,rm_0261,wh_finished_south_z09,lot_rm_0261_01,11384
receipt_2025_00088,1,rm_0262,wh_finished_north_z08,lot_rm_0262_02,11219
receipt_2025_00088,2,rm_0263,wh_finished_north_z09,lot_rm_0263_01,11320
receipt_2025_00088,3,rm_0264,wh_finished_north_z10,lot_rm_0264_02,11421
receipt_2025_00089,1,rm_0265,wh_cold_z09,lot_rm_0265_01,11256
receipt_2025_00089,2,rm_0266,wh_cold_z10,lot_rm_0266_02,11357
receipt_2025_00089,3,rm_0267,wh_cold_z01,lot_rm_0267_01,11458
receipt_2025_00090,1,rm_0268,wh_packaging_z10,lot_rm_0268_02,11293
receipt_2025_00090,2,rm_0269,wh_packaging_z01,lot_rm_0269_01,11394
receipt_2025_00090,3,rm_0270,wh_packaging_z02,lot_rm_0270_02,11495
receipt_2025_00091,1,rm_0271,wh_raw_south_z01,lot_rm_0271_01,11330
receipt_2025_00091,2,rm_0272,wh_raw_south_z02,lot_rm_0272_02,11431
receipt_2025_00091,3,rm_0273,wh_raw_south_z03,lot_rm_0273_01,11532
receipt_2025_00092,1,rm_0274,wh_raw_north_z02,lot_rm_0274_02,11367
receipt_2025_00092,2,rm_0275,wh_raw_north_z03,lot_rm_0275_01,11468
receipt_2025_00092,3,rm_0276,wh_raw_north_z04,lot_rm_0276_02,11569
receipt_2025_00093,1,rm_0277,wh_finished_south_z03,lot_rm_0277_01,11404
receipt_2025_00093,2,rm_0278,wh_finished_south_z04,lot_rm_0278_02,11505
receipt_2025_00093,3,rm_0279,wh_finished_south_z05,lot_rm_0279_01,11606
receipt_2025_00094,1,rm_0280,wh_finished_north_z04,lot_rm_0280_02,11441
receipt_2025_00094,2,rm_0281,wh_finished_north_z05,lot_rm_0281_01,11542
receipt_2025_00094,3,rm_0282,wh_finished_north_z06,lot_rm_0282_02,11643
receipt_2025_00095,1,rm_0283,wh_cold_z05,lot_rm_0283_01,11478
receipt_2025_00095,2,rm_0284,wh_cold_z06,lot_rm_0284_02,11579
receipt_2025_00095,3,rm_0285,wh_cold_z07,lot_rm_0285_01,11680
receipt_2025_00096,1,rm_0286,wh_packaging_z06,lot_rm_0286_02,11515
receipt_2025_00096,2,rm_0287,wh_packaging_z07,lot_rm_0287_01,11616
receipt_2025_00096,3,rm_0288,wh_packaging_z08,lot_rm_0288_02,11717
receipt_2025_00097,1,rm_0289,wh_raw_south_z07,lot_rm_0289_01,11552
receipt_2025_00097,2,rm_0290,wh_raw_south_z08,lot_rm_0290_02,11653
receipt_2025_00097,3,rm_0291,wh_raw_south_z09,lot_rm_0291_01,11754
receipt_2025_00098,1,rm_0292,wh_raw_north_z08,lot_rm_0292_02,11589
receipt_2025_00098,2,rm_0293,wh_raw_north_z09,lot_rm_0293_01,11690
receipt_2025_00098,3,rm_0294,wh_raw_north_z10,lot_rm_0294_02,11791
receipt_2025_00099,1,rm_0295,wh_finished_south_z09,lot_rm_0295_01,11626
receipt_2025_00099,2,rm_0296,wh_finished_south_z10,lot_rm_0296_02,11727
receipt_2025_00099,3,rm_0297,wh_finished_south_z01,lot_rm_0297_01,11828
receipt_2025_00100,1,rm_0298,wh_finished_north_z10,lot_rm_0298_02,11663
receipt_2025_00100,2,rm_0299,wh_finished_north_z01,lot_rm_0299_01,11764
receipt_2025_00100,3,rm_0300,wh_finished_north_z02,lot_rm_0300_02,11865
receipt_2025_00101,1,rm_0301,wh_cold_z01,lot_rm_0301_01,11700
receipt_2025_00101,2,rm_0302,wh_cold_z02,lot_rm_0302_02,11801
receipt_2025_00101,3,rm_0303,wh_cold_z03,lot_rm_0303_01,11902
receipt_2025_00102,1,rm_0304,wh_packaging_z02,lot_rm_0304_02,11737
receipt_2025_00102,2,rm_0305,wh_packaging_z03,,11838
receipt_2025_00102,3,rm_0306,wh_packaging_z04,,11939
receipt_2025_00103,1,rm_0307,wh_raw_south_z03,,11774
receipt_2025_00103,2,rm_0308,wh_raw_south_z04,,11875
receipt_2025_00103,3,rm_0309,wh_raw_south_z05,,11976
receipt_2025_00104,1,rm_0310,wh_raw_north_z04,,11811
receipt_2025_00104,2,rm_0311,wh_raw_north_z05,,11912
receipt_2025_00104,3,rm_0312,wh_raw_north_z06,,12013
receipt_2025_00105,1,rm_0313,wh_finished_south_z05,,11848
receipt_2025_00105,2,rm_0314,wh_finished_south_z06,,11949
receipt_2025_00105,3,rm_0315,wh_finished_south_z07,,12050
receipt_2025_00106,1,rm_0316,wh_finished_north_z06,,11885
receipt_2025_00106,2,rm_0317,wh_finished_north_z07,,11986
receipt_2025_00106,3,rm_0318,wh_finished_north_z08,,12087
receipt_2025_00107,1,rm_0319,wh_cold_z07,,11922
receipt_2025_00107,2,rm_0320,wh_cold_z08,,12023
receipt_2025_00107,3,fg_0001,wh_cold_z09,lot_fg_0001_01,12124
receipt_2025_00108,1,fg_0002,wh_packaging_z08,lot_fg_0002_02,11959
receipt_2025_00108,2,fg_0003,wh_packaging_z09,lot_fg_0003_01,12060
receipt_2025_00108,3,fg_0004,wh_packaging_z10,lot_fg_0004_02,12161
receipt_2025_00109,1,fg_0005,wh_raw_south_z09,lot_fg_0005_01,11996
receipt_2025_00109,2,fg_0006,wh_raw_south_z10,lot_fg_0006_02,12097
receipt_2025_00109,3,fg_0007,wh_raw_south_z01,lot_fg_0007_01,12198
receipt_2025_00110,1,fg_0008,wh_raw_north_z10,lot_fg_0008_02,12033
receipt_2025_00110,2,fg_0009,wh_raw_north_z01,lot_fg_0009_01,12134
receipt_2025_00110,3,fg_0010,wh_raw_north_z02,lot_fg_0010_02,12235
receipt_2025_00111,1,fg_0011,wh_finished_south_z01,lot_fg_0011_01,12070
receipt_2025_00111,2,fg_0012,wh_finished_south_z02,lot_fg_0012_02,12171
receipt_2025_00111,3,fg_0013,wh_finished_south_z03,lot_fg_0013_01,12272
receipt_2025_00112,1,fg_0014,wh_finished_north_z02,lot_fg_0014_02,12107
receipt_2025_00112,2,fg_0015,wh_finished_north_z03,lot_fg_0015_01,12208
receipt_2025_00112,3,fg_0016,wh_finished_north_z04,lot_fg_0016_02,12309
receipt_2025_00113,1,fg_0017,wh_cold_z03,lot_fg_0017_01,12144
receipt_2025_00113,2,fg_0018,wh_cold_z04,lot_fg_0018_02,12245
receipt_2025_00113,3,fg_0019,wh_cold_z05,lot_fg_0019_01,12346
receipt_2025_00114,1,fg_0020,wh_packaging_z04,lot_fg_0020_02,12181
receipt_2025_00114,2,fg_0021,wh_packaging_z05,lot_fg_0021_01,12282
receipt_2025_00114,3,fg_0022,wh_packaging_z06,lot_fg_0022_02,12383
receipt_2025_00115,1,fg_0023,wh_raw_south_z05,lot_fg_0023_01,12218
receipt_2025_00115,2,fg_0024,wh_raw_south_z06,lot_fg_0024_02,12319
receipt_2025_00115,3,fg_0025,wh_raw_south_z07,lot_fg_0025_01,12420
receipt_2025_00116,1,fg_0026,wh_raw_north_z06,lot_fg_0026_02,12255
receipt_2025_00116,2,fg_0027,wh_raw_north_z07,lot_fg_0027_01,12356
receipt_2025_00116,3,fg_0028,wh_raw_north_z08,lot_fg_0028_02,12457
receipt_2025_00117,1,fg_0029,wh_finished_south_z07,lot_fg_0029_01,12292
receipt_2025_00117,2,fg_0030,wh_finished_south_z08,lot_fg_0030_02,12393
receipt_2025_00117,3,fg_0031,wh_finished_south_z09,lot_fg_0031_01,12494
receipt_2025_00118,1,fg_0032,wh_finished_north_z08,lot_fg_0032_02,12329
receipt_2025_00118,2,fg_0033,wh_finished_north_z09,lot_fg_0033_01,12430
receipt_2025_00118,3,fg_0034,wh_finished_north_z10,lot_fg_0034_02,12531
receipt_2025_00119,1,fg_0035,wh_cold_z09,lot_fg_0035_01,12366
receipt_2025_00119,2,fg_0036,wh_cold_z10,lot_fg_0036_02,12467
receipt_2025_00119,3,fg_0037,wh_cold_z01,lot_fg_0037_01,12568
receipt_2025_00120,1,fg_0038,wh_packaging_z10,lot_fg_0038_02,12403
receipt_2025_00120,2,fg_0039,wh_packaging_z01,lot_fg_0039_01,12504
receipt_2025_00120,3,fg_0040,wh_packaging_z02,lot_fg_0040_02,12605
receipt_2025_00121,1,fg_0041,wh_raw_south_z01,lot_fg_0041_01,12440
receipt_2025_00121,2,fg_0042,wh_raw_south_z02,lot_fg_0042_02,12541
receipt_2025_00121,3,fg_0043,wh_raw_south_z03,lot_fg_0043_01,12642
receipt_2025_00122,1,fg_0044,wh_raw_north_z02,lot_fg_0044_02,12477
receipt_2025_00122,2,fg_0045,wh_raw_north_z03,lot_fg_0045_01,12578
receipt_2025_00122,3,fg_0046,wh_raw_north_z04,lot_fg_0046_02,12679
receipt_2025_00123,1,fg_0047,wh_finished_south_z03,lot_fg_0047_01,12514
receipt_2025_00123,2,fg_0048,wh_finished_south_z04,lot_fg_0048_02,12615
receipt_2025_00123,3,fg_0049,wh_finished_south_z05,lot_fg_0049_01,12716
receipt_2025_00124,1,fg_0050,wh_finished_north_z04,lot_fg_0050_02,12551
receipt_2025_00124,2,fg_0051,wh_finished_north_z05,lot_fg_0051_01,12652
receipt_2025_00124,3,fg_0052,wh_finished_north_z06,lot_fg_0052_02,12753
receipt_2025_00125,1,fg_0053,wh_cold_z05,lot_fg_0053_01,12588
receipt_2025_00125,2,fg_0054,wh_cold_z06,lot_fg_0054_02,12689
receipt_2025_00125,3,fg_0055,wh_cold_z07,lot_fg_0055_01,12790
receipt_2025_00126,1,fg_0056,wh_packaging_z06,lot_fg_0056_02,12625
receipt_2025_00126,2,fg_0057,wh_packaging_z07,lot_fg_0057_01,12726
receipt_2025_00126,3,fg_0058,wh_packaging_z08,lot_fg_0058_02,12827
receipt_2025_00127,1,fg_0059,wh_raw_south_z07,lot_fg_0059_01,12662
receipt_2025_00127,2,fg_0060,wh_raw_south_z08,lot_fg_0060_02,12763
receipt_2025_00127,3,fg_0061,wh_raw_south_z09,lot_fg_0061_01,12864
receipt_2025_00128,1,fg_0062,wh_raw_north_z08,lot_fg_0062_02,12699
receipt_2025_00128,2,fg_0063,wh_raw_north_z09,lot_fg_0063_01,12800
receipt_2025_00128,3,fg_0064,wh_raw_north_z10,lot_fg_0064_02,12901
receipt_2025_00129,1,fg_0065,wh_finished_south_z09,lot_fg_0065_01,12736
receipt_2025_00129,2,fg_0066,wh_finished_south_z10,lot_fg_0066_02,12837
receipt_2025_00129,3,fg_0067,wh_finished_south_z01,lot_fg_0067_01,12938
receipt_2025_00130,1,fg_0068,wh_finished_north_z10,lot_fg_0068_02,12773
receipt_2025_00130,2,fg_0069,wh_finished_north_z01,lot_fg_0069_01,12874
receipt_2025_00130,3,fg_0070,wh_finished_north_z02,lot_fg_0070_02,12975
receipt_2025_00131,1,fg_0071,wh_cold_z01,lot_fg_0071_01,12810
receipt_2025_00131,2,fg_0072,wh_cold_z02,lot_fg_0072_02,12911
receipt_2025_00131,3,fg_0073,wh_cold_z03,lot_fg_0073_01,13012
receipt_2025_00132,1,fg_0074,wh_packaging_z02,lot_fg_0074_02,12847
receipt_2025_00132,2,fg_0075,wh_packaging_z03,lot_fg_0075_01,12948
receipt_2025_00132,3,fg_0076,wh_packaging_z04,lot_fg_0076_02,13049
receipt_2025_00133,1,fg_0077,wh_raw_south_z03,lot_fg_0077_01,12884
receipt_2025_00133,2,fg_0078,wh_raw_south_z04,lot_fg_0078_02,12985
receipt_2025_00133,3,fg_0079,wh_raw_south_z05,lot_fg_0079_01,13086
receipt_2025_00134,1,fg_0080,wh_raw_north_z04,lot_fg_0080_02,12921
receipt_2025_00134,2,fg_0081,wh_raw_north_z05,lot_fg_0081_01,13022
receipt_2025_00134,3,fg_0082,wh_raw_north_z06,lot_fg_0082_02,13123
receipt_2025_00135,1,fg_0083,wh_finished_south_z05,lot_fg_0083_01,12958
receipt_2025_00135,2,fg_0084,wh_finished_south_z06,lot_fg_0084_02,13059
receipt_2025_00135,3,fg_0085,wh_finished_south_z07,lot_fg_0085_01,13160
receipt_2025_00136,1,fg_0086,wh_finished_north_z06,lot_fg_0086_02,12995
receipt_2025_00136,2,fg_0087,wh_finished_north_z07,lot_fg_0087_01,13096
receipt_2025_00136,3,fg_0088,wh_finished_north_z08,lot_fg_0088_02,13197
receipt_2025_00137,1,fg_0089,wh_cold_z07,lot_fg_0089_01,13032
receipt_2025_00137,2,fg_0090,wh_cold_z08,lot_fg_0090_02,13133
receipt_2025_00137,3,fg_0091,wh_cold_z09,lot_fg_0091_01,13234
receipt_2025_00138,1,fg_0092,wh_packaging_z08,lot_fg_0092_02,13069
receipt_2025_00138,2,fg_0093,wh_packaging_z09,lot_fg_0093_01,13170
receipt_2025_00138,3,fg_0094,wh_packaging_z10,lot_fg_0094_02,13271
receipt_2025_00139,1,fg_0095,wh_raw_south_z09,lot_fg_0095_01,13106
receipt_2025_00139,2,fg_0096,wh_raw_south_z10,lot_fg_0096_02,13207
receipt_2025_00139,3,fg_0097,wh_raw_south_z01,lot_fg_0097_01,13308
receipt_2025_00140,1,fg_0098,wh_raw_north_z10,lot_fg_0098_02,13143
receipt_2025_00140,2,fg_0099,wh_raw_north_z01,lot_fg_0099_01,13244
receipt_2025_00140,3,fg_0100,wh_raw_north_z02,lot_fg_0100_02,13345
receipt_2025_00141,1,fg_0101,wh_finished_south_z01,lot_fg_0101_01,13180
receipt_2025_00141,2,fg_0102,wh_finished_south_z02,lot_fg_0102_02,13281
receipt_2025_00141,3,fg_0103,wh_finished_south_z03,lot_fg_0103_01,13382
receipt_2025_00142,1,fg_0104,wh_finished_north_z02,lot_fg_0104_02,13217
receipt_2025_00142,2,fg_0105,wh_finished_north_z03,lot_fg_0105_01,13318
receipt_2025_00142,3,fg_0106,wh_finished_north_z04,lot_fg_0106_02,13419
receipt_2025_00143,1,fg_0107,wh_cold_z03,lot_fg_0107_01,13254
receipt_2025_00143,2,fg_0108,wh_cold_z04,lot_fg_0108_02,13355
receipt_2025_00143,3,fg_0109,wh_cold_z05,lot_fg_0109_01,13456
receipt_2025_00144,1,fg_0110,wh_packaging_z04,lot_fg_0110_02,13291
receipt_2025_00144,2,fg_0111,wh_packaging_z05,lot_fg_0111_01,13392
receipt_2025_00144,3,fg_0112,wh_packaging_z06,lot_fg_0112_02,13493
receipt_2025_00145,1,fg_0113,wh_raw_south_z05,lot_fg_0113_01,13328
receipt_2025_00145,2,fg_0114,wh_raw_south_z06,lot_fg_0114_02,13429
receipt_2025_00145,3,fg_0115,wh_raw_south_z07,lot_fg_0115_01,13530
receipt_2025_00146,1,fg_0116,wh_raw_north_z06,lot_fg_0116_02,13365
receipt_2025_00146,2,fg_0117,wh_raw_north_z07,lot_fg_0117_01,13466
receipt_2025_00146,3,fg_0118,wh_raw_north_z08,lot_fg_0118_02,13567
receipt_2025_00147,1,fg_0119,wh_finished_south_z07,lot_fg_0119_01,13402
receipt_2025_00147,2,fg_0120,wh_finished_south_z08,lot_fg_0120_02,13503
receipt_2025_00147,3,fg_0121,wh_finished_south_z09,lot_fg_0121_01,13604
receipt_2025_00148,1,fg_0122,wh_finished_north_z08,lot_fg_0122_02,13439
receipt_2025_00148,2,fg_0123,wh_finished_north_z09,lot_fg_0123_01,13540
receipt_2025_00148,3,fg_0124,wh_finished_north_z10,lot_fg_0124_02,13641
receipt_2025_00149,1,fg_0125,wh_cold_z09,lot_fg_0125_01,13476
receipt_2025_00149,2,fg_0126,wh_cold_z10,lot_fg_0126_02,13577
receipt_2025_00149,3,fg_0127,wh_cold_z01,lot_fg_0127_01,13678
receipt_2025_00150,1,fg_0128,wh_packaging_z10,lot_fg_0128_02,13513
receipt_2025_00150,2,fg_0129,wh_packaging_z01,lot_fg_0129_01,13614
receipt_2025_00150,3,fg_0130,wh_packaging_z02,lot_fg_0130_02,13715
receipt_2025_00151,1,fg_0131,wh_raw_south_z01,lot_fg_0131_01,13550
receipt_2025_00151,2,fg_0132,wh_raw_south_z02,lot_fg_0132_02,13651
receipt_2025_00151,3,fg_0133,wh_raw_south_z03,lot_fg_0133_01,13752
receipt_2025_00152,1,fg_0134,wh_raw_north_z02,lot_fg_0134_02,13587
receipt_2025_00152,2,fg_0135,wh_raw_north_z03,lot_fg_0135_01,13688
receipt_2025_00152,3,fg_0136,wh_raw_north_z04,lot_fg_0136_02,13789
receipt_2025_00153,1,fg_0137,wh_finished_south_z03,lot_fg_0137_01,13624
receipt_2025_00153,2,fg_0138,wh_finished_south_z04,lot_fg_0138_02,13725
receipt_2025_00153,3,fg_0139,wh_finished_south_z05,lot_fg_0139_01,13826
receipt_2025_00154,1,fg_0140,wh_finished_north_z04,lot_fg_0140_02,13661
receipt_2025_00154,2,fg_0141,wh_finished_north_z05,lot_fg_0141_01,13762
receipt_2025_00154,3,fg_0142,wh_finished_north_z06,lot_fg_0142_02,13863
receipt_2025_00155,1,fg_0143,wh_cold_z05,lot_fg_0143_01,13698
receipt_2025_00155,2,fg_0144,wh_cold_z06,lot_fg_0144_02,13799
receipt_2025_00155,3,fg_0145,wh_cold_z07,lot_fg_0145_01,13900
receipt_2025_00156,1,fg_0146,wh_packaging_z06,lot_fg_0146_02,13735
receipt_2025_00156,2,fg_0147,wh_packaging_z07,lot_fg_0147_01,13836
receipt_2025_00156,3,fg_0148,wh_packaging_z08,lot_fg_0148_02,13937
receipt_2025_00157,1,fg_0149,wh_raw_south_z07,lot_fg_0149_01,13772
receipt_2025_00157,2,fg_0150,wh_raw_south_z08,lot_fg_0150_02,13873
receipt_2025_00157,3,fg_0151,wh_raw_south_z09,lot_fg_0151_01,13974
receipt_2025_00158,1,fg_0152,wh_raw_north_z08,lot_fg_0152_02,13809
receipt_2025_00158,2,fg_0153,wh_raw_north_z09,lot_fg_0153_01,13910
receipt_2025_00158,3,fg_0154,wh_raw_north_z10,lot_fg_0154_02,14011
receipt_2025_00159,1,fg_0155,wh_finished_south_z09,lot_fg_0155_01,13846
receipt_2025_00159,2,fg_0156,wh_finished_south_z10,lot_fg_0156_02,13947
receipt_2025_00159,3,fg_0157,wh_finished_south_z01,lot_fg_0157_01,14048
receipt_2025_00160,1,fg_0158,wh_finished_north_z10,lot_fg_0158_02,13883
receipt_2025_00160,2,fg_0159,wh_finished_north_z01,lot_fg_0159_01,13984
receipt_2025_00160,3,fg_0160,wh_finished_north_z02,lot_fg_0160_02,14085
receipt_2025_00161,1,fg_0161,wh_cold_z01,lot_fg_0161_01,13920
receipt_2025_00161,2,fg_0162,wh_cold_z02,lot_fg_0162_02,14021
receipt_2025_00161,3,fg_0163,wh_cold_z03,lot_fg_0163_01,14122
receipt_2025_00162,1,fg_0164,wh_packaging_z02,lot_fg_0164_02,13957
receipt_2025_00162,2,fg_0165,wh_packaging_z03,lot_fg_0165_01,14058
receipt_2025_00162,3,fg_0166,wh_packaging_z04,lot_fg_0166_02,14159
receipt_2025_00163,1,fg_0167,wh_raw_south_z03,lot_fg_0167_01,13994
receipt_2025_00163,2,fg_0168,wh_raw_south_z04,lot_fg_0168_02,14095
receipt_2025_00163,3,fg_0169,wh_raw_south_z05,lot_fg_0169_01,14196
receipt_2025_00164,1,fg_0170,wh_raw_north_z04,lot_fg_0170_02,14031
receipt_2025_00164,2,fg_0171,wh_raw_north_z05,lot_fg_0171_01,14132
receipt_2025_00164,3,fg_0172,wh_raw_north_z06,lot_fg_0172_02,14233
receipt_2025_00165,1,fg_0173,wh_finished_south_z05,lot_fg_0173_01,14068
receipt_2025_00165,2,fg_0174,wh_finished_south_z06,lot_fg_0174_02,14169
receipt_2025_00165,3,fg_0175,wh_finished_south_z07,lot_fg_0175_01,14270
receipt_2025_00166,1,fg_0176,wh_finished_north_z06,lot_fg_0176_02,14105
receipt_2025_00166,2,fg_0177,wh_finished_north_z07,lot_fg_0177_01,14206
receipt_2025_00166,3,fg_0178,wh_finished_north_z08,lot_fg_0178_02,14307
receipt_2025_00167,1,fg_0179,wh_cold_z07,lot_fg_0179_01,14142
receipt_2025_00167,2,fg_0180,wh_cold_z08,lot_fg_0180_02,14243
receipt_2025_00167,3,fg_0181,wh_cold_z09,lot_fg_0181_01,14344
receipt_2025_00168,1,fg_0182,wh_packaging_z08,lot_fg_0182_02,14179
receipt_2025_00168,2,fg_0183,wh_packaging_z09,lot_fg_0183_01,14280
receipt_2025_00168,3,fg_0184,wh_packaging_z10,lot_fg_0184_02,14381
receipt_2025_00169,1,fg_0185,wh_raw_south_z09,lot_fg_0185_01,14216
receipt_2025_00169,2,fg_0186,wh_raw_south_z10,lot_fg_0186_02,14317
receipt_2025_00169,3,fg_0187,wh_raw_south_z01,lot_fg_0187_01,14418
receipt_2025_00170,1,fg_0188,wh_raw_north_z10,lot_fg_0188_02,14253
receipt_2025_00170,2,fg_0189,wh_raw_north_z01,lot_fg_0189_01,14354
receipt_2025_00170,3,fg_0190,wh_raw_north_z02,lot_fg_0190_02,14455
receipt_2025_00171,1,fg_0191,wh_finished_south_z01,lot_fg_0191_01,14290
receipt_2025_00171,2,fg_0192,wh_finished_south_z02,lot_fg_0192_02,14391
receipt_2025_00171,3,fg_0193,wh_finished_south_z03,lot_fg_0193_01,14492
receipt_2025_00172,1,fg_0194,wh_finished_north_z02,lot_fg_0194_02,14327
receipt_2025_00172,2,fg_0195,wh_finished_north_z03,lot_fg_0195_01,14428
receipt_2025_00172,3,fg_0196,wh_finished_north_z04,lot_fg_0196_02,14529
receipt_2025_00173,1,fg_0197,wh_cold_z03,lot_fg_0197_01,14364
receipt_2025_00173,2,fg_0198,wh_cold_z04,lot_fg_0198_02,14465
receipt_2025_00173,3,fg_0199,wh_cold_z05,lot_fg_0199_01,14566
receipt_2025_00174,1,fg_0200,wh_packaging_z04,lot_fg_0200_02,14401
receipt_2025_00174,2,rm_0001,wh_packaging_z05,lot_rm_0001_01,14502
receipt_2025_00174,3,rm_0002,wh_packaging_z06,lot_rm_0002_02,14603
receipt_2025_00175,1,rm_0003,wh_raw_south_z05,lot_rm_0003_01,14438
receipt_2025_00175,2,rm_0004,wh_raw_south_z06,lot_rm_0004_02,14539
receipt_2025_00175,3,rm_0005,wh_raw_south_z07,lot_rm_0005_01,14640
receipt_2025_00176,1,rm_0006,wh_raw_north_z06,lot_rm_0006_02,14475
receipt_2025_00176,2,rm_0007,wh_raw_north_z07,lot_rm_0007_01,14576
receipt_2025_00176,3,rm_0008,wh_raw_north_z08,lot_rm_0008_02,14677
receipt_2025_00177,1,rm_0009,wh_finished_south_z07,lot_rm_0009_01,14512
receipt_2025_00177,2,rm_0010,wh_finished_south_z08,lot_rm_0010_02,14613
receipt_2025_00177,3,rm_0011,wh_finished_south_z09,lot_rm_0011_01,14714
receipt_2025_00178,1,rm_0012,wh_finished_north_z08,lot_rm_0012_02,14549
receipt_2025_00178,2,rm_0013,wh_finished_north_z09,lot_rm_0013_01,14650
receipt_2025_00178,3,rm_0014,wh_finished_north_z10,lot_rm_0014_02,14751
receipt_2025_00179,1,rm_0015,wh_cold_z09,lot_rm_0015_01,14586
receipt_2025_00179,2,rm_0016,wh_cold_z10,lot_rm_0016_02,14687
receipt_2025_00179,3,rm_0017,wh_cold_z01,lot_rm_0017_01,14788
receipt_2025_00180,1,rm_0018,wh_packaging_z10,lot_rm_0018_02,14623
receipt_2025_00180,2,rm_0019,wh_packaging_z01,lot_rm_0019_01,14724
receipt_2025_00180,3,rm_0020,wh_packaging_z02,lot_rm_0020_02,14825
receipt_2025_00181,1,rm_0021,wh_raw_south_z01,lot_rm_0021_01,14660
receipt_2025_00181,2,rm_0022,wh_raw_south_z02,lot_rm_0022_02,14761
receipt_2025_00181,3,rm_0023,wh_raw_south_z03,lot_rm_0023_01,14862
receipt_2025_00182,1,rm_0024,wh_raw_north_z02,lot_rm_0024_02,14697
receipt_2025_00182,2,rm_0025,wh_raw_north_z03,lot_rm_0025_01,14798
receipt_2025_00182,3,rm_0026,wh_raw_north_z04,lot_rm_0026_02,14899
receipt_2025_00183,1,rm_0027,wh_finished_south_z03,lot_rm_0027_01,14734
receipt_2025_00183,2,rm_0028,wh_finished_south_z04,lot_rm_0028_02,14835
receipt_2025_00183,3,rm_0029,wh_finished_south_z05,lot_rm_0029_01,14936
receipt_2025_00184,1,rm_0030,wh_finished_north_z04,lot_rm_0030_02,14771
receipt_2025_00184,2,rm_0031,wh_finished_north_z05,lot_rm_0031_01,14872
receipt_2025_00184,3,rm_0032,wh_finished_north_z06,lot_rm_0032_02,14973
receipt_2025_00185,1,rm_0033,wh_cold_z05,lot_rm_0033_01,14808
receipt_2025_00185,2,rm_0034,wh_cold_z06,lot_rm_0034_02,14909
receipt_2025_00185,3,rm_0035,wh_cold_z07,lot_rm_0035_01,15010
receipt_2025_00186,1,rm_0036,wh_packaging_z06,lot_rm_0036_02,14845
receipt_2025_00186,2,rm_0037,wh_packaging_z07,lot_rm_0037_01,14946
receipt_2025_00186,3,rm_0038,wh_packaging_z08,lot_rm_0038_02,15047
receipt_2025_00187,1,rm_0039,wh_raw_south_z07,lot_rm_0039_01,14882
receipt_2025_00187,2,rm_0040,wh_raw_south_z08,lot_rm_0040_02,14983
receipt_2025_00187,3,rm_0041,wh_raw_south_z09,lot_rm_0041_01,15084
receipt_2025_00188,1,rm_0042,wh_raw_north_z08,lot_rm_0042_02,14919
receipt_2025_00188,2,rm_0043,wh_raw_north_z09,lot_rm_0043_01,15020
receipt_2025_00188,3,rm_0044,wh_raw_north_z10,lot_rm_0044_02,15121
receipt_2025_00189,1,rm_0045,wh_finished_south_z09,lot_rm_0045_01,14956
receipt_2025_00189,2,rm_0046,wh_finished_south_z10,lot_rm_0046_02,15057
receipt_2025_00189,3,rm_0047,wh_finished_south_z01,lot_rm_0047_01,15158
receipt_2025_00190,1,rm_0048,wh_finished_north_z10,lot_rm_0048_02,14993
receipt_2025_00190,2,rm_0049,wh_finished_north_z01,,15094
receipt_2025_00190,3,rm_0050,wh_finished_north_z02,,15195
receipt_2025_00191,1,rm_0051,wh_cold_z01,,15030
receipt_2025_00191,2,rm_0052,wh_cold_z02,,15131
receipt_2025_00191,3,rm_0053,wh_cold_z03,,15232
receipt_2025_00192,1,rm_0054,wh_packaging_z02,,15067
receipt_2025_00192,2,rm_0055,wh_packaging_z03,,15168
receipt_2025_00192,3,rm_0056,wh_packaging_z04,,15269
receipt_2025_00193,1,rm_0057,wh_raw_south_z03,,15104
receipt_2025_00193,2,rm_0058,wh_raw_south_z04,,15205
receipt_2025_00193,3,rm_0059,wh_raw_south_z05,,15306
receipt_2025_00194,1,rm_0060,wh_raw_north_z04,,15141
receipt_2025_00194,2,rm_0061,wh_raw_north_z05,,15242
receipt_2025_00194,3,rm_0062,wh_raw_north_z06,,15343
receipt_2025_00195,1,rm_0063,wh_finished_south_z05,,15178
receipt_2025_00195,2,rm_0064,wh_finished_south_z06,,15279
receipt_2025_00195,3,rm_0065,wh_finished_south_z07,lot_rm_0065_01,15380
receipt_2025_00196,1,rm_0066,wh_finished_north_z06,lot_rm_0066_02,15215
receipt_2025_00196,2,rm_0067,wh_finished_north_z07,lot_rm_0067_01,15316
receipt_2025_00196,3,rm_0068,wh_finished_north_z08,lot_rm_0068_02,15417
receipt_2025_00197,1,rm_0069,wh_cold_z07,lot_rm_0069_01,15252
receipt_2025_00197,2,rm_0070,wh_cold_z08,lot_rm_0070_02,15353
receipt_2025_00197,3,rm_0071,wh_cold_z09,lot_rm_0071_01,15454
receipt_2025_00198,1,rm_0072,wh_packaging_z08,lot_rm_0072_02,15289
receipt_2025_00198,2,rm_0073,wh_packaging_z09,lot_rm_0073_01,15390
receipt_2025_00198,3,rm_0074,wh_packaging_z10,lot_rm_0074_02,15491
receipt_2025_00199,1,rm_0075,wh_raw_south_z09,lot_rm_0075_01,15326
receipt_2025_00199,2,rm_0076,wh_raw_south_z10,lot_rm_0076_02,15427
receipt_2025_00199,3,rm_0077,wh_raw_south_z01,lot_rm_0077_01,15528
receipt_2025_00200,1,rm_0078,wh_raw_north_z10,lot_rm_0078_02,15363
receipt_2025_00200,2,rm_0079,wh_raw_north_z01,lot_rm_0079_01,15464
receipt_2025_00200,3,rm_0080,wh_raw_north_z02,lot_rm_0080_02,15565
receipt_2025_00201,1,rm_0081,wh_finished_south_z01,lot_rm_0081_01,15400
receipt_2025_00201,2,rm_0082,wh_finished_south_z02,lot_rm_0082_02,15501
receipt_2025_00201,3,rm_0083,wh_finished_south_z03,lot_rm_0083_01,15602
receipt_2025_00202,1,rm_0084,wh_finished_north_z02,lot_rm_0084_02,15437
receipt_2025_00202,2,rm_0085,wh_finished_north_z03,lot_rm_0085_01,15538
receipt_2025_00202,3,rm_0086,wh_finished_north_z04,lot_rm_0086_02,15639
receipt_2025_00203,1,rm_0087,wh_cold_z03,lot_rm_0087_01,15474
receipt_2025_00203,2,rm_0088,wh_cold_z04,lot_rm_0088_02,15575
receipt_2025_00203,3,rm_0089,wh_cold_z05,lot_rm_0089_01,15676
receipt_2025_00204,1,rm_0090,wh_packaging_z04,lot_rm_0090_02,15511
receipt_2025_00204,2,rm_0091,wh_packaging_z05,lot_rm_0091_01,15612
receipt_2025_00204,3,rm_0092,wh_packaging_z06,lot_rm_0092_02,15713
receipt_2025_00205,1,rm_0093,wh_raw_south_z05,lot_rm_0093_01,15548
receipt_2025_00205,2,rm_0094,wh_raw_south_z06,lot_rm_0094_02,15649
receipt_2025_00205,3,rm_0095,wh_raw_south_z07,lot_rm_0095_01,15750
receipt_2025_00206,1,rm_0096,wh_raw_north_z06,lot_rm_0096_02,15585
receipt_2025_00206,2,rm_0097,wh_raw_north_z07,lot_rm_0097_01,15686
receipt_2025_00206,3,rm_0098,wh_raw_north_z08,lot_rm_0098_02,15787
receipt_2025_00207,1,rm_0099,wh_finished_south_z07,lot_rm_0099_01,15622
receipt_2025_00207,2,rm_0100,wh_finished_south_z08,lot_rm_0100_02,15723
receipt_2025_00207,3,rm_0101,wh_finished_south_z09,lot_rm_0101_01,15824
receipt_2025_00208,1,rm_0102,wh_finished_north_z08,lot_rm_0102_02,15659
receipt_2025_00208,2,rm_0103,wh_finished_north_z09,lot_rm_0103_01,15760
receipt_2025_00208,3,rm_0104,wh_finished_north_z10,lot_rm_0104_02,15861
receipt_2025_00209,1,rm_0105,wh_cold_z09,lot_rm_0105_01,15696
receipt_2025_00209,2,rm_0106,wh_cold_z10,lot_rm_0106_02,15797
receipt_2025_00209,3,rm_0107,wh_cold_z01,lot_rm_0107_01,15898
receipt_2025_00210,1,rm_0108,wh_packaging_z10,lot_rm_0108_02,15733
receipt_2025_00210,2,rm_0109,wh_packaging_z01,lot_rm_0109_01,15834
receipt_2025_00210,3,rm_0110,wh_packaging_z02,lot_rm_0110_02,15935
receipt_2025_00211,1,rm_0111,wh_raw_south_z01,lot_rm_0111_01,15770
receipt_2025_00211,2,rm_0112,wh_raw_south_z02,lot_rm_0112_02,15871
receipt_2025_00211,3,rm_0113,wh_raw_south_z03,,15972
receipt_2025_00212,1,rm_0114,wh_raw_north_z02,,15807
receipt_2025_00212,2,rm_0115,wh_raw_north_z03,,15908
receipt_2025_00212,3,rm_0116,wh_raw_north_z04,,16009
receipt_2025_00213,1,rm_0117,wh_finished_south_z03,,15844
receipt_2025_00213,2,rm_0118,wh_finished_south_z04,,15945
receipt_2025_00213,3,rm_0119,wh_finished_south_z05,,16046
receipt_2025_00214,1,rm_0120,wh_finished_north_z04,,15881
receipt_2025_00214,2,rm_0121,wh_finished_north_z05,,15982
receipt_2025_00214,3,rm_0122,wh_finished_north_z06,,16083
receipt_2025_00215,1,rm_0123,wh_cold_z05,,15918
receipt_2025_00215,2,rm_0124,wh_cold_z06,,16019
receipt_2025_00215,3,rm_0125,wh_cold_z07,,16120
receipt_2025_00216,1,rm_0126,wh_packaging_z06,,15955
receipt_2025_00216,2,rm_0127,wh_packaging_z07,,16056
receipt_2025_00216,3,rm_0128,wh_packaging_z08,,16157
receipt_2025_00217,1,rm_0129,wh_raw_south_z07,lot_rm_0129_01,15992
receipt_2025_00217,2,rm_0130,wh_raw_south_z08,lot_rm_0130_02,16093
receipt_2025_00217,3,rm_0131,wh_raw_south_z09,lot_rm_0131_01,16194
receipt_2025_00218,1,rm_0132,wh_raw_north_z08,lot_rm_0132_02,16029
receipt_2025_00218,2,rm_0133,wh_raw_north_z09,lot_rm_0133_01,16130
receipt_2025_00218,3,rm_0134,wh_raw_north_z10,lot_rm_0134_02,16231
receipt_2025_00219,1,rm_0135,wh_finished_south_z09,lot_rm_0135_01,16066
receipt_2025_00219,2,rm_0136,wh_finished_south_z10,lot_rm_0136_02,16167
receipt_2025_00219,3,rm_0137,wh_finished_south_z01,lot_rm_0137_01,16268
receipt_2025_00220,1,rm_0138,wh_finished_north_z10,lot_rm_0138_02,16103
receipt_2025_00220,2,rm_0139,wh_finished_north_z01,lot_rm_0139_01,16204
receipt_2025_00220,3,rm_0140,wh_finished_north_z02,lot_rm_0140_02,16305
receipt_2025_00221,1,rm_0141,wh_cold_z01,lot_rm_0141_01,16140
receipt_2025_00221,2,rm_0142,wh_cold_z02,lot_rm_0142_02,16241
receipt_2025_00221,3,rm_0143,wh_cold_z03,lot_rm_0143_01,16342
receipt_2025_00222,1,rm_0144,wh_packaging_z02,lot_rm_0144_02,16177
receipt_2025_00222,2,rm_0145,wh_packaging_z03,lot_rm_0145_01,16278
receipt_2025_00222,3,rm_0146,wh_packaging_z04,lot_rm_0146_02,16379
receipt_2025_00223,1,rm_0147,wh_raw_south_z03,lot_rm_0147_01,16214
receipt_2025_00223,2,rm_0148,wh_raw_south_z04,lot_rm_0148_02,16315
receipt_2025_00223,3,rm_0149,wh_raw_south_z05,lot_rm_0149_01,16416
receipt_2025_00224,1,rm_0150,wh_raw_north_z04,lot_rm_0150_02,16251
receipt_2025_00224,2,rm_0151,wh_raw_north_z05,lot_rm_0151_01,16352
receipt_2025_00224,3,rm_0152,wh_raw_north_z06,lot_rm_0152_02,16453
receipt_2025_00225,1,rm_0153,wh_finished_south_z05,lot_rm_0153_01,16288
receipt_2025_00225,2,rm_0154,wh_finished_south_z06,lot_rm_0154_02,16389
receipt_2025_00225,3,rm_0155,wh_finished_south_z07,lot_rm_0155_01,16490
receipt_2025_00226,1,rm_0156,wh_finished_north_z06,lot_rm_0156_02,16325
receipt_2025_00226,2,rm_0157,wh_finished_north_z07,lot_rm_0157_01,16426
receipt_2025_00226,3,rm_0158,wh_finished_north_z08,lot_rm_0158_02,16527
receipt_2025_00227,1,rm_0159,wh_cold_z07,lot_rm_0159_01,16362
receipt_2025_00227,2,rm_0160,wh_cold_z08,lot_rm_0160_02,16463
receipt_2025_00227,3,rm_0161,wh_cold_z09,lot_rm_0161_01,16564
receipt_2025_00228,1,rm_0162,wh_packaging_z08,lot_rm_0162_02,16399
receipt_2025_00228,2,rm_0163,wh_packaging_z09,lot_rm_0163_01,16500
receipt_2025_00228,3,rm_0164,wh_packaging_z10,lot_rm_0164_02,16601
receipt_2025_00229,1,rm_0165,wh_raw_south_z09,lot_rm_0165_01,16436
receipt_2025_00229,2,rm_0166,wh_raw_south_z10,lot_rm_0166_02,16537
receipt_2025_00229,3,rm_0167,wh_raw_south_z01,lot_rm_0167_01,16638
receipt_2025_00230,1,rm_0168,wh_raw_north_z10,lot_rm_0168_02,16473
receipt_2025_00230,2,rm_0169,wh_raw_north_z01,lot_rm_0169_01,16574
receipt_2025_00230,3,rm_0170,wh_raw_north_z02,lot_rm_0170_02,16675
receipt_2025_00231,1,rm_0171,wh_finished_south_z01,lot_rm_0171_01,16510
receipt_2025_00231,2,rm_0172,wh_finished_south_z02,lot_rm_0172_02,16611
receipt_2025_00231,3,rm_0173,wh_finished_south_z03,lot_rm_0173_01,16712
receipt_2025_00232,1,rm_0174,wh_finished_north_z02,lot_rm_0174_02,16547
receipt_2025_00232,2,rm_0175,wh_finished_north_z03,lot_rm_0175_01,16648
receipt_2025_00232,3,rm_0176,wh_finished_north_z04,lot_rm_0176_02,16749
receipt_2025_00233,1,rm_0177,wh_cold_z03,,16584
receipt_2025_00233,2,rm_0178,wh_cold_z04,,16685
receipt_2025_00233,3,rm_0179,wh_cold_z05,,16786
receipt_2025_00234,1,rm_0180,wh_packaging_z04,,16621
receipt_2025_00234,2,rm_0181,wh_packaging_z05,,16722
receipt_2025_00234,3,rm_0182,wh_packaging_z06,,16823
receipt_2025_00235,1,rm_0183,wh_raw_south_z05,,16658
receipt_2025_00235,2,rm_0184,wh_raw_south_z06,,16759
receipt_2025_00235,3,rm_0185,wh_raw_south_z07,,16860
receipt_2025_00236,1,rm_0186,wh_raw_north_z06,,16695
receipt_2025_00236,2,rm_0187,wh_raw_north_z07,,16796
receipt_2025_00236,3,rm_0188,wh_raw_north_z08,,16897
receipt_2025_00237,1,rm_0189,wh_finished_south_z07,,16732
receipt_2025_00237,2,rm_0190,wh_finished_south_z08,,16833
receipt_2025_00237,3,rm_0191,wh_finished_south_z09,,16934
receipt_2025_00238,1,rm_0192,wh_finished_north_z08,,16769
receipt_2025_00238,2,rm_0193,wh_finished_north_z09,lot_rm_0193_01,16870
receipt_2025_00238,3,rm_0194,wh_finished_north_z10,lot_rm_0194_02,16971
receipt_2025_00239,1,rm_0195,wh_cold_z09,lot_rm_0195_01,16806
receipt_2025_00239,2,rm_0196,wh_cold_z10,lot_rm_0196_02,16907
receipt_2025_00239,3,rm_0197,wh_cold_z01,lot_rm_0197_01,17008
receipt_2025_00240,1,rm_0198,wh_packaging_z10,lot_rm_0198_02,16843
receipt_2025_00240,2,rm_0199,wh_packaging_z01,lot_rm_0199_01,16944
receipt_2025_00240,3,rm_0200,wh_packaging_z02,lot_rm_0200_02,17045
receipt_2025_00241,1,rm_0201,wh_raw_south_z01,lot_rm_0201_01,16880
receipt_2025_00241,2,rm_0202,wh_raw_south_z02,lot_rm_0202_02,16981
receipt_2025_00241,3,rm_0203,wh_raw_south_z03,lot_rm_0203_01,17082
receipt_2025_00242,1,rm_0204,wh_raw_north_z02,lot_rm_0204_02,16917
receipt_2025_00242,2,rm_0205,wh_raw_north_z03,lot_rm_0205_01,17018
receipt_2025_00242,3,rm_0206,wh_raw_north_z04,lot_rm_0206_02,17119
receipt_2025_00243,1,rm_0207,wh_finished_south_z03,lot_rm_0207_01,16954
receipt_2025_00243,2,rm_0208,wh_finished_south_z04,lot_rm_0208_02,17055
receipt_2025_00243,3,rm_0209,wh_finished_south_z05,lot_rm_0209_01,17156
receipt_2025_00244,1,rm_0210,wh_finished_north_z04,lot_rm_0210_02,16991
receipt_2025_00244,2,rm_0211,wh_finished_north_z05,lot_rm_0211_01,17092
receipt_2025_00244,3,rm_0212,wh_finished_north_z06,lot_rm_0212_02,17193
receipt_2025_00245,1,rm_0213,wh_cold_z05,lot_rm_0213_01,17028
receipt_2025_00245,2,rm_0214,wh_cold_z06,lot_rm_0214_02,17129
receipt_2025_00245,3,rm_0215,wh_cold_z07,lot_rm_0215_01,17230
receipt_2025_00246,1,rm_0216,wh_packaging_z06,lot_rm_0216_02,17065
receipt_2025_00246,2,rm_0217,wh_packaging_z07,lot_rm_0217_01,17166
receipt_2025_00246,3,rm_0218,wh_packaging_z08,lot_rm_0218_02,17267
receipt_2025_00247,1,rm_0219,wh_raw_south_z07,lot_rm_0219_01,17102
receipt_2025_00247,2,rm_0220,wh_raw_south_z08,lot_rm_0220_02,17203
receipt_2025_00247,3,rm_0221,wh_raw_south_z09,lot_rm_0221_01,17304
receipt_2025_00248,1,rm_0222,wh_raw_north_z08,lot_rm_0222_02,17139
receipt_2025_00248,2,rm_0223,wh_raw_north_z09,lot_rm_0223_01,17240
receipt_2025_00248,3,rm_0224,wh_raw_north_z10,lot_rm_0224_02,17341
receipt_2025_00249,1,rm_0225,wh_finished_south_z09,lot_rm_0225_01,17176
receipt_2025_00249,2,rm_0226,wh_finished_south_z10,lot_rm_0226_02,17277
receipt_2025_00249,3,rm_0227,wh_finished_south_z01,lot_rm_0227_01,17378
receipt_2025_00250,1,rm_0228,wh_finished_north_z10,lot_rm_0228_02,17213
receipt_2025_00250,2,rm_0229,wh_finished_north_z01,lot_rm_0229_01,17314
receipt_2025_00250,3,rm_0230,wh_finished_north_z02,lot_rm_0230_02,17415
receipt_2025_00251,1,rm_0231,wh_cold_z01,lot_rm_0231_01,17250
receipt_2025_00251,2,rm_0232,wh_cold_z02,lot_rm_0232_02,17351
receipt_2025_00251,3,rm_0233,wh_cold_z03,lot_rm_0233_01,17452
receipt_2025_00252,1,rm_0234,wh_packaging_z02,lot_rm_0234_02,17287
receipt_2025_00252,2,rm_0235,wh_packaging_z03,lot_rm_0235_01,17388
receipt_2025_00252,3,rm_0236,wh_packaging_z04,lot_rm_0236_02,17489
receipt_2025_00253,1,rm_0237,wh_raw_south_z03,lot_rm_0237_01,17324
receipt_2025_00253,2,rm_0238,wh_raw_south_z04,lot_rm_0238_02,17425
receipt_2025_00253,3,rm_0239,wh_raw_south_z05,lot_rm_0239_01,17526
receipt_2025_00254,1,rm_0240,wh_raw_north_z04,lot_rm_0240_02,17361
receipt_2025_00254,2,rm_0241,wh_raw_north_z05,,17462
receipt_2025_00254,3,rm_0242,wh_raw_north_z06,,17563
receipt_2025_00255,1,rm_0243,wh_finished_south_z05,,17398
receipt_2025_00255,2,rm_0244,wh_finished_south_z06,,17499
receipt_2025_00255,3,rm_0245,wh_finished_south_z07,,17600
receipt_2025_00256,1,rm_0246,wh_finished_north_z06,,17435
receipt_2025_00256,2,rm_0247,wh_finished_north_z07,,17536
receipt_2025_00256,3,rm_0248,wh_finished_north_z08,,17637
receipt_2025_00257,1,rm_0249,wh_cold_z07,,17472
receipt_2025_00257,2,rm_0250,wh_cold_z08,,17573
receipt_2025_00257,3,rm_0251,wh_cold_z09,,17674
receipt_2025_00258,1,rm_0252,wh_packaging_z08,,17509
receipt_2025_00258,2,rm_0253,wh_packaging_z09,,17610
receipt_2025_00258,3,rm_0254,wh_packaging_z10,,17711
receipt_2025_00259,1,rm_0255,wh_raw_south_z09,,17546
receipt_2025_00259,2,rm_0256,wh_raw_south_z10,,17647
receipt_2025_00259,3,rm_0257,wh_raw_south_z01,lot_rm_0257_01,17748
receipt_2025_00260,1,rm_0258,wh_raw_north_z10,lot_rm_0258_02,17583
receipt_2025_00260,2,rm_0259,wh_raw_north_z01,lot_rm_0259_01,17684
receipt_2025_00260,3,rm_0260,wh_raw_north_z02,lot_rm_0260_02,17785
receipt_2025_00261,1,rm_0261,wh_finished_south_z01,lot_rm_0261_01,17620
receipt_2025_00261,2,rm_0262,wh_finished_south_z02,lot_rm_0262_02,17721
receipt_2025_00261,3,rm_0263,wh_finished_south_z03,lot_rm_0263_01,17822
receipt_2025_00262,1,rm_0264,wh_finished_north_z02,lot_rm_0264_02,17657
receipt_2025_00262,2,rm_0265,wh_finished_north_z03,lot_rm_0265_01,17758
receipt_2025_00262,3,rm_0266,wh_finished_north_z04,lot_rm_0266_02,17859
receipt_2025_00263,1,rm_0267,wh_cold_z03,lot_rm_0267_01,17694
receipt_2025_00263,2,rm_0268,wh_cold_z04,lot_rm_0268_02,17795
receipt_2025_00263,3,rm_0269,wh_cold_z05,lot_rm_0269_01,17896
receipt_2025_00264,1,rm_0270,wh_packaging_z04,lot_rm_0270_02,17731
receipt_2025_00264,2,rm_0271,wh_packaging_z05,lot_rm_0271_01,17832
receipt_2025_00264,3,rm_0272,wh_packaging_z06,lot_rm_0272_02,17933
receipt_2025_00265,1,rm_0273,wh_raw_south_z05,lot_rm_0273_01,17768
receipt_2025_00265,2,rm_0274,wh_raw_south_z06,lot_rm_0274_02,17869
receipt_2025_00265,3,rm_0275,wh_raw_south_z07,lot_rm_0275_01,17970
receipt_2025_00266,1,rm_0276,wh_raw_north_z06,lot_rm_0276_02,17805
receipt_2025_00266,2,rm_0277,wh_raw_north_z07,lot_rm_0277_01,17906
receipt_2025_00266,3,rm_0278,wh_raw_north_z08,lot_rm_0278_02,18007
receipt_2025_00267,1,rm_0279,wh_finished_south_z07,lot_rm_0279_01,17842
receipt_2025_00267,2,rm_0280,wh_finished_south_z08,lot_rm_0280_02,17943
receipt_2025_00267,3,rm_0281,wh_finished_south_z09,lot_rm_0281_01,18044
receipt_2025_00268,1,rm_0282,wh_finished_north_z08,lot_rm_0282_02,17879
receipt_2025_00268,2,rm_0283,wh_finished_north_z09,lot_rm_0283_01,17980
receipt_2025_00268,3,rm_0284,wh_finished_north_z10,lot_rm_0284_02,18081
receipt_2025_00269,1,rm_0285,wh_cold_z09,lot_rm_0285_01,17916
receipt_2025_00269,2,rm_0286,wh_cold_z10,lot_rm_0286_02,18017
receipt_2025_00269,3,rm_0287,wh_cold_z01,lot_rm_0287_01,18118
receipt_2025_00270,1,rm_0288,wh_packaging_z10,lot_rm_0288_02,17953
receipt_2025_00270,2,rm_0289,wh_packaging_z01,lot_rm_0289_01,18054
receipt_2025_00270,3,rm_0290,wh_packaging_z02,lot_rm_0290_02,18155
receipt_2025_00271,1,rm_0291,wh_raw_south_z01,lot_rm_0291_01,17990
receipt_2025_00271,2,rm_0292,wh_raw_south_z02,lot_rm_0292_02,18091
receipt_2025_00271,3,rm_0293,wh_raw_south_z03,lot_rm_0293_01,18192
receipt_2025_00272,1,rm_0294,wh_raw_north_z02,lot_rm_0294_02,18027
receipt_2025_00272,2,rm_0295,wh_raw_north_z03,lot_rm_0295_01,18128
receipt_2025_00272,3,rm_0296,wh_raw_north_z04,lot_rm_0296_02,18229
receipt_2025_00273,1,rm_0297,wh_finished_south_z03,lot_rm_0297_01,18064
receipt_2025_00273,2,rm_0298,wh_finished_south_z04,lot_rm_0298_02,18165
receipt_2025_00273,3,rm_0299,wh_finished_south_z05,lot_rm_0299_01,18266
receipt_2025_00274,1,rm_0300,wh_finished_north_z04,lot_rm_0300_02,18101
receipt_2025_00274,2,rm_0301,wh_finished_north_z05,lot_rm_0301_01,18202
receipt_2025_00274,3,rm_0302,wh_finished_north_z06,lot_rm_0302_02,18303
receipt_2025_00275,1,rm_0303,wh_cold_z05,lot_rm_0303_01,18138
receipt_2025_00275,2,rm_0304,wh_cold_z06,lot_rm_0304_02,18239
receipt_2025_00275,3,rm_0305,wh_cold_z07,,18340
receipt_2025_00276,1,rm_0306,wh_packaging_z06,,18175
receipt_2025_00276,2,rm_0307,wh_packaging_z07,,18276
receipt_2025_00276,3,rm_0308,wh_packaging_z08,,18377
receipt_2025_00277,1,rm_0309,wh_raw_south_z07,,18212
receipt_2025_00277,2,rm_0310,wh_raw_south_z08,,18313
receipt_2025_00277,3,rm_0311,wh_raw_south_z09,,18414
receipt_2025_00278,1,rm_0312,wh_raw_north_z08,,18249
receipt_2025_00278,2,rm_0313,wh_raw_north_z09,,18350
receipt_2025_00278,3,rm_0314,wh_raw_north_z10,,18451
receipt_2025_00279,1,rm_0315,wh_finished_south_z09,,18286
receipt_2025_00279,2,rm_0316,wh_finished_south_z10,,18387
receipt_2025_00279,3,rm_0317,wh_finished_south_z01,,18488
receipt_2025_00280,1,rm_0318,wh_finished_north_z10,,18323
receipt_2025_00280,2,rm_0319,wh_finished_north_z01,,18424
receipt_2025_00280,3,rm_0320,wh_finished_north_z02,,18525
receipt_2025_00281,1,fg_0001,wh_cold_z01,lot_fg_0001_01,18360
receipt_2025_00281,2,fg_0002,wh_cold_z02,lot_fg_0002_02,18461
receipt_2025_00281,3,fg_0003,wh_cold_z03,lot_fg_0003_01,18562
receipt_2025_00282,1,fg_0004,wh_packaging_z02,lot_fg_0004_02,18397
receipt_2025_00282,2,fg_0005,wh_packaging_z03,lot_fg_0005_01,18498
receipt_2025_00282,3,fg_0006,wh_packaging_z04,lot_fg_0006_02,18599
receipt_2025_00283,1,fg_0007,wh_raw_south_z03,lot_fg_0007_01,18434
receipt_2025_00283,2,fg_0008,wh_raw_south_z04,lot_fg_0008_02,18535
receipt_2025_00283,3,fg_0009,wh_raw_south_z05,lot_fg_0009_01,18636
receipt_2025_00284,1,fg_0010,wh_raw_north_z04,lot_fg_0010_02,18471
receipt_2025_00284,2,fg_0011,wh_raw_north_z05,lot_fg_0011_01,18572
receipt_2025_00284,3,fg_0012,wh_raw_north_z06,lot_fg_0012_02,18673
receipt_2025_00285,1,fg_0013,wh_finished_south_z05,lot_fg_0013_01,18508
receipt_2025_00285,2,fg_0014,wh_finished_south_z06,lot_fg_0014_02,18609
receipt_2025_00285,3,fg_0015,wh_finished_south_z07,lot_fg_0015_01,18710
receipt_2025_00286,1,fg_0016,wh_finished_north_z06,lot_fg_0016_02,18545
receipt_2025_00286,2,fg_0017,wh_finished_north_z07,lot_fg_0017_01,18646
receipt_2025_00286,3,fg_0018,wh_finished_north_z08,lot_fg_0018_02,18747
receipt_2025_00287,1,fg_0019,wh_cold_z07,lot_fg_0019_01,18582
receipt_2025_00287,2,fg_0020,wh_cold_z08,lot_fg_0020_02,18683
receipt_2025_00287,3,fg_0021,wh_cold_z09,lot_fg_0021_01,18784
receipt_2025_00288,1,fg_0022,wh_packaging_z08,lot_fg_0022_02,18619
receipt_2025_00288,2,fg_0023,wh_packaging_z09,lot_fg_0023_01,18720
receipt_2025_00288,3,fg_0024,wh_packaging_z10,lot_fg_0024_02,18821
receipt_2025_00289,1,fg_0025,wh_raw_south_z09,lot_fg_0025_01,18656
receipt_2025_00289,2,fg_0026,wh_raw_south_z10,lot_fg_0026_02,18757
receipt_2025_00289,3,fg_0027,wh_raw_south_z01,lot_fg_0027_01,18858
receipt_2025_00290,1,fg_0028,wh_raw_north_z10,lot_fg_0028_02,18693
receipt_2025_00290,2,fg_0029,wh_raw_north_z01,lot_fg_0029_01,18794
receipt_2025_00290,3,fg_0030,wh_raw_north_z02,lot_fg_0030_02,18895
receipt_2025_00291,1,fg_0031,wh_finished_south_z01,lot_fg_0031_01,18730
receipt_2025_00291,2,fg_0032,wh_finished_south_z02,lot_fg_0032_02,18831
receipt_2025_00291,3,fg_0033,wh_finished_south_z03,lot_fg_0033_01,18932
receipt_2025_00292,1,fg_0034,wh_finished_north_z02,lot_fg_0034_02,18767
receipt_2025_00292,2,fg_0035,wh_finished_north_z03,lot_fg_0035_01,18868
receipt_2025_00292,3,fg_0036,wh_finished_north_z04,lot_fg_0036_02,18969
receipt_2025_00293,1,fg_0037,wh_cold_z03,lot_fg_0037_01,18804
receipt_2025_00293,2,fg_0038,wh_cold_z04,lot_fg_0038_02,18905
receipt_2025_00293,3,fg_0039,wh_cold_z05,lot_fg_0039_01,19006
receipt_2025_00294,1,fg_0040,wh_packaging_z04,lot_fg_0040_02,18841
receipt_2025_00294,2,fg_0041,wh_packaging_z05,lot_fg_0041_01,18942
receipt_2025_00294,3,fg_0042,wh_packaging_z06,lot_fg_0042_02,19043
receipt_2025_00295,1,fg_0043,wh_raw_south_z05,lot_fg_0043_01,18878
receipt_2025_00295,2,fg_0044,wh_raw_south_z06,lot_fg_0044_02,18979
receipt_2025_00295,3,fg_0045,wh_raw_south_z07,lot_fg_0045_01,19080
receipt_2025_00296,1,fg_0046,wh_raw_north_z06,lot_fg_0046_02,18915
receipt_2025_00296,2,fg_0047,wh_raw_north_z07,lot_fg_0047_01,19016
receipt_2025_00296,3,fg_0048,wh_raw_north_z08,lot_fg_0048_02,19117
receipt_2025_00297,1,fg_0049,wh_finished_south_z07,lot_fg_0049_01,18952
receipt_2025_00297,2,fg_0050,wh_finished_south_z08,lot_fg_0050_02,19053
receipt_2025_00297,3,fg_0051,wh_finished_south_z09,lot_fg_0051_01,19154
receipt_2025_00298,1,fg_0052,wh_finished_north_z08,lot_fg_0052_02,18989
receipt_2025_00298,2,fg_0053,wh_finished_north_z09,lot_fg_0053_01,19090
receipt_2025_00298,3,fg_0054,wh_finished_north_z10,lot_fg_0054_02,19191
receipt_2025_00299,1,fg_0055,wh_cold_z09,lot_fg_0055_01,19026
receipt_2025_00299,2,fg_0056,wh_cold_z10,lot_fg_0056_02,19127
receipt_2025_00299,3,fg_0057,wh_cold_z01,lot_fg_0057_01,19228
receipt_2025_00300,1,fg_0058,wh_packaging_z10,lot_fg_0058_02,19063
receipt_2025_00300,2,fg_0059,wh_packaging_z01,lot_fg_0059_01,19164
receipt_2025_00300,3,fg_0060,wh_packaging_z02,lot_fg_0060_02,19265
receipt_2025_00301,1,fg_0061,wh_raw_south_z01,lot_fg_0061_01,19100
receipt_2025_00301,2,fg_0062,wh_raw_south_z02,lot_fg_0062_02,19201
receipt_2025_00301,3,fg_0063,wh_raw_south_z03,lot_fg_0063_01,19302
receipt_2025_00302,1,fg_0064,wh_raw_north_z02,lot_fg_0064_02,19137
receipt_2025_00302,2,fg_0065,wh_raw_north_z03,lot_fg_0065_01,19238
receipt_2025_00302,3,fg_0066,wh_raw_north_z04,lot_fg_0066_02,19339
receipt_2025_00303,1,fg_0067,wh_finished_south_z03,lot_fg_0067_01,19174
receipt_2025_00303,2,fg_0068,wh_finished_south_z04,lot_fg_0068_02,19275
receipt_2025_00303,3,fg_0069,wh_finished_south_z05,lot_fg_0069_01,19376
receipt_2025_00304,1,fg_0070,wh_finished_north_z04,lot_fg_0070_02,19211
receipt_2025_00304,2,fg_0071,wh_finished_north_z05,lot_fg_0071_01,19312
receipt_2025_00304,3,fg_0072,wh_finished_north_z06,lot_fg_0072_02,19413
receipt_2025_00305,1,fg_0073,wh_cold_z05,lot_fg_0073_01,19248
receipt_2025_00305,2,fg_0074,wh_cold_z06,lot_fg_0074_02,19349
receipt_2025_00305,3,fg_0075,wh_cold_z07,lot_fg_0075_01,19450
receipt_2025_00306,1,fg_0076,wh_packaging_z06,lot_fg_0076_02,19285
receipt_2025_00306,2,fg_0077,wh_packaging_z07,lot_fg_0077_01,19386
receipt_2025_00306,3,fg_0078,wh_packaging_z08,lot_fg_0078_02,19487
receipt_2025_00307,1,fg_0079,wh_raw_south_z07,lot_fg_0079_01,19322
receipt_2025_00307,2,fg_0080,wh_raw_south_z08,lot_fg_0080_02,19423
receipt_2025_00307,3,fg_0081,wh_raw_south_z09,lot_fg_0081_01,19524
receipt_2025_00308,1,fg_0082,wh_raw_north_z08,lot_fg_0082_02,19359
receipt_2025_00308,2,fg_0083,wh_raw_north_z09,lot_fg_0083_01,19460
receipt_2025_00308,3,fg_0084,wh_raw_north_z10,lot_fg_0084_02,19561
receipt_2025_00309,1,fg_0085,wh_finished_south_z09,lot_fg_0085_01,19396
receipt_2025_00309,2,fg_0086,wh_finished_south_z10,lot_fg_0086_02,19497
receipt_2025_00309,3,fg_0087,wh_finished_south_z01,lot_fg_0087_01,19598
receipt_2025_00310,1,fg_0088,wh_finished_north_z10,lot_fg_0088_02,19433
receipt_2025_00310,2,fg_0089,wh_finished_north_z01,lot_fg_0089_01,19534
receipt_2025_00310,3,fg_0090,wh_finished_north_z02,lot_fg_0090_02,19635
receipt_2025_00311,1,fg_0091,wh_cold_z01,lot_fg_0091_01,19470
receipt_2025_00311,2,fg_0092,wh_cold_z02,lot_fg_0092_02,19571
receipt_2025_00311,3,fg_0093,wh_cold_z03,lot_fg_0093_01,19672
receipt_2025_00312,1,fg_0094,wh_packaging_z02,lot_fg_0094_02,19507
receipt_2025_00312,2,fg_0095,wh_packaging_z03,lot_fg_0095_01,19608
receipt_2025_00312,3,fg_0096,wh_packaging_z04,lot_fg_0096_02,19709
receipt_2025_00313,1,fg_0097,wh_raw_south_z03,lot_fg_0097_01,19544
receipt_2025_00313,2,fg_0098,wh_raw_south_z04,lot_fg_0098_02,19645
receipt_2025_00313,3,fg_0099,wh_raw_south_z05,lot_fg_0099_01,19746
receipt_2025_00314,1,fg_0100,wh_raw_north_z04,lot_fg_0100_02,19581
receipt_2025_00314,2,fg_0101,wh_raw_north_z05,lot_fg_0101_01,19682
receipt_2025_00314,3,fg_0102,wh_raw_north_z06,lot_fg_0102_02,19783
receipt_2025_00315,1,fg_0103,wh_finished_south_z05,lot_fg_0103_01,19618
receipt_2025_00315,2,fg_0104,wh_finished_south_z06,lot_fg_0104_02,19719
receipt_2025_00315,3,fg_0105,wh_finished_south_z07,lot_fg_0105_01,19820
receipt_2025_00316,1,fg_0106,wh_finished_north_z06,lot_fg_0106_02,19655
receipt_2025_00316,2,fg_0107,wh_finished_north_z07,lot_fg_0107_01,19756
receipt_2025_00316,3,fg_0108,wh_finished_north_z08,lot_fg_0108_02,19857
receipt_2025_00317,1,fg_0109,wh_cold_z07,lot_fg_0109_01,19692
receipt_2025_00317,2,fg_0110,wh_cold_z08,lot_fg_0110_02,19793
receipt_2025_00317,3,fg_0111,wh_cold_z09,lot_fg_0111_01,19894
receipt_2025_00318,1,fg_0112,wh_packaging_z08,lot_fg_0112_02,19729
receipt_2025_00318,2,fg_0113,wh_packaging_z09,lot_fg_0113_01,19830
receipt_2025_00318,3,fg_0114,wh_packaging_z10,lot_fg_0114_02,19931
receipt_2025_00319,1,fg_0115,wh_raw_south_z09,lot_fg_0115_01,19766
receipt_2025_00319,2,fg_0116,wh_raw_south_z10,lot_fg_0116_02,19867
receipt_2025_00319,3,fg_0117,wh_raw_south_z01,lot_fg_0117_01,19968
receipt_2025_00320,1,fg_0118,wh_raw_north_z10,lot_fg_0118_02,19803
receipt_2025_00320,2,fg_0119,wh_raw_north_z01,lot_fg_0119_01,19904
receipt_2025_00320,3,fg_0120,wh_raw_north_z02,lot_fg_0120_02,8005
receipt_2025_00321,1,fg_0121,wh_finished_south_z01,lot_fg_0121_01,19840
receipt_2025_00321,2,fg_0122,wh_finished_south_z02,lot_fg_0122_02,19941
receipt_2025_00321,3,fg_0123,wh_finished_south_z03,lot_fg_0123_01,8042
receipt_2025_00322,1,fg_0124,wh_finished_north_z02,lot_fg_0124_02,19877
receipt_2025_00322,2,fg_0125,wh_finished_north_z03,lot_fg_0125_01,19978
receipt_2025_00322,3,fg_0126,wh_finished_north_z04,lot_fg_0126_02,8079
receipt_2025_00323,1,fg_0127,wh_cold_z03,lot_fg_0127_01,19914
receipt_2025_00323,2,fg_0128,wh_cold_z04,lot_fg_0128_02,8015
receipt_2025_00323,3,fg_0129,wh_cold_z05,lot_fg_0129_01,8116
receipt_2025_00324,1,fg_0130,wh_packaging_z04,lot_fg_0130_02,19951
receipt_2025_00324,2,fg_0131,wh_packaging_z05,lot_fg_0131_01,8052
receipt_2025_00324,3,fg_0132,wh_packaging_z06,lot_fg_0132_02,8153
receipt_2025_00325,1,fg_0133,wh_raw_south_z05,lot_fg_0133_01,19988
receipt_2025_00325,2,fg_0134,wh_raw_south_z06,lot_fg_0134_02,8089
receipt_2025_00325,3,fg_0135,wh_raw_south_z07,lot_fg_0135_01,8190
receipt_2025_00326,1,fg_0136,wh_raw_north_z06,lot_fg_0136_02,8025
receipt_2025_00326,2,fg_0137,wh_raw_north_z07,lot_fg_0137_01,8126
receipt_2025_00326,3,fg_0138,wh_raw_north_z08,lot_fg_0138_02,8227
receipt_2025_00327,1,fg_0139,wh_finished_south_z07,lot_fg_0139_01,8062
receipt_2025_00327,2,fg_0140,wh_finished_south_z08,lot_fg_0140_02,8163
receipt_2025_00327,3,fg_0141,wh_finished_south_z09,lot_fg_0141_01,8264
receipt_2025_00328,1,fg_0142,wh_finished_north_z08,lot_fg_0142_02,8099
receipt_2025_00328,2,fg_0143,wh_finished_north_z09,lot_fg_0143_01,8200
receipt_2025_00328,3,fg_0144,wh_finished_north_z10,lot_fg_0144_02,8301
receipt_2025_00329,1,fg_0145,wh_cold_z09,lot_fg_0145_01,8136
receipt_2025_00329,2,fg_0146,wh_cold_z10,lot_fg_0146_02,8237
receipt_2025_00329,3,fg_0147,wh_cold_z01,lot_fg_0147_01,8338
receipt_2025_00330,1,fg_0148,wh_packaging_z10,lot_fg_0148_02,8173
receipt_2025_00330,2,fg_0149,wh_packaging_z01,lot_fg_0149_01,8274
receipt_2025_00330,3,fg_0150,wh_packaging_z02,lot_fg_0150_02,8375
receipt_2025_00331,1,fg_0151,wh_raw_south_z01,lot_fg_0151_01,8210
receipt_2025_00331,2,fg_0152,wh_raw_south_z02,lot_fg_0152_02,8311
receipt_2025_00331,3,fg_0153,wh_raw_south_z03,lot_fg_0153_01,8412
receipt_2025_00332,1,fg_0154,wh_raw_north_z02,lot_fg_0154_02,8247
receipt_2025_00332,2,fg_0155,wh_raw_north_z03,lot_fg_0155_01,8348
receipt_2025_00332,3,fg_0156,wh_raw_north_z04,lot_fg_0156_02,8449
receipt_2025_00333,1,fg_0157,wh_finished_south_z03,lot_fg_0157_01,8284
receipt_2025_00333,2,fg_0158,wh_finished_south_z04,lot_fg_0158_02,8385
receipt_2025_00333,3,fg_0159,wh_finished_south_z05,lot_fg_0159_01,8486
receipt_2025_00334,1,fg_0160,wh_finished_north_z04,lot_fg_0160_02,8321
receipt_2025_00334,2,fg_0161,wh_finished_north_z05,lot_fg_0161_01,8422
receipt_2025_00334,3,fg_0162,wh_finished_north_z06,lot_fg_0162_02,8523
receipt_2025_00335,1,fg_0163,wh_cold_z05,lot_fg_0163_01,8358
receipt_2025_00335,2,fg_0164,wh_cold_z06,lot_fg_0164_02,8459
receipt_2025_00335,3,fg_0165,wh_cold_z07,lot_fg_0165_01,8560
receipt_2025_00336,1,fg_0166,wh_packaging_z06,lot_fg_0166_02,8395
receipt_2025_00336,2,fg_0167,wh_packaging_z07,lot_fg_0167_01,8496
receipt_2025_00336,3,fg_0168,wh_packaging_z08,lot_fg_0168_02,8597
receipt_2025_00337,1,fg_0169,wh_raw_south_z07,lot_fg_0169_01,8432
receipt_2025_00337,2,fg_0170,wh_raw_south_z08,lot_fg_0170_02,8533
receipt_2025_00337,3,fg_0171,wh_raw_south_z09,lot_fg_0171_01,8634
receipt_2025_00338,1,fg_0172,wh_raw_north_z08,lot_fg_0172_02,8469
receipt_2025_00338,2,fg_0173,wh_raw_north_z09,lot_fg_0173_01,8570
receipt_2025_00338,3,fg_0174,wh_raw_north_z10,lot_fg_0174_02,8671
receipt_2025_00339,1,fg_0175,wh_finished_south_z09,lot_fg_0175_01,8506
receipt_2025_00339,2,fg_0176,wh_finished_south_z10,lot_fg_0176_02,8607
receipt_2025_00339,3,fg_0177,wh_finished_south_z01,lot_fg_0177_01,8708
receipt_2025_00340,1,fg_0178,wh_finished_north_z10,lot_fg_0178_02,8543
receipt_2025_00340,2,fg_0179,wh_finished_north_z01,lot_fg_0179_01,8644
receipt_2025_00340,3,fg_0180,wh_finished_north_z02,lot_fg_0180_02,8745
receipt_2025_00341,1,fg_0181,wh_cold_z01,lot_fg_0181_01,8580
receipt_2025_00341,2,fg_0182,wh_cold_z02,lot_fg_0182_02,8681
receipt_2025_00341,3,fg_0183,wh_cold_z03,lot_fg_0183_01,8782
receipt_2025_00342,1,fg_0184,wh_packaging_z02,lot_fg_0184_02,8617
receipt_2025_00342,2,fg_0185,wh_packaging_z03,lot_fg_0185_01,8718
receipt_2025_00342,3,fg_0186,wh_packaging_z04,lot_fg_0186_02,8819
receipt_2025_00343,1,fg_0187,wh_raw_south_z03,lot_fg_0187_01,8654
receipt_2025_00343,2,fg_0188,wh_raw_south_z04,lot_fg_0188_02,8755
receipt_2025_00343,3,fg_0189,wh_raw_south_z05,lot_fg_0189_01,8856
receipt_2025_00344,1,fg_0190,wh_raw_north_z04,lot_fg_0190_02,8691
receipt_2025_00344,2,fg_0191,wh_raw_north_z05,lot_fg_0191_01,8792
receipt_2025_00344,3,fg_0192,wh_raw_north_z06,lot_fg_0192_02,8893
receipt_2025_00345,1,fg_0193,wh_finished_south_z05,lot_fg_0193_01,8728
receipt_2025_00345,2,fg_0194,wh_finished_south_z06,lot_fg_0194_02,8829
receipt_2025_00345,3,fg_0195,wh_finished_south_z07,lot_fg_0195_01,8930
receipt_2025_00346,1,fg_0196,wh_finished_north_z06,lot_fg_0196_02,8765
receipt_2025_00346,2,fg_0197,wh_finished_north_z07,lot_fg_0197_01,8866
receipt_2025_00346,3,fg_0198,wh_finished_north_z08,lot_fg_0198_02,8967
receipt_2025_00347,1,fg_0199,wh_cold_z07,lot_fg_0199_01,8802
receipt_2025_00347,2,fg_0200,wh_cold_z08,lot_fg_0200_02,8903
receipt_2025_00347,3,rm_0001,wh_cold_z09,lot_rm_0001_01,9004
receipt_2025_00348,1,rm_0002,wh_packaging_z08,lot_rm_0002_02,8839
receipt_2025_00348,2,rm_0003,wh_packaging_z09,lot_rm_0003_01,8940
receipt_2025_00348,3,rm_0004,wh_packaging_z10,lot_rm_0004_02,9041
receipt_2025_00349,1,rm_0005,wh_raw_south_z09,lot_rm_0005_01,8876
receipt_2025_00349,2,rm_0006,wh_raw_south_z10,lot_rm_0006_02,8977
receipt_2025_00349,3,rm_0007,wh_raw_south_z01,lot_rm_0007_01,9078
receipt_2025_00350,1,rm_0008,wh_raw_north_z10,lot_rm_0008_02,8913
receipt_2025_00350,2,rm_0009,wh_raw_north_z01,lot_rm_0009_01,9014
receipt_2025_00350,3,rm_0010,wh_raw_north_z02,lot_rm_0010_02,9115
receipt_2025_00351,1,rm_0011,wh_finished_south_z01,lot_rm_0011_01,8950
receipt_2025_00351,2,rm_0012,wh_finished_south_z02,lot_rm_0012_02,9051
receipt_2025_00351,3,rm_0013,wh_finished_south_z03,lot_rm_0013_01,9152
receipt_2025_00352,1,rm_0014,wh_finished_north_z02,lot_rm_0014_02,8987
receipt_2025_00352,2,rm_0015,wh_finished_north_z03,lot_rm_0015_01,9088
receipt_2025_00352,3,rm_0016,wh_finished_north_z04,lot_rm_0016_02,9189
receipt_2025_00353,1,rm_0017,wh_cold_z03,lot_rm_0017_01,9024
receipt_2025_00353,2,rm_0018,wh_cold_z04,lot_rm_0018_02,9125
receipt_2025_00353,3,rm_0019,wh_cold_z05,lot_rm_0019_01,9226
receipt_2025_00354,1,rm_0020,wh_packaging_z04,lot_rm_0020_02,9061
receipt_2025_00354,2,rm_0021,wh_packaging_z05,lot_rm_0021_01,9162
receipt_2025_00354,3,rm_0022,wh_packaging_z06,lot_rm_0022_02,9263
receipt_2025_00355,1,rm_0023,wh_raw_south_z05,lot_rm_0023_01,9098
receipt_2025_00355,2,rm_0024,wh_raw_south_z06,lot_rm_0024_02,9199
receipt_2025_00355,3,rm_0025,wh_raw_south_z07,lot_rm_0025_01,9300
receipt_2025_00356,1,rm_0026,wh_raw_north_z06,lot_rm_0026_02,9135
receipt_2025_00356,2,rm_0027,wh_raw_north_z07,lot_rm_0027_01,9236
receipt_2025_00356,3,rm_0028,wh_raw_north_z08,lot_rm_0028_02,9337
receipt_2025_00357,1,rm_0029,wh_finished_south_z07,lot_rm_0029_01,9172
receipt_2025_00357,2,rm_0030,wh_finished_south_z08,lot_rm_0030_02,9273
receipt_2025_00357,3,rm_0031,wh_finished_south_z09,lot_rm_0031_01,9374
receipt_2025_00358,1,rm_0032,wh_finished_north_z08,lot_rm_0032_02,9209
receipt_2025_00358,2,rm_0033,wh_finished_north_z09,lot_rm_0033_01,9310
receipt_2025_00358,3,rm_0034,wh_finished_north_z10,lot_rm_0034_02,9411
receipt_2025_00359,1,rm_0035,wh_cold_z09,lot_rm_0035_01,9246
receipt_2025_00359,2,rm_0036,wh_cold_z10,lot_rm_0036_02,9347
receipt_2025_00359,3,rm_0037,wh_cold_z01,lot_rm_0037_01,9448
receipt_2025_00360,1,rm_0038,wh_packaging_z10,lot_rm_0038_02,9283
receipt_2025_00360,2,rm_0039,wh_packaging_z01,lot_rm_0039_01,9384
receipt_2025_00360,3,rm_0040,wh_packaging_z02,lot_rm_0040_02,9485
receipt_2025_00361,1,rm_0041,wh_raw_south_z01,lot_rm_0041_01,9320
receipt_2025_00361,2,rm_0042,wh_raw_south_z02,lot_rm_0042_02,9421
receipt_2025_00361,3,rm_0043,wh_raw_south_z03,lot_rm_0043_01,9522
receipt_2025_00362,1,rm_0044,wh_raw_north_z02,lot_rm_0044_02,9357
receipt_2025_00362,2,rm_0045,wh_raw_north_z03,lot_rm_0045_01,9458
receipt_2025_00362,3,rm_0046,wh_raw_north_z04,lot_rm_0046_02,9559
receipt_2025_00363,1,rm_0047,wh_finished_south_z03,lot_rm_0047_01,9394
receipt_2025_00363,2,rm_0048,wh_finished_south_z04,lot_rm_0048_02,9495
receipt_2025_00363,3,rm_0049,wh_finished_south_z05,,9596
receipt_2025_00364,1,rm_0050,wh_finished_north_z04,,9431
receipt_2025_00364,2,rm_0051,wh_finished_north_z05,,9532
receipt_2025_00364,3,rm_0052,wh_finished_north_z06,,9633
receipt_2025_00365,1,rm_0053,wh_cold_z05,,9468
receipt_2025_00365,2,rm_0054,wh_cold_z06,,9569
receipt_2025_00365,3,rm_0055,wh_cold_z07,,9670
receipt_2025_00366,1,rm_0056,wh_packaging_z06,,9505
receipt_2025_00366,2,rm_0057,wh_packaging_z07,,9606
receipt_2025_00366,3,rm_0058,wh_packaging_z08,,9707
receipt_2025_00367,1,rm_0059,wh_raw_south_z07,,9542
receipt_2025_00367,2,rm_0060,wh_raw_south_z08,,9643
receipt_2025_00367,3,rm_0061,wh_raw_south_z09,,9744
receipt_2025_00368,1,rm_0062,wh_raw_north_z08,,9579
receipt_2025_00368,2,rm_0063,wh_raw_north_z09,,9680
receipt_2025_00368,3,rm_0064,wh_raw_north_z10,,9781
receipt_2025_00369,1,rm_0065,wh_finished_south_z09,lot_rm_0065_01,9616
receipt_2025_00369,2,rm_0066,wh_finished_south_z10,lot_rm_0066_02,9717
receipt_2025_00369,3,rm_0067,wh_finished_south_z01,lot_rm_0067_01,9818
receipt_2025_00370,1,rm_0068,wh_finished_north_z10,lot_rm_0068_02,9653
receipt_2025_00370,2,rm_0069,wh_finished_north_z01,lot_rm_0069_01,9754
receipt_2025_00370,3,rm_0070,wh_finished_north_z02,lot_rm_0070_02,9855
receipt_2025_00371,1,rm_0071,wh_cold_z01,lot_rm_0071_01,9690
receipt_2025_00371,2,rm_0072,wh_cold_z02,lot_rm_0072_02,9791
receipt_2025_00371,3,rm_0073,wh_cold_z03,lot_rm_0073_01,9892
receipt_2025_00372,1,rm_0074,wh_packaging_z02,lot_rm_0074_02,9727
receipt_2025_00372,2,rm_0075,wh_packaging_z03,lot_rm_0075_01,9828
receipt_2025_00372,3,rm_0076,wh_packaging_z04,lot_rm_0076_02,9929
receipt_2025_00373,1,rm_0077,wh_raw_south_z03,lot_rm_0077_01,9764
receipt_2025_00373,2,rm_0078,wh_raw_south_z04,lot_rm_0078_02,9865
receipt_2025_00373,3,rm_0079,wh_raw_south_z05,lot_rm_0079_01,9966
receipt_2025_00374,1,rm_0080,wh_raw_north_z04,lot_rm_0080_02,9801
receipt_2025_00374,2,rm_0081,wh_raw_north_z05,lot_rm_0081_01,9902
receipt_2025_00374,3,rm_0082,wh_raw_north_z06,lot_rm_0082_02,10003
receipt_2025_00375,1,rm_0083,wh_finished_south_z05,lot_rm_0083_01,9838
receipt_2025_00375,2,rm_0084,wh_finished_south_z06,lot_rm_0084_02,9939
receipt_2025_00375,3,rm_0085,wh_finished_south_z07,lot_rm_0085_01,10040
receipt_2025_00376,1,rm_0086,wh_finished_north_z06,lot_rm_0086_02,9875
receipt_2025_00376,2,rm_0087,wh_finished_north_z07,lot_rm_0087_01,9976
receipt_2025_00376,3,rm_0088,wh_finished_north_z08,lot_rm_0088_02,10077
receipt_2025_00377,1,rm_0089,wh_cold_z07,lot_rm_0089_01,9912
receipt_2025_00377,2,rm_0090,wh_cold_z08,lot_rm_0090_02,10013
receipt_2025_00377,3,rm_0091,wh_cold_z09,lot_rm_0091_01,10114
receipt_2025_00378,1,rm_0092,wh_packaging_z08,lot_rm_0092_02,9949
receipt_2025_00378,2,rm_0093,wh_packaging_z09,lot_rm_0093_01,10050
receipt_2025_00378,3,rm_0094,wh_packaging_z10,lot_rm_0094_02,10151
receipt_2025_00379,1,rm_0095,wh_raw_south_z09,lot_rm_0095_01,9986
receipt_2025_00379,2,rm_0096,wh_raw_south_z10,lot_rm_0096_02,10087
receipt_2025_00379,3,rm_0097,wh_raw_south_z01,lot_rm_0097_01,10188
receipt_2025_00380,1,rm_0098,wh_raw_north_z10,lot_rm_0098_02,10023
receipt_2025_00380,2,rm_0099,wh_raw_north_z01,lot_rm_0099_01,10124
receipt_2025_00380,3,rm_0100,wh_raw_north_z02,lot_rm_0100_02,10225
receipt_2025_00381,1,rm_0101,wh_finished_south_z01,lot_rm_0101_01,10060
receipt_2025_00381,2,rm_0102,wh_finished_south_z02,lot_rm_0102_02,10161
receipt_2025_00381,3,rm_0103,wh_finished_south_z03,lot_rm_0103_01,10262
receipt_2025_00382,1,rm_0104,wh_finished_north_z02,lot_rm_0104_02,10097
receipt_2025_00382,2,rm_0105,wh_finished_north_z03,lot_rm_0105_01,10198
receipt_2025_00382,3,rm_0106,wh_finished_north_z04,lot_rm_0106_02,10299
receipt_2025_00383,1,rm_0107,wh_cold_z03,lot_rm_0107_01,10134
receipt_2025_00383,2,rm_0108,wh_cold_z04,lot_rm_0108_02,10235
receipt_2025_00383,3,rm_0109,wh_cold_z05,lot_rm_0109_01,10336
receipt_2025_00384,1,rm_0110,wh_packaging_z04,lot_rm_0110_02,10171
receipt_2025_00384,2,rm_0111,wh_packaging_z05,lot_rm_0111_01,10272
receipt_2025_00384,3,rm_0112,wh_packaging_z06,lot_rm_0112_02,10373
receipt_2025_00385,1,rm_0113,wh_raw_south_z05,,10208
receipt_2025_00385,2,rm_0114,wh_raw_south_z06,,10309
receipt_2025_00385,3,rm_0115,wh_raw_south_z07,,10410
receipt_2025_00386,1,rm_0116,wh_raw_north_z06,,10245
receipt_2025_00386,2,rm_0117,wh_raw_north_z07,,10346
receipt_2025_00386,3,rm_0118,wh_raw_north_z08,,10447
receipt_2025_00387,1,rm_0119,wh_finished_south_z07,,10282
receipt_2025_00387,2,rm_0120,wh_finished_south_z08,,10383
receipt_2025_00387,3,rm_0121,wh_finished_south_z09,,10484
receipt_2025_00388,1,rm_0122,wh_finished_north_z08,,10319
receipt_2025_00388,2,rm_0123,wh_finished_north_z09,,10420
receipt_2025_00388,3,rm_0124,wh_finished_north_z10,,10521
receipt_2025_00389,1,rm_0125,wh_cold_z09,,10356
receipt_2025_00389,2,rm_0126,wh_cold_z10,,10457
receipt_2025_00389,3,rm_0127,wh_cold_z01,,10558
receipt_2025_00390,1,rm_0128,wh_packaging_z10,,10393
receipt_2025_00390,2,rm_0129,wh_packaging_z01,lot_rm_0129_01,10494
receipt_2025_00390,3,rm_0130,wh_packaging_z02,lot_rm_0130_02,10595
receipt_2025_00391,1,rm_0131,wh_raw_south_z01,lot_rm_0131_01,10430
receipt_2025_00391,2,rm_0132,wh_raw_south_z02,lot_rm_0132_02,10531
receipt_2025_00391,3,rm_0133,wh_raw_south_z03,lot_rm_0133_01,10632
receipt_2025_00392,1,rm_0134,wh_raw_north_z02,lot_rm_0134_02,10467
receipt_2025_00392,2,rm_0135,wh_raw_north_z03,lot_rm_0135_01,10568
receipt_2025_00392,3,rm_0136,wh_raw_north_z04,lot_rm_0136_02,10669
receipt_2025_00393,1,rm_0137,wh_finished_south_z03,lot_rm_0137_01,10504
receipt_2025_00393,2,rm_0138,wh_finished_south_z04,lot_rm_0138_02,10605
receipt_2025_00393,3,rm_0139,wh_finished_south_z05,lot_rm_0139_01,10706
receipt_2025_00394,1,rm_0140,wh_finished_north_z04,lot_rm_0140_02,10541
receipt_2025_00394,2,rm_0141,wh_finished_north_z05,lot_rm_0141_01,10642
receipt_2025_00394,3,rm_0142,wh_finished_north_z06,lot_rm_0142_02,10743
receipt_2025_00395,1,rm_0143,wh_cold_z05,lot_rm_0143_01,10578
receipt_2025_00395,2,rm_0144,wh_cold_z06,lot_rm_0144_02,10679
receipt_2025_00395,3,rm_0145,wh_cold_z07,lot_rm_0145_01,10780
receipt_2025_00396,1,rm_0146,wh_packaging_z06,lot_rm_0146_02,10615
receipt_2025_00396,2,rm_0147,wh_packaging_z07,lot_rm_0147_01,10716
receipt_2025_00396,3,rm_0148,wh_packaging_z08,lot_rm_0148_02,10817
receipt_2025_00397,1,rm_0149,wh_raw_south_z07,lot_rm_0149_01,10652
receipt_2025_00397,2,rm_0150,wh_raw_south_z08,lot_rm_0150_02,10753
receipt_2025_00397,3,rm_0151,wh_raw_south_z09,lot_rm_0151_01,10854
receipt_2025_00398,1,rm_0152,wh_raw_north_z08,lot_rm_0152_02,10689
receipt_2025_00398,2,rm_0153,wh_raw_north_z09,lot_rm_0153_01,10790
receipt_2025_00398,3,rm_0154,wh_raw_north_z10,lot_rm_0154_02,10891
receipt_2025_00399,1,rm_0155,wh_finished_south_z09,lot_rm_0155_01,10726
receipt_2025_00399,2,rm_0156,wh_finished_south_z10,lot_rm_0156_02,10827
receipt_2025_00399,3,rm_0157,wh_finished_south_z01,lot_rm_0157_01,10928
receipt_2025_00400,1,rm_0158,wh_finished_north_z10,lot_rm_0158_02,10763
receipt_2025_00400,2,rm_0159,wh_finished_north_z01,lot_rm_0159_01,10864
receipt_2025_00400,3,rm_0160,wh_finished_north_z02,lot_rm_0160_02,10965
receipt_2025_00401,1,rm_0161,wh_cold_z01,lot_rm_0161_01,10800
receipt_2025_00401,2,rm_0162,wh_cold_z02,lot_rm_0162_02,10901
receipt_2025_00401,3,rm_0163,wh_cold_z03,lot_rm_0163_01,11002
receipt_2025_00402,1,rm_0164,wh_packaging_z02,lot_rm_0164_02,10837
receipt_2025_00402,2,rm_0165,wh_packaging_z03,lot_rm_0165_01,10938
receipt_2025_00402,3,rm_0166,wh_packaging_z04,lot_rm_0166_02,11039
receipt_2025_00403,1,rm_0167,wh_raw_south_z03,lot_rm_0167_01,10874
receipt_2025_00403,2,rm_0168,wh_raw_south_z04,lot_rm_0168_02,10975
receipt_2025_00403,3,rm_0169,wh_raw_south_z05,lot_rm_0169_01,11076
receipt_2025_00404,1,rm_0170,wh_raw_north_z04,lot_rm_0170_02,10911
receipt_2025_00404,2,rm_0171,wh_raw_north_z05,lot_rm_0171_01,11012
receipt_2025_00404,3,rm_0172,wh_raw_north_z06,lot_rm_0172_02,11113
receipt_2025_00405,1,rm_0173,wh_finished_south_z05,lot_rm_0173_01,10948
receipt_2025_00405,2,rm_0174,wh_finished_south_z06,lot_rm_0174_02,11049
receipt_2025_00405,3,rm_0175,wh_finished_south_z07,lot_rm_0175_01,11150
receipt_2025_00406,1,rm_0176,wh_finished_north_z06,lot_rm_0176_02,10985
receipt_2025_00406,2,rm_0177,wh_finished_north_z07,,11086
receipt_2025_00406,3,rm_0178,wh_finished_north_z08,,11187
receipt_2025_00407,1,rm_0179,wh_cold_z07,,11022
receipt_2025_00407,2,rm_0180,wh_cold_z08,,11123
receipt_2025_00407,3,rm_0181,wh_cold_z09,,11224
receipt_2025_00408,1,rm_0182,wh_packaging_z08,,11059
receipt_2025_00408,2,rm_0183,wh_packaging_z09,,11160
receipt_2025_00408,3,rm_0184,wh_packaging_z10,,11261
receipt_2025_00409,1,rm_0185,wh_raw_south_z09,,11096
receipt_2025_00409,2,rm_0186,wh_raw_south_z10,,11197
receipt_2025_00409,3,rm_0187,wh_raw_south_z01,,11298
receipt_2025_00410,1,rm_0188,wh_raw_north_z10,,11133
receipt_2025_00410,2,rm_0189,wh_raw_north_z01,,11234
receipt_2025_00410,3,rm_0190,wh_raw_north_z02,,11335
receipt_2025_00411,1,rm_0191,wh_finished_south_z01,,11170
receipt_2025_00411,2,rm_0192,wh_finished_south_z02,,11271
receipt_2025_00411,3,rm_0193,wh_finished_south_z03,lot_rm_0193_01,11372
receipt_2025_00412,1,rm_0194,wh_finished_north_z02,lot_rm_0194_02,11207
receipt_2025_00412,2,rm_0195,wh_finished_north_z03,lot_rm_0195_01,11308
receipt_2025_00412,3,rm_0196,wh_finished_north_z04,lot_rm_0196_02,11409
receipt_2025_00413,1,rm_0197,wh_cold_z03,lot_rm_0197_01,11244
receipt_2025_00413,2,rm_0198,wh_cold_z04,lot_rm_0198_02,11345
receipt_2025_00413,3,rm_0199,wh_cold_z05,lot_rm_0199_01,11446
receipt_2025_00414,1,rm_0200,wh_packaging_z04,lot_rm_0200_02,11281
receipt_2025_00414,2,rm_0201,wh_packaging_z05,lot_rm_0201_01,11382
receipt_2025_00414,3,rm_0202,wh_packaging_z06,lot_rm_0202_02,11483
receipt_2025_00415,1,rm_0203,wh_raw_south_z05,lot_rm_0203_01,11318
receipt_2025_00415,2,rm_0204,wh_raw_south_z06,lot_rm_0204_02,11419
receipt_2025_00415,3,rm_0205,wh_raw_south_z07,lot_rm_0205_01,11520
receipt_2025_00416,1,rm_0206,wh_raw_north_z06,lot_rm_0206_02,11355
receipt_2025_00416,2,rm_0207,wh_raw_north_z07,lot_rm_0207_01,11456
receipt_2025_00416,3,rm_0208,wh_raw_north_z08,lot_rm_0208_02,11557
receipt_2025_00417,1,rm_0209,wh_finished_south_z07,lot_rm_0209_01,11392
receipt_2025_00417,2,rm_0210,wh_finished_south_z08,lot_rm_0210_02,11493
receipt_2025_00417,3,rm_0211,wh_finished_south_z09,lot_rm_0211_01,11594
receipt_2025_00418,1,rm_0212,wh_finished_north_z08,lot_rm_0212_02,11429
receipt_2025_00418,2,rm_0213,wh_finished_north_z09,lot_rm_0213_01,11530
receipt_2025_00418,3,rm_0214,wh_finished_north_z10,lot_rm_0214_02,11631
receipt_2025_00419,1,rm_0215,wh_cold_z09,lot_rm_0215_01,11466
receipt_2025_00419,2,rm_0216,wh_cold_z10,lot_rm_0216_02,11567
receipt_2025_00419,3,rm_0217,wh_cold_z01,lot_rm_0217_01,11668
receipt_2025_00420,1,rm_0218,wh_packaging_z10,lot_rm_0218_02,11503
receipt_2025_00420,2,rm_0219,wh_packaging_z01,lot_rm_0219_01,11604
receipt_2025_00420,3,rm_0220,wh_packaging_z02,lot_rm_0220_02,11705
receipt_2025_00421,1,rm_0221,wh_raw_south_z01,lot_rm_0221_01,11540
receipt_2025_00421,2,rm_0222,wh_raw_south_z02,lot_rm_0222_02,11641
receipt_2025_00421,3,rm_0223,wh_raw_south_z03,lot_rm_0223_01,11742
receipt_2025_00422,1,rm_0224,wh_raw_north_z02,lot_rm_0224_02,11577
receipt_2025_00422,2,rm_0225,wh_raw_north_z03,lot_rm_0225_01,11678
receipt_2025_00422,3,rm_0226,wh_raw_north_z04,lot_rm_0226_02,11779
receipt_2025_00423,1,rm_0227,wh_finished_south_z03,lot_rm_0227_01,11614
receipt_2025_00423,2,rm_0228,wh_finished_south_z04,lot_rm_0228_02,11715
receipt_2025_00423,3,rm_0229,wh_finished_south_z05,lot_rm_0229_01,11816
receipt_2025_00424,1,rm_0230,wh_finished_north_z04,lot_rm_0230_02,11651
receipt_2025_00424,2,rm_0231,wh_finished_north_z05,lot_rm_0231_01,11752
receipt_2025_00424,3,rm_0232,wh_finished_north_z06,lot_rm_0232_02,11853
receipt_2025_00425,1,rm_0233,wh_cold_z05,lot_rm_0233_01,11688
receipt_2025_00425,2,rm_0234,wh_cold_z06,lot_rm_0234_02,11789
receipt_2025_00425,3,rm_0235,wh_cold_z07,lot_rm_0235_01,11890
receipt_2025_00426,1,rm_0236,wh_packaging_z06,lot_rm_0236_02,11725
receipt_2025_00426,2,rm_0237,wh_packaging_z07,lot_rm_0237_01,11826
receipt_2025_00426,3,rm_0238,wh_packaging_z08,lot_rm_0238_02,11927
receipt_2025_00427,1,rm_0239,wh_raw_south_z07,lot_rm_0239_01,11762
receipt_2025_00427,2,rm_0240,wh_raw_south_z08,lot_rm_0240_02,11863
receipt_2025_00427,3,rm_0241,wh_raw_south_z09,,11964
receipt_2025_00428,1,rm_0242,wh_raw_north_z08,,11799
receipt_2025_00428,2,rm_0243,wh_raw_north_z09,,11900
receipt_2025_00428,3,rm_0244,wh_raw_north_z10,,12001
receipt_2025_00429,1,rm_0245,wh_finished_south_z09,,11836
receipt_2025_00429,2,rm_0246,wh_finished_south_z10,,11937
receipt_2025_00429,3,rm_0247,wh_finished_south_z01,,12038
receipt_2025_00430,1,rm_0248,wh_finished_north_z10,,11873
receipt_2025_00430,2,rm_0249,wh_finished_north_z01,,11974
receipt_2025_00430,3,rm_0250,wh_finished_north_z02,,12075
receipt_2025_00431,1,rm_0251,wh_cold_z01,,11910
receipt_2025_00431,2,rm_0252,wh_cold_z02,,12011
receipt_2025_00431,3,rm_0253,wh_cold_z03,,12112
receipt_2025_00432,1,rm_0254,wh_packaging_z02,,11947
receipt_2025_00432,2,rm_0255,wh_packaging_z03,,12048
receipt_2025_00432,3,rm_0256,wh_packaging_z04,,12149
receipt_2025_00433,1,rm_0257,wh_raw_south_z03,lot_rm_0257_01,11984
receipt_2025_00433,2,rm_0258,wh_raw_south_z04,lot_rm_0258_02,12085
receipt_2025_00433,3,rm_0259,wh_raw_south_z05,lot_rm_0259_01,12186
receipt_2025_00434,1,rm_0260,wh_raw_north_z04,lot_rm_0260_02,12021
receipt_2025_00434,2,rm_0261,wh_raw_north_z05,lot_rm_0261_01,12122
receipt_2025_00434,3,rm_0262,wh_raw_north_z06,lot_rm_0262_02,12223
receipt_2025_00435,1,rm_0263,wh_finished_south_z05,lot_rm_0263_01,12058
receipt_2025_00435,2,rm_0264,wh_finished_south_z06,lot_rm_0264_02,12159
receipt_2025_00435,3,rm_0265,wh_finished_south_z07,lot_rm_0265_01,12260
receipt_2025_00436,1,rm_0266,wh_finished_north_z06,lot_rm_0266_02,12095
receipt_2025_00436,2,rm_0267,wh_finished_north_z07,lot_rm_0267_01,12196
receipt_2025_00436,3,rm_0268,wh_finished_north_z08,lot_rm_0268_02,12297
receipt_2025_00437,1,rm_0269,wh_cold_z07,lot_rm_0269_01,12132
receipt_2025_00437,2,rm_0270,wh_cold_z08,lot_rm_0270_02,12233
receipt_2025_00437,3,rm_0271,wh_cold_z09,lot_rm_0271_01,12334
receipt_2025_00438,1,rm_0272,wh_packaging_z08,lot_rm_0272_02,12169
receipt_2025_00438,2,rm_0273,wh_packaging_z09,lot_rm_0273_01,12270
receipt_2025_00438,3,rm_0274,wh_packaging_z10,lot_rm_0274_02,12371
receipt_2025_00439,1,rm_0275,wh_raw_south_z09,lot_rm_0275_01,12206
receipt_2025_00439,2,rm_0276,wh_raw_south_z10,lot_rm_0276_02,12307
receipt_2025_00439,3,rm_0277,wh_raw_south_z01,lot_rm_0277_01,12408
receipt_2025_00440,1,rm_0278,wh_raw_north_z10,lot_rm_0278_02,12243
receipt_2025_00440,2,rm_0279,wh_raw_north_z01,lot_rm_0279_01,12344
receipt_2025_00440,3,rm_0280,wh_raw_north_z02,lot_rm_0280_02,12445
receipt_2025_00441,1,rm_0281,wh_finished_south_z01,lot_rm_0281_01,12280
receipt_2025_00441,2,rm_0282,wh_finished_south_z02,lot_rm_0282_02,12381
receipt_2025_00441,3,rm_0283,wh_finished_south_z03,lot_rm_0283_01,12482
receipt_2025_00442,1,rm_0284,wh_finished_north_z02,lot_rm_0284_02,12317
receipt_2025_00442,2,rm_0285,wh_finished_north_z03,lot_rm_0285_01,12418
receipt_2025_00442,3,rm_0286,wh_finished_north_z04,lot_rm_0286_02,12519
receipt_2025_00443,1,rm_0287,wh_cold_z03,lot_rm_0287_01,12354
receipt_2025_00443,2,rm_0288,wh_cold_z04,lot_rm_0288_02,12455
receipt_2025_00443,3,rm_0289,wh_cold_z05,lot_rm_0289_01,12556
receipt_2025_00444,1,rm_0290,wh_packaging_z04,lot_rm_0290_02,12391
receipt_2025_00444,2,rm_0291,wh_packaging_z05,lot_rm_0291_01,12492
receipt_2025_00444,3,rm_0292,wh_packaging_z06,lot_rm_0292_02,12593
receipt_2025_00445,1,rm_0293,wh_raw_south_z05,lot_rm_0293_01,12428
receipt_2025_00445,2,rm_0294,wh_raw_south_z06,lot_rm_0294_02,12529
receipt_2025_00445,3,rm_0295,wh_raw_south_z07,lot_rm_0295_01,12630
receipt_2025_00446,1,rm_0296,wh_raw_north_z06,lot_rm_0296_02,12465
receipt_2025_00446,2,rm_0297,wh_raw_north_z07,lot_rm_0297_01,12566
receipt_2025_00446,3,rm_0298,wh_raw_north_z08,lot_rm_0298_02,12667
receipt_2025_00447,1,rm_0299,wh_finished_south_z07,lot_rm_0299_01,12502
receipt_2025_00447,2,rm_0300,wh_finished_south_z08,lot_rm_0300_02,12603
receipt_2025_00447,3,rm_0301,wh_finished_south_z09,lot_rm_0301_01,12704
receipt_2025_00448,1,rm_0302,wh_finished_north_z08,lot_rm_0302_02,12539
receipt_2025_00448,2,rm_0303,wh_finished_north_z09,lot_rm_0303_01,12640
receipt_2025_00448,3,rm_0304,wh_finished_north_z10,lot_rm_0304_02,12741
receipt_2025_00449,1,rm_0305,wh_cold_z09,,12576
receipt_2025_00449,2,rm_0306,wh_cold_z10,,12677
receipt_2025_00449,3,rm_0307,wh_cold_z01,,12778
receipt_2025_00450,1,rm_0308,wh_packaging_z10,,12613
receipt_2025_00450,2,rm_0309,wh_packaging_z01,,12714
receipt_2025_00450,3,rm_0310,wh_packaging_z02,,12815
receipt_2025_00451,1,rm_0311,wh_raw_south_z01,,12650
receipt_2025_00451,2,rm_0312,wh_raw_south_z02,,12751
receipt_2025_00451,3,rm_0313,wh_raw_south_z03,,12852
receipt_2025_00452,1,rm_0314,wh_raw_north_z02,,12687
receipt_2025_00452,2,rm_0315,wh_raw_north_z03,,12788
receipt_2025_00452,3,rm_0316,wh_raw_north_z04,,12889
receipt_2025_00453,1,rm_0317,wh_finished_south_z03,,12724
receipt_2025_00453,2,rm_0318,wh_finished_south_z04,,12825
receipt_2025_00453,3,rm_0319,wh_finished_south_z05,,12926
receipt_2025_00454,1,rm_0320,wh_finished_north_z04,,12761
receipt_2025_00454,2,fg_0001,wh_finished_north_z05,lot_fg_0001_01,12862
receipt_2025_00454,3,fg_0002,wh_finished_north_z06,lot_fg_0002_02,12963
receipt_2025_00455,1,fg_0003,wh_cold_z05,lot_fg_0003_01,12798
receipt_2025_00455,2,fg_0004,wh_cold_z06,lot_fg_0004_02,12899
receipt_2025_00455,3,fg_0005,wh_cold_z07,lot_fg_0005_01,13000
receipt_2025_00456,1,fg_0006,wh_packaging_z06,lot_fg_0006_02,12835
receipt_2025_00456,2,fg_0007,wh_packaging_z07,lot_fg_0007_01,12936
receipt_2025_00456,3,fg_0008,wh_packaging_z08,lot_fg_0008_02,13037
receipt_2025_00457,1,fg_0009,wh_raw_south_z07,lot_fg_0009_01,12872
receipt_2025_00457,2,fg_0010,wh_raw_south_z08,lot_fg_0010_02,12973
receipt_2025_00457,3,fg_0011,wh_raw_south_z09,lot_fg_0011_01,13074
receipt_2025_00458,1,fg_0012,wh_raw_north_z08,lot_fg_0012_02,12909
receipt_2025_00458,2,fg_0013,wh_raw_north_z09,lot_fg_0013_01,13010
receipt_2025_00458,3,fg_0014,wh_raw_north_z10,lot_fg_0014_02,13111
receipt_2025_00459,1,fg_0015,wh_finished_south_z09,lot_fg_0015_01,12946
receipt_2025_00459,2,fg_0016,wh_finished_south_z10,lot_fg_0016_02,13047
receipt_2025_00459,3,fg_0017,wh_finished_south_z01,lot_fg_0017_01,13148
receipt_2025_00460,1,fg_0018,wh_finished_north_z10,lot_fg_0018_02,12983
receipt_2025_00460,2,fg_0019,wh_finished_north_z01,lot_fg_0019_01,13084
receipt_2025_00460,3,fg_0020,wh_finished_north_z02,lot_fg_0020_02,13185
receipt_2025_00461,1,fg_0021,wh_cold_z01,lot_fg_0021_01,13020
receipt_2025_00461,2,fg_0022,wh_cold_z02,lot_fg_0022_02,13121
receipt_2025_00461,3,fg_0023,wh_cold_z03,lot_fg_0023_01,13222
receipt_2025_00462,1,fg_0024,wh_packaging_z02,lot_fg_0024_02,13057
receipt_2025_00462,2,fg_0025,wh_packaging_z03,lot_fg_0025_01,13158
receipt_2025_00462,3,fg_0026,wh_packaging_z04,lot_fg_0026_02,13259
receipt_2025_00463,1,fg_0027,wh_raw_south_z03,lot_fg_0027_01,13094
receipt_2025_00463,2,fg_0028,wh_raw_south_z04,lot_fg_0028_02,13195
receipt_2025_00463,3,fg_0029,wh_raw_south_z05,lot_fg_0029_01,13296
receipt_2025_00464,1,fg_0030,wh_raw_north_z04,lot_fg_0030_02,13131
receipt_2025_00464,2,fg_0031,wh_raw_north_z05,lot_fg_0031_01,13232
receipt_2025_00464,3,fg_0032,wh_raw_north_z06,lot_fg_0032_02,13333
receipt_2025_00465,1,fg_0033,wh_finished_south_z05,lot_fg_0033_01,13168
receipt_2025_00465,2,fg_0034,wh_finished_south_z06,lot_fg_0034_02,13269
receipt_2025_00465,3,fg_0035,wh_finished_south_z07,lot_fg_0035_01,13370
receipt_2025_00466,1,fg_0036,wh_finished_north_z06,lot_fg_0036_02,13205
receipt_2025_00466,2,fg_0037,wh_finished_north_z07,lot_fg_0037_01,13306
receipt_2025_00466,3,fg_0038,wh_finished_north_z08,lot_fg_0038_02,13407
receipt_2025_00467,1,fg_0039,wh_cold_z07,lot_fg_0039_01,13242
receipt_2025_00467,2,fg_0040,wh_cold_z08,lot_fg_0040_02,13343
receipt_2025_00467,3,fg_0041,wh_cold_z09,lot_fg_0041_01,13444
receipt_2025_00468,1,fg_0042,wh_packaging_z08,lot_fg_0042_02,13279
receipt_2025_00468,2,fg_0043,wh_packaging_z09,lot_fg_0043_01,13380
receipt_2025_00468,3,fg_0044,wh_packaging_z10,lot_fg_0044_02,13481
receipt_2025_00469,1,fg_0045,wh_raw_south_z09,lot_fg_0045_01,13316
receipt_2025_00469,2,fg_0046,wh_raw_south_z10,lot_fg_0046_02,13417
receipt_2025_00469,3,fg_0047,wh_raw_south_z01,lot_fg_0047_01,13518
receipt_2025_00470,1,fg_0048,wh_raw_north_z10,lot_fg_0048_02,13353
receipt_2025_00470,2,fg_0049,wh_raw_north_z01,lot_fg_0049_01,13454
receipt_2025_00470,3,fg_0050,wh_raw_north_z02,lot_fg_0050_02,13555
receipt_2025_00471,1,fg_0051,wh_finished_south_z01,lot_fg_0051_01,13390
receipt_2025_00471,2,fg_0052,wh_finished_south_z02,lot_fg_0052_02,13491
receipt_2025_00471,3,fg_0053,wh_finished_south_z03,lot_fg_0053_01,13592
receipt_2025_00472,1,fg_0054,wh_finished_north_z02,lot_fg_0054_02,13427
receipt_2025_00472,2,fg_0055,wh_finished_north_z03,lot_fg_0055_01,13528
receipt_2025_00472,3,fg_0056,wh_finished_north_z04,lot_fg_0056_02,13629
receipt_2025_00473,1,fg_0057,wh_cold_z03,lot_fg_0057_01,13464
receipt_2025_00473,2,fg_0058,wh_cold_z04,lot_fg_0058_02,13565
receipt_2025_00473,3,fg_0059,wh_cold_z05,lot_fg_0059_01,13666
receipt_2025_00474,1,fg_0060,wh_packaging_z04,lot_fg_0060_02,13501
receipt_2025_00474,2,fg_0061,wh_packaging_z05,lot_fg_0061_01,13602
receipt_2025_00474,3,fg_0062,wh_packaging_z06,lot_fg_0062_02,13703
receipt_2025_00475,1,fg_0063,wh_raw_south_z05,lot_fg_0063_01,13538
receipt_2025_00475,2,fg_0064,wh_raw_south_z06,lot_fg_0064_02,13639
receipt_2025_00475,3,fg_0065,wh_raw_south_z07,lot_fg_0065_01,13740
receipt_2025_00476,1,fg_0066,wh_raw_north_z06,lot_fg_0066_02,13575
receipt_2025_00476,2,fg_0067,wh_raw_north_z07,lot_fg_0067_01,13676
receipt_2025_00476,3,fg_0068,wh_raw_north_z08,lot_fg_0068_02,13777
receipt_2025_00477,1,fg_0069,wh_finished_south_z07,lot_fg_0069_01,13612
receipt_2025_00477,2,fg_0070,wh_finished_south_z08,lot_fg_0070_02,13713
receipt_2025_00477,3,fg_0071,wh_finished_south_z09,lot_fg_0071_01,13814
receipt_2025_00478,1,fg_0072,wh_finished_north_z08,lot_fg_0072_02,13649
receipt_2025_00478,2,fg_0073,wh_finished_north_z09,lot_fg_0073_01,13750
receipt_2025_00478,3,fg_0074,wh_finished_north_z10,lot_fg_0074_02,13851
receipt_2025_00479,1,fg_0075,wh_cold_z09,lot_fg_0075_01,13686
receipt_2025_00479,2,fg_0076,wh_cold_z10,lot_fg_0076_02,13787
receipt_2025_00479,3,fg_0077,wh_cold_z01,lot_fg_0077_01,13888
receipt_2025_00480,1,fg_0078,wh_packaging_z10,lot_fg_0078_02,13723
receipt_2025_00480,2,fg_0079,wh_packaging_z01,lot_fg_0079_01,13824
receipt_2025_00480,3,fg_0080,wh_packaging_z02,lot_fg_0080_02,13925
receipt_2025_00481,1,fg_0081,wh_raw_south_z01,lot_fg_0081_01,13760
receipt_2025_00481,2,fg_0082,wh_raw_south_z02,lot_fg_0082_02,13861
receipt_2025_00481,3,fg_0083,wh_raw_south_z03,lot_fg_0083_01,13962
receipt_2025_00482,1,fg_0084,wh_raw_north_z02,lot_fg_0084_02,13797
receipt_2025_00482,2,fg_0085,wh_raw_north_z03,lot_fg_0085_01,13898
receipt_2025_00482,3,fg_0086,wh_raw_north_z04,lot_fg_0086_02,13999
receipt_2025_00483,1,fg_0087,wh_finished_south_z03,lot_fg_0087_01,13834
receipt_2025_00483,2,fg_0088,wh_finished_south_z04,lot_fg_0088_02,13935
receipt_2025_00483,3,fg_0089,wh_finished_south_z05,lot_fg_0089_01,14036
receipt_2025_00484,1,fg_0090,wh_finished_north_z04,lot_fg_0090_02,13871
receipt_2025_00484,2,fg_0091,wh_finished_north_z05,lot_fg_0091_01,13972
receipt_2025_00484,3,fg_0092,wh_finished_north_z06,lot_fg_0092_02,14073
receipt_2025_00485,1,fg_0093,wh_cold_z05,lot_fg_0093_01,13908
receipt_2025_00485,2,fg_0094,wh_cold_z06,lot_fg_0094_02,14009
receipt_2025_00485,3,fg_0095,wh_cold_z07,lot_fg_0095_01,14110
receipt_2025_00486,1,fg_0096,wh_packaging_z06,lot_fg_0096_02,13945
receipt_2025_00486,2,fg_0097,wh_packaging_z07,lot_fg_0097_01,14046
receipt_2025_00486,3,fg_0098,wh_packaging_z08,lot_fg_0098_02,14147
receipt_2025_00487,1,fg_0099,wh_raw_south_z07,lot_fg_0099_01,13982
receipt_2025_00487,2,fg_0100,wh_raw_south_z08,lot_fg_0100_02,14083
receipt_2025_00487,3,fg_0101,wh_raw_south_z09,lot_fg_0101_01,14184
receipt_2025_00488,1,fg_0102,wh_raw_north_z08,lot_fg_0102_02,14019
receipt_2025_00488,2,fg_0103,wh_raw_north_z09,lot_fg_0103_01,14120
receipt_2025_00488,3,fg_0104,wh_raw_north_z10,lot_fg_0104_02,14221
receipt_2025_00489,1,fg_0105,wh_finished_south_z09,lot_fg_0105_01,14056
receipt_2025_00489,2,fg_0106,wh_finished_south_z10,lot_fg_0106_02,14157
receipt_2025_00489,3,fg_0107,wh_finished_south_z01,lot_fg_0107_01,14258
receipt_2025_00490,1,fg_0108,wh_finished_north_z10,lot_fg_0108_02,14093
receipt_2025_00490,2,fg_0109,wh_finished_north_z01,lot_fg_0109_01,14194
receipt_2025_00490,3,fg_0110,wh_finished_north_z02,lot_fg_0110_02,14295
receipt_2025_00491,1,fg_0111,wh_cold_z01,lot_fg_0111_01,14130
receipt_2025_00491,2,fg_0112,wh_cold_z02,lot_fg_0112_02,14231
receipt_2025_00491,3,fg_0113,wh_cold_z03,lot_fg_0113_01,14332
receipt_2025_00492,1,fg_0114,wh_packaging_z02,lot_fg_0114_02,14167
receipt_2025_00492,2,fg_0115,wh_packaging_z03,lot_fg_0115_01,14268
receipt_2025_00492,3,fg_0116,wh_packaging_z04,lot_fg_0116_02,14369
receipt_2025_00493,1,fg_0117,wh_raw_south_z03,lot_fg_0117_01,14204
receipt_2025_00493,2,fg_0118,wh_raw_south_z04,lot_fg_0118_02,14305
receipt_2025_00493,3,fg_0119,wh_raw_south_z05,lot_fg_0119_01,14406
receipt_2025_00494,1,fg_0120,wh_raw_north_z04,lot_fg_0120_02,14241
receipt_2025_00494,2,fg_0121,wh_raw_north_z05,lot_fg_0121_01,14342
receipt_2025_00494,3,fg_0122,wh_raw_north_z06,lot_fg_0122_02,14443
receipt_2025_00495,1,fg_0123,wh_finished_south_z05,lot_fg_0123_01,14278
receipt_2025_00495,2,fg_0124,wh_finished_south_z06,lot_fg_0124_02,14379
receipt_2025_00495,3,fg_0125,wh_finished_south_z07,lot_fg_0125_01,14480
receipt_2025_00496,1,fg_0126,wh_finished_north_z06,lot_fg_0126_02,14315
receipt_2025_00496,2,fg_0127,wh_finished_north_z07,lot_fg_0127_01,14416
receipt_2025_00496,3,fg_0128,wh_finished_north_z08,lot_fg_0128_02,14517
receipt_2025_00497,1,fg_0129,wh_cold_z07,lot_fg_0129_01,14352
receipt_2025_00497,2,fg_0130,wh_cold_z08,lot_fg_0130_02,14453
receipt_2025_00497,3,fg_0131,wh_cold_z09,lot_fg_0131_01,14554
receipt_2025_00498,1,fg_0132,wh_packaging_z08,lot_fg_0132_02,14389
receipt_2025_00498,2,fg_0133,wh_packaging_z09,lot_fg_0133_01,14490
receipt_2025_00498,3,fg_0134,wh_packaging_z10,lot_fg_0134_02,14591
receipt_2025_00499,1,fg_0135,wh_raw_south_z09,lot_fg_0135_01,14426
receipt_2025_00499,2,fg_0136,wh_raw_south_z10,lot_fg_0136_02,14527
receipt_2025_00499,3,fg_0137,wh_raw_south_z01,lot_fg_0137_01,14628
receipt_2025_00500,1,fg_0138,wh_raw_north_z10,lot_fg_0138_02,14463
receipt_2025_00500,2,fg_0139,wh_raw_north_z01,lot_fg_0139_01,14564
receipt_2025_00500,3,fg_0140,wh_raw_north_z02,lot_fg_0140_02,14665
receipt_2025_00501,1,fg_0141,wh_finished_south_z01,lot_fg_0141_01,14500
receipt_2025_00501,2,fg_0142,wh_finished_south_z02,lot_fg_0142_02,14601
receipt_2025_00501,3,fg_0143,wh_finished_south_z03,lot_fg_0143_01,14702
receipt_2025_00502,1,fg_0144,wh_finished_north_z02,lot_fg_0144_02,14537
receipt_2025_00502,2,fg_0145,wh_finished_north_z03,lot_fg_0145_01,14638
receipt_2025_00502,3,fg_0146,wh_finished_north_z04,lot_fg_0146_02,14739
receipt_2025_00503,1,fg_0147,wh_cold_z03,lot_fg_0147_01,14574
receipt_2025_00503,2,fg_0148,wh_cold_z04,lot_fg_0148_02,14675
receipt_2025_00503,3,fg_0149,wh_cold_z05,lot_fg_0149_01,14776
receipt_2025_00504,1,fg_0150,wh_packaging_z04,lot_fg_0150_02,14611
receipt_2025_00504,2,fg_0151,wh_packaging_z05,lot_fg_0151_01,14712
receipt_2025_00504,3,fg_0152,wh_packaging_z06,lot_fg_0152_02,14813
receipt_2025_00505,1,fg_0153,wh_raw_south_z05,lot_fg_0153_01,14648
receipt_2025_00505,2,fg_0154,wh_raw_south_z06,lot_fg_0154_02,14749
receipt_2025_00505,3,fg_0155,wh_raw_south_z07,lot_fg_0155_01,14850
receipt_2025_00506,1,fg_0156,wh_raw_north_z06,lot_fg_0156_02,14685
receipt_2025_00506,2,fg_0157,wh_raw_north_z07,lot_fg_0157_01,14786
receipt_2025_00506,3,fg_0158,wh_raw_north_z08,lot_fg_0158_02,14887
receipt_2025_00507,1,fg_0159,wh_finished_south_z07,lot_fg_0159_01,14722
receipt_2025_00507,2,fg_0160,wh_finished_south_z08,lot_fg_0160_02,14823
receipt_2025_00507,3,fg_0161,wh_finished_south_z09,lot_fg_0161_01,14924
receipt_2025_00508,1,fg_0162,wh_finished_north_z08,lot_fg_0162_02,14759
receipt_2025_00508,2,fg_0163,wh_finished_north_z09,lot_fg_0163_01,14860
receipt_2025_00508,3,fg_0164,wh_finished_north_z10,lot_fg_0164_02,14961
receipt_2025_00509,1,fg_0165,wh_cold_z09,lot_fg_0165_01,14796
receipt_2025_00509,2,fg_0166,wh_cold_z10,lot_fg_0166_02,14897
receipt_2025_00509,3,fg_0167,wh_cold_z01,lot_fg_0167_01,14998
receipt_2025_00510,1,fg_0168,wh_packaging_z10,lot_fg_0168_02,14833
receipt_2025_00510,2,fg_0169,wh_packaging_z01,lot_fg_0169_01,14934
receipt_2025_00510,3,fg_0170,wh_packaging_z02,lot_fg_0170_02,15035
receipt_2025_00511,1,fg_0171,wh_raw_south_z01,lot_fg_0171_01,14870
receipt_2025_00511,2,fg_0172,wh_raw_south_z02,lot_fg_0172_02,14971
receipt_2025_00511,3,fg_0173,wh_raw_south_z03,lot_fg_0173_01,15072
receipt_2025_00512,1,fg_0174,wh_raw_north_z02,lot_fg_0174_02,14907
receipt_2025_00512,2,fg_0175,wh_raw_north_z03,lot_fg_0175_01,15008
receipt_2025_00512,3,fg_0176,wh_raw_north_z04,lot_fg_0176_02,15109
receipt_2025_00513,1,fg_0177,wh_finished_south_z03,lot_fg_0177_01,14944
receipt_2025_00513,2,fg_0178,wh_finished_south_z04,lot_fg_0178_02,15045
receipt_2025_00513,3,fg_0179,wh_finished_south_z05,lot_fg_0179_01,15146
receipt_2025_00514,1,fg_0180,wh_finished_north_z04,lot_fg_0180_02,14981
receipt_2025_00514,2,fg_0181,wh_finished_north_z05,lot_fg_0181_01,15082
receipt_2025_00514,3,fg_0182,wh_finished_north_z06,lot_fg_0182_02,15183
receipt_2025_00515,1,fg_0183,wh_cold_z05,lot_fg_0183_01,15018
receipt_2025_00515,2,fg_0184,wh_cold_z06,lot_fg_0184_02,15119
receipt_2025_00515,3,fg_0185,wh_cold_z07,lot_fg_0185_01,15220
receipt_2025_00516,1,fg_0186,wh_packaging_z06,lot_fg_0186_02,15055
receipt_2025_00516,2,fg_0187,wh_packaging_z07,lot_fg_0187_01,15156
receipt_2025_00516,3,fg_0188,wh_packaging_z08,lot_fg_0188_02,15257
receipt_2025_00517,1,fg_0189,wh_raw_south_z07,lot_fg_0189_01,15092
receipt_2025_00517,2,fg_0190,wh_raw_south_z08,lot_fg_0190_02,15193
receipt_2025_00517,3,fg_0191,wh_raw_south_z09,lot_fg_0191_01,15294
receipt_2025_00518,1,fg_0192,wh_raw_north_z08,lot_fg_0192_02,15129
receipt_2025_00518,2,fg_0193,wh_raw_north_z09,lot_fg_0193_01,15230
receipt_2025_00518,3,fg_0194,wh_raw_north_z10,lot_fg_0194_02,15331
receipt_2025_00519,1,fg_0195,wh_finished_south_z09,lot_fg_0195_01,15166
receipt_2025_00519,2,fg_0196,wh_finished_south_z10,lot_fg_0196_02,15267
receipt_2025_00519,3,fg_0197,wh_finished_south_z01,lot_fg_0197_01,15368
receipt_2025_00520,1,fg_0198,wh_finished_north_z10,lot_fg_0198_02,15203
receipt_2025_00520,2,fg_0199,wh_finished_north_z01,lot_fg_0199_01,15304
receipt_2025_00520,3,fg_0200,wh_finished_north_z02,lot_fg_0200_02,15405
receipt_2025_00521,1,rm_0001,wh_cold_z01,lot_rm_0001_01,15240
receipt_2025_00521,2,rm_0002,wh_cold_z02,lot_rm_0002_02,15341
receipt_2025_00521,3,rm_0003,wh_cold_z03,lot_rm_0003_01,15442
receipt_2025_00522,1,rm_0004,wh_packaging_z02,lot_rm_0004_02,15277
receipt_2025_00522,2,rm_0005,wh_packaging_z03,lot_rm_0005_01,15378
receipt_2025_00522,3,rm_0006,wh_packaging_z04,lot_rm_0006_02,15479
receipt_2025_00523,1,rm_0007,wh_raw_south_z03,lot_rm_0007_01,15314
receipt_2025_00523,2,rm_0008,wh_raw_south_z04,lot_rm_0008_02,15415
receipt_2025_00523,3,rm_0009,wh_raw_south_z05,lot_rm_0009_01,15516
receipt_2025_00524,1,rm_0010,wh_raw_north_z04,lot_rm_0010_02,15351
receipt_2025_00524,2,rm_0011,wh_raw_north_z05,lot_rm_0011_01,15452
receipt_2025_00524,3,rm_0012,wh_raw_north_z06,lot_rm_0012_02,15553
receipt_2025_00525,1,rm_0013,wh_finished_south_z05,lot_rm_0013_01,15388
receipt_2025_00525,2,rm_0014,wh_finished_south_z06,lot_rm_0014_02,15489
receipt_2025_00525,3,rm_0015,wh_finished_south_z07,lot_rm_0015_01,15590
receipt_2025_00526,1,rm_0016,wh_finished_north_z06,lot_rm_0016_02,15425
receipt_2025_00526,2,rm_0017,wh_finished_north_z07,lot_rm_0017_01,15526
receipt_2025_00526,3,rm_0018,wh_finished_north_z08,lot_rm_0018_02,15627
receipt_2025_00527,1,rm_0019,wh_cold_z07,lot_rm_0019_01,15462
receipt_2025_00527,2,rm_0020,wh_cold_z08,lot_rm_0020_02,15563
receipt_2025_00527,3,rm_0021,wh_cold_z09,lot_rm_0021_01,15664
receipt_2025_00528,1,rm_0022,wh_packaging_z08,lot_rm_0022_02,15499
receipt_2025_00528,2,rm_0023,wh_packaging_z09,lot_rm_0023_01,15600
receipt_2025_00528,3,rm_0024,wh_packaging_z10,lot_rm_0024_02,15701
receipt_2025_00529,1,rm_0025,wh_raw_south_z09,lot_rm_0025_01,15536
receipt_2025_00529,2,rm_0026,wh_raw_south_z10,lot_rm_0026_02,15637
receipt_2025_00529,3,rm_0027,wh_raw_south_z01,lot_rm_0027_01,15738
receipt_2025_00530,1,rm_0028,wh_raw_north_z10,lot_rm_0028_02,15573
receipt_2025_00530,2,rm_0029,wh_raw_north_z01,lot_rm_0029_01,15674
receipt_2025_00530,3,rm_0030,wh_raw_north_z02,lot_rm_0030_02,15775
receipt_2025_00531,1,rm_0031,wh_finished_south_z01,lot_rm_0031_01,15610
receipt_2025_00531,2,rm_0032,wh_finished_south_z02,lot_rm_0032_02,15711
receipt_2025_00531,3,rm_0033,wh_finished_south_z03,lot_rm_0033_01,15812
receipt_2025_00532,1,rm_0034,wh_finished_north_z02,lot_rm_0034_02,15647
receipt_2025_00532,2,rm_0035,wh_finished_north_z03,lot_rm_0035_01,15748
receipt_2025_00532,3,rm_0036,wh_finished_north_z04,lot_rm_0036_02,15849
receipt_2025_00533,1,rm_0037,wh_cold_z03,lot_rm_0037_01,15684
receipt_2025_00533,2,rm_0038,wh_cold_z04,lot_rm_0038_02,15785
receipt_2025_00533,3,rm_0039,wh_cold_z05,lot_rm_0039_01,15886
receipt_2025_00534,1,rm_0040,wh_packaging_z04,lot_rm_0040_02,15721
receipt_2025_00534,2,rm_0041,wh_packaging_z05,lot_rm_0041_01,15822
receipt_2025_00534,3,rm_0042,wh_packaging_z06,lot_rm_0042_02,15923
receipt_2025_00535,1,rm_0043,wh_raw_south_z05,lot_rm_0043_01,15758
receipt_2025_00535,2,rm_0044,wh_raw_south_z06,lot_rm_0044_02,15859
receipt_2025_00535,3,rm_0045,wh_raw_south_z07,lot_rm_0045_01,15960
receipt_2025_00536,1,rm_0046,wh_raw_north_z06,lot_rm_0046_02,15795
receipt_2025_00536,2,rm_0047,wh_raw_north_z07,lot_rm_0047_01,15896
receipt_2025_00536,3,rm_0048,wh_raw_north_z08,lot_rm_0048_02,15997
receipt_2025_00537,1,rm_0049,wh_finished_south_z07,,15832
receipt_2025_00537,2,rm_0050,wh_finished_south_z08,,15933
receipt_2025_00537,3,rm_0051,wh_finished_south_z09,,16034
receipt_2025_00538,1,rm_0052,wh_finished_north_z08,,15869
receipt_2025_00538,2,rm_0053,wh_finished_north_z09,,15970
receipt_2025_00538,3,rm_0054,wh_finished_north_z10,,16071
receipt_2025_00539,1,rm_0055,wh_cold_z09,,15906
receipt_2025_00539,2,rm_0056,wh_cold_z10,,16007
receipt_2025_00539,3,rm_0057,wh_cold_z01,,16108
receipt_2025_00540,1,rm_0058,wh_packaging_z10,,15943
receipt_2025_00540,2,rm_0059,wh_packaging_z01,,16044
receipt_2025_00540,3,rm_0060,wh_packaging_z02,,16145
receipt_2025_00541,1,rm_0061,wh_raw_south_z01,,15980
receipt_2025_00541,2,rm_0062,wh_raw_south_z02,,16081
receipt_2025_00541,3,rm_0063,wh_raw_south_z03,,16182
receipt_2025_00542,1,rm_0064,wh_raw_north_z02,,16017
receipt_2025_00542,2,rm_0065,wh_raw_north_z03,lot_rm_0065_01,16118
receipt_2025_00542,3,rm_0066,wh_raw_north_z04,lot_rm_0066_02,16219
receipt_2025_00543,1,rm_0067,wh_finished_south_z03,lot_rm_0067_01,16054
receipt_2025_00543,2,rm_0068,wh_finished_south_z04,lot_rm_0068_02,16155
receipt_2025_00543,3,rm_0069,wh_finished_south_z05,lot_rm_0069_01,16256
receipt_2025_00544,1,rm_0070,wh_finished_north_z04,lot_rm_0070_02,16091
receipt_2025_00544,2,rm_0071,wh_finished_north_z05,lot_rm_0071_01,16192
receipt_2025_00544,3,rm_0072,wh_finished_north_z06,lot_rm_0072_02,16293
receipt_2025_00545,1,rm_0073,wh_cold_z05,lot_rm_0073_01,16128
receipt_2025_00545,2,rm_0074,wh_cold_z06,lot_rm_0074_02,16229
receipt_2025_00545,3,rm_0075,wh_cold_z07,lot_rm_0075_01,16330
receipt_2025_00546,1,rm_0076,wh_packaging_z06,lot_rm_0076_02,16165
receipt_2025_00546,2,rm_0077,wh_packaging_z07,lot_rm_0077_01,16266
receipt_2025_00546,3,rm_0078,wh_packaging_z08,lot_rm_0078_02,16367
receipt_2025_00547,1,rm_0079,wh_raw_south_z07,lot_rm_0079_01,16202
receipt_2025_00547,2,rm_0080,wh_raw_south_z08,lot_rm_0080_02,16303
receipt_2025_00547,3,rm_0081,wh_raw_south_z09,lot_rm_0081_01,16404
receipt_2025_00548,1,rm_0082,wh_raw_north_z08,lot_rm_0082_02,16239
receipt_2025_00548,2,rm_0083,wh_raw_north_z09,lot_rm_0083_01,16340
receipt_2025_00548,3,rm_0084,wh_raw_north_z10,lot_rm_0084_02,16441
receipt_2025_00549,1,rm_0085,wh_finished_south_z09,lot_rm_0085_01,16276
receipt_2025_00549,2,rm_0086,wh_finished_south_z10,lot_rm_0086_02,16377
receipt_2025_00549,3,rm_0087,wh_finished_south_z01,lot_rm_0087_01,16478
receipt_2025_00550,1,rm_0088,wh_finished_north_z10,lot_rm_0088_02,16313
receipt_2025_00550,2,rm_0089,wh_finished_north_z01,lot_rm_0089_01,16414
receipt_2025_00550,3,rm_0090,wh_finished_north_z02,lot_rm_0090_02,16515
receipt_2025_00551,1,rm_0091,wh_cold_z01,lot_rm_0091_01,16350
receipt_2025_00551,2,rm_0092,wh_cold_z02,lot_rm_0092_02,16451
receipt_2025_00551,3,rm_0093,wh_cold_z03,lot_rm_0093_01,16552
receipt_2025_00552,1,rm_0094,wh_packaging_z02,lot_rm_0094_02,16387
receipt_2025_00552,2,rm_0095,wh_packaging_z03,lot_rm_0095_01,16488
receipt_2025_00552,3,rm_0096,wh_packaging_z04,lot_rm_0096_02,16589
receipt_2025_00553,1,rm_0097,wh_raw_south_z03,lot_rm_0097_01,16424
receipt_2025_00553,2,rm_0098,wh_raw_south_z04,lot_rm_0098_02,16525
receipt_2025_00553,3,rm_0099,wh_raw_south_z05,lot_rm_0099_01,16626
receipt_2025_00554,1,rm_0100,wh_raw_north_z04,lot_rm_0100_02,16461
receipt_2025_00554,2,rm_0101,wh_raw_north_z05,lot_rm_0101_01,16562
receipt_2025_00554,3,rm_0102,wh_raw_north_z06,lot_rm_0102_02,16663
receipt_2025_00555,1,rm_0103,wh_finished_south_z05,lot_rm_0103_01,16498
receipt_2025_00555,2,rm_0104,wh_finished_south_z06,lot_rm_0104_02,16599
receipt_2025_00555,3,rm_0105,wh_finished_south_z07,lot_rm_0105_01,16700
receipt_2025_00556,1,rm_0106,wh_finished_north_z06,lot_rm_0106_02,16535
receipt_2025_00556,2,rm_0107,wh_finished_north_z07,lot_rm_0107_01,16636
receipt_2025_00556,3,rm_0108,wh_finished_north_z08,lot_rm_0108_02,16737
receipt_2025_00557,1,rm_0109,wh_cold_z07,lot_rm_0109_01,16572
receipt_2025_00557,2,rm_0110,wh_cold_z08,lot_rm_0110_02,16673
receipt_2025_00557,3,rm_0111,wh_cold_z09,lot_rm_0111_01,16774
receipt_2025_00558,1,rm_0112,wh_packaging_z08,lot_rm_0112_02,16609
receipt_2025_00558,2,rm_0113,wh_packaging_z09,,16710
receipt_2025_00558,3,rm_0114,wh_packaging_z10,,16811
receipt_2025_00559,1,rm_0115,wh_raw_south_z09,,16646
receipt_2025_00559,2,rm_0116,wh_raw_south_z10,,16747
receipt_2025_00559,3,rm_0117,wh_raw_south_z01,,16848
receipt_2025_00560,1,rm_0118,wh_raw_north_z10,,16683
receipt_2025_00560,2,rm_0119,wh_raw_north_z01,,16784
receipt_2025_00560,3,rm_0120,wh_raw_north_z02,,16885
receipt_2025_00561,1,rm_0121,wh_finished_south_z01,,16720
receipt_2025_00561,2,rm_0122,wh_finished_south_z02,,16821
receipt_2025_00561,3,rm_0123,wh_finished_south_z03,,16922
receipt_2025_00562,1,rm_0124,wh_finished_north_z02,,16757
receipt_2025_00562,2,rm_0125,wh_finished_north_z03,,16858
receipt_2025_00562,3,rm_0126,wh_finished_north_z04,,16959
receipt_2025_00563,1,rm_0127,wh_cold_z03,,16794
receipt_2025_00563,2,rm_0128,wh_cold_z04,,16895
receipt_2025_00563,3,rm_0129,wh_cold_z05,lot_rm_0129_01,16996
receipt_2025_00564,1,rm_0130,wh_packaging_z04,lot_rm_0130_02,16831
receipt_2025_00564,2,rm_0131,wh_packaging_z05,lot_rm_0131_01,16932
receipt_2025_00564,3,rm_0132,wh_packaging_z06,lot_rm_0132_02,17033
receipt_2025_00565,1,rm_0133,wh_raw_south_z05,lot_rm_0133_01,16868
receipt_2025_00565,2,rm_0134,wh_raw_south_z06,lot_rm_0134_02,16969
receipt_2025_00565,3,rm_0135,wh_raw_south_z07,lot_rm_0135_01,17070
receipt_2025_00566,1,rm_0136,wh_raw_north_z06,lot_rm_0136_02,16905
receipt_2025_00566,2,rm_0137,wh_raw_north_z07,lot_rm_0137_01,17006
receipt_2025_00566,3,rm_0138,wh_raw_north_z08,lot_rm_0138_02,17107
receipt_2025_00567,1,rm_0139,wh_finished_south_z07,lot_rm_0139_01,16942
receipt_2025_00567,2,rm_0140,wh_finished_south_z08,lot_rm_0140_02,17043
receipt_2025_00567,3,rm_0141,wh_finished_south_z09,lot_rm_0141_01,17144
receipt_2025_00568,1,rm_0142,wh_finished_north_z08,lot_rm_0142_02,16979
receipt_2025_00568,2,rm_0143,wh_finished_north_z09,lot_rm_0143_01,17080
receipt_2025_00568,3,rm_0144,wh_finished_north_z10,lot_rm_0144_02,17181
receipt_2025_00569,1,rm_0145,wh_cold_z09,lot_rm_0145_01,17016
receipt_2025_00569,2,rm_0146,wh_cold_z10,lot_rm_0146_02,17117
receipt_2025_00569,3,rm_0147,wh_cold_z01,lot_rm_0147_01,17218
receipt_2025_00570,1,rm_0148,wh_packaging_z10,lot_rm_0148_02,17053
receipt_2025_00570,2,rm_0149,wh_packaging_z01,lot_rm_0149_01,17154
receipt_2025_00570,3,rm_0150,wh_packaging_z02,lot_rm_0150_02,17255
receipt_2025_00571,1,rm_0151,wh_raw_south_z01,lot_rm_0151_01,17090
receipt_2025_00571,2,rm_0152,wh_raw_south_z02,lot_rm_0152_02,17191
receipt_2025_00571,3,rm_0153,wh_raw_south_z03,lot_rm_0153_01,17292
receipt_2025_00572,1,rm_0154,wh_raw_north_z02,lot_rm_0154_02,17127
receipt_2025_00572,2,rm_0155,wh_raw_north_z03,lot_rm_0155_01,17228
receipt_2025_00572,3,rm_0156,wh_raw_north_z04,lot_rm_0156_02,17329
receipt_2025_00573,1,rm_0157,wh_finished_south_z03,lot_rm_0157_01,17164
receipt_2025_00573,2,rm_0158,wh_finished_south_z04,lot_rm_0158_02,17265
receipt_2025_00573,3,rm_0159,wh_finished_south_z05,lot_rm_0159_01,17366
receipt_2025_00574,1,rm_0160,wh_finished_north_z04,lot_rm_0160_02,17201
receipt_2025_00574,2,rm_0161,wh_finished_north_z05,lot_rm_0161_01,17302
receipt_2025_00574,3,rm_0162,wh_finished_north_z06,lot_rm_0162_02,17403
receipt_2025_00575,1,rm_0163,wh_cold_z05,lot_rm_0163_01,17238
receipt_2025_00575,2,rm_0164,wh_cold_z06,lot_rm_0164_02,17339
receipt_2025_00575,3,rm_0165,wh_cold_z07,lot_rm_0165_01,17440
receipt_2025_00576,1,rm_0166,wh_packaging_z06,lot_rm_0166_02,17275
receipt_2025_00576,2,rm_0167,wh_packaging_z07,lot_rm_0167_01,17376
receipt_2025_00576,3,rm_0168,wh_packaging_z08,lot_rm_0168_02,17477
receipt_2025_00577,1,rm_0169,wh_raw_south_z07,lot_rm_0169_01,17312
receipt_2025_00577,2,rm_0170,wh_raw_south_z08,lot_rm_0170_02,17413
receipt_2025_00577,3,rm_0171,wh_raw_south_z09,lot_rm_0171_01,17514
receipt_2025_00578,1,rm_0172,wh_raw_north_z08,lot_rm_0172_02,17349
receipt_2025_00578,2,rm_0173,wh_raw_north_z09,lot_rm_0173_01,17450
receipt_2025_00578,3,rm_0174,wh_raw_north_z10,lot_rm_0174_02,17551
receipt_2025_00579,1,rm_0175,wh_finished_south_z09,lot_rm_0175_01,17386
receipt_2025_00579,2,rm_0176,wh_finished_south_z10,lot_rm_0176_02,17487
receipt_2025_00579,3,rm_0177,wh_finished_south_z01,,17588
receipt_2025_00580,1,rm_0178,wh_finished_north_z10,,17423
receipt_2025_00580,2,rm_0179,wh_finished_north_z01,,17524
receipt_2025_00580,3,rm_0180,wh_finished_north_z02,,17625
receipt_2025_00581,1,rm_0181,wh_cold_z01,,17460
receipt_2025_00581,2,rm_0182,wh_cold_z02,,17561
receipt_2025_00581,3,rm_0183,wh_cold_z03,,17662
receipt_2025_00582,1,rm_0184,wh_packaging_z02,,17497
receipt_2025_00582,2,rm_0185,wh_packaging_z03,,17598
receipt_2025_00582,3,rm_0186,wh_packaging_z04,,17699
receipt_2025_00583,1,rm_0187,wh_raw_south_z03,,17534
receipt_2025_00583,2,rm_0188,wh_raw_south_z04,,17635
receipt_2025_00583,3,rm_0189,wh_raw_south_z05,,17736
receipt_2025_00584,1,rm_0190,wh_raw_north_z04,,17571
receipt_2025_00584,2,rm_0191,wh_raw_north_z05,,17672
receipt_2025_00584,3,rm_0192,wh_raw_north_z06,,17773
receipt_2025_00585,1,rm_0193,wh_finished_south_z05,lot_rm_0193_01,17608
receipt_2025_00585,2,rm_0194,wh_finished_south_z06,lot_rm_0194_02,17709
receipt_2025_00585,3,rm_0195,wh_finished_south_z07,lot_rm_0195_01,17810
receipt_2025_00586,1,rm_0196,wh_finished_north_z06,lot_rm_0196_02,17645
receipt_2025_00586,2,rm_0197,wh_finished_north_z07,lot_rm_0197_01,17746
receipt_2025_00586,3,rm_0198,wh_finished_north_z08,lot_rm_0198_02,17847
receipt_2025_00587,1,rm_0199,wh_cold_z07,lot_rm_0199_01,17682
receipt_2025_00587,2,rm_0200,wh_cold_z08,lot_rm_0200_02,17783
receipt_2025_00587,3,rm_0201,wh_cold_z09,lot_rm_0201_01,17884
receipt_2025_00588,1,rm_0202,wh_packaging_z08,lot_rm_0202_02,17719
receipt_2025_00588,2,rm_0203,wh_packaging_z09,lot_rm_0203_01,17820
receipt_2025_00588,3,rm_0204,wh_packaging_z10,lot_rm_0204_02,17921
receipt_2025_00589,1,rm_0205,wh_raw_south_z09,lot_rm_0205_01,17756
receipt_2025_00589,2,rm_0206,wh_raw_south_z10,lot_rm_0206_02,17857
receipt_2025_00589,3,rm_0207,wh_raw_south_z01,lot_rm_0207_01,17958
receipt_2025_00590,1,rm_0208,wh_raw_north_z10,lot_rm_0208_02,17793
receipt_2025_00590,2,rm_0209,wh_raw_north_z01,lot_rm_0209_01,17894
receipt_2025_00590,3,rm_0210,wh_raw_north_z02,lot_rm_0210_02,17995
receipt_2025_00591,1,rm_0211,wh_finished_south_z01,lot_rm_0211_01,17830
receipt_2025_00591,2,rm_0212,wh_finished_south_z02,lot_rm_0212_02,17931
receipt_2025_00591,3,rm_0213,wh_finished_south_z03,lot_rm_0213_01,18032
receipt_2025_00592,1,rm_0214,wh_finished_north_z02,lot_rm_0214_02,17867
receipt_2025_00592,2,rm_0215,wh_finished_north_z03,lot_rm_0215_01,17968
receipt_2025_00592,3,rm_0216,wh_finished_north_z04,lot_rm_0216_02,18069
receipt_2025_00593,1,rm_0217,wh_cold_z03,lot_rm_0217_01,17904
receipt_2025_00593,2,rm_0218,wh_cold_z04,lot_rm_0218_02,18005
receipt_2025_00593,3,rm_0219,wh_cold_z05,lot_rm_0219_01,18106
receipt_2025_00594,1,rm_0220,wh_packaging_z04,lot_rm_0220_02,17941
receipt_2025_00594,2,rm_0221,wh_packaging_z05,lot_rm_0221_01,18042
receipt_2025_00594,3,rm_0222,wh_packaging_z06,lot_rm_0222_02,18143
receipt_2025_00595,1,rm_0223,wh_raw_south_z05,lot_rm_0223_01,17978
receipt_2025_00595,2,rm_0224,wh_raw_south_z06,lot_rm_0224_02,18079
receipt_2025_00595,3,rm_0225,wh_raw_south_z07,lot_rm_0225_01,18180
receipt_2025_00596,1,rm_0226,wh_raw_north_z06,lot_rm_0226_02,18015
receipt_2025_00596,2,rm_0227,wh_raw_north_z07,lot_rm_0227_01,18116
receipt_2025_00596,3,rm_0228,wh_raw_north_z08,lot_rm_0228_02,18217
receipt_2025_00597,1,rm_0229,wh_finished_south_z07,lot_rm_0229_01,18052
receipt_2025_00597,2,rm_0230,wh_finished_south_z08,lot_rm_0230_02,18153
receipt_2025_00597,3,rm_0231,wh_finished_south_z09,lot_rm_0231_01,18254
receipt_2025_00598,1,rm_0232,wh_finished_north_z08,lot_rm_0232_02,18089
receipt_2025_00598,2,rm_0233,wh_finished_north_z09,lot_rm_0233_01,18190
receipt_2025_00598,3,rm_0234,wh_finished_north_z10,lot_rm_0234_02,18291
receipt_2025_00599,1,rm_0235,wh_cold_z09,lot_rm_0235_01,18126
receipt_2025_00599,2,rm_0236,wh_cold_z10,lot_rm_0236_02,18227
receipt_2025_00599,3,rm_0237,wh_cold_z01,lot_rm_0237_01,18328
receipt_2025_00600,1,rm_0238,wh_packaging_z10,lot_rm_0238_02,18163
receipt_2025_00600,2,rm_0239,wh_packaging_z01,lot_rm_0239_01,18264
receipt_2025_00600,3,rm_0240,wh_packaging_z02,lot_rm_0240_02,18365
receipt_2025_00601,1,rm_0241,wh_raw_south_z01,,18200
receipt_2025_00601,2,rm_0242,wh_raw_south_z02,,18301
receipt_2025_00601,3,rm_0243,wh_raw_south_z03,,18402
receipt_2025_00602,1,rm_0244,wh_raw_north_z02,,18237
receipt_2025_00602,2,rm_0245,wh_raw_north_z03,,18338
receipt_2025_00602,3,rm_0246,wh_raw_north_z04,,18439
receipt_2025_00603,1,rm_0247,wh_finished_south_z03,,18274
receipt_2025_00603,2,rm_0248,wh_finished_south_z04,,18375
receipt_2025_00603,3,rm_0249,wh_finished_south_z05,,18476
receipt_2025_00604,1,rm_0250,wh_finished_north_z04,,18311
receipt_2025_00604,2,rm_0251,wh_finished_north_z05,,18412
receipt_2025_00604,3,rm_0252,wh_finished_north_z06,,18513
receipt_2025_00605,1,rm_0253,wh_cold_z05,,18348
receipt_2025_00605,2,rm_0254,wh_cold_z06,,18449
receipt_2025_00605,3,rm_0255,wh_cold_z07,,18550
receipt_2025_00606,1,rm_0256,wh_packaging_z06,,18385
receipt_2025_00606,2,rm_0257,wh_packaging_z07,lot_rm_0257_01,18486
receipt_2025_00606,3,rm_0258,wh_packaging_z08,lot_rm_0258_02,18587
receipt_2025_00607,1,rm_0259,wh_raw_south_z07,lot_rm_0259_01,18422
receipt_2025_00607,2,rm_0260,wh_raw_south_z08,lot_rm_0260_02,18523
receipt_2025_00607,3,rm_0261,wh_raw_south_z09,lot_rm_0261_01,18624
receipt_2025_00608,1,rm_0262,wh_raw_north_z08,lot_rm_0262_02,18459
receipt_2025_00608,2,rm_0263,wh_raw_north_z09,lot_rm_0263_01,18560
receipt_2025_00608,3,rm_0264,wh_raw_north_z10,lot_rm_0264_02,18661
receipt_2025_00609,1,rm_0265,wh_finished_south_z09,lot_rm_0265_01,18496
receipt_2025_00609,2,rm_0266,wh_finished_south_z10,lot_rm_0266_02,18597
receipt_2025_00609,3,rm_0267,wh_finished_south_z01,lot_rm_0267_01,18698
receipt_2025_00610,1,rm_0268,wh_finished_north_z10,lot_rm_0268_02,18533
receipt_2025_00610,2,rm_0269,wh_finished_north_z01,lot_rm_0269_01,18634
receipt_2025_00610,3,rm_0270,wh_finished_north_z02,lot_rm_0270_02,18735
receipt_2025_00611,1,rm_0271,wh_cold_z01,lot_rm_0271_01,18570
receipt_2025_00611,2,rm_0272,wh_cold_z02,lot_rm_0272_02,18671
receipt_2025_00611,3,rm_0273,wh_cold_z03,lot_rm_0273_01,18772
receipt_2025_00612,1,rm_0274,wh_packaging_z02,lot_rm_0274_02,18607
receipt_2025_00612,2,rm_0275,wh_packaging_z03,lot_rm_0275_01,18708
receipt_2025_00612,3,rm_0276,wh_packaging_z04,lot_rm_0276_02,18809
receipt_2025_00613,1,rm_0277,wh_raw_south_z03,lot_rm_0277_01,18644
receipt_2025_00613,2,rm_0278,wh_raw_south_z04,lot_rm_0278_02,18745
receipt_2025_00613,3,rm_0279,wh_raw_south_z05,lot_rm_0279_01,18846
receipt_2025_00614,1,rm_0280,wh_raw_north_z04,lot_rm_0280_02,18681
receipt_2025_00614,2,rm_0281,wh_raw_north_z05,lot_rm_0281_01,18782
receipt_2025_00614,3,rm_0282,wh_raw_north_z06,lot_rm_0282_02,18883
receipt_2025_00615,1,rm_0283,wh_finished_south_z05,lot_rm_0283_01,18718
receipt_2025_00615,2,rm_0284,wh_finished_south_z06,lot_rm_0284_02,18819
receipt_2025_00615,3,rm_0285,wh_finished_south_z07,lot_rm_0285_01,18920
receipt_2025_00616,1,rm_0286,wh_finished_north_z06,lot_rm_0286_02,18755
receipt_2025_00616,2,rm_0287,wh_finished_north_z07,lot_rm_0287_01,18856
receipt_2025_00616,3,rm_0288,wh_finished_north_z08,lot_rm_0288_02,18957
receipt_2025_00617,1,rm_0289,wh_cold_z07,lot_rm_0289_01,18792
receipt_2025_00617,2,rm_0290,wh_cold_z08,lot_rm_0290_02,18893
receipt_2025_00617,3,rm_0291,wh_cold_z09,lot_rm_0291_01,18994
receipt_2025_00618,1,rm_0292,wh_packaging_z08,lot_rm_0292_02,18829
receipt_2025_00618,2,rm_0293,wh_packaging_z09,lot_rm_0293_01,18930
receipt_2025_00618,3,rm_0294,wh_packaging_z10,lot_rm_0294_02,19031
receipt_2025_00619,1,rm_0295,wh_raw_south_z09,lot_rm_0295_01,18866
receipt_2025_00619,2,rm_0296,wh_raw_south_z10,lot_rm_0296_02,18967
receipt_2025_00619,3,rm_0297,wh_raw_south_z01,lot_rm_0297_01,19068
receipt_2025_00620,1,rm_0298,wh_raw_north_z10,lot_rm_0298_02,18903
receipt_2025_00620,2,rm_0299,wh_raw_north_z01,lot_rm_0299_01,19004
receipt_2025_00620,3,rm_0300,wh_raw_north_z02,lot_rm_0300_02,19105
receipt_2025_00621,1,rm_0301,wh_finished_south_z01,lot_rm_0301_01,18940
receipt_2025_00621,2,rm_0302,wh_finished_south_z02,lot_rm_0302_02,19041
receipt_2025_00621,3,rm_0303,wh_finished_south_z03,lot_rm_0303_01,19142
receipt_2025_00622,1,rm_0304,wh_finished_north_z02,lot_rm_0304_02,18977
receipt_2025_00622,2,rm_0305,wh_finished_north_z03,,19078
receipt_2025_00622,3,rm_0306,wh_finished_north_z04,,19179
receipt_2025_00623,1,rm_0307,wh_cold_z03,,19014
receipt_2025_00623,2,rm_0308,wh_cold_z04,,19115
receipt_2025_00623,3,rm_0309,wh_cold_z05,,19216
receipt_2025_00624,1,rm_0310,wh_packaging_z04,,19051
receipt_2025_00624,2,rm_0311,wh_packaging_z05,,19152
receipt_2025_00624,3,rm_0312,wh_packaging_z06,,19253
receipt_2025_00625,1,rm_0313,wh_raw_south_z05,,19088
receipt_2025_00625,2,rm_0314,wh_raw_south_z06,,19189
receipt_2025_00625,3,rm_0315,wh_raw_south_z07,,19290
receipt_2025_00626,1,rm_0316,wh_raw_north_z06,,19125
receipt_2025_00626,2,rm_0317,wh_raw_north_z07,,19226
receipt_2025_00626,3,rm_0318,wh_raw_north_z08,,19327
receipt_2025_00627,1,rm_0319,wh_finished_south_z07,,19162
receipt_2025_00627,2,rm_0320,wh_finished_south_z08,,19263
receipt_2025_00627,3,fg_0001,wh_finished_south_z09,lot_fg_0001_01,19364
receipt_2025_00628,1,fg_0002,wh_finished_north_z08,lot_fg_0002_02,19199
receipt_2025_00628,2,fg_0003,wh_finished_north_z09,lot_fg_0003_01,19300
receipt_2025_00628,3,fg_0004,wh_finished_north_z10,lot_fg_0004_02,19401
receipt_2025_00629,1,fg_0005,wh_cold_z09,lot_fg_0005_01,19236
receipt_2025_00629,2,fg_0006,wh_cold_z10,lot_fg_0006_02,19337
receipt_2025_00629,3,fg_0007,wh_cold_z01,lot_fg_0007_01,19438
receipt_2025_00630,1,fg_0008,wh_packaging_z10,lot_fg_0008_02,19273
receipt_2025_00630,2,fg_0009,wh_packaging_z01,lot_fg_0009_01,19374
receipt_2025_00630,3,fg_0010,wh_packaging_z02,lot_fg_0010_02,19475
receipt_2025_00631,1,fg_0011,wh_raw_south_z01,lot_fg_0011_01,19310
receipt_2025_00631,2,fg_0012,wh_raw_south_z02,lot_fg_0012_02,19411
receipt_2025_00631,3,fg_0013,wh_raw_south_z03,lot_fg_0013_01,19512
receipt_2025_00632,1,fg_0014,wh_raw_north_z02,lot_fg_0014_02,19347
receipt_2025_00632,2,fg_0015,wh_raw_north_z03,lot_fg_0015_01,19448
receipt_2025_00632,3,fg_0016,wh_raw_north_z04,lot_fg_0016_02,19549
receipt_2025_00633,1,fg_0017,wh_finished_south_z03,lot_fg_0017_01,19384
receipt_2025_00633,2,fg_0018,wh_finished_south_z04,lot_fg_0018_02,19485
receipt_2025_00633,3,fg_0019,wh_finished_south_z05,lot_fg_0019_01,19586
receipt_2025_00634,1,fg_0020,wh_finished_north_z04,lot_fg_0020_02,19421
receipt_2025_00634,2,fg_0021,wh_finished_north_z05,lot_fg_0021_01,19522
receipt_2025_00634,3,fg_0022,wh_finished_north_z06,lot_fg_0022_02,19623
receipt_2025_00635,1,fg_0023,wh_cold_z05,lot_fg_0023_01,19458
receipt_2025_00635,2,fg_0024,wh_cold_z06,lot_fg_0024_02,19559
receipt_2025_00635,3,fg_0025,wh_cold_z07,lot_fg_0025_01,19660
receipt_2025_00636,1,fg_0026,wh_packaging_z06,lot_fg_0026_02,19495
receipt_2025_00636,2,fg_0027,wh_packaging_z07,lot_fg_0027_01,19596
receipt_2025_00636,3,fg_0028,wh_packaging_z08,lot_fg_0028_02,19697
receipt_2025_00637,1,fg_0029,wh_raw_south_z07,lot_fg_0029_01,19532
receipt_2025_00637,2,fg_0030,wh_raw_south_z08,lot_fg_0030_02,19633
receipt_2025_00637,3,fg_0031,wh_raw_south_z09,lot_fg_0031_01,19734
receipt_2025_00638,1,fg_0032,wh_raw_north_z08,lot_fg_0032_02,19569
receipt_2025_00638,2,fg_0033,wh_raw_north_z09,lot_fg_0033_01,19670
receipt_2025_00638,3,fg_0034,wh_raw_north_z10,lot_fg_0034_02,19771
receipt_2025_00639,1,fg_0035,wh_finished_south_z09,lot_fg_0035_01,19606
receipt_2025_00639,2,fg_0036,wh_finished_south_z10,lot_fg_0036_02,19707
receipt_2025_00639,3,fg_0037,wh_finished_south_z01,lot_fg_0037_01,19808
receipt_2025_00640,1,fg_0038,wh_finished_north_z10,lot_fg_0038_02,19643
receipt_2025_00640,2,fg_0039,wh_finished_north_z01,lot_fg_0039_01,19744
receipt_2025_00640,3,fg_0040,wh_finished_north_z02,lot_fg_0040_02,19845
receipt_2025_00641,1,fg_0041,wh_cold_z01,lot_fg_0041_01,19680
receipt_2025_00641,2,fg_0042,wh_cold_z02,lot_fg_0042_02,19781
receipt_2025_00641,3,fg_0043,wh_cold_z03,lot_fg_0043_01,19882
receipt_2025_00642,1,fg_0044,wh_packaging_z02,lot_fg_0044_02,19717
receipt_2025_00642,2,fg_0045,wh_packaging_z03,lot_fg_0045_01,19818
receipt_2025_00642,3,fg_0046,wh_packaging_z04,lot_fg_0046_02,19919
receipt_2025_00643,1,fg_0047,wh_raw_south_z03,lot_fg_0047_01,19754
receipt_2025_00643,2,fg_0048,wh_raw_south_z04,lot_fg_0048_02,19855
receipt_2025_00643,3,fg_0049,wh_raw_south_z05,lot_fg_0049_01,19956
receipt_2025_00644,1,fg_0050,wh_raw_north_z04,lot_fg_0050_02,19791
receipt_2025_00644,2,fg_0051,wh_raw_north_z05,lot_fg_0051_01,19892
receipt_2025_00644,3,fg_0052,wh_raw_north_z06,lot_fg_0052_02,19993
receipt_2025_00645,1,fg_0053,wh_finished_south_z05,lot_fg_0053_01,19828
receipt_2025_00645,2,fg_0054,wh_finished_south_z06,lot_fg_0054_02,19929
receipt_2025_00645,3,fg_0055,wh_finished_south_z07,lot_fg_0055_01,8030
receipt_2025_00646,1,fg_0056,wh_finished_north_z06,lot_fg_0056_02,19865
receipt_2025_00646,2,fg_0057,wh_finished_north_z07,lot_fg_0057_01,19966
receipt_2025_00646,3,fg_0058,wh_finished_north_z08,lot_fg_0058_02,8067
receipt_2025_00647,1,fg_0059,wh_cold_z07,lot_fg_0059_01,19902
receipt_2025_00647,2,fg_0060,wh_cold_z08,lot_fg_0060_02,8003
receipt_2025_00647,3,fg_0061,wh_cold_z09,lot_fg_0061_01,8104
receipt_2025_00648,1,fg_0062,wh_packaging_z08,lot_fg_0062_02,19939
receipt_2025_00648,2,fg_0063,wh_packaging_z09,lot_fg_0063_01,8040
receipt_2025_00648,3,fg_0064,wh_packaging_z10,lot_fg_0064_02,8141
receipt_2025_00649,1,fg_0065,wh_raw_south_z09,lot_fg_0065_01,19976
receipt_2025_00649,2,fg_0066,wh_raw_south_z10,lot_fg_0066_02,8077
receipt_2025_00649,3,fg_0067,wh_raw_south_z01,lot_fg_0067_01,8178
receipt_2025_00650,1,fg_0068,wh_raw_north_z10,lot_fg_0068_02,8013
receipt_2025_00650,2,fg_0069,wh_raw_north_z01,lot_fg_0069_01,8114
receipt_2025_00650,3,fg_0070,wh_raw_north_z02,lot_fg_0070_02,8215
receipt_production_2026_00001,1,fg_0001,wh_finished_south_z01,production_lot_2026_00001,1800
receipt_production_2026_00002,1,fg_0002,wh_finished_north_z02,production_lot_2026_00002,1901
receipt_production_2026_00003,1,fg_0003,wh_finished_south_z03,production_lot_2026_00003,2002
receipt_production_2026_00004,1,fg_0004,wh_finished_north_z04,production_lot_2026_00004,2103
receipt_production_2026_00005,1,fg_0005,wh_finished_south_z05,production_lot_2026_00005,2204
receipt_production_2026_00006,1,fg_0006,wh_finished_north_z06,production_lot_2026_00006,2305
receipt_production_2026_00007,1,fg_0007,wh_finished_south_z07,production_lot_2026_00007,2406
receipt_production_2026_00008,1,fg_0008,wh_finished_north_z08,production_lot_2026_00008,2507
receipt_production_2026_00009,1,fg_0009,wh_finished_south_z09,production_lot_2026_00009,2608
receipt_production_2026_00010,1,fg_0010,wh_finished_north_z10,production_lot_2026_00010,2709
receipt_production_2026_00011,1,fg_0011,wh_finished_south_z01,production_lot_2026_00011,2810
receipt_production_2026_00012,1,fg_0012,wh_finished_north_z02,production_lot_2026_00012,2911
receipt_production_2026_00013,1,fg_0013,wh_finished_south_z03,production_lot_2026_00013,3012
receipt_production_2026_00014,1,fg_0014,wh_finished_north_z04,production_lot_2026_00014,3113
receipt_production_2026_00015,1,fg_0015,wh_finished_south_z05,production_lot_2026_00015,3214
receipt_production_2026_00016,1,fg_0016,wh_finished_north_z06,production_lot_2026_00016,3315
receipt_production_2026_00017,1,fg_0017,wh_finished_south_z07,production_lot_2026_00017,3416
receipt_production_2026_00018,1,fg_0018,wh_finished_north_z08,production_lot_2026_00018,3517
receipt_production_2026_00019,1,fg_0019,wh_finished_south_z09,production_lot_2026_00019,3618
receipt_production_2026_00020,1,fg_0020,wh_finished_north_z10,production_lot_2026_00020,3719
receipt_production_2026_00021,1,fg_0021,wh_finished_south_z01,production_lot_2026_00021,3820
receipt_production_2026_00022,1,fg_0022,wh_finished_north_z02,production_lot_2026_00022,3921
receipt_production_2026_00023,1,fg_0023,wh_finished_south_z03,production_lot_2026_00023,4022
receipt_production_2026_00024,1,fg_0024,wh_finished_north_z04,production_lot_2026_00024,4123
receipt_production_2026_00025,1,fg_0025,wh_finished_south_z05,production_lot_2026_00025,4224
receipt_production_2026_00026,1,fg_0026,wh_finished_north_z06,production_lot_2026_00026,4325
receipt_production_2026_00027,1,fg_0027,wh_finished_south_z07,production_lot_2026_00027,4426
receipt_production_2026_00028,1,fg_0028,wh_finished_north_z08,production_lot_2026_00028,4527
receipt_production_2026_00029,1,fg_0029,wh_finished_south_z09,production_lot_2026_00029,4628
receipt_production_2026_00030,1,fg_0030,wh_finished_north_z10,production_lot_2026_00030,4729
receipt_production_2026_00031,1,fg_0031,wh_finished_south_z01,production_lot_2026_00031,4830
receipt_production_2026_00032,1,fg_0032,wh_finished_north_z02,production_lot_2026_00032,4931
receipt_production_2026_00033,1,fg_0033,wh_finished_south_z03,production_lot_2026_00033,5032
receipt_production_2026_00034,1,fg_0034,wh_finished_north_z04,production_lot_2026_00034,5133
receipt_production_2026_00035,1,fg_0035,wh_finished_south_z05,production_lot_2026_00035,5234
receipt_production_2026_00036,1,fg_0036,wh_finished_north_z06,production_lot_2026_00036,5335
receipt_production_2026_00037,1,fg_0037,wh_finished_south_z07,production_lot_2026_00037,5436
receipt_production_2026_00038,1,fg_0038,wh_finished_north_z08,production_lot_2026_00038,5537
receipt_production_2026_00039,1,fg_0039,wh_finished_south_z09,production_lot_2026_00039,5638
receipt_production_2026_00040,1,fg_0040,wh_finished_north_z10,production_lot_2026_00040,5739
receipt_production_2026_00041,1,fg_0041,wh_finished_south_z01,production_lot_2026_00041,5840
receipt_production_2026_00042,1,fg_0042,wh_finished_north_z02,production_lot_2026_00042,5941
receipt_production_2026_00043,1,fg_0043,wh_finished_south_z03,production_lot_2026_00043,6042
receipt_production_2026_00044,1,fg_0044,wh_finished_north_z04,production_lot_2026_00044,6143
receipt_production_2026_00045,1,fg_0045,wh_finished_south_z05,production_lot_2026_00045,6244
receipt_production_2026_00046,1,fg_0046,wh_finished_north_z06,production_lot_2026_00046,6345
receipt_production_2026_00047,1,fg_0047,wh_finished_south_z07,production_lot_2026_00047,6446
receipt_production_2026_00048,1,fg_0048,wh_finished_north_z08,production_lot_2026_00048,6547
receipt_production_2026_00049,1,fg_0049,wh_finished_south_z09,production_lot_2026_00049,6648
receipt_production_2026_00050,1,fg_0050,wh_finished_north_z10,production_lot_2026_00050,6749
receipt_production_2026_00051,1,fg_0051,wh_finished_south_z01,production_lot_2026_00051,6850
receipt_production_2026_00052,1,fg_0052,wh_finished_north_z02,production_lot_2026_00052,6951
receipt_production_2026_00053,1,fg_0053,wh_finished_south_z03,production_lot_2026_00053,7052
receipt_production_2026_00054,1,fg_0054,wh_finished_north_z04,production_lot_2026_00054,7153
receipt_production_2026_00055,1,fg_0055,wh_finished_south_z05,production_lot_2026_00055,7254
receipt_production_2026_00056,1,fg_0056,wh_finished_north_z06,production_lot_2026_00056,7355
receipt_production_2026_00057,1,fg_0057,wh_finished_south_z07,production_lot_2026_00057,7456
receipt_production_2026_00058,1,fg_0058,wh_finished_north_z08,production_lot_2026_00058,7557
receipt_production_2026_00059,1,fg_0059,wh_finished_south_z09,production_lot_2026_00059,7658
receipt_production_2026_00060,1,fg_0060,wh_finished_north_z10,production_lot_2026_00060,7759
receipt_production_2026_00061,1,fg_0061,wh_finished_south_z01,production_lot_2026_00061,7860
receipt_production_2026_00062,1,fg_0062,wh_finished_north_z02,production_lot_2026_00062,7961
receipt_production_2026_00063,1,fg_0063,wh_finished_south_z03,production_lot_2026_00063,8062
receipt_production_2026_00064,1,fg_0064,wh_finished_north_z04,production_lot_2026_00064,8163
receipt_production_2026_00065,1,fg_0065,wh_finished_south_z05,production_lot_2026_00065,8264
receipt_production_2026_00066,1,fg_0066,wh_finished_north_z06,production_lot_2026_00066,8365
receipt_production_2026_00067,1,fg_0067,wh_finished_south_z07,production_lot_2026_00067,8466
receipt_production_2026_00068,1,fg_0068,wh_finished_north_z08,production_lot_2026_00068,8567
receipt_production_2026_00069,1,fg_0069,wh_finished_south_z09,production_lot_2026_00069,8668
receipt_production_2026_00070,1,fg_0070,wh_finished_north_z10,production_lot_2026_00070,8769
receipt_production_2026_00071,1,fg_0071,wh_finished_south_z01,production_lot_2026_00071,1870
receipt_production_2026_00072,1,fg_0072,wh_finished_north_z02,production_lot_2026_00072,1971
receipt_production_2026_00073,1,fg_0073,wh_finished_south_z03,production_lot_2026_00073,2072
receipt_production_2026_00074,1,fg_0074,wh_finished_north_z04,production_lot_2026_00074,2173
receipt_production_2026_00075,1,fg_0075,wh_finished_south_z05,production_lot_2026_00075,2274
receipt_production_2026_00076,1,fg_0076,wh_finished_north_z06,production_lot_2026_00076,2375
receipt_production_2026_00077,1,fg_0077,wh_finished_south_z07,production_lot_2026_00077,2476
receipt_production_2026_00078,1,fg_0078,wh_finished_north_z08,production_lot_2026_00078,2577
receipt_production_2026_00079,1,fg_0079,wh_finished_south_z09,production_lot_2026_00079,2678
receipt_production_2026_00080,1,fg_0080,wh_finished_north_z10,production_lot_2026_00080,2779
receipt_production_2026_00081,1,fg_0081,wh_finished_south_z01,production_lot_2026_00081,2880
receipt_production_2026_00082,1,fg_0082,wh_finished_north_z02,production_lot_2026_00082,2981
receipt_production_2026_00083,1,fg_0083,wh_finished_south_z03,production_lot_2026_00083,3082
receipt_production_2026_00084,1,fg_0084,wh_finished_north_z04,production_lot_2026_00084,3183
receipt_production_2026_00085,1,fg_0085,wh_finished_south_z05,production_lot_2026_00085,3284
receipt_production_2026_00086,1,fg_0086,wh_finished_north_z06,production_lot_2026_00086,3385
receipt_production_2026_00087,1,fg_0087,wh_finished_south_z07,production_lot_2026_00087,3486
receipt_production_2026_00088,1,fg_0088,wh_finished_north_z08,production_lot_2026_00088,3587
receipt_production_2026_00089,1,fg_0089,wh_finished_south_z09,production_lot_2026_00089,3688
receipt_production_2026_00090,1,fg_0090,wh_finished_north_z10,production_lot_2026_00090,3789
receipt_production_2026_00091,1,fg_0091,wh_finished_south_z01,production_lot_2026_00091,3890
receipt_production_2026_00092,1,fg_0092,wh_finished_north_z02,production_lot_2026_00092,3991
receipt_production_2026_00093,1,fg_0093,wh_finished_south_z03,production_lot_2026_00093,4092
receipt_production_2026_00094,1,fg_0094,wh_finished_north_z04,production_lot_2026_00094,4193
receipt_production_2026_00095,1,fg_0095,wh_finished_south_z05,production_lot_2026_00095,4294
receipt_production_2026_00096,1,fg_0096,wh_finished_north_z06,production_lot_2026_00096,4395
receipt_production_2026_00097,1,fg_0097,wh_finished_south_z07,production_lot_2026_00097,4496
receipt_production_2026_00098,1,fg_0098,wh_finished_north_z08,production_lot_2026_00098,4597
receipt_production_2026_00099,1,fg_0099,wh_finished_south_z09,production_lot_2026_00099,4698
receipt_production_2026_00100,1,fg_0100,wh_finished_north_z10,production_lot_2026_00100,4799
receipt_production_2026_00101,1,fg_0101,wh_finished_south_z01,production_lot_2026_00101,4900
receipt_production_2026_00102,1,fg_0102,wh_finished_north_z02,production_lot_2026_00102,5001
receipt_production_2026_00103,1,fg_0103,wh_finished_south_z03,production_lot_2026_00103,5102
receipt_production_2026_00104,1,fg_0104,wh_finished_north_z04,production_lot_2026_00104,5203
receipt_production_2026_00105,1,fg_0105,wh_finished_south_z05,production_lot_2026_00105,5304
receipt_production_2026_00106,1,fg_0106,wh_finished_north_z06,production_lot_2026_00106,5405
receipt_production_2026_00107,1,fg_0107,wh_finished_south_z07,production_lot_2026_00107,5506
receipt_production_2026_00108,1,fg_0108,wh_finished_north_z08,production_lot_2026_00108,5607
receipt_production_2026_00109,1,fg_0109,wh_finished_south_z09,production_lot_2026_00109,5708
receipt_production_2026_00110,1,fg_0110,wh_finished_north_z10,production_lot_2026_00110,5809
receipt_production_2026_00111,1,fg_0111,wh_finished_south_z01,production_lot_2026_00111,5910
receipt_production_2026_00112,1,fg_0112,wh_finished_north_z02,production_lot_2026_00112,6011
receipt_production_2026_00113,1,fg_0113,wh_finished_south_z03,production_lot_2026_00113,6112
receipt_production_2026_00114,1,fg_0114,wh_finished_north_z04,production_lot_2026_00114,6213
receipt_production_2026_00115,1,fg_0115,wh_finished_south_z05,production_lot_2026_00115,6314
receipt_production_2026_00116,1,fg_0116,wh_finished_north_z06,production_lot_2026_00116,6415
receipt_production_2026_00117,1,fg_0117,wh_finished_south_z07,production_lot_2026_00117,6516
receipt_production_2026_00118,1,fg_0118,wh_finished_north_z08,production_lot_2026_00118,6617
receipt_production_2026_00119,1,fg_0119,wh_finished_south_z09,production_lot_2026_00119,6718
receipt_production_2026_00120,1,fg_0120,wh_finished_north_z10,production_lot_2026_00120,6819
receipt_production_2026_00121,1,fg_0121,wh_finished_south_z01,production_lot_2026_00121,6920
receipt_production_2026_00122,1,fg_0122,wh_finished_north_z02,production_lot_2026_00122,7021
receipt_production_2026_00123,1,fg_0123,wh_finished_south_z03,production_lot_2026_00123,7122
receipt_production_2026_00124,1,fg_0124,wh_finished_north_z04,production_lot_2026_00124,7223
receipt_production_2026_00125,1,fg_0125,wh_finished_south_z05,production_lot_2026_00125,7324
receipt_production_2026_00126,1,fg_0126,wh_finished_north_z06,production_lot_2026_00126,7425
receipt_production_2026_00127,1,fg_0127,wh_finished_south_z07,production_lot_2026_00127,7526
receipt_production_2026_00128,1,fg_0128,wh_finished_north_z08,production_lot_2026_00128,7627
receipt_production_2026_00129,1,fg_0129,wh_finished_south_z09,production_lot_2026_00129,7728
receipt_production_2026_00130,1,fg_0130,wh_finished_north_z10,production_lot_2026_00130,7829
receipt_production_2026_00131,1,fg_0131,wh_finished_south_z01,production_lot_2026_00131,7930
receipt_production_2026_00132,1,fg_0132,wh_finished_north_z02,production_lot_2026_00132,8031
receipt_production_2026_00133,1,fg_0133,wh_finished_south_z03,production_lot_2026_00133,8132
receipt_production_2026_00134,1,fg_0134,wh_finished_north_z04,production_lot_2026_00134,8233
receipt_production_2026_00135,1,fg_0135,wh_finished_south_z05,production_lot_2026_00135,8334
receipt_production_2026_00136,1,fg_0136,wh_finished_north_z06,production_lot_2026_00136,8435
receipt_production_2026_00137,1,fg_0137,wh_finished_south_z07,production_lot_2026_00137,8536
receipt_production_2026_00138,1,fg_0138,wh_finished_north_z08,production_lot_2026_00138,8637
receipt_production_2026_00139,1,fg_0139,wh_finished_south_z09,production_lot_2026_00139,8738
receipt_production_2026_00140,1,fg_0140,wh_finished_north_z10,production_lot_2026_00140,1839
receipt_production_2026_00141,1,fg_0141,wh_finished_south_z01,production_lot_2026_00141,1940
receipt_production_2026_00142,1,fg_0142,wh_finished_north_z02,production_lot_2026_00142,2041
receipt_production_2026_00143,1,fg_0143,wh_finished_south_z03,production_lot_2026_00143,2142
receipt_production_2026_00144,1,fg_0144,wh_finished_north_z04,production_lot_2026_00144,2243
receipt_production_2026_00145,1,fg_0145,wh_finished_south_z05,production_lot_2026_00145,2344
receipt_production_2026_00146,1,fg_0146,wh_finished_north_z06,production_lot_2026_00146,2445
receipt_production_2026_00147,1,fg_0147,wh_finished_south_z07,production_lot_2026_00147,2546
receipt_production_2026_00148,1,fg_0148,wh_finished_north_z08,production_lot_2026_00148,2647
receipt_production_2026_00149,1,fg_0149,wh_finished_south_z09,production_lot_2026_00149,2748
receipt_production_2026_00150,1,fg_0150,wh_finished_north_z10,production_lot_2026_00150,2849
receipt_production_2026_00151,1,fg_0151,wh_finished_south_z01,production_lot_2026_00151,2950
receipt_production_2026_00152,1,fg_0152,wh_finished_north_z02,production_lot_2026_00152,3051
receipt_production_2026_00153,1,fg_0153,wh_finished_south_z03,production_lot_2026_00153,3152
receipt_production_2026_00154,1,fg_0154,wh_finished_north_z04,production_lot_2026_00154,3253
receipt_production_2026_00155,1,fg_0155,wh_finished_south_z05,production_lot_2026_00155,3354
receipt_production_2026_00156,1,fg_0156,wh_finished_north_z06,production_lot_2026_00156,3455
receipt_production_2026_00157,1,fg_0157,wh_finished_south_z07,production_lot_2026_00157,3556
receipt_production_2026_00158,1,fg_0158,wh_finished_north_z08,production_lot_2026_00158,3657
receipt_production_2026_00159,1,fg_0159,wh_finished_south_z09,production_lot_2026_00159,3758
receipt_production_2026_00160,1,fg_0160,wh_finished_north_z10,production_lot_2026_00160,3859
receipt_production_2026_00161,1,fg_0161,wh_finished_south_z01,production_lot_2026_00161,3960
receipt_production_2026_00162,1,fg_0162,wh_finished_north_z02,production_lot_2026_00162,4061
receipt_production_2026_00163,1,fg_0163,wh_finished_south_z03,production_lot_2026_00163,4162
receipt_production_2026_00164,1,fg_0164,wh_finished_north_z04,production_lot_2026_00164,4263
receipt_production_2026_00165,1,fg_0165,wh_finished_south_z05,production_lot_2026_00165,4364
receipt_production_2026_00166,1,fg_0166,wh_finished_north_z06,production_lot_2026_00166,4465
receipt_production_2026_00167,1,fg_0167,wh_finished_south_z07,production_lot_2026_00167,4566
receipt_production_2026_00168,1,fg_0168,wh_finished_north_z08,production_lot_2026_00168,4667
receipt_production_2026_00169,1,fg_0169,wh_finished_south_z09,production_lot_2026_00169,4768
receipt_production_2026_00170,1,fg_0170,wh_finished_north_z10,production_lot_2026_00170,4869
receipt_production_2026_00171,1,fg_0171,wh_finished_south_z01,production_lot_2026_00171,4970
receipt_production_2026_00172,1,fg_0172,wh_finished_north_z02,production_lot_2026_00172,5071
receipt_production_2026_00173,1,fg_0173,wh_finished_south_z03,production_lot_2026_00173,5172
receipt_production_2026_00174,1,fg_0174,wh_finished_north_z04,production_lot_2026_00174,5273
receipt_production_2026_00175,1,fg_0175,wh_finished_south_z05,production_lot_2026_00175,5374
receipt_production_2026_00176,1,fg_0176,wh_finished_north_z06,production_lot_2026_00176,5475
receipt_production_2026_00177,1,fg_0177,wh_finished_south_z07,production_lot_2026_00177,5576
receipt_production_2026_00178,1,fg_0178,wh_finished_north_z08,production_lot_2026_00178,5677
receipt_production_2026_00179,1,fg_0179,wh_finished_south_z09,production_lot_2026_00179,5778
receipt_production_2026_00180,1,fg_0180,wh_finished_north_z10,production_lot_2026_00180,5879
receipt_production_2026_00181,1,fg_0181,wh_finished_south_z01,production_lot_2026_00181,5980
receipt_production_2026_00182,1,fg_0182,wh_finished_north_z02,production_lot_2026_00182,6081
receipt_production_2026_00183,1,fg_0183,wh_finished_south_z03,production_lot_2026_00183,6182
receipt_production_2026_00184,1,fg_0184,wh_finished_north_z04,production_lot_2026_00184,6283
receipt_production_2026_00185,1,fg_0185,wh_finished_south_z05,production_lot_2026_00185,6384
receipt_production_2026_00186,1,fg_0186,wh_finished_north_z06,production_lot_2026_00186,6485
receipt_production_2026_00187,1,fg_0187,wh_finished_south_z07,production_lot_2026_00187,6586
receipt_production_2026_00188,1,fg_0188,wh_finished_north_z08,production_lot_2026_00188,6687
receipt_production_2026_00189,1,fg_0189,wh_finished_south_z09,production_lot_2026_00189,6788
receipt_production_2026_00190,1,fg_0190,wh_finished_north_z10,production_lot_2026_00190,6889
receipt_production_2026_00191,1,fg_0191,wh_finished_south_z01,production_lot_2026_00191,6990
receipt_production_2026_00192,1,fg_0192,wh_finished_north_z02,production_lot_2026_00192,7091
receipt_production_2026_00193,1,fg_0193,wh_finished_south_z03,production_lot_2026_00193,7192
receipt_production_2026_00194,1,fg_0194,wh_finished_north_z04,production_lot_2026_00194,7293
receipt_production_2026_00195,1,fg_0195,wh_finished_south_z05,production_lot_2026_00195,7394
receipt_production_2026_00196,1,fg_0196,wh_finished_north_z06,production_lot_2026_00196,7495
receipt_production_2026_00197,1,fg_0197,wh_finished_south_z07,production_lot_2026_00197,7596
receipt_production_2026_00198,1,fg_0198,wh_finished_north_z08,production_lot_2026_00198,7697
receipt_production_2026_00199,1,fg_0199,wh_finished_south_z09,production_lot_2026_00199,7798
receipt_production_2026_00200,1,fg_0200,wh_finished_north_z10,production_lot_2026_00200,7899
receipt_production_2026_00201,1,fg_0001,wh_finished_south_z01,production_lot_2026_00201,8000
receipt_production_2026_00202,1,fg_0002,wh_finished_north_z02,production_lot_2026_00202,8101
receipt_production_2026_00203,1,fg_0003,wh_finished_south_z03,production_lot_2026_00203,8202
receipt_production_2026_00204,1,fg_0004,wh_finished_north_z04,production_lot_2026_00204,8303
receipt_production_2026_00205,1,fg_0005,wh_finished_south_z05,production_lot_2026_00205,8404
receipt_production_2026_00206,1,fg_0006,wh_finished_north_z06,production_lot_2026_00206,8505
receipt_production_2026_00207,1,fg_0007,wh_finished_south_z07,production_lot_2026_00207,8606
receipt_production_2026_00208,1,fg_0008,wh_finished_north_z08,production_lot_2026_00208,8707
receipt_production_2026_00209,1,fg_0009,wh_finished_south_z09,production_lot_2026_00209,1808
receipt_production_2026_00210,1,fg_0010,wh_finished_north_z10,production_lot_2026_00210,1909
receipt_production_2026_00211,1,fg_0011,wh_finished_south_z01,production_lot_2026_00211,2010
receipt_production_2026_00212,1,fg_0012,wh_finished_north_z02,production_lot_2026_00212,2111
receipt_production_2026_00213,1,fg_0013,wh_finished_south_z03,production_lot_2026_00213,2212
receipt_production_2026_00214,1,fg_0014,wh_finished_north_z04,production_lot_2026_00214,2313
receipt_production_2026_00215,1,fg_0015,wh_finished_south_z05,production_lot_2026_00215,2414
receipt_production_2026_00216,1,fg_0016,wh_finished_north_z06,production_lot_2026_00216,2515
receipt_production_2026_00217,1,fg_0017,wh_finished_south_z07,production_lot_2026_00217,2616
receipt_production_2026_00218,1,fg_0018,wh_finished_north_z08,production_lot_2026_00218,2717
receipt_production_2026_00219,1,fg_0019,wh_finished_south_z09,production_lot_2026_00219,2818
receipt_production_2026_00220,1,fg_0020,wh_finished_north_z10,production_lot_2026_00220,2919
receipt_production_2026_00221,1,fg_0021,wh_finished_south_z01,production_lot_2026_00221,3020
receipt_production_2026_00222,1,fg_0022,wh_finished_north_z02,production_lot_2026_00222,3121
receipt_production_2026_00223,1,fg_0023,wh_finished_south_z03,production_lot_2026_00223,3222
receipt_production_2026_00224,1,fg_0024,wh_finished_north_z04,production_lot_2026_00224,3323
receipt_production_2026_00225,1,fg_0025,wh_finished_south_z05,production_lot_2026_00225,3424
receipt_production_2026_00226,1,fg_0026,wh_finished_north_z06,production_lot_2026_00226,3525
receipt_production_2026_00227,1,fg_0027,wh_finished_south_z07,production_lot_2026_00227,3626
receipt_production_2026_00228,1,fg_0028,wh_finished_north_z08,production_lot_2026_00228,3727
receipt_production_2026_00229,1,fg_0029,wh_finished_south_z09,production_lot_2026_00229,3828
receipt_production_2026_00230,1,fg_0030,wh_finished_north_z10,production_lot_2026_00230,3929
receipt_production_2026_00231,1,fg_0031,wh_finished_south_z01,production_lot_2026_00231,4030
receipt_production_2026_00232,1,fg_0032,wh_finished_north_z02,production_lot_2026_00232,4131
receipt_production_2026_00233,1,fg_0033,wh_finished_south_z03,production_lot_2026_00233,4232
receipt_production_2026_00234,1,fg_0034,wh_finished_north_z04,production_lot_2026_00234,4333
receipt_production_2026_00235,1,fg_0035,wh_finished_south_z05,production_lot_2026_00235,4434
receipt_production_2026_00236,1,fg_0036,wh_finished_north_z06,production_lot_2026_00236,4535
receipt_production_2026_00237,1,fg_0037,wh_finished_south_z07,production_lot_2026_00237,4636
receipt_production_2026_00238,1,fg_0038,wh_finished_north_z08,production_lot_2026_00238,4737
receipt_production_2026_00239,1,fg_0039,wh_finished_south_z09,production_lot_2026_00239,4838
receipt_production_2026_00240,1,fg_0040,wh_finished_north_z10,production_lot_2026_00240,4939
receipt_production_2026_00241,1,fg_0041,wh_finished_south_z01,production_lot_2026_00241,5040
receipt_production_2026_00242,1,fg_0042,wh_finished_north_z02,production_lot_2026_00242,5141
receipt_production_2026_00243,1,fg_0043,wh_finished_south_z03,production_lot_2026_00243,5242
receipt_production_2026_00244,1,fg_0044,wh_finished_north_z04,production_lot_2026_00244,5343
receipt_production_2026_00245,1,fg_0045,wh_finished_south_z05,production_lot_2026_00245,5444
receipt_production_2026_00246,1,fg_0046,wh_finished_north_z06,production_lot_2026_00246,5545
receipt_production_2026_00247,1,fg_0047,wh_finished_south_z07,production_lot_2026_00247,5646
receipt_production_2026_00248,1,fg_0048,wh_finished_north_z08,production_lot_2026_00248,5747
receipt_production_2026_00249,1,fg_0049,wh_finished_south_z09,production_lot_2026_00249,5848
receipt_production_2026_00250,1,fg_0050,wh_finished_north_z10,production_lot_2026_00250,5949
receipt_production_2026_00251,1,fg_0051,wh_finished_south_z01,production_lot_2026_00251,6050
receipt_production_2026_00252,1,fg_0052,wh_finished_north_z02,production_lot_2026_00252,6151
receipt_production_2026_00253,1,fg_0053,wh_finished_south_z03,production_lot_2026_00253,6252
receipt_production_2026_00254,1,fg_0054,wh_finished_north_z04,production_lot_2026_00254,6353
receipt_production_2026_00255,1,fg_0055,wh_finished_south_z05,production_lot_2026_00255,6454
receipt_production_2026_00256,1,fg_0056,wh_finished_north_z06,production_lot_2026_00256,6555
receipt_production_2026_00257,1,fg_0057,wh_finished_south_z07,production_lot_2026_00257,6656
receipt_production_2026_00258,1,fg_0058,wh_finished_north_z08,production_lot_2026_00258,6757
receipt_production_2026_00259,1,fg_0059,wh_finished_south_z09,production_lot_2026_00259,6858
receipt_production_2026_00260,1,fg_0060,wh_finished_north_z10,production_lot_2026_00260,6959
receipt_production_2026_00261,1,fg_0061,wh_finished_south_z01,production_lot_2026_00261,7060
receipt_production_2026_00262,1,fg_0062,wh_finished_north_z02,production_lot_2026_00262,7161
receipt_production_2026_00263,1,fg_0063,wh_finished_south_z03,production_lot_2026_00263,7262
receipt_production_2026_00264,1,fg_0064,wh_finished_north_z04,production_lot_2026_00264,7363
receipt_production_2026_00265,1,fg_0065,wh_finished_south_z05,production_lot_2026_00265,7464
receipt_production_2026_00266,1,fg_0066,wh_finished_north_z06,production_lot_2026_00266,7565
receipt_production_2026_00267,1,fg_0067,wh_finished_south_z07,production_lot_2026_00267,7666
receipt_production_2026_00268,1,fg_0068,wh_finished_north_z08,production_lot_2026_00268,7767
receipt_production_2026_00269,1,fg_0069,wh_finished_south_z09,production_lot_2026_00269,7868
receipt_production_2026_00270,1,fg_0070,wh_finished_north_z10,production_lot_2026_00270,7969
receipt_production_2026_00271,1,fg_0071,wh_finished_south_z01,production_lot_2026_00271,8070
receipt_production_2026_00272,1,fg_0072,wh_finished_north_z02,production_lot_2026_00272,8171
receipt_production_2026_00273,1,fg_0073,wh_finished_south_z03,production_lot_2026_00273,8272
receipt_production_2026_00274,1,fg_0074,wh_finished_north_z04,production_lot_2026_00274,8373
receipt_production_2026_00275,1,fg_0075,wh_finished_south_z05,production_lot_2026_00275,8474
receipt_production_2026_00276,1,fg_0076,wh_finished_north_z06,production_lot_2026_00276,8575
receipt_production_2026_00277,1,fg_0077,wh_finished_south_z07,production_lot_2026_00277,8676
receipt_production_2026_00278,1,fg_0078,wh_finished_north_z08,production_lot_2026_00278,8777
receipt_production_2026_00279,1,fg_0079,wh_finished_south_z09,production_lot_2026_00279,1878
receipt_production_2026_00280,1,fg_0080,wh_finished_north_z10,production_lot_2026_00280,1979
receipt_production_2026_00281,1,fg_0081,wh_finished_south_z01,production_lot_2026_00281,2080
receipt_production_2026_00282,1,fg_0082,wh_finished_north_z02,production_lot_2026_00282,2181
receipt_production_2026_00283,1,fg_0083,wh_finished_south_z03,production_lot_2026_00283,2282
receipt_production_2026_00284,1,fg_0084,wh_finished_north_z04,production_lot_2026_00284,2383
receipt_production_2026_00285,1,fg_0085,wh_finished_south_z05,production_lot_2026_00285,2484
receipt_production_2026_00286,1,fg_0086,wh_finished_north_z06,production_lot_2026_00286,2585
receipt_production_2026_00287,1,fg_0087,wh_finished_south_z07,production_lot_2026_00287,2686
receipt_production_2026_00288,1,fg_0088,wh_finished_north_z08,production_lot_2026_00288,2787
receipt_production_2026_00289,1,fg_0089,wh_finished_south_z09,production_lot_2026_00289,2888
receipt_production_2026_00290,1,fg_0090,wh_finished_north_z10,production_lot_2026_00290,2989
receipt_production_2026_00291,1,fg_0091,wh_finished_south_z01,production_lot_2026_00291,3090
receipt_production_2026_00292,1,fg_0092,wh_finished_north_z02,production_lot_2026_00292,3191
receipt_production_2026_00293,1,fg_0093,wh_finished_south_z03,production_lot_2026_00293,3292
receipt_production_2026_00294,1,fg_0094,wh_finished_north_z04,production_lot_2026_00294,3393
receipt_production_2026_00295,1,fg_0095,wh_finished_south_z05,production_lot_2026_00295,3494
receipt_production_2026_00296,1,fg_0096,wh_finished_north_z06,production_lot_2026_00296,3595
receipt_production_2026_00297,1,fg_0097,wh_finished_south_z07,production_lot_2026_00297,3696
receipt_production_2026_00298,1,fg_0098,wh_finished_north_z08,production_lot_2026_00298,3797
receipt_production_2026_00299,1,fg_0099,wh_finished_south_z09,production_lot_2026_00299,3898
receipt_production_2026_00300,1,fg_0100,wh_finished_north_z10,production_lot_2026_00300,3999
