source_document_type,source_document_code,source_document_line_number,movement_leg,movement_type,item_code,location_code,lot_code,quantity_delta,idempotency_key
receipt,receipt_2025_00003,1,single,receipt,rm_0007,wh_finished_south_z03,lot_rm_0007_01,8074,receipt_post_00003_1
receipt,receipt_2025_00003,2,single,receipt,rm_0008,wh_finished_south_z04,lot_rm_0008_02,8175,receipt_post_00003_2
receipt,receipt_2025_00003,3,single,receipt,rm_0009,wh_finished_south_z05,lot_rm_0009_01,8276,receipt_post_00003_3
receipt,receipt_2025_00007,1,single,receipt,rm_0019,wh_raw_south_z07,lot_rm_0019_01,8222,receipt_post_00007_1
receipt,receipt_2025_00007,2,single,receipt,rm_0020,wh_raw_south_z08,lot_rm_0020_02,8323,receipt_post_00007_2
receipt,receipt_2025_00007,3,single,receipt,rm_0021,wh_raw_south_z09,lot_rm_0021_01,8424,receipt_post_00007_3
receipt,receipt_2025_00011,1,single,receipt,rm_0031,wh_cold_z01,lot_rm_0031_01,8370,receipt_post_00011_1
receipt,receipt_2025_00011,2,single,receipt,rm_0032,wh_cold_z02,lot_rm_0032_02,8471,receipt_post_00011_2
receipt,receipt_2025_00011,3,single,receipt,rm_0033,wh_cold_z03,lot_rm_0033_01,8572,receipt_post_00011_3
receipt,receipt_2025_00015,1,single,receipt,rm_0043,wh_finished_south_z05,lot_rm_0043_01,8518,receipt_post_00015_1
receipt,receipt_2025_00015,2,single,receipt,rm_0044,wh_finished_south_z06,lot_rm_0044_02,8619,receipt_post_00015_2
receipt,receipt_2025_00015,3,single,receipt,rm_0045,wh_finished_south_z07,lot_rm_0045_01,8720,receipt_post_00015_3
receipt,receipt_2025_00019,1,single,receipt,rm_0055,wh_raw_south_z09,,8666,receipt_post_00019_1
receipt,receipt_2025_00019,2,single,receipt,rm_0056,wh_raw_south_z10,,8767,receipt_post_00019_2
receipt,receipt_2025_00019,3,single,receipt,rm_0057,wh_raw_south_z01,,8868,receipt_post_00019_3
receipt,receipt_2025_00023,1,single,receipt,rm_0067,wh_cold_z03,lot_rm_0067_01,8814,receipt_post_00023_1
receipt,receipt_2025_00023,2,single,receipt,rm_0068,wh_cold_z04,lot_rm_0068_02,8915,receipt_post_00023_2
receipt,receipt_2025_00023,3,single,receipt,rm_0069,wh_cold_z05,lot_rm_0069_01,9016,receipt_post_00023_3
receipt,receipt_2025_00027,1,single,receipt,rm_0079,wh_finished_south_z07,lot_rm_0079_01,8962,receipt_post_00027_1
receipt,receipt_2025_00027,2,single,receipt,rm_0080,wh_finished_south_z08,lot_rm_0080_02,9063,receipt_post_00027_2
receipt,receipt_2025_00027,3,single,receipt,rm_0081,wh_finished_south_z09,lot_rm_0081_01,9164,receipt_post_00027_3
receipt,receipt_2025_00031,1,single,receipt,rm_0091,wh_raw_south_z01,lot_rm_0091_01,9110,receipt_post_00031_1
receipt,receipt_2025_00031,2,single,receipt,rm_0092,wh_raw_south_z02,lot_rm_0092_02,9211,receipt_post_00031_2
receipt,receipt_2025_00031,3,single,receipt,rm_0093,wh_raw_south_z03,lot_rm_0093_01,9312,receipt_post_00031_3
receipt,receipt_2025_00035,1,single,receipt,rm_0103,wh_cold_z05,lot_rm_0103_01,9258,receipt_post_00035_1
receipt,receipt_2025_00035,2,single,receipt,rm_0104,wh_cold_z06,lot_rm_0104_02,9359,receipt_post_00035_2
receipt,receipt_2025_00035,3,single,receipt,rm_0105,wh_cold_z07,lot_rm_0105_01,9460,receipt_post_00035_3
receipt,receipt_2025_00039,1,single,receipt,rm_0115,wh_finished_south_z09,,9406,receipt_post_00039_1
receipt,receipt_2025_00039,2,single,receipt,rm_0116,wh_finished_south_z10,,9507,receipt_post_00039_2
receipt,receipt_2025_00039,3,single,receipt,rm_0117,wh_finished_south_z01,,9608,receipt_post_00039_3
receipt,receipt_2025_00043,1,single,receipt,rm_0127,wh_raw_south_z03,,9554,receipt_post_00043_1
receipt,receipt_2025_00043,2,single,receipt,rm_0128,wh_raw_south_z04,,9655,receipt_post_00043_2
receipt,receipt_2025_00043,3,single,receipt,rm_0129,wh_raw_south_z05,lot_rm_0129_01,9756,receipt_post_00043_3
receipt,receipt_2025_00047,1,single,receipt,rm_0139,wh_cold_z07,lot_rm_0139_01,9702,receipt_post_00047_1
receipt,receipt_2025_00047,2,single,receipt,rm_0140,wh_cold_z08,lot_rm_0140_02,9803,receipt_post_00047_2
receipt,receipt_2025_00047,3,single,receipt,rm_0141,wh_cold_z09,lot_rm_0141_01,9904,receipt_post_00047_3
receipt,receipt_2025_00051,1,single,receipt,rm_0151,wh_finished_south_z01,lot_rm_0151_01,9850,receipt_post_00051_1
receipt,receipt_2025_00051,2,single,receipt,rm_0152,wh_finished_south_z02,lot_rm_0152_02,9951,receipt_post_00051_2
receipt,receipt_2025_00051,3,single,receipt,rm_0153,wh_finished_south_z03,lot_rm_0153_01,10052,receipt_post_00051_3
receipt,receipt_2025_00055,1,single,receipt,rm_0163,wh_raw_south_z05,lot_rm_0163_01,9998,receipt_post_00055_1
receipt,receipt_2025_00055,2,single,receipt,rm_0164,wh_raw_south_z06,lot_rm_0164_02,10099,receipt_post_00055_2
receipt,receipt_2025_00055,3,single,receipt,rm_0165,wh_raw_south_z07,lot_rm_0165_01,10200,receipt_post_00055_3
receipt,receipt_2025_00059,1,single,receipt,rm_0175,wh_cold_z09,lot_rm_0175_01,10146,receipt_post_00059_1
receipt,receipt_2025_00059,2,single,receipt,rm_0176,wh_cold_z10,lot_rm_0176_02,10247,receipt_post_00059_2
receipt,receipt_2025_00059,3,single,receipt,rm_0177,wh_cold_z01,,10348,receipt_post_00059_3
receipt,receipt_2025_00063,1,single,receipt,rm_0187,wh_finished_south_z03,,10294,receipt_post_00063_1
receipt,receipt_2025_00063,2,single,receipt,rm_0188,wh_finished_south_z04,,10395,receipt_post_00063_2
receipt,receipt_2025_00063,3,single,receipt,rm_0189,wh_finished_south_z05,,10496,receipt_post_00063_3
receipt,receipt_2025_00067,1,single,receipt,rm_0199,wh_raw_south_z07,lot_rm_0199_01,10442,receipt_post_00067_1
receipt,receipt_2025_00067,2,single,receipt,rm_0200,wh_raw_south_z08,lot_rm_0200_02,10543,receipt_post_00067_2
receipt,receipt_2025_00067,3,single,receipt,rm_0201,wh_raw_south_z09,lot_rm_0201_01,10644,receipt_post_00067_3
receipt,receipt_2025_00071,1,single,receipt,rm_0211,wh_cold_z01,lot_rm_0211_01,10590,receipt_post_00071_1
receipt,receipt_2025_00071,2,single,receipt,rm_0212,wh_cold_z02,lot_rm_0212_02,10691,receipt_post_00071_2
receipt,receipt_2025_00071,3,single,receipt,rm_0213,wh_cold_z03,lot_rm_0213_01,10792,receipt_post_00071_3
receipt,receipt_2025_00075,1,single,receipt,rm_0223,wh_finished_south_z05,lot_rm_0223_01,10738,receipt_post_00075_1
receipt,receipt_2025_00075,2,single,receipt,rm_0224,wh_finished_south_z06,lot_rm_0224_02,10839,receipt_post_00075_2
receipt,receipt_2025_00075,3,single,receipt,rm_0225,wh_finished_south_z07,lot_rm_0225_01,10940,receipt_post_00075_3
receipt,receipt_2025_00079,1,single,receipt,rm_0235,wh_raw_south_z09,lot_rm_0235_01,10886,receipt_post_00079_1
receipt,receipt_2025_00079,2,single,receipt,rm_0236,wh_raw_south_z10,lot_rm_0236_02,10987,receipt_post_00079_2
receipt,receipt_2025_00079,3,single,receipt,rm_0237,wh_raw_south_z01,lot_rm_0237_01,11088,receipt_post_00079_3
receipt,receipt_2025_00083,1,single,receipt,rm_0247,wh_cold_z03,,11034,receipt_post_00083_1
receipt,receipt_2025_00083,2,single,receipt,rm_0248,wh_cold_z04,,11135,receipt_post_00083_2
receipt,receipt_2025_00083,3,single,receipt,rm_0249,wh_cold_z05,,11236,receipt_post_00083_3
receipt,receipt_2025_00087,1,single,receipt,rm_0259,wh_finished_south_z07,lot_rm_0259_01,11182,receipt_post_00087_1
receipt,receipt_2025_00087,2,single,receipt,rm_0260,wh_finished_south_z08,lot_rm_0260_02,11283,receipt_post_00087_2
receipt,receipt_2025_00087,3,single,receipt,rm_0261,wh_finished_south_z09,lot_rm_0261_01,11384,receipt_post_00087_3
receipt,receipt_2025_00091,1,single,receipt,rm_0271,wh_raw_south_z01,lot_rm_0271_01,11330,receipt_post_00091_1
receipt,receipt_2025_00091,2,single,receipt,rm_0272,wh_raw_south_z02,lot_rm_0272_02,11431,receipt_post_00091_2
receipt,receipt_2025_00091,3,single,receipt,rm_0273,wh_raw_south_z03,lot_rm_0273_01,11532,receipt_post_00091_3
receipt,receipt_2025_00095,1,single,receipt,rm_0283,wh_cold_z05,lot_rm_0283_01,11478,receipt_post_00095_1
receipt,receipt_2025_00095,2,single,receipt,rm_0284,wh_cold_z06,lot_rm_0284_02,11579,receipt_post_00095_2
receipt,receipt_2025_00095,3,single,receipt,rm_0285,wh_cold_z07,lot_rm_0285_01,11680,receipt_post_00095_3
receipt,receipt_2025_00099,1,single,receipt,rm_0295,wh_finished_south_z09,lot_rm_0295_01,11626,receipt_post_00099_1
receipt,receipt_2025_00099,2,single,receipt,rm_0296,wh_finished_south_z10,lot_rm_0296_02,11727,receipt_post_00099_2
receipt,receipt_2025_00099,3,single,receipt,rm_0297,wh_finished_south_z01,lot_rm_0297_01,11828,receipt_post_00099_3
receipt,receipt_2025_00103,1,single,receipt,rm_0307,wh_raw_south_z03,,11774,receipt_post_00103_1
receipt,receipt_2025_00103,2,single,receipt,rm_0308,wh_raw_south_z04,,11875,receipt_post_00103_2
receipt,receipt_2025_00103,3,single,receipt,rm_0309,wh_raw_south_z05,,11976,receipt_post_00103_3
receipt,receipt_2025_00107,1,single,receipt,rm_0319,wh_cold_z07,,11922,receipt_post_00107_1
receipt,receipt_2025_00107,2,single,receipt,rm_0320,wh_cold_z08,,12023,receipt_post_00107_2
receipt,receipt_2025_00107,3,single,receipt,fg_0001,wh_cold_z09,lot_fg_0001_01,12124,receipt_post_00107_3
receipt,receipt_2025_00111,1,single,receipt,fg_0011,wh_finished_south_z01,lot_fg_0011_01,12070,receipt_post_00111_1
receipt,receipt_2025_00111,2,single,receipt,fg_0012,wh_finished_south_z02,lot_fg_0012_02,12171,receipt_post_00111_2
receipt,receipt_2025_00111,3,single,receipt,fg_0013,wh_finished_south_z03,lot_fg_0013_01,12272,receipt_post_00111_3
receipt,receipt_2025_00115,1,single,receipt,fg_0023,wh_raw_south_z05,lot_fg_0023_01,12218,receipt_post_00115_1
receipt,receipt_2025_00115,2,single,receipt,fg_0024,wh_raw_south_z06,lot_fg_0024_02,12319,receipt_post_00115_2
receipt,receipt_2025_00115,3,single,receipt,fg_0025,wh_raw_south_z07,lot_fg_0025_01,12420,receipt_post_00115_3
receipt,receipt_2025_00119,1,single,receipt,fg_0035,wh_cold_z09,lot_fg_0035_01,12366,receipt_post_00119_1
receipt,receipt_2025_00119,2,single,receipt,fg_0036,wh_cold_z10,lot_fg_0036_02,12467,receipt_post_00119_2
receipt,receipt_2025_00119,3,single,receipt,fg_0037,wh_cold_z01,lot_fg_0037_01,12568,receipt_post_00119_3
receipt,receipt_2025_00123,1,single,receipt,fg_0047,wh_finished_south_z03,lot_fg_0047_01,12514,receipt_post_00123_1
receipt,receipt_2025_00123,2,single,receipt,fg_0048,wh_finished_south_z04,lot_fg_0048_02,12615,receipt_post_00123_2
receipt,receipt_2025_00123,3,single,receipt,fg_0049,wh_finished_south_z05,lot_fg_0049_01,12716,receipt_post_00123_3
receipt,receipt_2025_00127,1,single,receipt,fg_0059,wh_raw_south_z07,lot_fg_0059_01,12662,receipt_post_00127_1
receipt,receipt_2025_00127,2,single,receipt,fg_0060,wh_raw_south_z08,lot_fg_0060_02,12763,receipt_post_00127_2
receipt,receipt_2025_00127,3,single,receipt,fg_0061,wh_raw_south_z09,lot_fg_0061_01,12864,receipt_post_00127_3
receipt,receipt_2025_00131,1,single,receipt,fg_0071,wh_cold_z01,lot_fg_0071_01,12810,receipt_post_00131_1
receipt,receipt_2025_00131,2,single,receipt,fg_0072,wh_cold_z02,lot_fg_0072_02,12911,receipt_post_00131_2
receipt,receipt_2025_00131,3,single,receipt,fg_0073,wh_cold_z03,lot_fg_0073_01,13012,receipt_post_00131_3
receipt,receipt_2025_00135,1,single,receipt,fg_0083,wh_finished_south_z05,lot_fg_0083_01,12958,receipt_post_00135_1
receipt,receipt_2025_00135,2,single,receipt,fg_0084,wh_finished_south_z06,lot_fg_0084_02,13059,receipt_post_00135_2
receipt,receipt_2025_00135,3,single,receipt,fg_0085,wh_finished_south_z07,lot_fg_0085_01,13160,receipt_post_00135_3
receipt,receipt_2025_00139,1,single,receipt,fg_0095,wh_raw_south_z09,lot_fg_0095_01,13106,receipt_post_00139_1
receipt,receipt_2025_00139,2,single,receipt,fg_0096,wh_raw_south_z10,lot_fg_0096_02,13207,receipt_post_00139_2
receipt,receipt_2025_00139,3,single,receipt,fg_0097,wh_raw_south_z01,lot_fg_0097_01,13308,receipt_post_00139_3
receipt,receipt_2025_00143,1,single,receipt,fg_0107,wh_cold_z03,lot_fg_0107_01,13254,receipt_post_00143_1
receipt,receipt_2025_00143,2,single,receipt,fg_0108,wh_cold_z04,lot_fg_0108_02,13355,receipt_post_00143_2
receipt,receipt_2025_00143,3,single,receipt,fg_0109,wh_cold_z05,lot_fg_0109_01,13456,receipt_post_00143_3
receipt,receipt_2025_00147,1,single,receipt,fg_0119,wh_finished_south_z07,lot_fg_0119_01,13402,receipt_post_00147_1
receipt,receipt_2025_00147,2,single,receipt,fg_0120,wh_finished_south_z08,lot_fg_0120_02,13503,receipt_post_00147_2
receipt,receipt_2025_00147,3,single,receipt,fg_0121,wh_finished_south_z09,lot_fg_0121_01,13604,receipt_post_00147_3
receipt,receipt_2025_00151,1,single,receipt,fg_0131,wh_raw_south_z01,lot_fg_0131_01,13550,receipt_post_00151_1
receipt,receipt_2025_00151,2,single,receipt,fg_0132,wh_raw_south_z02,lot_fg_0132_02,13651,receipt_post_00151_2
receipt,receipt_2025_00151,3,single,receipt,fg_0133,wh_raw_south_z03,lot_fg_0133_01,13752,receipt_post_00151_3
receipt,receipt_2025_00155,1,single,receipt,fg_0143,wh_cold_z05,lot_fg_0143_01,13698,receipt_post_00155_1
receipt,receipt_2025_00155,2,single,receipt,fg_0144,wh_cold_z06,lot_fg_0144_02,13799,receipt_post_00155_2
receipt,receipt_2025_00155,3,single,receipt,fg_0145,wh_cold_z07,lot_fg_0145_01,13900,receipt_post_00155_3
receipt,receipt_2025_00159,1,single,receipt,fg_0155,wh_finished_south_z09,lot_fg_0155_01,13846,receipt_post_00159_1
receipt,receipt_2025_00159,2,single,receipt,fg_0156,wh_finished_south_z10,lot_fg_0156_02,13947,receipt_post_00159_2
receipt,receipt_2025_00159,3,single,receipt,fg_0157,wh_finished_south_z01,lot_fg_0157_01,14048,receipt_post_00159_3
receipt,receipt_2025_00163,1,single,receipt,fg_0167,wh_raw_south_z03,lot_fg_0167_01,13994,receipt_post_00163_1
receipt,receipt_2025_00163,2,single,receipt,fg_0168,wh_raw_south_z04,lot_fg_0168_02,14095,receipt_post_00163_2
receipt,receipt_2025_00163,3,single,receipt,fg_0169,wh_raw_south_z05,lot_fg_0169_01,14196,receipt_post_00163_3
receipt,receipt_2025_00167,1,single,receipt,fg_0179,wh_cold_z07,lot_fg_0179_01,14142,receipt_post_00167_1
receipt,receipt_2025_00167,2,single,receipt,fg_0180,wh_cold_z08,lot_fg_0180_02,14243,receipt_post_00167_2
receipt,receipt_2025_00167,3,single,receipt,fg_0181,wh_cold_z09,lot_fg_0181_01,14344,receipt_post_00167_3
receipt,receipt_2025_00171,1,single,receipt,fg_0191,wh_finished_south_z01,lot_fg_0191_01,14290,receipt_post_00171_1
receipt,receipt_2025_00171,2,single,receipt,fg_0192,wh_finished_south_z02,lot_fg_0192_02,14391,receipt_post_00171_2
receipt,receipt_2025_00171,3,single,receipt,fg_0193,wh_finished_south_z03,lot_fg_0193_01,14492,receipt_post_00171_3
receipt,receipt_2025_00175,1,single,receipt,rm_0003,wh_raw_south_z05,lot_rm_0003_01,14438,receipt_post_00175_1
receipt,receipt_2025_00175,2,single,receipt,rm_0004,wh_raw_south_z06,lot_rm_0004_02,14539,receipt_post_00175_2
receipt,receipt_2025_00175,3,single,receipt,rm_0005,wh_raw_south_z07,lot_rm_0005_01,14640,receipt_post_00175_3
receipt,receipt_2025_00179,1,single,receipt,rm_0015,wh_cold_z09,lot_rm_0015_01,14586,receipt_post_00179_1
receipt,receipt_2025_00179,2,single,receipt,rm_0016,wh_cold_z10,lot_rm_0016_02,14687,receipt_post_00179_2
receipt,receipt_2025_00179,3,single,receipt,rm_0017,wh_cold_z01,lot_rm_0017_01,14788,receipt_post_00179_3
receipt,receipt_2025_00183,1,single,receipt,rm_0027,wh_finished_south_z03,lot_rm_0027_01,14734,receipt_post_00183_1
receipt,receipt_2025_00183,2,single,receipt,rm_0028,wh_finished_south_z04,lot_rm_0028_02,14835,receipt_post_00183_2
receipt,receipt_2025_00183,3,single,receipt,rm_0029,wh_finished_south_z05,lot_rm_0029_01,14936,receipt_post_00183_3
receipt,receipt_2025_00187,1,single,receipt,rm_0039,wh_raw_south_z07,lot_rm_0039_01,14882,receipt_post_00187_1
receipt,receipt_2025_00187,2,single,receipt,rm_0040,wh_raw_south_z08,lot_rm_0040_02,14983,receipt_post_00187_2
receipt,receipt_2025_00187,3,single,receipt,rm_0041,wh_raw_south_z09,lot_rm_0041_01,15084,receipt_post_00187_3
receipt,receipt_2025_00191,1,single,receipt,rm_0051,wh_cold_z01,,15030,receipt_post_00191_1
receipt,receipt_2025_00191,2,single,receipt,rm_0052,wh_cold_z02,,15131,receipt_post_00191_2
receipt,receipt_2025_00191,3,single,receipt,rm_0053,wh_cold_z03,,15232,receipt_post_00191_3
receipt,receipt_2025_00195,1,single,receipt,rm_0063,wh_finished_south_z05,,15178,receipt_post_00195_1
receipt,receipt_2025_00195,2,single,receipt,rm_0064,wh_finished_south_z06,,15279,receipt_post_00195_2
receipt,receipt_2025_00195,3,single,receipt,rm_0065,wh_finished_south_z07,lot_rm_0065_01,15380,receipt_post_00195_3
receipt,receipt_2025_00199,1,single,receipt,rm_0075,wh_raw_south_z09,lot_rm_0075_01,15326,receipt_post_00199_1
receipt,receipt_2025_00199,2,single,receipt,rm_0076,wh_raw_south_z10,lot_rm_0076_02,15427,receipt_post_00199_2
receipt,receipt_2025_00199,3,single,receipt,rm_0077,wh_raw_south_z01,lot_rm_0077_01,15528,receipt_post_00199_3
receipt,receipt_2025_00203,1,single,receipt,rm_0087,wh_cold_z03,lot_rm_0087_01,15474,receipt_post_00203_1
receipt,receipt_2025_00203,2,single,receipt,rm_0088,wh_cold_z04,lot_rm_0088_02,15575,receipt_post_00203_2
receipt,receipt_2025_00203,3,single,receipt,rm_0089,wh_cold_z05,lot_rm_0089_01,15676,receipt_post_00203_3
receipt,receipt_2025_00207,1,single,receipt,rm_0099,wh_finished_south_z07,lot_rm_0099_01,15622,receipt_post_00207_1
receipt,receipt_2025_00207,2,single,receipt,rm_0100,wh_finished_south_z08,lot_rm_0100_02,15723,receipt_post_00207_2
receipt,receipt_2025_00207,3,single,receipt,rm_0101,wh_finished_south_z09,lot_rm_0101_01,15824,receipt_post_00207_3
receipt,receipt_2025_00211,1,single,receipt,rm_0111,wh_raw_south_z01,lot_rm_0111_01,15770,receipt_post_00211_1
receipt,receipt_2025_00211,2,single,receipt,rm_0112,wh_raw_south_z02,lot_rm_0112_02,15871,receipt_post_00211_2
receipt,receipt_2025_00211,3,single,receipt,rm_0113,wh_raw_south_z03,,15972,receipt_post_00211_3
receipt,receipt_2025_00215,1,single,receipt,rm_0123,wh_cold_z05,,15918,receipt_post_00215_1
receipt,receipt_2025_00215,2,single,receipt,rm_0124,wh_cold_z06,,16019,receipt_post_00215_2
receipt,receipt_2025_00215,3,single,receipt,rm_0125,wh_cold_z07,,16120,receipt_post_00215_3
receipt,receipt_2025_00219,1,single,receipt,rm_0135,wh_finished_south_z09,lot_rm_0135_01,16066,receipt_post_00219_1
receipt,receipt_2025_00219,2,single,receipt,rm_0136,wh_finished_south_z10,lot_rm_0136_02,16167,receipt_post_00219_2
receipt,receipt_2025_00219,3,single,receipt,rm_0137,wh_finished_south_z01,lot_rm_0137_01,16268,receipt_post_00219_3
receipt,receipt_2025_00223,1,single,receipt,rm_0147,wh_raw_south_z03,lot_rm_0147_01,16214,receipt_post_00223_1
receipt,receipt_2025_00223,2,single,receipt,rm_0148,wh_raw_south_z04,lot_rm_0148_02,16315,receipt_post_00223_2
receipt,receipt_2025_00223,3,single,receipt,rm_0149,wh_raw_south_z05,lot_rm_0149_01,16416,receipt_post_00223_3
receipt,receipt_2025_00227,1,single,receipt,rm_0159,wh_cold_z07,lot_rm_0159_01,16362,receipt_post_00227_1
receipt,receipt_2025_00227,2,single,receipt,rm_0160,wh_cold_z08,lot_rm_0160_02,16463,receipt_post_00227_2
receipt,receipt_2025_00227,3,single,receipt,rm_0161,wh_cold_z09,lot_rm_0161_01,16564,receipt_post_00227_3
receipt,receipt_2025_00231,1,single,receipt,rm_0171,wh_finished_south_z01,lot_rm_0171_01,16510,receipt_post_00231_1
receipt,receipt_2025_00231,2,single,receipt,rm_0172,wh_finished_south_z02,lot_rm_0172_02,16611,receipt_post_00231_2
receipt,receipt_2025_00231,3,single,receipt,rm_0173,wh_finished_south_z03,lot_rm_0173_01,16712,receipt_post_00231_3
receipt,receipt_2025_00235,1,single,receipt,rm_0183,wh_raw_south_z05,,16658,receipt_post_00235_1
receipt,receipt_2025_00235,2,single,receipt,rm_0184,wh_raw_south_z06,,16759,receipt_post_00235_2
receipt,receipt_2025_00235,3,single,receipt,rm_0185,wh_raw_south_z07,,16860,receipt_post_00235_3
receipt,receipt_2025_00239,1,single,receipt,rm_0195,wh_cold_z09,lot_rm_0195_01,16806,receipt_post_00239_1
receipt,receipt_2025_00239,2,single,receipt,rm_0196,wh_cold_z10,lot_rm_0196_02,16907,receipt_post_00239_2
receipt,receipt_2025_00239,3,single,receipt,rm_0197,wh_cold_z01,lot_rm_0197_01,17008,receipt_post_00239_3
receipt,receipt_2025_00243,1,single,receipt,rm_0207,wh_finished_south_z03,lot_rm_0207_01,16954,receipt_post_00243_1
receipt,receipt_2025_00243,2,single,receipt,rm_0208,wh_finished_south_z04,lot_rm_0208_02,17055,receipt_post_00243_2
receipt,receipt_2025_00243,3,single,receipt,rm_0209,wh_finished_south_z05,lot_rm_0209_01,17156,receipt_post_00243_3
receipt,receipt_2025_00247,1,single,receipt,rm_0219,wh_raw_south_z07,lot_rm_0219_01,17102,receipt_post_00247_1
receipt,receipt_2025_00247,2,single,receipt,rm_0220,wh_raw_south_z08,lot_rm_0220_02,17203,receipt_post_00247_2
receipt,receipt_2025_00247,3,single,receipt,rm_0221,wh_raw_south_z09,lot_rm_0221_01,17304,receipt_post_00247_3
receipt,receipt_2025_00251,1,single,receipt,rm_0231,wh_cold_z01,lot_rm_0231_01,17250,receipt_post_00251_1
receipt,receipt_2025_00251,2,single,receipt,rm_0232,wh_cold_z02,lot_rm_0232_02,17351,receipt_post_00251_2
receipt,receipt_2025_00251,3,single,receipt,rm_0233,wh_cold_z03,lot_rm_0233_01,17452,receipt_post_00251_3
receipt,receipt_2025_00255,1,single,receipt,rm_0243,wh_finished_south_z05,,17398,receipt_post_00255_1
receipt,receipt_2025_00255,2,single,receipt,rm_0244,wh_finished_south_z06,,17499,receipt_post_00255_2
receipt,receipt_2025_00255,3,single,receipt,rm_0245,wh_finished_south_z07,,17600,receipt_post_00255_3
receipt,receipt_2025_00259,1,single,receipt,rm_0255,wh_raw_south_z09,,17546,receipt_post_00259_1
receipt,receipt_2025_00259,2,single,receipt,rm_0256,wh_raw_south_z10,,17647,receipt_post_00259_2
receipt,receipt_2025_00259,3,single,receipt,rm_0257,wh_raw_south_z01,lot_rm_0257_01,17748,receipt_post_00259_3
receipt,receipt_2025_00263,1,single,receipt,rm_0267,wh_cold_z03,lot_rm_0267_01,17694,receipt_post_00263_1
receipt,receipt_2025_00263,2,single,receipt,rm_0268,wh_cold_z04,lot_rm_0268_02,17795,receipt_post_00263_2
receipt,receipt_2025_00263,3,single,receipt,rm_0269,wh_cold_z05,lot_rm_0269_01,17896,receipt_post_00263_3
receipt,receipt_2025_00267,1,single,receipt,rm_0279,wh_finished_south_z07,lot_rm_0279_01,17842,receipt_post_00267_1
receipt,receipt_2025_00267,2,single,receipt,rm_0280,wh_finished_south_z08,lot_rm_0280_02,17943,receipt_post_00267_2
receipt,receipt_2025_00267,3,single,receipt,rm_0281,wh_finished_south_z09,lot_rm_0281_01,18044,receipt_post_00267_3
receipt,receipt_2025_00271,1,single,receipt,rm_0291,wh_raw_south_z01,lot_rm_0291_01,17990,receipt_post_00271_1
receipt,receipt_2025_00271,2,single,receipt,rm_0292,wh_raw_south_z02,lot_rm_0292_02,18091,receipt_post_00271_2
receipt,receipt_2025_00271,3,single,receipt,rm_0293,wh_raw_south_z03,lot_rm_0293_01,18192,receipt_post_00271_3
receipt,receipt_2025_00275,1,single,receipt,rm_0303,wh_cold_z05,lot_rm_0303_01,18138,receipt_post_00275_1
receipt,receipt_2025_00275,2,single,receipt,rm_0304,wh_cold_z06,lot_rm_0304_02,18239,receipt_post_00275_2
receipt,receipt_2025_00275,3,single,receipt,rm_0305,wh_cold_z07,,18340,receipt_post_00275_3
receipt,receipt_2025_00279,1,single,receipt,rm_0315,wh_finished_south_z09,,18286,receipt_post_00279_1
receipt,receipt_2025_00279,2,single,receipt,rm_0316,wh_finished_south_z10,,18387,receipt_post_00279_2
receipt,receipt_2025_00279,3,single,receipt,rm_0317,wh_finished_south_z01,,18488,receipt_post_00279_3
receipt,receipt_2025_00283,1,single,receipt,fg_0007,wh_raw_south_z03,lot_fg_0007_01,18434,receipt_post_00283_1
receipt,receipt_2025_00283,2,single,receipt,fg_0008,wh_raw_south_z04,lot_fg_0008_02,18535,receipt_post_00283_2
receipt,receipt_2025_00283,3,single,receipt,fg_0009,wh_raw_south_z05,lot_fg_0009_01,18636,receipt_post_00283_3
receipt,receipt_2025_00287,1,single,receipt,fg_0019,wh_cold_z07,lot_fg_0019_01,18582,receipt_post_00287_1
receipt,receipt_2025_00287,2,single,receipt,fg_0020,wh_cold_z08,lot_fg_0020_02,18683,receipt_post_00287_2
receipt,receipt_2025_00287,3,single,receipt,fg_0021,wh_cold_z09,lot_fg_0021_01,18784,receipt_post_00287_3
receipt,receipt_2025_00291,1,single,receipt,fg_0031,wh_finished_south_z01,lot_fg_0031_01,18730,receipt_post_00291_1
receipt,receipt_2025_00291,2,single,receipt,fg_0032,wh_finished_south_z02,lot_fg_0032_02,18831,receipt_post_00291_2
receipt,receipt_2025_00291,3,single,receipt,fg_0033,wh_finished_south_z03,lot_fg_0033_01,18932,receipt_post_00291_3
receipt,receipt_2025_00295,1,single,receipt,fg_0043,wh_raw_south_z05,lot_fg_0043_01,18878,receipt_post_00295_1
receipt,receipt_2025_00295,2,single,receipt,fg_0044,wh_raw_south_z06,lot_fg_0044_02,18979,receipt_post_00295_2
receipt,receipt_2025_00295,3,single,receipt,fg_0045,wh_raw_south_z07,lot_fg_0045_01,19080,receipt_post_00295_3
receipt,receipt_2025_00299,1,single,receipt,fg_0055,wh_cold_z09,lot_fg_0055_01,19026,receipt_post_00299_1
receipt,receipt_2025_00299,2,single,receipt,fg_0056,wh_cold_z10,lot_fg_0056_02,19127,receipt_post_00299_2
receipt,receipt_2025_00299,3,single,receipt,fg_0057,wh_cold_z01,lot_fg_0057_01,19228,receipt_post_00299_3
receipt,receipt_2025_00303,1,single,receipt,fg_0067,wh_finished_south_z03,lot_fg_0067_01,19174,receipt_post_00303_1
receipt,receipt_2025_00303,2,single,receipt,fg_0068,wh_finished_south_z04,lot_fg_0068_02,19275,receipt_post_00303_2
receipt,receipt_2025_00303,3,single,receipt,fg_0069,wh_finished_south_z05,lot_fg_0069_01,19376,receipt_post_00303_3
receipt,receipt_2025_00307,1,single,receipt,fg_0079,wh_raw_south_z07,lot_fg_0079_01,19322,receipt_post_00307_1
receipt,receipt_2025_00307,2,single,receipt,fg_0080,wh_raw_south_z08,lot_fg_0080_02,19423,receipt_post_00307_2
receipt,receipt_2025_00307,3,single,receipt,fg_0081,wh_raw_south_z09,lot_fg_0081_01,19524,receipt_post_00307_3
receipt,receipt_2025_00311,1,single,receipt,fg_0091,wh_cold_z01,lot_fg_0091_01,19470,receipt_post_00311_1
receipt,receipt_2025_00311,2,single,receipt,fg_0092,wh_cold_z02,lot_fg_0092_02,19571,receipt_post_00311_2
receipt,receipt_2025_00311,3,single,receipt,fg_0093,wh_cold_z03,lot_fg_0093_01,19672,receipt_post_00311_3
receipt,receipt_2025_00315,1,single,receipt,fg_0103,wh_finished_south_z05,lot_fg_0103_01,19618,receipt_post_00315_1
receipt,receipt_2025_00315,2,single,receipt,fg_0104,wh_finished_south_z06,lot_fg_0104_02,19719,receipt_post_00315_2
receipt,receipt_2025_00315,3,single,receipt,fg_0105,wh_finished_south_z07,lot_fg_0105_01,19820,receipt_post_00315_3
receipt,receipt_2025_00319,1,single,receipt,fg_0115,wh_raw_south_z09,lot_fg_0115_01,19766,receipt_post_00319_1
receipt,receipt_2025_00319,2,single,receipt,fg_0116,wh_raw_south_z10,lot_fg_0116_02,19867,receipt_post_00319_2
receipt,receipt_2025_00319,3,single,receipt,fg_0117,wh_raw_south_z01,lot_fg_0117_01,19968,receipt_post_00319_3
receipt,receipt_2025_00323,1,single,receipt,fg_0127,wh_cold_z03,lot_fg_0127_01,19914,receipt_post_00323_1
receipt,receipt_2025_00323,2,single,receipt,fg_0128,wh_cold_z04,lot_fg_0128_02,8015,receipt_post_00323_2
receipt,receipt_2025_00323,3,single,receipt,fg_0129,wh_cold_z05,lot_fg_0129_01,8116,receipt_post_00323_3
receipt,receipt_2025_00327,1,single,receipt,fg_0139,wh_finished_south_z07,lot_fg_0139_01,8062,receipt_post_00327_1
receipt,receipt_2025_00327,2,single,receipt,fg_0140,wh_finished_south_z08,lot_fg_0140_02,8163,receipt_post_00327_2
receipt,receipt_2025_00327,3,single,receipt,fg_0141,wh_finished_south_z09,lot_fg_0141_01,8264,receipt_post_00327_3
receipt,receipt_2025_00331,1,single,receipt,fg_0151,wh_raw_south_z01,lot_fg_0151_01,8210,receipt_post_00331_1
receipt,receipt_2025_00331,2,single,receipt,fg_0152,wh_raw_south_z02,lot_fg_0152_02,8311,receipt_post_00331_2
receipt,receipt_2025_00331,3,single,receipt,fg_0153,wh_raw_south_z03,lot_fg_0153_01,8412,receipt_post_00331_3
receipt,receipt_2025_00335,1,single,receipt,fg_0163,wh_cold_z05,lot_fg_0163_01,8358,receipt_post_00335_1
receipt,receipt_2025_00335,2,single,receipt,fg_0164,wh_cold_z06,lot_fg_0164_02,8459,receipt_post_00335_2
receipt,receipt_2025_00335,3,single,receipt,fg_0165,wh_cold_z07,lot_fg_0165_01,8560,receipt_post_00335_3
receipt,receipt_2025_00339,1,single,receipt,fg_0175,wh_finished_south_z09,lot_fg_0175_01,8506,receipt_post_00339_1
receipt,receipt_2025_00339,2,single,receipt,fg_0176,wh_finished_south_z10,lot_fg_0176_02,8607,receipt_post_00339_2
receipt,receipt_2025_00339,3,single,receipt,fg_0177,wh_finished_south_z01,lot_fg_0177_01,8708,receipt_post_00339_3
receipt,receipt_2025_00343,1,single,receipt,fg_0187,wh_raw_south_z03,lot_fg_0187_01,8654,receipt_post_00343_1
receipt,receipt_2025_00343,2,single,receipt,fg_0188,wh_raw_south_z04,lot_fg_0188_02,8755,receipt_post_00343_2
receipt,receipt_2025_00343,3,single,receipt,fg_0189,wh_raw_south_z05,lot_fg_0189_01,8856,receipt_post_00343_3
receipt,receipt_2025_00347,1,single,receipt,fg_0199,wh_cold_z07,lot_fg_0199_01,8802,receipt_post_00347_1
receipt,receipt_2025_00347,2,single,receipt,fg_0200,wh_cold_z08,lot_fg_0200_02,8903,receipt_post_00347_2
receipt,receipt_2025_00347,3,single,receipt,rm_0001,wh_cold_z09,lot_rm_0001_01,9004,receipt_post_00347_3
receipt,receipt_2025_00351,1,single,receipt,rm_0011,wh_finished_south_z01,lot_rm_0011_01,8950,receipt_post_00351_1
receipt,receipt_2025_00351,2,single,receipt,rm_0012,wh_finished_south_z02,lot_rm_0012_02,9051,receipt_post_00351_2
receipt,receipt_2025_00351,3,single,receipt,rm_0013,wh_finished_south_z03,lot_rm_0013_01,9152,receipt_post_00351_3
receipt,receipt_2025_00355,1,single,receipt,rm_0023,wh_raw_south_z05,lot_rm_0023_01,9098,receipt_post_00355_1
receipt,receipt_2025_00355,2,single,receipt,rm_0024,wh_raw_south_z06,lot_rm_0024_02,9199,receipt_post_00355_2
receipt,receipt_2025_00355,3,single,receipt,rm_0025,wh_raw_south_z07,lot_rm_0025_01,9300,receipt_post_00355_3
receipt,receipt_2025_00359,1,single,receipt,rm_0035,wh_cold_z09,lot_rm_0035_01,9246,receipt_post_00359_1
receipt,receipt_2025_00359,2,single,receipt,rm_0036,wh_cold_z10,lot_rm_0036_02,9347,receipt_post_00359_2
receipt,receipt_2025_00359,3,single,receipt,rm_0037,wh_cold_z01,lot_rm_0037_01,9448,receipt_post_00359_3
receipt,receipt_2025_00363,1,single,receipt,rm_0047,wh_finished_south_z03,lot_rm_0047_01,9394,receipt_post_00363_1
receipt,receipt_2025_00363,2,single,receipt,rm_0048,wh_finished_south_z04,lot_rm_0048_02,9495,receipt_post_00363_2
receipt,receipt_2025_00363,3,single,receipt,rm_0049,wh_finished_south_z05,,9596,receipt_post_00363_3
receipt,receipt_2025_00367,1,single,receipt,rm_0059,wh_raw_south_z07,,9542,receipt_post_00367_1
receipt,receipt_2025_00367,2,single,receipt,rm_0060,wh_raw_south_z08,,9643,receipt_post_00367_2
receipt,receipt_2025_00367,3,single,receipt,rm_0061,wh_raw_south_z09,,9744,receipt_post_00367_3
receipt,receipt_2025_00371,1,single,receipt,rm_0071,wh_cold_z01,lot_rm_0071_01,9690,receipt_post_00371_1
receipt,receipt_2025_00371,2,single,receipt,rm_0072,wh_cold_z02,lot_rm_0072_02,9791,receipt_post_00371_2
receipt,receipt_2025_00371,3,single,receipt,rm_0073,wh_cold_z03,lot_rm_0073_01,9892,receipt_post_00371_3
receipt,receipt_2025_00375,1,single,receipt,rm_0083,wh_finished_south_z05,lot_rm_0083_01,9838,receipt_post_00375_1
receipt,receipt_2025_00375,2,single,receipt,rm_0084,wh_finished_south_z06,lot_rm_0084_02,9939,receipt_post_00375_2
receipt,receipt_2025_00375,3,single,receipt,rm_0085,wh_finished_south_z07,lot_rm_0085_01,10040,receipt_post_00375_3
receipt,receipt_2025_00379,1,single,receipt,rm_0095,wh_raw_south_z09,lot_rm_0095_01,9986,receipt_post_00379_1
receipt,receipt_2025_00379,2,single,receipt,rm_0096,wh_raw_south_z10,lot_rm_0096_02,10087,receipt_post_00379_2
receipt,receipt_2025_00379,3,single,receipt,rm_0097,wh_raw_south_z01,lot_rm_0097_01,10188,receipt_post_00379_3
receipt,receipt_2025_00383,1,single,receipt,rm_0107,wh_cold_z03,lot_rm_0107_01,10134,receipt_post_00383_1
receipt,receipt_2025_00383,2,single,receipt,rm_0108,wh_cold_z04,lot_rm_0108_02,10235,receipt_post_00383_2
receipt,receipt_2025_00383,3,single,receipt,rm_0109,wh_cold_z05,lot_rm_0109_01,10336,receipt_post_00383_3
receipt,receipt_2025_00387,1,single,receipt,rm_0119,wh_finished_south_z07,,10282,receipt_post_00387_1
receipt,receipt_2025_00387,2,single,receipt,rm_0120,wh_finished_south_z08,,10383,receipt_post_00387_2
receipt,receipt_2025_00387,3,single,receipt,rm_0121,wh_finished_south_z09,,10484,receipt_post_00387_3
receipt,receipt_2025_00391,1,single,receipt,rm_0131,wh_raw_south_z01,lot_rm_0131_01,10430,receipt_post_00391_1
receipt,receipt_2025_00391,2,single,receipt,rm_0132,wh_raw_south_z02,lot_rm_0132_02,10531,receipt_post_00391_2
receipt,receipt_2025_00391,3,single,receipt,rm_0133,wh_raw_south_z03,lot_rm_0133_01,10632,receipt_post_00391_3
receipt,receipt_2025_00395,1,single,receipt,rm_0143,wh_cold_z05,lot_rm_0143_01,10578,receipt_post_00395_1
receipt,receipt_2025_00395,2,single,receipt,rm_0144,wh_cold_z06,lot_rm_0144_02,10679,receipt_post_00395_2
receipt,receipt_2025_00395,3,single,receipt,rm_0145,wh_cold_z07,lot_rm_0145_01,10780,receipt_post_00395_3
receipt,receipt_2025_00399,1,single,receipt,rm_0155,wh_finished_south_z09,lot_rm_0155_01,10726,receipt_post_00399_1
receipt,receipt_2025_00399,2,single,receipt,rm_0156,wh_finished_south_z10,lot_rm_0156_02,10827,receipt_post_00399_2
receipt,receipt_2025_00399,3,single,receipt,rm_0157,wh_finished_south_z01,lot_rm_0157_01,10928,receipt_post_00399_3
receipt,receipt_2025_00403,1,single,receipt,rm_0167,wh_raw_south_z03,lot_rm_0167_01,10874,receipt_post_00403_1
receipt,receipt_2025_00403,2,single,receipt,rm_0168,wh_raw_south_z04,lot_rm_0168_02,10975,receipt_post_00403_2
receipt,receipt_2025_00403,3,single,receipt,rm_0169,wh_raw_south_z05,lot_rm_0169_01,11076,receipt_post_00403_3
receipt,receipt_2025_00407,1,single,receipt,rm_0179,wh_cold_z07,,11022,receipt_post_00407_1
receipt,receipt_2025_00407,2,single,receipt,rm_0180,wh_cold_z08,,11123,receipt_post_00407_2
receipt,receipt_2025_00407,3,single,receipt,rm_0181,wh_cold_z09,,11224,receipt_post_00407_3
receipt,receipt_2025_00411,1,single,receipt,rm_0191,wh_finished_south_z01,,11170,receipt_post_00411_1
receipt,receipt_2025_00411,2,single,receipt,rm_0192,wh_finished_south_z02,,11271,receipt_post_00411_2
receipt,receipt_2025_00411,3,single,receipt,rm_0193,wh_finished_south_z03,lot_rm_0193_01,11372,receipt_post_00411_3
receipt,receipt_2025_00415,1,single,receipt,rm_0203,wh_raw_south_z05,lot_rm_0203_01,11318,receipt_post_00415_1
receipt,receipt_2025_00415,2,single,receipt,rm_0204,wh_raw_south_z06,lot_rm_0204_02,11419,receipt_post_00415_2
receipt,receipt_2025_00415,3,single,receipt,rm_0205,wh_raw_south_z07,lot_rm_0205_01,11520,receipt_post_00415_3
receipt,receipt_2025_00419,1,single,receipt,rm_0215,wh_cold_z09,lot_rm_0215_01,11466,receipt_post_00419_1
receipt,receipt_2025_00419,2,single,receipt,rm_0216,wh_cold_z10,lot_rm_0216_02,11567,receipt_post_00419_2
receipt,receipt_2025_00419,3,single,receipt,rm_0217,wh_cold_z01,lot_rm_0217_01,11668,receipt_post_00419_3
receipt,receipt_2025_00423,1,single,receipt,rm_0227,wh_finished_south_z03,lot_rm_0227_01,11614,receipt_post_00423_1
receipt,receipt_2025_00423,2,single,receipt,rm_0228,wh_finished_south_z04,lot_rm_0228_02,11715,receipt_post_00423_2
receipt,receipt_2025_00423,3,single,receipt,rm_0229,wh_finished_south_z05,lot_rm_0229_01,11816,receipt_post_00423_3
receipt,receipt_2025_00427,1,single,receipt,rm_0239,wh_raw_south_z07,lot_rm_0239_01,11762,receipt_post_00427_1
receipt,receipt_2025_00427,2,single,receipt,rm_0240,wh_raw_south_z08,lot_rm_0240_02,11863,receipt_post_00427_2
receipt,receipt_2025_00427,3,single,receipt,rm_0241,wh_raw_south_z09,,11964,receipt_post_00427_3
receipt,receipt_2025_00431,1,single,receipt,rm_0251,wh_cold_z01,,11910,receipt_post_00431_1
receipt,receipt_2025_00431,2,single,receipt,rm_0252,wh_cold_z02,,12011,receipt_post_00431_2
receipt,receipt_2025_00431,3,single,receipt,rm_0253,wh_cold_z03,,12112,receipt_post_00431_3
receipt,receipt_2025_00435,1,single,receipt,rm_0263,wh_finished_south_z05,lot_rm_0263_01,12058,receipt_post_00435_1
receipt,receipt_2025_00435,2,single,receipt,rm_0264,wh_finished_south_z06,lot_rm_0264_02,12159,receipt_post_00435_2
receipt,receipt_2025_00435,3,single,receipt,rm_0265,wh_finished_south_z07,lot_rm_0265_01,12260,receipt_post_00435_3
receipt,receipt_2025_00439,1,single,receipt,rm_0275,wh_raw_south_z09,lot_rm_0275_01,12206,receipt_post_00439_1
receipt,receipt_2025_00439,2,single,receipt,rm_0276,wh_raw_south_z10,lot_rm_0276_02,12307,receipt_post_00439_2
receipt,receipt_2025_00439,3,single,receipt,rm_0277,wh_raw_south_z01,lot_rm_0277_01,12408,receipt_post_00439_3
receipt,receipt_2025_00443,1,single,receipt,rm_0287,wh_cold_z03,lot_rm_0287_01,12354,receipt_post_00443_1
receipt,receipt_2025_00443,2,single,receipt,rm_0288,wh_cold_z04,lot_rm_0288_02,12455,receipt_post_00443_2
receipt,receipt_2025_00443,3,single,receipt,rm_0289,wh_cold_z05,lot_rm_0289_01,12556,receipt_post_00443_3
receipt,receipt_2025_00447,1,single,receipt,rm_0299,wh_finished_south_z07,lot_rm_0299_01,12502,receipt_post_00447_1
receipt,receipt_2025_00447,2,single,receipt,rm_0300,wh_finished_south_z08,lot_rm_0300_02,12603,receipt_post_00447_2
receipt,receipt_2025_00447,3,single,receipt,rm_0301,wh_finished_south_z09,lot_rm_0301_01,12704,receipt_post_00447_3
receipt,receipt_2025_00451,1,single,receipt,rm_0311,wh_raw_south_z01,,12650,receipt_post_00451_1
receipt,receipt_2025_00451,2,single,receipt,rm_0312,wh_raw_south_z02,,12751,receipt_post_00451_2
receipt,receipt_2025_00451,3,single,receipt,rm_0313,wh_raw_south_z03,,12852,receipt_post_00451_3
receipt,receipt_2025_00455,1,single,receipt,fg_0003,wh_cold_z05,lot_fg_0003_01,12798,receipt_post_00455_1
receipt,receipt_2025_00455,2,single,receipt,fg_0004,wh_cold_z06,lot_fg_0004_02,12899,receipt_post_00455_2
receipt,receipt_2025_00455,3,single,receipt,fg_0005,wh_cold_z07,lot_fg_0005_01,13000,receipt_post_00455_3
receipt,receipt_2025_00459,1,single,receipt,fg_0015,wh_finished_south_z09,lot_fg_0015_01,12946,receipt_post_00459_1
receipt,receipt_2025_00459,2,single,receipt,fg_0016,wh_finished_south_z10,lot_fg_0016_02,13047,receipt_post_00459_2
receipt,receipt_2025_00459,3,single,receipt,fg_0017,wh_finished_south_z01,lot_fg_0017_01,13148,receipt_post_00459_3
receipt,receipt_2025_00463,1,single,receipt,fg_0027,wh_raw_south_z03,lot_fg_0027_01,13094,receipt_post_00463_1
receipt,receipt_2025_00463,2,single,receipt,fg_0028,wh_raw_south_z04,lot_fg_0028_02,13195,receipt_post_00463_2
receipt,receipt_2025_00463,3,single,receipt,fg_0029,wh_raw_south_z05,lot_fg_0029_01,13296,receipt_post_00463_3
receipt,receipt_2025_00467,1,single,receipt,fg_0039,wh_cold_z07,lot_fg_0039_01,13242,receipt_post_00467_1
receipt,receipt_2025_00467,2,single,receipt,fg_0040,wh_cold_z08,lot_fg_0040_02,13343,receipt_post_00467_2
receipt,receipt_2025_00467,3,single,receipt,fg_0041,wh_cold_z09,lot_fg_0041_01,13444,receipt_post_00467_3
receipt,receipt_2025_00471,1,single,receipt,fg_0051,wh_finished_south_z01,lot_fg_0051_01,13390,receipt_post_00471_1
receipt,receipt_2025_00471,2,single,receipt,fg_0052,wh_finished_south_z02,lot_fg_0052_02,13491,receipt_post_00471_2
receipt,receipt_2025_00471,3,single,receipt,fg_0053,wh_finished_south_z03,lot_fg_0053_01,13592,receipt_post_00471_3
receipt,receipt_2025_00475,1,single,receipt,fg_0063,wh_raw_south_z05,lot_fg_0063_01,13538,receipt_post_00475_1
receipt,receipt_2025_00475,2,single,receipt,fg_0064,wh_raw_south_z06,lot_fg_0064_02,13639,receipt_post_00475_2
receipt,receipt_2025_00475,3,single,receipt,fg_0065,wh_raw_south_z07,lot_fg_0065_01,13740,receipt_post_00475_3
receipt,receipt_2025_00479,1,single,receipt,fg_0075,wh_cold_z09,lot_fg_0075_01,13686,receipt_post_00479_1
receipt,receipt_2025_00479,2,single,receipt,fg_0076,wh_cold_z10,lot_fg_0076_02,13787,receipt_post_00479_2
receipt,receipt_2025_00479,3,single,receipt,fg_0077,wh_cold_z01,lot_fg_0077_01,13888,receipt_post_00479_3
receipt,receipt_2025_00483,1,single,receipt,fg_0087,wh_finished_south_z03,lot_fg_0087_01,13834,receipt_post_00483_1
receipt,receipt_2025_00483,2,single,receipt,fg_0088,wh_finished_south_z04,lot_fg_0088_02,13935,receipt_post_00483_2
receipt,receipt_2025_00483,3,single,receipt,fg_0089,wh_finished_south_z05,lot_fg_0089_01,14036,receipt_post_00483_3
receipt,receipt_2025_00487,1,single,receipt,fg_0099,wh_raw_south_z07,lot_fg_0099_01,13982,receipt_post_00487_1
receipt,receipt_2025_00487,2,single,receipt,fg_0100,wh_raw_south_z08,lot_fg_0100_02,14083,receipt_post_00487_2
receipt,receipt_2025_00487,3,single,receipt,fg_0101,wh_raw_south_z09,lot_fg_0101_01,14184,receipt_post_00487_3
receipt,receipt_2025_00491,1,single,receipt,fg_0111,wh_cold_z01,lot_fg_0111_01,14130,receipt_post_00491_1
receipt,receipt_2025_00491,2,single,receipt,fg_0112,wh_cold_z02,lot_fg_0112_02,14231,receipt_post_00491_2
receipt,receipt_2025_00491,3,single,receipt,fg_0113,wh_cold_z03,lot_fg_0113_01,14332,receipt_post_00491_3
receipt,receipt_2025_00495,1,single,receipt,fg_0123,wh_finished_south_z05,lot_fg_0123_01,14278,receipt_post_00495_1
receipt,receipt_2025_00495,2,single,receipt,fg_0124,wh_finished_south_z06,lot_fg_0124_02,14379,receipt_post_00495_2
receipt,receipt_2025_00495,3,single,receipt,fg_0125,wh_finished_south_z07,lot_fg_0125_01,14480,receipt_post_00495_3
receipt,receipt_2025_00499,1,single,receipt,fg_0135,wh_raw_south_z09,lot_fg_0135_01,14426,receipt_post_00499_1
receipt,receipt_2025_00499,2,single,receipt,fg_0136,wh_raw_south_z10,lot_fg_0136_02,14527,receipt_post_00499_2
receipt,receipt_2025_00499,3,single,receipt,fg_0137,wh_raw_south_z01,lot_fg_0137_01,14628,receipt_post_00499_3
receipt,receipt_2025_00503,1,single,receipt,fg_0147,wh_cold_z03,lot_fg_0147_01,14574,receipt_post_00503_1
receipt,receipt_2025_00503,2,single,receipt,fg_0148,wh_cold_z04,lot_fg_0148_02,14675,receipt_post_00503_2
receipt,receipt_2025_00503,3,single,receipt,fg_0149,wh_cold_z05,lot_fg_0149_01,14776,receipt_post_00503_3
receipt,receipt_2025_00507,1,single,receipt,fg_0159,wh_finished_south_z07,lot_fg_0159_01,14722,receipt_post_00507_1
receipt,receipt_2025_00507,2,single,receipt,fg_0160,wh_finished_south_z08,lot_fg_0160_02,14823,receipt_post_00507_2
receipt,receipt_2025_00507,3,single,receipt,fg_0161,wh_finished_south_z09,lot_fg_0161_01,14924,receipt_post_00507_3
receipt,receipt_2025_00511,1,single,receipt,fg_0171,wh_raw_south_z01,lot_fg_0171_01,14870,receipt_post_00511_1
receipt,receipt_2025_00511,2,single,receipt,fg_0172,wh_raw_south_z02,lot_fg_0172_02,14971,receipt_post_00511_2
receipt,receipt_2025_00511,3,single,receipt,fg_0173,wh_raw_south_z03,lot_fg_0173_01,15072,receipt_post_00511_3
receipt,receipt_2025_00515,1,single,receipt,fg_0183,wh_cold_z05,lot_fg_0183_01,15018,receipt_post_00515_1
receipt,receipt_2025_00515,2,single,receipt,fg_0184,wh_cold_z06,lot_fg_0184_02,15119,receipt_post_00515_2
receipt,receipt_2025_00515,3,single,receipt,fg_0185,wh_cold_z07,lot_fg_0185_01,15220,receipt_post_00515_3
receipt,receipt_2025_00519,1,single,receipt,fg_0195,wh_finished_south_z09,lot_fg_0195_01,15166,receipt_post_00519_1
receipt,receipt_2025_00519,2,single,receipt,fg_0196,wh_finished_south_z10,lot_fg_0196_02,15267,receipt_post_00519_2
receipt,receipt_2025_00519,3,single,receipt,fg_0197,wh_finished_south_z01,lot_fg_0197_01,15368,receipt_post_00519_3
receipt,receipt_2025_00523,1,single,receipt,rm_0007,wh_raw_south_z03,lot_rm_0007_01,15314,receipt_post_00523_1
receipt,receipt_2025_00523,2,single,receipt,rm_0008,wh_raw_south_z04,lot_rm_0008_02,15415,receipt_post_00523_2
receipt,receipt_2025_00523,3,single,receipt,rm_0009,wh_raw_south_z05,lot_rm_0009_01,15516,receipt_post_00523_3
receipt,receipt_2025_00527,1,single,receipt,rm_0019,wh_cold_z07,lot_rm_0019_01,15462,receipt_post_00527_1
receipt,receipt_2025_00527,2,single,receipt,rm_0020,wh_cold_z08,lot_rm_0020_02,15563,receipt_post_00527_2
receipt,receipt_2025_00527,3,single,receipt,rm_0021,wh_cold_z09,lot_rm_0021_01,15664,receipt_post_00527_3
receipt,receipt_2025_00531,1,single,receipt,rm_0031,wh_finished_south_z01,lot_rm_0031_01,15610,receipt_post_00531_1
receipt,receipt_2025_00531,2,single,receipt,rm_0032,wh_finished_south_z02,lot_rm_0032_02,15711,receipt_post_00531_2
receipt,receipt_2025_00531,3,single,receipt,rm_0033,wh_finished_south_z03,lot_rm_0033_01,15812,receipt_post_00531_3
receipt,receipt_2025_00535,1,single,receipt,rm_0043,wh_raw_south_z05,lot_rm_0043_01,15758,receipt_post_00535_1
receipt,receipt_2025_00535,2,single,receipt,rm_0044,wh_raw_south_z06,lot_rm_0044_02,15859,receipt_post_00535_2
receipt,receipt_2025_00535,3,single,receipt,rm_0045,wh_raw_south_z07,lot_rm_0045_01,15960,receipt_post_00535_3
receipt,receipt_2025_00539,1,single,receipt,rm_0055,wh_cold_z09,,15906,receipt_post_00539_1
receipt,receipt_2025_00539,2,single,receipt,rm_0056,wh_cold_z10,,16007,receipt_post_00539_2
receipt,receipt_2025_00539,3,single,receipt,rm_0057,wh_cold_z01,,16108,receipt_post_00539_3
receipt,receipt_2025_00543,1,single,receipt,rm_0067,wh_finished_south_z03,lot_rm_0067_01,16054,receipt_post_00543_1
receipt,receipt_2025_00543,2,single,receipt,rm_0068,wh_finished_south_z04,lot_rm_0068_02,16155,receipt_post_00543_2
receipt,receipt_2025_00543,3,single,receipt,rm_0069,wh_finished_south_z05,lot_rm_0069_01,16256,receipt_post_00543_3
receipt,receipt_2025_00547,1,single,receipt,rm_0079,wh_raw_south_z07,lot_rm_0079_01,16202,receipt_post_00547_1
receipt,receipt_2025_00547,2,single,receipt,rm_0080,wh_raw_south_z08,lot_rm_0080_02,16303,receipt_post_00547_2
receipt,receipt_2025_00547,3,single,receipt,rm_0081,wh_raw_south_z09,lot_rm_0081_01,16404,receipt_post_00547_3
receipt,receipt_2025_00551,1,single,receipt,rm_0091,wh_cold_z01,lot_rm_0091_01,16350,receipt_post_00551_1
receipt,receipt_2025_00551,2,single,receipt,rm_0092,wh_cold_z02,lot_rm_0092_02,16451,receipt_post_00551_2
receipt,receipt_2025_00551,3,single,receipt,rm_0093,wh_cold_z03,lot_rm_0093_01,16552,receipt_post_00551_3
receipt,receipt_2025_00555,1,single,receipt,rm_0103,wh_finished_south_z05,lot_rm_0103_01,16498,receipt_post_00555_1
receipt,receipt_2025_00555,2,single,receipt,rm_0104,wh_finished_south_z06,lot_rm_0104_02,16599,receipt_post_00555_2
receipt,receipt_2025_00555,3,single,receipt,rm_0105,wh_finished_south_z07,lot_rm_0105_01,16700,receipt_post_00555_3
receipt,receipt_2025_00559,1,single,receipt,rm_0115,wh_raw_south_z09,,16646,receipt_post_00559_1
receipt,receipt_2025_00559,2,single,receipt,rm_0116,wh_raw_south_z10,,16747,receipt_post_00559_2
receipt,receipt_2025_00559,3,single,receipt,rm_0117,wh_raw_south_z01,,16848,receipt_post_00559_3
receipt,receipt_2025_00563,1,single,receipt,rm_0127,wh_cold_z03,,16794,receipt_post_00563_1
receipt,receipt_2025_00563,2,single,receipt,rm_0128,wh_cold_z04,,16895,receipt_post_00563_2
receipt,receipt_2025_00563,3,single,receipt,rm_0129,wh_cold_z05,lot_rm_0129_01,16996,receipt_post_00563_3
receipt,receipt_2025_00567,1,single,receipt,rm_0139,wh_finished_south_z07,lot_rm_0139_01,16942,receipt_post_00567_1
receipt,receipt_2025_00567,2,single,receipt,rm_0140,wh_finished_south_z08,lot_rm_0140_02,17043,receipt_post_00567_2
receipt,receipt_2025_00567,3,single,receipt,rm_0141,wh_finished_south_z09,lot_rm_0141_01,17144,receipt_post_00567_3
receipt,receipt_2025_00571,1,single,receipt,rm_0151,wh_raw_south_z01,lot_rm_0151_01,17090,receipt_post_00571_1
receipt,receipt_2025_00571,2,single,receipt,rm_0152,wh_raw_south_z02,lot_rm_0152_02,17191,receipt_post_00571_2
receipt,receipt_2025_00571,3,single,receipt,rm_0153,wh_raw_south_z03,lot_rm_0153_01,17292,receipt_post_00571_3
receipt,receipt_2025_00575,1,single,receipt,rm_0163,wh_cold_z05,lot_rm_0163_01,17238,receipt_post_00575_1
receipt,receipt_2025_00575,2,single,receipt,rm_0164,wh_cold_z06,lot_rm_0164_02,17339,receipt_post_00575_2
receipt,receipt_2025_00575,3,single,receipt,rm_0165,wh_cold_z07,lot_rm_0165_01,17440,receipt_post_00575_3
receipt,receipt_2025_00579,1,single,receipt,rm_0175,wh_finished_south_z09,lot_rm_0175_01,17386,receipt_post_00579_1
receipt,receipt_2025_00579,2,single,receipt,rm_0176,wh_finished_south_z10,lot_rm_0176_02,17487,receipt_post_00579_2
receipt,receipt_2025_00579,3,single,receipt,rm_0177,wh_finished_south_z01,,17588,receipt_post_00579_3
receipt,receipt_2025_00583,1,single,receipt,rm_0187,wh_raw_south_z03,,17534,receipt_post_00583_1
receipt,receipt_2025_00583,2,single,receipt,rm_0188,wh_raw_south_z04,,17635,receipt_post_00583_2
receipt,receipt_2025_00583,3,single,receipt,rm_0189,wh_raw_south_z05,,17736,receipt_post_00583_3
receipt,receipt_2025_00587,1,single,receipt,rm_0199,wh_cold_z07,lot_rm_0199_01,17682,receipt_post_00587_1
receipt,receipt_2025_00587,2,single,receipt,rm_0200,wh_cold_z08,lot_rm_0200_02,17783,receipt_post_00587_2
receipt,receipt_2025_00587,3,single,receipt,rm_0201,wh_cold_z09,lot_rm_0201_01,17884,receipt_post_00587_3
receipt,receipt_2025_00591,1,single,receipt,rm_0211,wh_finished_south_z01,lot_rm_0211_01,17830,receipt_post_00591_1
receipt,receipt_2025_00591,2,single,receipt,rm_0212,wh_finished_south_z02,lot_rm_0212_02,17931,receipt_post_00591_2
receipt,receipt_2025_00591,3,single,receipt,rm_0213,wh_finished_south_z03,lot_rm_0213_01,18032,receipt_post_00591_3
receipt,receipt_2025_00595,1,single,receipt,rm_0223,wh_raw_south_z05,lot_rm_0223_01,17978,receipt_post_00595_1
receipt,receipt_2025_00595,2,single,receipt,rm_0224,wh_raw_south_z06,lot_rm_0224_02,18079,receipt_post_00595_2
receipt,receipt_2025_00595,3,single,receipt,rm_0225,wh_raw_south_z07,lot_rm_0225_01,18180,receipt_post_00595_3
receipt,receipt_2025_00599,1,single,receipt,rm_0235,wh_cold_z09,lot_rm_0235_01,18126,receipt_post_00599_1
receipt,receipt_2025_00599,2,single,receipt,rm_0236,wh_cold_z10,lot_rm_0236_02,18227,receipt_post_00599_2
receipt,receipt_2025_00599,3,single,receipt,rm_0237,wh_cold_z01,lot_rm_0237_01,18328,receipt_post_00599_3
receipt,receipt_2025_00603,1,single,receipt,rm_0247,wh_finished_south_z03,,18274,receipt_post_00603_1
receipt,receipt_2025_00603,2,single,receipt,rm_0248,wh_finished_south_z04,,18375,receipt_post_00603_2
receipt,receipt_2025_00603,3,single,receipt,rm_0249,wh_finished_south_z05,,18476,receipt_post_00603_3
receipt,receipt_2025_00607,1,single,receipt,rm_0259,wh_raw_south_z07,lot_rm_0259_01,18422,receipt_post_00607_1
receipt,receipt_2025_00607,2,single,receipt,rm_0260,wh_raw_south_z08,lot_rm_0260_02,18523,receipt_post_00607_2
receipt,receipt_2025_00607,3,single,receipt,rm_0261,wh_raw_south_z09,lot_rm_0261_01,18624,receipt_post_00607_3
receipt,receipt_2025_00611,1,single,receipt,rm_0271,wh_cold_z01,lot_rm_0271_01,18570,receipt_post_00611_1
receipt,receipt_2025_00611,2,single,receipt,rm_0272,wh_cold_z02,lot_rm_0272_02,18671,receipt_post_00611_2
receipt,receipt_2025_00611,3,single,receipt,rm_0273,wh_cold_z03,lot_rm_0273_01,18772,receipt_post_00611_3
receipt,receipt_2025_00615,1,single,receipt,rm_0283,wh_finished_south_z05,lot_rm_0283_01,18718,receipt_post_00615_1
receipt,receipt_2025_00615,2,single,receipt,rm_0284,wh_finished_south_z06,lot_rm_0284_02,18819,receipt_post_00615_2
receipt,receipt_2025_00615,3,single,receipt,rm_0285,wh_finished_south_z07,lot_rm_0285_01,18920,receipt_post_00615_3
receipt,receipt_2025_00619,1,single,receipt,rm_0295,wh_raw_south_z09,lot_rm_0295_01,18866,receipt_post_00619_1
receipt,receipt_2025_00619,2,single,receipt,rm_0296,wh_raw_south_z10,lot_rm_0296_02,18967,receipt_post_00619_2
receipt,receipt_2025_00619,3,single,receipt,rm_0297,wh_raw_south_z01,lot_rm_0297_01,19068,receipt_post_00619_3
receipt,receipt_2025_00623,1,single,receipt,rm_0307,wh_cold_z03,,19014,receipt_post_00623_1
receipt,receipt_2025_00623,2,single,receipt,rm_0308,wh_cold_z04,,19115,receipt_post_00623_2
receipt,receipt_2025_00623,3,single,receipt,rm_0309,wh_cold_z05,,19216,receipt_post_00623_3
receipt,receipt_2025_00627,1,single,receipt,rm_0319,wh_finished_south_z07,,19162,receipt_post_00627_1
receipt,receipt_2025_00627,2,single,receipt,rm_0320,wh_finished_south_z08,,19263,receipt_post_00627_2
receipt,receipt_2025_00627,3,single,receipt,fg_0001,wh_finished_south_z09,lot_fg_0001_01,19364,receipt_post_00627_3
receipt,receipt_2025_00631,1,single,receipt,fg_0011,wh_raw_south_z01,lot_fg_0011_01,19310,receipt_post_00631_1
receipt,receipt_2025_00631,2,single,receipt,fg_0012,wh_raw_south_z02,lot_fg_0012_02,19411,receipt_post_00631_2
receipt,receipt_2025_00631,3,single,receipt,fg_0013,wh_raw_south_z03,lot_fg_0013_01,19512,receipt_post_00631_3
receipt,receipt_2025_00635,1,single,receipt,fg_0023,wh_cold_z05,lot_fg_0023_01,19458,receipt_post_00635_1
receipt,receipt_2025_00635,2,single,receipt,fg_0024,wh_cold_z06,lot_fg_0024_02,19559,receipt_post_00635_2
receipt,receipt_2025_00635,3,single,receipt,fg_0025,wh_cold_z07,lot_fg_0025_01,19660,receipt_post_00635_3
receipt,receipt_2025_00639,1,single,receipt,fg_0035,wh_finished_south_z09,lot_fg_0035_01,19606,receipt_post_00639_1
receipt,receipt_2025_00639,2,single,receipt,fg_0036,wh_finished_south_z10,lot_fg_0036_02,19707,receipt_post_00639_2
receipt,receipt_2025_00639,3,single,receipt,fg_0037,wh_finished_south_z01,lot_fg_0037_01,19808,receipt_post_00639_3
receipt,receipt_2025_00643,1,single,receipt,fg_0047,wh_raw_south_z03,lot_fg_0047_01,19754,receipt_post_00643_1
receipt,receipt_2025_00643,2,single,receipt,fg_0048,wh_raw_south_z04,lot_fg_0048_02,19855,receipt_post_00643_2
receipt,receipt_2025_00643,3,single,receipt,fg_0049,wh_raw_south_z05,lot_fg_0049_01,19956,receipt_post_00643_3
receipt,receipt_2025_00647,1,single,receipt,fg_0059,wh_cold_z07,lot_fg_0059_01,19902,receipt_post_00647_1
receipt,receipt_2025_00647,2,single,receipt,fg_0060,wh_cold_z08,lot_fg_0060_02,8003,receipt_post_00647_2
receipt,receipt_2025_00647,3,single,receipt,fg_0061,wh_cold_z09,lot_fg_0061_01,8104,receipt_post_00647_3
issue,issue_2026_00003,1,single,issue,rm_0021,wh_raw_south_z09,lot_rm_0021_01,-12,issue_post_00003_1
issue,issue_2026_00003,2,single,issue,rm_0055,wh_raw_south_z09,,-15,issue_post_00003_2
issue,issue_2026_00007,1,single,issue,rm_0091,wh_raw_south_z01,lot_rm_0091_01,-16,issue_post_00007_1
issue,issue_2026_00007,2,single,issue,rm_0092,wh_raw_south_z02,lot_rm_0092_02,-19,issue_post_00007_2
issue,issue_2026_00011,1,single,issue,rm_0116,wh_finished_south_z10,,-20,issue_post_00011_1
issue,issue_2026_00011,2,single,issue,rm_0117,wh_finished_south_z01,,-23,issue_post_00011_2
issue,issue_2026_00015,1,single,issue,rm_0153,wh_finished_south_z03,lot_rm_0153_01,-24,issue_post_00015_1
issue,issue_2026_00015,2,single,issue,rm_0187,wh_finished_south_z03,,-27,issue_post_00015_2
issue,issue_2026_00019,1,single,issue,rm_0223,wh_finished_south_z05,lot_rm_0223_01,-28,issue_post_00019_1
issue,issue_2026_00019,2,single,issue,rm_0224,wh_finished_south_z06,lot_rm_0224_02,-31,issue_post_00019_2
issue,issue_2026_00023,1,single,issue,rm_0284,wh_cold_z06,lot_rm_0284_02,-32,issue_post_00023_1
issue,issue_2026_00023,2,single,issue,rm_0285,wh_cold_z07,lot_rm_0285_01,-35,issue_post_00023_2
issue,issue_2026_00027,1,single,issue,rm_0015,wh_cold_z09,lot_rm_0015_01,-36,issue_post_00027_1
issue,issue_2026_00027,2,single,issue,rm_0016,wh_cold_z10,lot_rm_0016_02,-39,issue_post_00027_2
issue,issue_2026_00031,1,single,issue,rm_0052,wh_cold_z02,,-40,issue_post_00031_1
issue,issue_2026_00031,2,single,issue,rm_0053,wh_cold_z03,,-43,issue_post_00031_2
issue,issue_2026_00035,1,single,issue,rm_0076,wh_raw_south_z10,lot_rm_0076_02,-44,issue_post_00035_1
issue,issue_2026_00035,2,single,issue,rm_0077,wh_raw_south_z01,lot_rm_0077_01,-47,issue_post_00035_2
issue,issue_2026_00039,1,single,issue,rm_0113,wh_raw_south_z03,,-48,issue_post_00039_1
issue,issue_2026_00039,2,single,issue,rm_0147,wh_raw_south_z03,lot_rm_0147_01,-11,issue_post_00039_2
issue,issue_2026_00043,1,single,issue,rm_0196,wh_cold_z10,lot_rm_0196_02,-12,issue_post_00043_1
issue,issue_2026_00043,2,single,issue,rm_0197,wh_cold_z01,lot_rm_0197_01,-15,issue_post_00043_2
issue,issue_2026_00047,1,single,issue,rm_0233,wh_cold_z03,lot_rm_0233_01,-16,issue_post_00047_1
issue,issue_2026_00047,2,single,issue,rm_0267,wh_cold_z03,lot_rm_0267_01,-19,issue_post_00047_2
issue,issue_2026_00051,1,single,issue,rm_0257,wh_raw_south_z01,lot_rm_0257_01,-20,issue_post_00051_1
issue,issue_2026_00051,2,single,issue,rm_0291,wh_raw_south_z01,lot_rm_0291_01,-23,issue_post_00051_2
issue,issue_2026_00055,1,single,issue,rm_0023,wh_raw_south_z05,lot_rm_0023_01,-24,issue_post_00055_1
issue,issue_2026_00055,2,single,issue,rm_0024,wh_raw_south_z06,lot_rm_0024_02,-27,issue_post_00055_2
issue,issue_2026_00059,1,single,issue,rm_0060,wh_raw_south_z08,,-28,issue_post_00059_1
issue,issue_2026_00059,2,single,issue,rm_0061,wh_raw_south_z09,,-31,issue_post_00059_2
issue,issue_2026_00063,1,single,issue,rm_0085,wh_finished_south_z07,lot_rm_0085_01,-32,issue_post_00063_1
issue,issue_2026_00063,2,single,issue,rm_0119,wh_finished_south_z07,,-35,issue_post_00063_2
issue,issue_2026_00067,1,single,issue,rm_0155,wh_finished_south_z09,lot_rm_0155_01,-36,issue_post_00067_1
issue,issue_2026_00067,2,single,issue,rm_0156,wh_finished_south_z10,lot_rm_0156_02,-39,issue_post_00067_2
issue,issue_2026_00071,1,single,issue,rm_0192,wh_finished_south_z02,,-40,issue_post_00071_1
issue,issue_2026_00071,2,single,issue,rm_0193,wh_finished_south_z03,lot_rm_0193_01,-43,issue_post_00071_2
issue,issue_2026_00075,1,single,issue,rm_0253,wh_cold_z03,,-44,issue_post_00075_1
issue,issue_2026_00075,2,single,issue,rm_0287,wh_cold_z03,lot_rm_0287_01,-47,issue_post_00075_2
issue,issue_2026_00079,1,single,issue,rm_0019,wh_cold_z07,lot_rm_0019_01,-48,issue_post_00079_1
issue,issue_2026_00079,2,single,issue,rm_0020,wh_cold_z08,lot_rm_0020_02,-11,issue_post_00079_2
issue,issue_2026_00083,1,single,issue,rm_0032,wh_finished_south_z02,lot_rm_0032_02,-12,issue_post_00083_1
issue,issue_2026_00083,2,single,issue,rm_0033,wh_finished_south_z03,lot_rm_0033_01,-15,issue_post_00083_2
issue,issue_2026_00087,1,single,issue,rm_0069,wh_finished_south_z05,lot_rm_0069_01,-16,issue_post_00087_1
issue,issue_2026_00087,2,single,issue,rm_0103,wh_finished_south_z05,lot_rm_0103_01,-19,issue_post_00087_2
issue,issue_2026_00091,1,single,issue,rm_0139,wh_finished_south_z07,lot_rm_0139_01,-20,issue_post_00091_1
issue,issue_2026_00091,2,single,issue,rm_0140,wh_finished_south_z08,lot_rm_0140_02,-23,issue_post_00091_2
issue,issue_2026_00095,1,single,issue,rm_0200,wh_cold_z08,lot_rm_0200_02,-24,issue_post_00095_1
issue,issue_2026_00095,2,single,issue,rm_0201,wh_cold_z09,lot_rm_0201_01,-27,issue_post_00095_2
issue,issue_2026_00099,1,single,issue,rm_0237,wh_cold_z01,lot_rm_0237_01,-28,issue_post_00099_1
issue,issue_2026_00099,2,single,issue,rm_0271,wh_cold_z01,lot_rm_0271_01,-31,issue_post_00099_2
issue,issue_2026_00103,1,single,issue,rm_0307,wh_cold_z03,,-32,issue_post_00103_1
issue,issue_2026_00103,2,single,issue,rm_0308,wh_cold_z04,,-35,issue_post_00103_2
issue,issue_2026_00107,1,single,issue,rm_0296,wh_raw_south_z10,lot_rm_0296_02,-36,issue_post_00107_1
issue,issue_2026_00107,2,single,issue,rm_0297,wh_raw_south_z01,lot_rm_0297_01,-39,issue_post_00107_2
issue,issue_2026_00111,1,single,issue,rm_0021,wh_raw_south_z09,lot_rm_0021_01,-40,issue_post_00111_1
issue,issue_2026_00111,2,single,issue,rm_0055,wh_raw_south_z09,,-43,issue_post_00111_2
issue,issue_2026_00115,1,single,issue,rm_0091,wh_raw_south_z01,lot_rm_0091_01,-44,issue_post_00115_1
issue,issue_2026_00115,2,single,issue,rm_0092,wh_raw_south_z02,lot_rm_0092_02,-47,issue_post_00115_2
issue,issue_2026_00119,1,single,issue,rm_0117,wh_finished_south_z01,,-48,issue_post_00119_1
issue,issue_2026_00119,2,single,issue,rm_0151,wh_finished_south_z01,lot_rm_0151_01,-11,issue_post_00119_2
issue,issue_2026_00123,1,single,issue,rm_0213,wh_cold_z03,lot_rm_0213_01,-12,issue_post_00123_1
issue,issue_2026_00123,2,single,issue,rm_0247,wh_cold_z03,,-15,issue_post_00123_2
issue,issue_2026_00127,1,single,issue,rm_0283,wh_cold_z05,lot_rm_0283_01,-16,issue_post_00127_1
issue,issue_2026_00127,2,single,issue,rm_0284,wh_cold_z06,lot_rm_0284_02,-19,issue_post_00127_2
issue,issue_2026_00131,1,single,issue,rm_0272,wh_raw_south_z02,lot_rm_0272_02,-20,issue_post_00131_1
issue,issue_2026_00131,2,single,issue,rm_0273,wh_raw_south_z03,lot_rm_0273_01,-23,issue_post_00131_2
issue,issue_2026_00135,1,single,issue,rm_0309,wh_raw_south_z05,,-24,issue_post_00135_1
issue,issue_2026_00135,2,single,issue,rm_0003,wh_raw_south_z05,lot_rm_0003_01,-27,issue_post_00135_2
issue,issue_2026_00139,1,single,issue,rm_0039,wh_raw_south_z07,lot_rm_0039_01,-28,issue_post_00139_1
issue,issue_2026_00139,2,single,issue,rm_0040,wh_raw_south_z08,lot_rm_0040_02,-31,issue_post_00139_2
issue,issue_2026_00143,1,single,issue,rm_0101,wh_finished_south_z09,lot_rm_0101_01,-32,issue_post_00143_1
issue,issue_2026_00143,2,single,issue,rm_0135,wh_finished_south_z09,lot_rm_0135_01,-35,issue_post_00143_2
issue,issue_2026_00147,1,single,issue,rm_0171,wh_finished_south_z01,lot_rm_0171_01,-36,issue_post_00147_1
issue,issue_2026_00147,2,single,issue,rm_0172,wh_finished_south_z02,lot_rm_0172_02,-39,issue_post_00147_2
issue,issue_2026_00151,1,single,issue,rm_0208,wh_finished_south_z04,lot_rm_0208_02,-40,issue_post_00151_1
issue,issue_2026_00151,2,single,issue,rm_0209,wh_finished_south_z05,lot_rm_0209_01,-43,issue_post_00151_2
issue,issue_2026_00155,1,single,issue,rm_0269,wh_cold_z05,lot_rm_0269_01,-44,issue_post_00155_1
issue,issue_2026_00155,2,single,issue,rm_0303,wh_cold_z05,lot_rm_0303_01,-47,issue_post_00155_2
issue,issue_2026_00159,1,single,issue,rm_0001,wh_cold_z09,lot_rm_0001_01,-48,issue_post_00159_1
issue,issue_2026_00159,2,single,issue,rm_0035,wh_cold_z09,lot_rm_0035_01,-11,issue_post_00159_2
issue,issue_2026_00163,1,single,issue,rm_0023,wh_raw_south_z05,lot_rm_0023_01,-12,issue_post_00163_1
issue,issue_2026_00163,2,single,issue,rm_0024,wh_raw_south_z06,lot_rm_0024_02,-15,issue_post_00163_2
issue,issue_2026_00167,1,single,issue,rm_0060,wh_raw_south_z08,,-16,issue_post_00167_1
issue,issue_2026_00167,2,single,issue,rm_0061,wh_raw_south_z09,,-19,issue_post_00167_2
issue,issue_2026_00171,1,single,issue,rm_0119,wh_finished_south_z07,,-20,issue_post_00171_1
issue,issue_2026_00171,2,single,issue,rm_0120,wh_finished_south_z08,,-23,issue_post_00171_2
issue,issue_2026_00175,1,single,issue,rm_0156,wh_finished_south_z10,lot_rm_0156_02,-24,issue_post_00175_1
issue,issue_2026_00175,2,single,issue,rm_0157,wh_finished_south_z01,lot_rm_0157_01,-27,issue_post_00175_2
issue,issue_2026_00179,1,single,issue,rm_0193,wh_finished_south_z03,lot_rm_0193_01,-28,issue_post_00179_1
issue,issue_2026_00179,2,single,issue,rm_0227,wh_finished_south_z03,lot_rm_0227_01,-31,issue_post_00179_2
issue,issue_2026_00183,1,single,issue,rm_0289,wh_cold_z05,lot_rm_0289_01,-32,issue_post_00183_1
issue,issue_2026_00183,2,single,issue,rm_0019,wh_cold_z07,lot_rm_0019_01,-35,issue_post_00183_2
issue,issue_2026_00187,1,single,issue,rm_0055,wh_cold_z09,,-36,issue_post_00187_1
issue,issue_2026_00187,2,single,issue,rm_0056,wh_cold_z10,,-39,issue_post_00187_2
issue,issue_2026_00191,1,single,issue,rm_0092,wh_cold_z02,lot_rm_0092_02,-40,issue_post_00191_1
issue,issue_2026_00191,2,single,issue,rm_0093,wh_cold_z03,lot_rm_0093_01,-43,issue_post_00191_2
issue,issue_2026_00195,1,single,issue,rm_0045,wh_raw_south_z07,lot_rm_0045_01,-44,issue_post_00195_1
issue,issue_2026_00195,2,single,issue,rm_0079,wh_raw_south_z07,lot_rm_0079_01,-47,issue_post_00195_2
issue,issue_2026_00199,1,single,issue,rm_0115,wh_raw_south_z09,,-48,issue_post_00199_1
issue,issue_2026_00199,2,single,issue,rm_0116,wh_raw_south_z10,,-11,issue_post_00199_2
issue,issue_2026_00203,1,single,issue,rm_0236,wh_cold_z10,lot_rm_0236_02,-12,issue_post_00203_1
issue,issue_2026_00203,2,single,issue,rm_0237,wh_cold_z01,lot_rm_0237_01,-15,issue_post_00203_2
issue,issue_2026_00207,1,single,issue,rm_0273,wh_cold_z03,lot_rm_0273_01,-16,issue_post_00207_1
issue,issue_2026_00207,2,single,issue,rm_0307,wh_cold_z03,,-19,issue_post_00207_2
issue,issue_2026_00211,1,single,issue,rm_0259,wh_raw_south_z07,lot_rm_0259_01,-20,issue_post_00211_1
issue,issue_2026_00211,2,single,issue,rm_0260,wh_raw_south_z08,lot_rm_0260_02,-23,issue_post_00211_2
issue,issue_2026_00215,1,single,issue,rm_0296,wh_raw_south_z10,lot_rm_0296_02,-24,issue_post_00215_1
issue,issue_2026_00215,2,single,issue,rm_0297,wh_raw_south_z01,lot_rm_0297_01,-27,issue_post_00215_2
issue,issue_2026_00219,1,single,issue,rm_0021,wh_raw_south_z09,lot_rm_0021_01,-28,issue_post_00219_1
issue,issue_2026_00219,2,single,issue,rm_0055,wh_raw_south_z09,,-31,issue_post_00219_2
issue,issue_2026_00223,1,single,issue,rm_0081,wh_finished_south_z09,lot_rm_0081_01,-32,issue_post_00223_1
issue,issue_2026_00223,2,single,issue,rm_0115,wh_finished_south_z09,,-35,issue_post_00223_2
issue,issue_2026_00227,1,single,issue,rm_0151,wh_finished_south_z01,lot_rm_0151_01,-36,issue_post_00227_1
issue,issue_2026_00227,2,single,issue,rm_0152,wh_finished_south_z02,lot_rm_0152_02,-39,issue_post_00227_2
issue,issue_2026_00231,1,single,issue,rm_0188,wh_finished_south_z04,,-40,issue_post_00231_1
issue,issue_2026_00231,2,single,issue,rm_0189,wh_finished_south_z05,,-43,issue_post_00231_2
issue,issue_2026_00235,1,single,issue,rm_0319,wh_cold_z07,,-44,issue_post_00235_1
issue,issue_2026_00235,2,single,issue,rm_0320,wh_cold_z08,,-47,issue_post_00235_2
issue,issue_2026_00239,1,single,issue,rm_0017,wh_cold_z01,lot_rm_0017_01,-48,issue_post_00239_1
issue,issue_2026_00239,2,single,issue,rm_0051,wh_cold_z01,,-11,issue_post_00239_2
issue,issue_2026_00243,1,single,issue,rm_0028,wh_finished_south_z04,lot_rm_0028_02,-12,issue_post_00243_1
issue,issue_2026_00243,2,single,issue,rm_0029,wh_finished_south_z05,lot_rm_0029_01,-15,issue_post_00243_2
issue,issue_2026_00247,1,single,issue,rm_0065,wh_finished_south_z07,lot_rm_0065_01,-16,issue_post_00247_1
issue,issue_2026_00247,2,single,issue,rm_0099,wh_finished_south_z07,lot_rm_0099_01,-19,issue_post_00247_2
issue,issue_2026_00251,1,single,issue,rm_0135,wh_finished_south_z09,lot_rm_0135_01,-20,issue_post_00251_1
issue,issue_2026_00251,2,single,issue,rm_0136,wh_finished_south_z10,lot_rm_0136_02,-23,issue_post_00251_2
issue,issue_2026_00255,1,single,issue,rm_0231,wh_cold_z01,lot_rm_0231_01,-24,issue_post_00255_1
issue,issue_2026_00255,2,single,issue,rm_0232,wh_cold_z02,lot_rm_0232_02,-27,issue_post_00255_2
issue,issue_2026_00259,1,single,issue,rm_0268,wh_cold_z04,lot_rm_0268_02,-28,issue_post_00259_1
issue,issue_2026_00259,2,single,issue,rm_0269,wh_cold_z05,lot_rm_0269_01,-31,issue_post_00259_2
issue,issue_2026_00263,1,single,issue,rm_0305,wh_cold_z07,,-32,issue_post_00263_1
issue,issue_2026_00263,2,single,issue,rm_0001,wh_cold_z09,lot_rm_0001_01,-35,issue_post_00263_2
issue,issue_2026_00267,1,single,issue,rm_0257,wh_raw_south_z01,lot_rm_0257_01,-36,issue_post_00267_1
issue,issue_2026_00267,2,single,issue,rm_0291,wh_raw_south_z01,lot_rm_0291_01,-39,issue_post_00267_2
issue,issue_2026_00271,1,single,issue,rm_0023,wh_raw_south_z05,lot_rm_0023_01,-40,issue_post_00271_1
issue,issue_2026_00271,2,single,issue,rm_0024,wh_raw_south_z06,lot_rm_0024_02,-43,issue_post_00271_2
issue,issue_2026_00275,1,single,issue,rm_0060,wh_raw_south_z08,,-44,issue_post_00275_1
issue,issue_2026_00275,2,single,issue,rm_0061,wh_raw_south_z09,,-47,issue_post_00275_2
issue,issue_2026_00279,1,single,issue,rm_0120,wh_finished_south_z08,,-48,issue_post_00279_1
issue,issue_2026_00279,2,single,issue,rm_0121,wh_finished_south_z09,,-11,issue_post_00279_2
issue,issue_2026_00283,1,single,issue,rm_0251,wh_cold_z01,,-12,issue_post_00283_1
issue,issue_2026_00283,2,single,issue,rm_0252,wh_cold_z02,,-15,issue_post_00283_2
issue,issue_2026_00287,1,single,issue,rm_0288,wh_cold_z04,lot_rm_0288_02,-16,issue_post_00287_1
issue,issue_2026_00287,2,single,issue,rm_0289,wh_cold_z05,lot_rm_0289_01,-19,issue_post_00287_2
issue,issue_2026_00291,1,single,issue,rm_0241,wh_raw_south_z09,,-20,issue_post_00291_1
issue,issue_2026_00291,2,single,issue,rm_0275,wh_raw_south_z09,lot_rm_0275_01,-23,issue_post_00291_2
issue,issue_2026_00295,1,single,issue,rm_0311,wh_raw_south_z01,,-24,issue_post_00295_1
issue,issue_2026_00295,2,single,issue,rm_0312,wh_raw_south_z02,,-27,issue_post_00295_2
issue,issue_2026_00299,1,single,issue,rm_0008,wh_raw_south_z04,lot_rm_0008_02,-28,issue_post_00299_1
issue,issue_2026_00299,2,single,issue,rm_0009,wh_raw_south_z05,lot_rm_0009_01,-31,issue_post_00299_2
issue,issue_2026_00303,1,single,issue,rm_0104,wh_finished_south_z06,lot_rm_0104_02,-32,issue_post_00303_1
issue,issue_2026_00303,2,single,issue,rm_0105,wh_finished_south_z07,lot_rm_0105_01,-35,issue_post_00303_2
issue,issue_2026_00307,1,single,issue,rm_0141,wh_finished_south_z09,lot_rm_0141_01,-36,issue_post_00307_1
issue,issue_2026_00307,2,single,issue,rm_0175,wh_finished_south_z09,lot_rm_0175_01,-39,issue_post_00307_2
issue,issue_2026_00311,1,single,issue,rm_0211,wh_finished_south_z01,lot_rm_0211_01,-40,issue_post_00311_1
issue,issue_2026_00311,2,single,issue,rm_0212,wh_finished_south_z02,lot_rm_0212_02,-43,issue_post_00311_2
issue,issue_2026_00315,1,single,issue,rm_0309,wh_cold_z05,,-44,issue_post_00315_1
issue,issue_2026_00315,2,single,issue,rm_0031,wh_cold_z01,lot_rm_0031_01,-47,issue_post_00315_2
issue,issue_2026_00319,1,single,issue,rm_0067,wh_cold_z03,lot_rm_0067_01,-48,issue_post_00319_1
issue,issue_2026_00319,2,single,issue,rm_0068,wh_cold_z04,lot_rm_0068_02,-11,issue_post_00319_2
issue,issue_2026_00323,1,single,issue,rm_0296,wh_raw_south_z10,lot_rm_0296_02,-12,issue_post_00323_1
issue,issue_2026_00323,2,single,issue,rm_0297,wh_raw_south_z01,lot_rm_0297_01,-15,issue_post_00323_2
issue,issue_2026_00327,1,single,issue,rm_0021,wh_raw_south_z09,lot_rm_0021_01,-16,issue_post_00327_1
issue,issue_2026_00327,2,single,issue,rm_0055,wh_raw_south_z09,,-19,issue_post_00327_2
issue,issue_2026_00331,1,single,issue,rm_0115,wh_finished_south_z09,,-20,issue_post_00331_1
issue,issue_2026_00331,2,single,issue,rm_0116,wh_finished_south_z10,,-23,issue_post_00331_2
issue,issue_2026_00335,1,single,issue,rm_0152,wh_finished_south_z02,lot_rm_0152_02,-24,issue_post_00335_1
issue,issue_2026_00335,2,single,issue,rm_0153,wh_finished_south_z03,lot_rm_0153_01,-27,issue_post_00335_2
issue,issue_2026_00339,1,single,issue,rm_0189,wh_finished_south_z05,,-28,issue_post_00339_1
issue,issue_2026_00339,2,single,issue,rm_0223,wh_finished_south_z05,lot_rm_0223_01,-31,issue_post_00339_2
issue,issue_2026_00343,1,single,issue,rm_0016,wh_cold_z10,lot_rm_0016_02,-32,issue_post_00343_1
issue,issue_2026_00343,2,single,issue,rm_0017,wh_cold_z01,lot_rm_0017_01,-35,issue_post_00343_2
issue,issue_2026_00347,1,single,issue,rm_0053,wh_cold_z03,,-36,issue_post_00347_1
issue,issue_2026_00347,2,single,issue,rm_0087,wh_cold_z03,lot_rm_0087_01,-39,issue_post_00347_2
issue,issue_2026_00351,1,single,issue,rm_0123,wh_cold_z05,,-40,issue_post_00351_1
issue,issue_2026_00351,2,single,issue,rm_0124,wh_cold_z06,,-43,issue_post_00351_2
issue,issue_2026_00355,1,single,issue,rm_0039,wh_raw_south_z07,lot_rm_0039_01,-44,issue_post_00355_1
issue,issue_2026_00355,2,single,issue,rm_0040,wh_raw_south_z08,lot_rm_0040_02,-47,issue_post_00355_2
issue,issue_2026_00359,1,single,issue,rm_0076,wh_raw_south_z10,lot_rm_0076_02,-48,issue_post_00359_1
issue,issue_2026_00359,2,single,issue,rm_0077,wh_raw_south_z01,lot_rm_0077_01,-11,issue_post_00359_2
issue,issue_2026_00363,1,single,issue,rm_0267,wh_cold_z03,lot_rm_0267_01,-12,issue_post_00363_1
issue,issue_2026_00363,2,single,issue,rm_0268,wh_cold_z04,lot_rm_0268_02,-15,issue_post_00363_2
issue,issue_2026_00367,1,single,issue,rm_0304,wh_cold_z06,lot_rm_0304_02,-16,issue_post_00367_1
issue,issue_2026_00367,2,single,issue,rm_0305,wh_cold_z07,,-19,issue_post_00367_2
issue,issue_2026_00371,1,single,issue,rm_0220,wh_raw_south_z08,lot_rm_0220_02,-20,issue_post_00371_1
issue,issue_2026_00371,2,single,issue,rm_0221,wh_raw_south_z09,lot_rm_0221_01,-23,issue_post_00371_2
issue,issue_2026_00375,1,single,issue,rm_0257,wh_raw_south_z01,lot_rm_0257_01,-24,issue_post_00375_1
issue,issue_2026_00375,2,single,issue,rm_0291,wh_raw_south_z01,lot_rm_0291_01,-27,issue_post_00375_2
issue,issue_2026_00379,1,single,issue,rm_0023,wh_raw_south_z05,lot_rm_0023_01,-28,issue_post_00379_1
issue,issue_2026_00379,2,single,issue,rm_0024,wh_raw_south_z06,lot_rm_0024_02,-31,issue_post_00379_2
issue,issue_2026_00383,1,single,issue,rm_0084,wh_finished_south_z06,lot_rm_0084_02,-32,issue_post_00383_1
issue,issue_2026_00383,2,single,issue,rm_0085,wh_finished_south_z07,lot_rm_0085_01,-35,issue_post_00383_2
issue,issue_2026_00387,1,single,issue,rm_0121,wh_finished_south_z09,,-36,issue_post_00387_1
issue,issue_2026_00387,2,single,issue,rm_0155,wh_finished_south_z09,lot_rm_0155_01,-39,issue_post_00387_2
issue,issue_2026_00391,1,single,issue,rm_0191,wh_finished_south_z01,,-40,issue_post_00391_1
issue,issue_2026_00391,2,single,issue,rm_0192,wh_finished_south_z02,,-43,issue_post_00391_2
issue,issue_2026_00395,1,single,issue,rm_0020,wh_cold_z08,lot_rm_0020_02,-44,issue_post_00395_1
issue,issue_2026_00395,2,single,issue,rm_0021,wh_cold_z09,lot_rm_0021_01,-47,issue_post_00395_2
issue,issue_2026_00399,1,single,issue,rm_0057,wh_cold_z01,,-48,issue_post_00399_1
issue,issue_2026_00399,2,single,issue,rm_0091,wh_cold_z01,lot_rm_0091_01,-11,issue_post_00399_2
issue,issue_2026_00403,1,single,issue,rm_0031,wh_finished_south_z01,lot_rm_0031_01,-12,issue_post_00403_1
issue,issue_2026_00403,2,single,issue,rm_0032,wh_finished_south_z02,lot_rm_0032_02,-15,issue_post_00403_2
issue,issue_2026_00407,1,single,issue,rm_0068,wh_finished_south_z04,lot_rm_0068_02,-16,issue_post_00407_1
issue,issue_2026_00407,2,single,issue,rm_0069,wh_finished_south_z05,lot_rm_0069_01,-19,issue_post_00407_2
issue,issue_2026_00411,1,single,issue,rm_0105,wh_finished_south_z07,lot_rm_0105_01,-20,issue_post_00411_1
issue,issue_2026_00411,2,single,issue,rm_0139,wh_finished_south_z07,lot_rm_0139_01,-23,issue_post_00411_2
issue,issue_2026_00415,1,single,issue,rm_0271,wh_cold_z01,lot_rm_0271_01,-24,issue_post_00415_1
issue,issue_2026_00415,2,single,issue,rm_0272,wh_cold_z02,lot_rm_0272_02,-27,issue_post_00415_2
issue,issue_2026_00419,1,single,issue,rm_0308,wh_cold_z04,,-28,issue_post_00419_1
issue,issue_2026_00419,2,single,issue,rm_0309,wh_cold_z05,,-31,issue_post_00419_2
transfer,transfer_2026_00003,1,source,transfer,rm_0044,wh_finished_south_z06,lot_rm_0044_02,-7,transfer_post_00003_source
transfer,transfer_2026_00003,1,destination,transfer,rm_0044,wh_finished_north_z03,lot_rm_0044_02,7,transfer_post_00003_destination
transfer,transfer_2026_00007,1,source,transfer,rm_0127,wh_raw_south_z03,,-11,transfer_post_00007_source
transfer,transfer_2026_00007,1,destination,transfer,rm_0127,wh_raw_north_z07,,11,transfer_post_00007_destination
transfer,transfer_2026_00011,1,source,transfer,rm_0201,wh_raw_south_z09,lot_rm_0201_01,-15,transfer_post_00011_source
transfer,transfer_2026_00011,1,destination,transfer,rm_0201,wh_packaging_z01,lot_rm_0201_01,15,transfer_post_00011_destination
transfer,transfer_2026_00015,1,source,transfer,rm_0284,wh_cold_z06,lot_rm_0284_02,-19,transfer_post_00015_source
transfer,transfer_2026_00015,1,destination,transfer,rm_0284,wh_finished_north_z05,lot_rm_0284_02,19,transfer_post_00015_destination
transfer,transfer_2026_00019,1,source,transfer,rm_0040,wh_raw_south_z08,lot_rm_0040_02,-23,transfer_post_00019_source
transfer,transfer_2026_00019,1,destination,transfer,rm_0040,wh_raw_north_z09,lot_rm_0040_02,23,transfer_post_00019_destination
transfer,transfer_2026_00023,1,source,transfer,rm_0123,wh_cold_z05,,-7,transfer_post_00023_source
transfer,transfer_2026_00023,1,destination,transfer,rm_0123,wh_packaging_z03,,7,transfer_post_00023_destination
transfer,transfer_2026_00027,1,source,transfer,rm_0197,wh_cold_z01,lot_rm_0197_01,-11,transfer_post_00027_source
transfer,transfer_2026_00027,1,destination,transfer,rm_0197,wh_finished_north_z07,lot_rm_0197_01,11,transfer_post_00027_destination
transfer,transfer_2026_00031,1,source,transfer,rm_0280,wh_finished_south_z08,lot_rm_0280_02,-15,transfer_post_00031_source
transfer,transfer_2026_00031,1,destination,transfer,rm_0280,wh_raw_north_z01,lot_rm_0280_02,15,transfer_post_00031_destination
transfer,transfer_2026_00035,1,source,transfer,rm_0037,wh_cold_z01,lot_rm_0037_01,-19,transfer_post_00035_source
transfer,transfer_2026_00035,1,destination,transfer,rm_0037,wh_packaging_z05,lot_rm_0037_01,19,transfer_post_00035_destination
transfer,transfer_2026_00039,1,source,transfer,rm_0120,wh_finished_south_z08,,-23,transfer_post_00039_source
transfer,transfer_2026_00039,1,destination,transfer,rm_0120,wh_finished_north_z09,,23,transfer_post_00039_destination
transfer,transfer_2026_00043,1,source,transfer,rm_0203,wh_raw_south_z05,lot_rm_0203_01,-7,transfer_post_00043_source
transfer,transfer_2026_00043,1,destination,transfer,rm_0203,wh_raw_north_z03,lot_rm_0203_01,7,transfer_post_00043_destination
transfer,transfer_2026_00047,1,source,transfer,rm_0277,wh_raw_south_z01,lot_rm_0277_01,-11,transfer_post_00047_source
transfer,transfer_2026_00047,1,destination,transfer,rm_0277,wh_packaging_z07,lot_rm_0277_01,11,transfer_post_00047_destination
transfer,transfer_2026_00051,1,source,transfer,rm_0044,wh_raw_south_z06,lot_rm_0044_02,-15,transfer_post_00051_source
transfer,transfer_2026_00051,1,destination,transfer,rm_0044,wh_finished_north_z01,lot_rm_0044_02,15,transfer_post_00051_destination
transfer,transfer_2026_00055,1,source,transfer,rm_0127,wh_cold_z03,,-19,transfer_post_00055_source
transfer,transfer_2026_00055,1,destination,transfer,rm_0127,wh_raw_north_z05,,19,transfer_post_00055_destination
transfer,transfer_2026_00059,1,source,transfer,rm_0201,wh_cold_z09,lot_rm_0201_01,-23,transfer_post_00059_source
transfer,transfer_2026_00059,1,destination,transfer,rm_0201,wh_packaging_z09,lot_rm_0201_01,23,transfer_post_00059_destination
transfer,transfer_2026_00063,1,source,transfer,rm_0284,wh_finished_south_z06,lot_rm_0284_02,-7,transfer_post_00063_source
transfer,transfer_2026_00063,1,destination,transfer,rm_0284,wh_finished_north_z03,lot_rm_0284_02,7,transfer_post_00063_destination
transfer,transfer_2026_00067,1,source,transfer,rm_0044,wh_finished_south_z06,lot_rm_0044_02,-11,transfer_post_00067_source
transfer,transfer_2026_00067,1,destination,transfer,rm_0044,wh_raw_north_z07,lot_rm_0044_02,11,transfer_post_00067_destination
transfer,transfer_2026_00071,1,source,transfer,rm_0127,wh_raw_south_z03,,-15,transfer_post_00071_source
transfer,transfer_2026_00071,1,destination,transfer,rm_0127,wh_packaging_z01,,15,transfer_post_00071_destination
transfer,transfer_2026_00075,1,source,transfer,rm_0201,wh_raw_south_z09,lot_rm_0201_01,-19,transfer_post_00075_source
transfer,transfer_2026_00075,1,destination,transfer,rm_0201,wh_finished_north_z05,lot_rm_0201_01,19,transfer_post_00075_destination
transfer,transfer_2026_00079,1,source,transfer,rm_0284,wh_cold_z06,lot_rm_0284_02,-23,transfer_post_00079_source
transfer,transfer_2026_00079,1,destination,transfer,rm_0284,wh_raw_north_z09,lot_rm_0284_02,23,transfer_post_00079_destination
transfer,transfer_2026_00083,1,source,transfer,rm_0040,wh_raw_south_z08,lot_rm_0040_02,-7,transfer_post_00083_source
transfer,transfer_2026_00083,1,destination,transfer,rm_0040,wh_packaging_z03,lot_rm_0040_02,7,transfer_post_00083_destination
transfer,transfer_2026_00087,1,source,transfer,rm_0123,wh_cold_z05,,-11,transfer_post_00087_source
transfer,transfer_2026_00087,1,destination,transfer,rm_0123,wh_finished_north_z07,,11,transfer_post_00087_destination
transfer,transfer_2026_00091,1,source,transfer,rm_0197,wh_cold_z01,lot_rm_0197_01,-15,transfer_post_00091_source
transfer,transfer_2026_00091,1,destination,transfer,rm_0197,wh_raw_north_z01,lot_rm_0197_01,15,transfer_post_00091_destination
transfer,transfer_2026_00095,1,source,transfer,rm_0280,wh_finished_south_z08,lot_rm_0280_02,-19,transfer_post_00095_source
transfer,transfer_2026_00095,1,destination,transfer,rm_0280,wh_packaging_z05,lot_rm_0280_02,19,transfer_post_00095_destination
transfer,transfer_2026_00099,1,source,transfer,rm_0037,wh_cold_z01,lot_rm_0037_01,-23,transfer_post_00099_source
transfer,transfer_2026_00099,1,destination,transfer,rm_0037,wh_finished_north_z09,lot_rm_0037_01,23,transfer_post_00099_destination
transfer,transfer_2026_00103,1,source,transfer,rm_0120,wh_finished_south_z08,,-7,transfer_post_00103_source
transfer,transfer_2026_00103,1,destination,transfer,rm_0120,wh_raw_north_z03,,7,transfer_post_00103_destination
transfer,transfer_2026_00107,1,source,transfer,rm_0203,wh_raw_south_z05,lot_rm_0203_01,-11,transfer_post_00107_source
transfer,transfer_2026_00107,1,destination,transfer,rm_0203,wh_packaging_z07,lot_rm_0203_01,11,transfer_post_00107_destination
transfer,transfer_2026_00111,1,source,transfer,rm_0277,wh_raw_south_z01,lot_rm_0277_01,-15,transfer_post_00111_source
transfer,transfer_2026_00111,1,destination,transfer,rm_0277,wh_finished_north_z01,lot_rm_0277_01,15,transfer_post_00111_destination
transfer,transfer_2026_00115,1,source,transfer,rm_0044,wh_raw_south_z06,lot_rm_0044_02,-19,transfer_post_00115_source
transfer,transfer_2026_00115,1,destination,transfer,rm_0044,wh_raw_north_z05,lot_rm_0044_02,19,transfer_post_00115_destination
transfer,transfer_2026_00119,1,source,transfer,rm_0127,wh_cold_z03,,-23,transfer_post_00119_source
transfer,transfer_2026_00119,1,destination,transfer,rm_0127,wh_packaging_z09,,23,transfer_post_00119_destination
transfer,transfer_2026_00123,1,source,transfer,rm_0201,wh_cold_z09,lot_rm_0201_01,-7,transfer_post_00123_source
transfer,transfer_2026_00123,1,destination,transfer,rm_0201,wh_finished_north_z03,lot_rm_0201_01,7,transfer_post_00123_destination
transfer,transfer_2026_00127,1,source,transfer,rm_0284,wh_finished_south_z06,lot_rm_0284_02,-11,transfer_post_00127_source
transfer,transfer_2026_00127,1,destination,transfer,rm_0284,wh_raw_north_z07,lot_rm_0284_02,11,transfer_post_00127_destination
transfer,transfer_2026_00131,1,source,transfer,rm_0044,wh_finished_south_z06,lot_rm_0044_02,-15,transfer_post_00131_source
transfer,transfer_2026_00131,1,destination,transfer,rm_0044,wh_packaging_z01,lot_rm_0044_02,15,transfer_post_00131_destination
transfer,transfer_2026_00135,1,source,transfer,rm_0127,wh_raw_south_z03,,-19,transfer_post_00135_source
transfer,transfer_2026_00135,1,destination,transfer,rm_0127,wh_finished_north_z05,,19,transfer_post_00135_destination
transfer,transfer_2026_00139,1,source,transfer,rm_0201,wh_raw_south_z09,lot_rm_0201_01,-23,transfer_post_00139_source
transfer,transfer_2026_00139,1,destination,transfer,rm_0201,wh_raw_north_z09,lot_rm_0201_01,23,transfer_post_00139_destination
transfer,transfer_2026_00143,1,source,transfer,rm_0284,wh_cold_z06,lot_rm_0284_02,-7,transfer_post_00143_source
transfer,transfer_2026_00143,1,destination,transfer,rm_0284,wh_packaging_z03,lot_rm_0284_02,7,transfer_post_00143_destination
transfer,transfer_2026_00147,1,source,transfer,rm_0040,wh_raw_south_z08,lot_rm_0040_02,-11,transfer_post_00147_source
transfer,transfer_2026_00147,1,destination,transfer,rm_0040,wh_finished_north_z07,lot_rm_0040_02,11,transfer_post_00147_destination
transfer,transfer_2026_00151,1,source,transfer,rm_0123,wh_cold_z05,,-15,transfer_post_00151_source
transfer,transfer_2026_00151,1,destination,transfer,rm_0123,wh_raw_north_z01,,15,transfer_post_00151_destination
transfer,transfer_2026_00155,1,source,transfer,rm_0197,wh_cold_z01,lot_rm_0197_01,-19,transfer_post_00155_source
transfer,transfer_2026_00155,1,destination,transfer,rm_0197,wh_packaging_z05,lot_rm_0197_01,19,transfer_post_00155_destination
transfer,transfer_2026_00159,1,source,transfer,rm_0280,wh_finished_south_z08,lot_rm_0280_02,-23,transfer_post_00159_source
transfer,transfer_2026_00159,1,destination,transfer,rm_0280,wh_finished_north_z09,lot_rm_0280_02,23,transfer_post_00159_destination
transfer,transfer_2026_00163,1,source,transfer,rm_0037,wh_cold_z01,lot_rm_0037_01,-7,transfer_post_00163_source
transfer,transfer_2026_00163,1,destination,transfer,rm_0037,wh_raw_north_z03,lot_rm_0037_01,7,transfer_post_00163_destination
transfer,transfer_2026_00167,1,source,transfer,rm_0120,wh_finished_south_z08,,-11,transfer_post_00167_source
transfer,transfer_2026_00167,1,destination,transfer,rm_0120,wh_packaging_z07,,11,transfer_post_00167_destination
transfer,transfer_2026_00171,1,source,transfer,rm_0203,wh_raw_south_z05,lot_rm_0203_01,-15,transfer_post_00171_source
transfer,transfer_2026_00171,1,destination,transfer,rm_0203,wh_finished_north_z01,lot_rm_0203_01,15,transfer_post_00171_destination
transfer,transfer_2026_00175,1,source,transfer,rm_0277,wh_raw_south_z01,lot_rm_0277_01,-19,transfer_post_00175_source
transfer,transfer_2026_00175,1,destination,transfer,rm_0277,wh_raw_north_z05,lot_rm_0277_01,19,transfer_post_00175_destination
transfer,transfer_2026_00179,1,source,transfer,rm_0044,wh_raw_south_z06,lot_rm_0044_02,-23,transfer_post_00179_source
transfer,transfer_2026_00179,1,destination,transfer,rm_0044,wh_packaging_z09,lot_rm_0044_02,23,transfer_post_00179_destination
transfer,transfer_2026_00183,1,source,transfer,rm_0127,wh_cold_z03,,-7,transfer_post_00183_source
transfer,transfer_2026_00183,1,destination,transfer,rm_0127,wh_finished_north_z03,,7,transfer_post_00183_destination
transfer,transfer_2026_00187,1,source,transfer,rm_0201,wh_cold_z09,lot_rm_0201_01,-11,transfer_post_00187_source
transfer,transfer_2026_00187,1,destination,transfer,rm_0201,wh_raw_north_z07,lot_rm_0201_01,11,transfer_post_00187_destination
transfer,transfer_2026_00191,1,source,transfer,rm_0284,wh_finished_south_z06,lot_rm_0284_02,-15,transfer_post_00191_source
transfer,transfer_2026_00191,1,destination,transfer,rm_0284,wh_packaging_z01,lot_rm_0284_02,15,transfer_post_00191_destination
transfer,transfer_2026_00195,1,source,transfer,rm_0044,wh_finished_south_z06,lot_rm_0044_02,-19,transfer_post_00195_source
transfer,transfer_2026_00195,1,destination,transfer,rm_0044,wh_finished_north_z05,lot_rm_0044_02,19,transfer_post_00195_destination
transfer,transfer_2026_00199,1,source,transfer,rm_0127,wh_raw_south_z03,,-23,transfer_post_00199_source
transfer,transfer_2026_00199,1,destination,transfer,rm_0127,wh_raw_north_z09,,23,transfer_post_00199_destination
transfer,transfer_2026_00203,1,source,transfer,rm_0201,wh_raw_south_z09,lot_rm_0201_01,-7,transfer_post_00203_source
transfer,transfer_2026_00203,1,destination,transfer,rm_0201,wh_packaging_z03,lot_rm_0201_01,7,transfer_post_00203_destination
transfer,transfer_2026_00207,1,source,transfer,rm_0284,wh_cold_z06,lot_rm_0284_02,-11,transfer_post_00207_source
transfer,transfer_2026_00207,1,destination,transfer,rm_0284,wh_finished_north_z07,lot_rm_0284_02,11,transfer_post_00207_destination
transfer,transfer_2026_00211,1,source,transfer,rm_0040,wh_raw_south_z08,lot_rm_0040_02,-15,transfer_post_00211_source
transfer,transfer_2026_00211,1,destination,transfer,rm_0040,wh_raw_north_z01,lot_rm_0040_02,15,transfer_post_00211_destination
transfer,transfer_2026_00215,1,source,transfer,rm_0123,wh_cold_z05,,-19,transfer_post_00215_source
transfer,transfer_2026_00215,1,destination,transfer,rm_0123,wh_packaging_z05,,19,transfer_post_00215_destination
transfer,transfer_2026_00219,1,source,transfer,rm_0197,wh_cold_z01,lot_rm_0197_01,-23,transfer_post_00219_source
transfer,transfer_2026_00219,1,destination,transfer,rm_0197,wh_finished_north_z09,lot_rm_0197_01,23,transfer_post_00219_destination
transfer,transfer_2026_00223,1,source,transfer,rm_0280,wh_finished_south_z08,lot_rm_0280_02,-7,transfer_post_00223_source
transfer,transfer_2026_00223,1,destination,transfer,rm_0280,wh_raw_north_z03,lot_rm_0280_02,7,transfer_post_00223_destination
transfer,transfer_2026_00227,1,source,transfer,rm_0037,wh_cold_z01,lot_rm_0037_01,-11,transfer_post_00227_source
transfer,transfer_2026_00227,1,destination,transfer,rm_0037,wh_packaging_z07,lot_rm_0037_01,11,transfer_post_00227_destination
transfer,transfer_2026_00231,1,source,transfer,rm_0120,wh_finished_south_z08,,-15,transfer_post_00231_source
transfer,transfer_2026_00231,1,destination,transfer,rm_0120,wh_finished_north_z01,,15,transfer_post_00231_destination
transfer,transfer_2026_00235,1,source,transfer,rm_0203,wh_raw_south_z05,lot_rm_0203_01,-19,transfer_post_00235_source
transfer,transfer_2026_00235,1,destination,transfer,rm_0203,wh_raw_north_z05,lot_rm_0203_01,19,transfer_post_00235_destination
transfer,transfer_2026_00239,1,source,transfer,rm_0277,wh_raw_south_z01,lot_rm_0277_01,-23,transfer_post_00239_source
transfer,transfer_2026_00239,1,destination,transfer,rm_0277,wh_packaging_z09,lot_rm_0277_01,23,transfer_post_00239_destination
transfer,transfer_2026_00243,1,source,transfer,rm_0044,wh_raw_south_z06,lot_rm_0044_02,-7,transfer_post_00243_source
transfer,transfer_2026_00243,1,destination,transfer,rm_0044,wh_finished_north_z03,lot_rm_0044_02,7,transfer_post_00243_destination
transfer,transfer_2026_00247,1,source,transfer,rm_0127,wh_cold_z03,,-11,transfer_post_00247_source
transfer,transfer_2026_00247,1,destination,transfer,rm_0127,wh_raw_north_z07,,11,transfer_post_00247_destination
receipt,receipt_production_2026_00001,1,single,receipt,fg_0001,wh_finished_south_z01,production_lot_2026_00001,1800,receipt_production_post_00001
receipt,receipt_production_2026_00002,1,single,receipt,fg_0002,wh_finished_north_z02,production_lot_2026_00002,1901,receipt_production_post_00002
receipt,receipt_production_2026_00003,1,single,receipt,fg_0003,wh_finished_south_z03,production_lot_2026_00003,2002,receipt_production_post_00003
receipt,receipt_production_2026_00004,1,single,receipt,fg_0004,wh_finished_north_z04,production_lot_2026_00004,2103,receipt_production_post_00004
receipt,receipt_production_2026_00005,1,single,receipt,fg_0005,wh_finished_south_z05,production_lot_2026_00005,2204,receipt_production_post_00005
receipt,receipt_production_2026_00006,1,single,receipt,fg_0006,wh_finished_north_z06,production_lot_2026_00006,2305,receipt_production_post_00006
receipt,receipt_production_2026_00007,1,single,receipt,fg_0007,wh_finished_south_z07,production_lot_2026_00007,2406,receipt_production_post_00007
receipt,receipt_production_2026_00008,1,single,receipt,fg_0008,wh_finished_north_z08,production_lot_2026_00008,2507,receipt_production_post_00008
receipt,receipt_production_2026_00009,1,single,receipt,fg_0009,wh_finished_south_z09,production_lot_2026_00009,2608,receipt_production_post_00009
receipt,receipt_production_2026_00010,1,single,receipt,fg_0010,wh_finished_north_z10,production_lot_2026_00010,2709,receipt_production_post_00010
receipt,receipt_production_2026_00011,1,single,receipt,fg_0011,wh_finished_south_z01,production_lot_2026_00011,2810,receipt_production_post_00011
receipt,receipt_production_2026_00012,1,single,receipt,fg_0012,wh_finished_north_z02,production_lot_2026_00012,2911,receipt_production_post_00012
receipt,receipt_production_2026_00013,1,single,receipt,fg_0013,wh_finished_south_z03,production_lot_2026_00013,3012,receipt_production_post_00013
receipt,receipt_production_2026_00014,1,single,receipt,fg_0014,wh_finished_north_z04,production_lot_2026_00014,3113,receipt_production_post_00014
receipt,receipt_production_2026_00015,1,single,receipt,fg_0015,wh_finished_south_z05,production_lot_2026_00015,3214,receipt_production_post_00015
receipt,receipt_production_2026_00016,1,single,receipt,fg_0016,wh_finished_north_z06,production_lot_2026_00016,3315,receipt_production_post_00016
receipt,receipt_production_2026_00017,1,single,receipt,fg_0017,wh_finished_south_z07,production_lot_2026_00017,3416,receipt_production_post_00017
receipt,receipt_production_2026_00018,1,single,receipt,fg_0018,wh_finished_north_z08,production_lot_2026_00018,3517,receipt_production_post_00018
receipt,receipt_production_2026_00019,1,single,receipt,fg_0019,wh_finished_south_z09,production_lot_2026_00019,3618,receipt_production_post_00019
receipt,receipt_production_2026_00020,1,single,receipt,fg_0020,wh_finished_north_z10,production_lot_2026_00020,3719,receipt_production_post_00020
receipt,receipt_production_2026_00021,1,single,receipt,fg_0021,wh_finished_south_z01,production_lot_2026_00021,3820,receipt_production_post_00021
receipt,receipt_production_2026_00022,1,single,receipt,fg_0022,wh_finished_north_z02,production_lot_2026_00022,3921,receipt_production_post_00022
receipt,receipt_production_2026_00023,1,single,receipt,fg_0023,wh_finished_south_z03,production_lot_2026_00023,4022,receipt_production_post_00023
receipt,receipt_production_2026_00024,1,single,receipt,fg_0024,wh_finished_north_z04,production_lot_2026_00024,4123,receipt_production_post_00024
receipt,receipt_production_2026_00025,1,single,receipt,fg_0025,wh_finished_south_z05,production_lot_2026_00025,4224,receipt_production_post_00025
receipt,receipt_production_2026_00026,1,single,receipt,fg_0026,wh_finished_north_z06,production_lot_2026_00026,4325,receipt_production_post_00026
receipt,receipt_production_2026_00027,1,single,receipt,fg_0027,wh_finished_south_z07,production_lot_2026_00027,4426,receipt_production_post_00027
receipt,receipt_production_2026_00028,1,single,receipt,fg_0028,wh_finished_north_z08,production_lot_2026_00028,4527,receipt_production_post_00028
receipt,receipt_production_2026_00029,1,single,receipt,fg_0029,wh_finished_south_z09,production_lot_2026_00029,4628,receipt_production_post_00029
receipt,receipt_production_2026_00030,1,single,receipt,fg_0030,wh_finished_north_z10,production_lot_2026_00030,4729,receipt_production_post_00030
receipt,receipt_production_2026_00031,1,single,receipt,fg_0031,wh_finished_south_z01,production_lot_2026_00031,4830,receipt_production_post_00031
receipt,receipt_production_2026_00032,1,single,receipt,fg_0032,wh_finished_north_z02,production_lot_2026_00032,4931,receipt_production_post_00032
receipt,receipt_production_2026_00033,1,single,receipt,fg_0033,wh_finished_south_z03,production_lot_2026_00033,5032,receipt_production_post_00033
receipt,receipt_production_2026_00034,1,single,receipt,fg_0034,wh_finished_north_z04,production_lot_2026_00034,5133,receipt_production_post_00034
receipt,receipt_production_2026_00035,1,single,receipt,fg_0035,wh_finished_south_z05,production_lot_2026_00035,5234,receipt_production_post_00035
receipt,receipt_production_2026_00036,1,single,receipt,fg_0036,wh_finished_north_z06,production_lot_2026_00036,5335,receipt_production_post_00036
receipt,receipt_production_2026_00037,1,single,receipt,fg_0037,wh_finished_south_z07,production_lot_2026_00037,5436,receipt_production_post_00037
receipt,receipt_production_2026_00038,1,single,receipt,fg_0038,wh_finished_north_z08,production_lot_2026_00038,5537,receipt_production_post_00038
receipt,receipt_production_2026_00039,1,single,receipt,fg_0039,wh_finished_south_z09,production_lot_2026_00039,5638,receipt_production_post_00039
receipt,receipt_production_2026_00040,1,single,receipt,fg_0040,wh_finished_north_z10,production_lot_2026_00040,5739,receipt_production_post_00040
receipt,receipt_production_2026_00041,1,single,receipt,fg_0041,wh_finished_south_z01,production_lot_2026_00041,5840,receipt_production_post_00041
receipt,receipt_production_2026_00042,1,single,receipt,fg_0042,wh_finished_north_z02,production_lot_2026_00042,5941,receipt_production_post_00042
receipt,receipt_production_2026_00043,1,single,receipt,fg_0043,wh_finished_south_z03,production_lot_2026_00043,6042,receipt_production_post_00043
receipt,receipt_production_2026_00044,1,single,receipt,fg_0044,wh_finished_north_z04,production_lot_2026_00044,6143,receipt_production_post_00044
receipt,receipt_production_2026_00045,1,single,receipt,fg_0045,wh_finished_south_z05,production_lot_2026_00045,6244,receipt_production_post_00045
receipt,receipt_production_2026_00046,1,single,receipt,fg_0046,wh_finished_north_z06,production_lot_2026_00046,6345,receipt_production_post_00046
receipt,receipt_production_2026_00047,1,single,receipt,fg_0047,wh_finished_south_z07,production_lot_2026_00047,6446,receipt_production_post_00047
receipt,receipt_production_2026_00048,1,single,receipt,fg_0048,wh_finished_north_z08,production_lot_2026_00048,6547,receipt_production_post_00048
receipt,receipt_production_2026_00049,1,single,receipt,fg_0049,wh_finished_south_z09,production_lot_2026_00049,6648,receipt_production_post_00049
receipt,receipt_production_2026_00050,1,single,receipt,fg_0050,wh_finished_north_z10,production_lot_2026_00050,6749,receipt_production_post_00050
receipt,receipt_production_2026_00051,1,single,receipt,fg_0051,wh_finished_south_z01,production_lot_2026_00051,6850,receipt_production_post_00051
receipt,receipt_production_2026_00052,1,single,receipt,fg_0052,wh_finished_north_z02,production_lot_2026_00052,6951,receipt_production_post_00052
receipt,receipt_production_2026_00053,1,single,receipt,fg_0053,wh_finished_south_z03,production_lot_2026_00053,7052,receipt_production_post_00053
receipt,receipt_production_2026_00054,1,single,receipt,fg_0054,wh_finished_north_z04,production_lot_2026_00054,7153,receipt_production_post_00054
receipt,receipt_production_2026_00055,1,single,receipt,fg_0055,wh_finished_south_z05,production_lot_2026_00055,7254,receipt_production_post_00055
receipt,receipt_production_2026_00056,1,single,receipt,fg_0056,wh_finished_north_z06,production_lot_2026_00056,7355,receipt_production_post_00056
receipt,receipt_production_2026_00057,1,single,receipt,fg_0057,wh_finished_south_z07,production_lot_2026_00057,7456,receipt_production_post_00057
receipt,receipt_production_2026_00058,1,single,receipt,fg_0058,wh_finished_north_z08,production_lot_2026_00058,7557,receipt_production_post_00058
receipt,receipt_production_2026_00059,1,single,receipt,fg_0059,wh_finished_south_z09,production_lot_2026_00059,7658,receipt_production_post_00059
receipt,receipt_production_2026_00060,1,single,receipt,fg_0060,wh_finished_north_z10,production_lot_2026_00060,2075,receipt_production_post_00060
receipt,receipt_production_2026_00061,1,single,receipt,fg_0061,wh_finished_south_z01,production_lot_2026_00061,2211,receipt_production_post_00061
receipt,receipt_production_2026_00062,1,single,receipt,fg_0062,wh_finished_north_z02,production_lot_2026_00062,2347,receipt_production_post_00062
receipt,receipt_production_2026_00063,1,single,receipt,fg_0063,wh_finished_south_z03,production_lot_2026_00063,2483,receipt_production_post_00063
receipt,receipt_production_2026_00064,1,single,receipt,fg_0064,wh_finished_north_z04,production_lot_2026_00064,2619,receipt_production_post_00064
receipt,receipt_production_2026_00065,1,single,receipt,fg_0065,wh_finished_south_z05,production_lot_2026_00065,2755,receipt_production_post_00065
receipt,receipt_production_2026_00066,1,single,receipt,fg_0066,wh_finished_north_z06,production_lot_2026_00066,2891,receipt_production_post_00066
receipt,receipt_production_2026_00067,1,single,receipt,fg_0067,wh_finished_south_z07,production_lot_2026_00067,3027,receipt_production_post_00067
receipt,receipt_production_2026_00068,1,single,receipt,fg_0068,wh_finished_north_z08,production_lot_2026_00068,3163,receipt_production_post_00068
receipt,receipt_production_2026_00069,1,single,receipt,fg_0069,wh_finished_south_z09,production_lot_2026_00069,3316,receipt_production_post_00069
receipt,receipt_production_2026_00070,1,single,receipt,fg_0070,wh_finished_north_z10,production_lot_2026_00070,3452,receipt_production_post_00070
receipt,receipt_production_2026_00071,1,single,receipt,fg_0071,wh_finished_south_z01,production_lot_2026_00071,1870,receipt_production_post_00071
receipt,receipt_production_2026_00072,1,single,receipt,fg_0072,wh_finished_north_z02,production_lot_2026_00072,1971,receipt_production_post_00072
receipt,receipt_production_2026_00073,1,single,receipt,fg_0073,wh_finished_south_z03,production_lot_2026_00073,2072,receipt_production_post_00073
receipt,receipt_production_2026_00074,1,single,receipt,fg_0074,wh_finished_north_z04,production_lot_2026_00074,2173,receipt_production_post_00074
receipt,receipt_production_2026_00075,1,single,receipt,fg_0075,wh_finished_south_z05,production_lot_2026_00075,2274,receipt_production_post_00075
receipt,receipt_production_2026_00076,1,single,receipt,fg_0076,wh_finished_north_z06,production_lot_2026_00076,2375,receipt_production_post_00076
receipt,receipt_production_2026_00077,1,single,receipt,fg_0077,wh_finished_south_z07,production_lot_2026_00077,2476,receipt_production_post_00077
receipt,receipt_production_2026_00078,1,single,receipt,fg_0078,wh_finished_north_z08,production_lot_2026_00078,2577,receipt_production_post_00078
receipt,receipt_production_2026_00079,1,single,receipt,fg_0079,wh_finished_south_z09,production_lot_2026_00079,2678,receipt_production_post_00079
receipt,receipt_production_2026_00080,1,single,receipt,fg_0080,wh_finished_north_z10,production_lot_2026_00080,2779,receipt_production_post_00080
receipt,receipt_production_2026_00081,1,single,receipt,fg_0081,wh_finished_south_z01,production_lot_2026_00081,2880,receipt_production_post_00081
receipt,receipt_production_2026_00082,1,single,receipt,fg_0082,wh_finished_north_z02,production_lot_2026_00082,2981,receipt_production_post_00082
receipt,receipt_production_2026_00083,1,single,receipt,fg_0083,wh_finished_south_z03,production_lot_2026_00083,3082,receipt_production_post_00083
receipt,receipt_production_2026_00084,1,single,receipt,fg_0084,wh_finished_north_z04,production_lot_2026_00084,3183,receipt_production_post_00084
receipt,receipt_production_2026_00085,1,single,receipt,fg_0085,wh_finished_south_z05,production_lot_2026_00085,3284,receipt_production_post_00085
receipt,receipt_production_2026_00086,1,single,receipt,fg_0086,wh_finished_north_z06,production_lot_2026_00086,3385,receipt_production_post_00086
receipt,receipt_production_2026_00087,1,single,receipt,fg_0087,wh_finished_south_z07,production_lot_2026_00087,3486,receipt_production_post_00087
receipt,receipt_production_2026_00088,1,single,receipt,fg_0088,wh_finished_north_z08,production_lot_2026_00088,3587,receipt_production_post_00088
receipt,receipt_production_2026_00089,1,single,receipt,fg_0089,wh_finished_south_z09,production_lot_2026_00089,3688,receipt_production_post_00089
receipt,receipt_production_2026_00090,1,single,receipt,fg_0090,wh_finished_north_z10,production_lot_2026_00090,3789,receipt_production_post_00090
receipt,receipt_production_2026_00091,1,single,receipt,fg_0091,wh_finished_south_z01,production_lot_2026_00091,3890,receipt_production_post_00091
receipt,receipt_production_2026_00092,1,single,receipt,fg_0092,wh_finished_north_z02,production_lot_2026_00092,3991,receipt_production_post_00092
receipt,receipt_production_2026_00093,1,single,receipt,fg_0093,wh_finished_south_z03,production_lot_2026_00093,4092,receipt_production_post_00093
receipt,receipt_production_2026_00094,1,single,receipt,fg_0094,wh_finished_north_z04,production_lot_2026_00094,4193,receipt_production_post_00094
receipt,receipt_production_2026_00095,1,single,receipt,fg_0095,wh_finished_south_z05,production_lot_2026_00095,4294,receipt_production_post_00095
receipt,receipt_production_2026_00096,1,single,receipt,fg_0096,wh_finished_north_z06,production_lot_2026_00096,4395,receipt_production_post_00096
receipt,receipt_production_2026_00097,1,single,receipt,fg_0097,wh_finished_south_z07,production_lot_2026_00097,4496,receipt_production_post_00097
receipt,receipt_production_2026_00098,1,single,receipt,fg_0098,wh_finished_north_z08,production_lot_2026_00098,4597,receipt_production_post_00098
receipt,receipt_production_2026_00099,1,single,receipt,fg_0099,wh_finished_south_z09,production_lot_2026_00099,4698,receipt_production_post_00099
receipt,receipt_production_2026_00100,1,single,receipt,fg_0100,wh_finished_north_z10,production_lot_2026_00100,4799,receipt_production_post_00100
receipt,receipt_production_2026_00101,1,single,receipt,fg_0101,wh_finished_south_z01,production_lot_2026_00101,4900,receipt_production_post_00101
receipt,receipt_production_2026_00102,1,single,receipt,fg_0102,wh_finished_north_z02,production_lot_2026_00102,5001,receipt_production_post_00102
receipt,receipt_production_2026_00103,1,single,receipt,fg_0103,wh_finished_south_z03,production_lot_2026_00103,5102,receipt_production_post_00103
receipt,receipt_production_2026_00104,1,single,receipt,fg_0104,wh_finished_north_z04,production_lot_2026_00104,5203,receipt_production_post_00104
receipt,receipt_production_2026_00105,1,single,receipt,fg_0105,wh_finished_south_z05,production_lot_2026_00105,5304,receipt_production_post_00105
receipt,receipt_production_2026_00106,1,single,receipt,fg_0106,wh_finished_north_z06,production_lot_2026_00106,5405,receipt_production_post_00106
receipt,receipt_production_2026_00107,1,single,receipt,fg_0107,wh_finished_south_z07,production_lot_2026_00107,5506,receipt_production_post_00107
receipt,receipt_production_2026_00108,1,single,receipt,fg_0108,wh_finished_north_z08,production_lot_2026_00108,5607,receipt_production_post_00108
receipt,receipt_production_2026_00109,1,single,receipt,fg_0109,wh_finished_south_z09,production_lot_2026_00109,5708,receipt_production_post_00109
receipt,receipt_production_2026_00110,1,single,receipt,fg_0110,wh_finished_north_z10,production_lot_2026_00110,5809,receipt_production_post_00110
receipt,receipt_production_2026_00111,1,single,receipt,fg_0111,wh_finished_south_z01,production_lot_2026_00111,5910,receipt_production_post_00111
receipt,receipt_production_2026_00112,1,single,receipt,fg_0112,wh_finished_north_z02,production_lot_2026_00112,6011,receipt_production_post_00112
receipt,receipt_production_2026_00113,1,single,receipt,fg_0113,wh_finished_south_z03,production_lot_2026_00113,6112,receipt_production_post_00113
receipt,receipt_production_2026_00114,1,single,receipt,fg_0114,wh_finished_north_z04,production_lot_2026_00114,6213,receipt_production_post_00114
receipt,receipt_production_2026_00115,1,single,receipt,fg_0115,wh_finished_south_z05,production_lot_2026_00115,6314,receipt_production_post_00115
receipt,receipt_production_2026_00116,1,single,receipt,fg_0116,wh_finished_north_z06,production_lot_2026_00116,6415,receipt_production_post_00116
receipt,receipt_production_2026_00117,1,single,receipt,fg_0117,wh_finished_south_z07,production_lot_2026_00117,6516,receipt_production_post_00117
receipt,receipt_production_2026_00118,1,single,receipt,fg_0118,wh_finished_north_z08,production_lot_2026_00118,2014,receipt_production_post_00118
receipt,receipt_production_2026_00119,1,single,receipt,fg_0119,wh_finished_south_z09,production_lot_2026_00119,2150,receipt_production_post_00119
receipt,receipt_production_2026_00120,1,single,receipt,fg_0120,wh_finished_north_z10,production_lot_2026_00120,2303,receipt_production_post_00120
receipt,receipt_production_2026_00121,1,single,receipt,fg_0121,wh_finished_south_z01,production_lot_2026_00121,2439,receipt_production_post_00121
receipt,receipt_production_2026_00122,1,single,receipt,fg_0122,wh_finished_north_z02,production_lot_2026_00122,2575,receipt_production_post_00122
receipt,receipt_production_2026_00123,1,single,receipt,fg_0123,wh_finished_south_z03,production_lot_2026_00123,2711,receipt_production_post_00123
receipt,receipt_production_2026_00124,1,single,receipt,fg_0124,wh_finished_north_z04,production_lot_2026_00124,2847,receipt_production_post_00124
receipt,receipt_production_2026_00125,1,single,receipt,fg_0125,wh_finished_south_z05,production_lot_2026_00125,2983,receipt_production_post_00125
receipt,receipt_production_2026_00126,1,single,receipt,fg_0126,wh_finished_north_z06,production_lot_2026_00126,3119,receipt_production_post_00126
receipt,receipt_production_2026_00127,1,single,receipt,fg_0127,wh_finished_south_z07,production_lot_2026_00127,3255,receipt_production_post_00127
receipt,receipt_production_2026_00128,1,single,receipt,fg_0128,wh_finished_north_z08,production_lot_2026_00128,3391,receipt_production_post_00128
receipt,receipt_production_2026_00129,1,single,receipt,fg_0129,wh_finished_south_z09,production_lot_2026_00129,3527,receipt_production_post_00129
receipt,receipt_production_2026_00130,1,single,receipt,fg_0130,wh_finished_north_z10,production_lot_2026_00130,3663,receipt_production_post_00130
receipt,receipt_production_2026_00131,1,single,receipt,fg_0131,wh_finished_south_z01,production_lot_2026_00131,3799,receipt_production_post_00131
receipt,receipt_production_2026_00132,1,single,receipt,fg_0132,wh_finished_north_z02,production_lot_2026_00132,3935,receipt_production_post_00132
receipt,receipt_production_2026_00133,1,single,receipt,fg_0133,wh_finished_south_z03,production_lot_2026_00133,4071,receipt_production_post_00133
receipt,receipt_production_2026_00134,1,single,receipt,fg_0134,wh_finished_north_z04,production_lot_2026_00134,4207,receipt_production_post_00134
receipt,receipt_production_2026_00135,1,single,receipt,fg_0135,wh_finished_south_z05,production_lot_2026_00135,4343,receipt_production_post_00135
receipt,receipt_production_2026_00136,1,single,receipt,fg_0136,wh_finished_north_z06,production_lot_2026_00136,4479,receipt_production_post_00136
receipt,receipt_production_2026_00137,1,single,receipt,fg_0137,wh_finished_south_z07,production_lot_2026_00137,4632,receipt_production_post_00137
receipt,receipt_production_2026_00138,1,single,receipt,fg_0138,wh_finished_north_z08,production_lot_2026_00138,4768,receipt_production_post_00138
receipt,receipt_production_2026_00139,1,single,receipt,fg_0139,wh_finished_south_z09,production_lot_2026_00139,4904,receipt_production_post_00139
receipt,receipt_production_2026_00140,1,single,receipt,fg_0140,wh_finished_north_z10,production_lot_2026_00140,1839,receipt_production_post_00140
receipt,receipt_production_2026_00141,1,single,receipt,fg_0141,wh_finished_south_z01,production_lot_2026_00141,1940,receipt_production_post_00141
receipt,receipt_production_2026_00142,1,single,receipt,fg_0142,wh_finished_north_z02,production_lot_2026_00142,2041,receipt_production_post_00142
receipt,receipt_production_2026_00143,1,single,receipt,fg_0143,wh_finished_south_z03,production_lot_2026_00143,2142,receipt_production_post_00143
receipt,receipt_production_2026_00144,1,single,receipt,fg_0144,wh_finished_north_z04,production_lot_2026_00144,2243,receipt_production_post_00144
receipt,receipt_production_2026_00145,1,single,receipt,fg_0145,wh_finished_south_z05,production_lot_2026_00145,2344,receipt_production_post_00145
receipt,receipt_production_2026_00146,1,single,receipt,fg_0146,wh_finished_north_z06,production_lot_2026_00146,2445,receipt_production_post_00146
receipt,receipt_production_2026_00147,1,single,receipt,fg_0147,wh_finished_south_z07,production_lot_2026_00147,2546,receipt_production_post_00147
receipt,receipt_production_2026_00148,1,single,receipt,fg_0148,wh_finished_north_z08,production_lot_2026_00148,2647,receipt_production_post_00148
receipt,receipt_production_2026_00149,1,single,receipt,fg_0149,wh_finished_south_z09,production_lot_2026_00149,2748,receipt_production_post_00149
receipt,receipt_production_2026_00150,1,single,receipt,fg_0150,wh_finished_north_z10,production_lot_2026_00150,2849,receipt_production_post_00150
receipt,receipt_production_2026_00151,1,single,receipt,fg_0151,wh_finished_south_z01,production_lot_2026_00151,2950,receipt_production_post_00151
receipt,receipt_production_2026_00152,1,single,receipt,fg_0152,wh_finished_north_z02,production_lot_2026_00152,3051,receipt_production_post_00152
receipt,receipt_production_2026_00153,1,single,receipt,fg_0153,wh_finished_south_z03,production_lot_2026_00153,3152,receipt_production_post_00153
receipt,receipt_production_2026_00154,1,single,receipt,fg_0154,wh_finished_north_z04,production_lot_2026_00154,3253,receipt_production_post_00154
receipt,receipt_production_2026_00155,1,single,receipt,fg_0155,wh_finished_south_z05,production_lot_2026_00155,3354,receipt_production_post_00155
receipt,receipt_production_2026_00156,1,single,receipt,fg_0156,wh_finished_north_z06,production_lot_2026_00156,3455,receipt_production_post_00156
receipt,receipt_production_2026_00157,1,single,receipt,fg_0157,wh_finished_south_z07,production_lot_2026_00157,3556,receipt_production_post_00157
receipt,receipt_production_2026_00158,1,single,receipt,fg_0158,wh_finished_north_z08,production_lot_2026_00158,3657,receipt_production_post_00158
receipt,receipt_production_2026_00159,1,single,receipt,fg_0159,wh_finished_south_z09,production_lot_2026_00159,3758,receipt_production_post_00159
receipt,receipt_production_2026_00160,1,single,receipt,fg_0160,wh_finished_north_z10,production_lot_2026_00160,3859,receipt_production_post_00160
receipt,receipt_production_2026_00161,1,single,receipt,fg_0161,wh_finished_south_z01,production_lot_2026_00161,3960,receipt_production_post_00161
receipt,receipt_production_2026_00162,1,single,receipt,fg_0162,wh_finished_north_z02,production_lot_2026_00162,4061,receipt_production_post_00162
receipt,receipt_production_2026_00163,1,single,receipt,fg_0163,wh_finished_south_z03,production_lot_2026_00163,4162,receipt_production_post_00163
receipt,receipt_production_2026_00164,1,single,receipt,fg_0164,wh_finished_north_z04,production_lot_2026_00164,4263,receipt_production_post_00164
receipt,receipt_production_2026_00165,1,single,receipt,fg_0165,wh_finished_south_z05,production_lot_2026_00165,4364,receipt_production_post_00165
receipt,receipt_production_2026_00166,1,single,receipt,fg_0166,wh_finished_north_z06,production_lot_2026_00166,4465,receipt_production_post_00166
receipt,receipt_production_2026_00167,1,single,receipt,fg_0167,wh_finished_south_z07,production_lot_2026_00167,4566,receipt_production_post_00167
receipt,receipt_production_2026_00168,1,single,receipt,fg_0168,wh_finished_north_z08,production_lot_2026_00168,4667,receipt_production_post_00168
receipt,receipt_production_2026_00169,1,single,receipt,fg_0169,wh_finished_south_z09,production_lot_2026_00169,4768,receipt_production_post_00169
receipt,receipt_production_2026_00170,1,single,receipt,fg_0170,wh_finished_north_z10,production_lot_2026_00170,4869,receipt_production_post_00170
receipt,receipt_production_2026_00171,1,single,receipt,fg_0171,wh_finished_south_z01,production_lot_2026_00171,4970,receipt_production_post_00171
receipt,receipt_production_2026_00172,1,single,receipt,fg_0172,wh_finished_north_z02,production_lot_2026_00172,5071,receipt_production_post_00172
receipt,receipt_production_2026_00173,1,single,receipt,fg_0173,wh_finished_south_z03,production_lot_2026_00173,5172,receipt_production_post_00173
receipt,receipt_production_2026_00174,1,single,receipt,fg_0174,wh_finished_north_z04,production_lot_2026_00174,5273,receipt_production_post_00174
receipt,receipt_production_2026_00175,1,single,receipt,fg_0175,wh_finished_south_z05,production_lot_2026_00175,5374,receipt_production_post_00175
receipt,receipt_production_2026_00176,1,single,receipt,fg_0176,wh_finished_north_z06,production_lot_2026_00176,5475,receipt_production_post_00176
receipt,receipt_production_2026_00177,1,single,receipt,fg_0177,wh_finished_south_z07,production_lot_2026_00177,2106,receipt_production_post_00177
receipt,receipt_production_2026_00178,1,single,receipt,fg_0178,wh_finished_north_z08,production_lot_2026_00178,2242,receipt_production_post_00178
receipt,receipt_production_2026_00179,1,single,receipt,fg_0179,wh_finished_south_z09,production_lot_2026_00179,2378,receipt_production_post_00179
receipt,receipt_production_2026_00180,1,single,receipt,fg_0180,wh_finished_north_z10,production_lot_2026_00180,2514,receipt_production_post_00180
receipt,receipt_production_2026_00181,1,single,receipt,fg_0181,wh_finished_south_z01,production_lot_2026_00181,2650,receipt_production_post_00181
receipt,receipt_production_2026_00182,1,single,receipt,fg_0182,wh_finished_north_z02,production_lot_2026_00182,2786,receipt_production_post_00182
receipt,receipt_production_2026_00183,1,single,receipt,fg_0183,wh_finished_south_z03,production_lot_2026_00183,2922,receipt_production_post_00183
receipt,receipt_production_2026_00184,1,single,receipt,fg_0184,wh_finished_north_z04,production_lot_2026_00184,3058,receipt_production_post_00184
receipt,receipt_production_2026_00185,1,single,receipt,fg_0185,wh_finished_south_z05,production_lot_2026_00185,3194,receipt_production_post_00185
receipt,receipt_production_2026_00186,1,single,receipt,fg_0186,wh_finished_north_z06,production_lot_2026_00186,3330,receipt_production_post_00186
receipt,receipt_production_2026_00187,1,single,receipt,fg_0187,wh_finished_south_z07,production_lot_2026_00187,3466,receipt_production_post_00187
receipt,receipt_production_2026_00188,1,single,receipt,fg_0188,wh_finished_north_z08,production_lot_2026_00188,3619,receipt_production_post_00188
receipt,receipt_production_2026_00189,1,single,receipt,fg_0189,wh_finished_south_z09,production_lot_2026_00189,3755,receipt_production_post_00189
receipt,receipt_production_2026_00190,1,single,receipt,fg_0190,wh_finished_north_z10,production_lot_2026_00190,3891,receipt_production_post_00190
receipt,receipt_production_2026_00191,1,single,receipt,fg_0191,wh_finished_south_z01,production_lot_2026_00191,4027,receipt_production_post_00191
receipt,receipt_production_2026_00192,1,single,receipt,fg_0192,wh_finished_north_z02,production_lot_2026_00192,4163,receipt_production_post_00192
receipt,receipt_production_2026_00193,1,single,receipt,fg_0193,wh_finished_south_z03,production_lot_2026_00193,4299,receipt_production_post_00193
receipt,receipt_production_2026_00194,1,single,receipt,fg_0194,wh_finished_north_z04,production_lot_2026_00194,4435,receipt_production_post_00194
receipt,receipt_production_2026_00195,1,single,receipt,fg_0195,wh_finished_south_z05,production_lot_2026_00195,4571,receipt_production_post_00195
receipt,receipt_production_2026_00196,1,single,receipt,fg_0196,wh_finished_north_z06,production_lot_2026_00196,4707,receipt_production_post_00196
receipt,receipt_production_2026_00197,1,single,receipt,fg_0197,wh_finished_south_z07,production_lot_2026_00197,4843,receipt_production_post_00197
receipt,receipt_production_2026_00198,1,single,receipt,fg_0198,wh_finished_north_z08,production_lot_2026_00198,4979,receipt_production_post_00198
receipt,receipt_production_2026_00199,1,single,receipt,fg_0199,wh_finished_south_z09,production_lot_2026_00199,5115,receipt_production_post_00199
receipt,receipt_production_2026_00200,1,single,receipt,fg_0200,wh_finished_north_z10,production_lot_2026_00200,5251,receipt_production_post_00200
receipt,receipt_production_2026_00201,1,single,receipt,fg_0001,wh_finished_south_z01,production_lot_2026_00201,5387,receipt_production_post_00201
receipt,receipt_production_2026_00202,1,single,receipt,fg_0002,wh_finished_north_z02,production_lot_2026_00202,5523,receipt_production_post_00202
receipt,receipt_production_2026_00203,1,single,receipt,fg_0003,wh_finished_south_z03,production_lot_2026_00203,5659,receipt_production_post_00203
receipt,receipt_production_2026_00204,1,single,receipt,fg_0004,wh_finished_north_z04,production_lot_2026_00204,5795,receipt_production_post_00204
receipt,receipt_production_2026_00205,1,single,receipt,fg_0005,wh_finished_south_z05,production_lot_2026_00205,5948,receipt_production_post_00205
receipt,receipt_production_2026_00206,1,single,receipt,fg_0006,wh_finished_north_z06,production_lot_2026_00206,6084,receipt_production_post_00206
receipt,receipt_production_2026_00207,1,single,receipt,fg_0007,wh_finished_south_z07,production_lot_2026_00207,6220,receipt_production_post_00207
receipt,receipt_production_2026_00208,1,single,receipt,fg_0008,wh_finished_north_z08,production_lot_2026_00208,6356,receipt_production_post_00208
receipt,receipt_production_2026_00209,1,single,receipt,fg_0009,wh_finished_south_z09,production_lot_2026_00209,1808,receipt_production_post_00209
receipt,receipt_production_2026_00210,1,single,receipt,fg_0010,wh_finished_north_z10,production_lot_2026_00210,1909,receipt_production_post_00210
receipt,receipt_production_2026_00211,1,single,receipt,fg_0011,wh_finished_south_z01,production_lot_2026_00211,2010,receipt_production_post_00211
receipt,receipt_production_2026_00212,1,single,receipt,fg_0012,wh_finished_north_z02,production_lot_2026_00212,2111,receipt_production_post_00212
receipt,receipt_production_2026_00213,1,single,receipt,fg_0013,wh_finished_south_z03,production_lot_2026_00213,2212,receipt_production_post_00213
receipt,receipt_production_2026_00214,1,single,receipt,fg_0014,wh_finished_north_z04,production_lot_2026_00214,2313,receipt_production_post_00214
receipt,receipt_production_2026_00215,1,single,receipt,fg_0015,wh_finished_south_z05,production_lot_2026_00215,2414,receipt_production_post_00215
receipt,receipt_production_2026_00216,1,single,receipt,fg_0016,wh_finished_north_z06,production_lot_2026_00216,2515,receipt_production_post_00216
receipt,receipt_production_2026_00217,1,single,receipt,fg_0017,wh_finished_south_z07,production_lot_2026_00217,2616,receipt_production_post_00217
receipt,receipt_production_2026_00218,1,single,receipt,fg_0018,wh_finished_north_z08,production_lot_2026_00218,2717,receipt_production_post_00218
receipt,receipt_production_2026_00219,1,single,receipt,fg_0019,wh_finished_south_z09,production_lot_2026_00219,2818,receipt_production_post_00219
receipt,receipt_production_2026_00220,1,single,receipt,fg_0020,wh_finished_north_z10,production_lot_2026_00220,2919,receipt_production_post_00220
receipt,receipt_production_2026_00221,1,single,receipt,fg_0021,wh_finished_south_z01,production_lot_2026_00221,3020,receipt_production_post_00221
receipt,receipt_production_2026_00222,1,single,receipt,fg_0022,wh_finished_north_z02,production_lot_2026_00222,3121,receipt_production_post_00222
receipt,receipt_production_2026_00223,1,single,receipt,fg_0023,wh_finished_south_z03,production_lot_2026_00223,3222,receipt_production_post_00223
receipt,receipt_production_2026_00224,1,single,receipt,fg_0024,wh_finished_north_z04,production_lot_2026_00224,3323,receipt_production_post_00224
receipt,receipt_production_2026_00225,1,single,receipt,fg_0025,wh_finished_south_z05,production_lot_2026_00225,3424,receipt_production_post_00225
receipt,receipt_production_2026_00226,1,single,receipt,fg_0026,wh_finished_north_z06,production_lot_2026_00226,3525,receipt_production_post_00226
receipt,receipt_production_2026_00227,1,single,receipt,fg_0027,wh_finished_south_z07,production_lot_2026_00227,3626,receipt_production_post_00227
receipt,receipt_production_2026_00228,1,single,receipt,fg_0028,wh_finished_north_z08,production_lot_2026_00228,3727,receipt_production_post_00228
receipt,receipt_production_2026_00229,1,single,receipt,fg_0029,wh_finished_south_z09,production_lot_2026_00229,3828,receipt_production_post_00229
receipt,receipt_production_2026_00230,1,single,receipt,fg_0030,wh_finished_north_z10,production_lot_2026_00230,3929,receipt_production_post_00230
receipt,receipt_production_2026_00231,1,single,receipt,fg_0031,wh_finished_south_z01,production_lot_2026_00231,4030,receipt_production_post_00231
receipt,receipt_production_2026_00232,1,single,receipt,fg_0032,wh_finished_north_z02,production_lot_2026_00232,4131,receipt_production_post_00232
receipt,receipt_production_2026_00233,1,single,receipt,fg_0033,wh_finished_south_z03,production_lot_2026_00233,4232,receipt_production_post_00233
receipt,receipt_production_2026_00234,1,single,receipt,fg_0034,wh_finished_north_z04,production_lot_2026_00234,4333,receipt_production_post_00234
receipt,receipt_production_2026_00235,1,single,receipt,fg_0035,wh_finished_south_z05,production_lot_2026_00235,2045,receipt_production_post_00235
receipt,receipt_production_2026_00236,1,single,receipt,fg_0036,wh_finished_north_z06,production_lot_2026_00236,2181,receipt_production_post_00236
receipt,receipt_production_2026_00237,1,single,receipt,fg_0037,wh_finished_south_z07,production_lot_2026_00237,2317,receipt_production_post_00237
receipt,receipt_production_2026_00238,1,single,receipt,fg_0038,wh_finished_north_z08,production_lot_2026_00238,2453,receipt_production_post_00238
receipt,receipt_production_2026_00239,1,single,receipt,fg_0039,wh_finished_south_z09,production_lot_2026_00239,2606,receipt_production_post_00239
receipt,receipt_production_2026_00240,1,single,receipt,fg_0040,wh_finished_north_z10,production_lot_2026_00240,2742,receipt_production_post_00240
receipt,receipt_production_2026_00241,1,single,receipt,fg_0041,wh_finished_south_z01,production_lot_2026_00241,2878,receipt_production_post_00241
receipt,receipt_production_2026_00242,1,single,receipt,fg_0042,wh_finished_north_z02,production_lot_2026_00242,3014,receipt_production_post_00242
receipt,receipt_production_2026_00243,1,single,receipt,fg_0043,wh_finished_south_z03,production_lot_2026_00243,3150,receipt_production_post_00243
receipt,receipt_production_2026_00244,1,single,receipt,fg_0044,wh_finished_north_z04,production_lot_2026_00244,3286,receipt_production_post_00244
receipt,receipt_production_2026_00245,1,single,receipt,fg_0045,wh_finished_south_z05,production_lot_2026_00245,3422,receipt_production_post_00245
receipt,receipt_production_2026_00246,1,single,receipt,fg_0046,wh_finished_north_z06,production_lot_2026_00246,3558,receipt_production_post_00246
receipt,receipt_production_2026_00247,1,single,receipt,fg_0047,wh_finished_south_z07,production_lot_2026_00247,3694,receipt_production_post_00247
receipt,receipt_production_2026_00248,1,single,receipt,fg_0048,wh_finished_north_z08,production_lot_2026_00248,3830,receipt_production_post_00248
receipt,receipt_production_2026_00249,1,single,receipt,fg_0049,wh_finished_south_z09,production_lot_2026_00249,3966,receipt_production_post_00249
receipt,receipt_production_2026_00250,1,single,receipt,fg_0050,wh_finished_north_z10,production_lot_2026_00250,4102,receipt_production_post_00250
receipt,receipt_production_2026_00251,1,single,receipt,fg_0051,wh_finished_south_z01,production_lot_2026_00251,4238,receipt_production_post_00251
receipt,receipt_production_2026_00252,1,single,receipt,fg_0052,wh_finished_north_z02,production_lot_2026_00252,4374,receipt_production_post_00252
receipt,receipt_production_2026_00253,1,single,receipt,fg_0053,wh_finished_south_z03,production_lot_2026_00253,4510,receipt_production_post_00253
receipt,receipt_production_2026_00254,1,single,receipt,fg_0054,wh_finished_north_z04,production_lot_2026_00254,4646,receipt_production_post_00254
receipt,receipt_production_2026_00255,1,single,receipt,fg_0055,wh_finished_south_z05,production_lot_2026_00255,4782,receipt_production_post_00255
receipt,receipt_production_2026_00256,1,single,receipt,fg_0056,wh_finished_north_z06,production_lot_2026_00256,4935,receipt_production_post_00256
receipt,receipt_production_2026_00257,1,single,receipt,fg_0057,wh_finished_south_z07,production_lot_2026_00257,5071,receipt_production_post_00257
receipt,receipt_production_2026_00258,1,single,receipt,fg_0058,wh_finished_north_z08,production_lot_2026_00258,5207,receipt_production_post_00258
receipt,receipt_production_2026_00259,1,single,receipt,fg_0059,wh_finished_south_z09,production_lot_2026_00259,5343,receipt_production_post_00259
receipt,receipt_production_2026_00260,1,single,receipt,fg_0060,wh_finished_north_z10,production_lot_2026_00260,5479,receipt_production_post_00260
receipt,receipt_production_2026_00261,1,single,receipt,fg_0061,wh_finished_south_z01,production_lot_2026_00261,5615,receipt_production_post_00261
receipt,receipt_production_2026_00262,1,single,receipt,fg_0062,wh_finished_north_z02,production_lot_2026_00262,5751,receipt_production_post_00262
receipt,receipt_production_2026_00263,1,single,receipt,fg_0063,wh_finished_south_z03,production_lot_2026_00263,5887,receipt_production_post_00263
receipt,receipt_production_2026_00264,1,single,receipt,fg_0064,wh_finished_north_z04,production_lot_2026_00264,6023,receipt_production_post_00264
receipt,receipt_production_2026_00265,1,single,receipt,fg_0065,wh_finished_south_z05,production_lot_2026_00265,6159,receipt_production_post_00265
receipt,receipt_production_2026_00266,1,single,receipt,fg_0066,wh_finished_north_z06,production_lot_2026_00266,6295,receipt_production_post_00266
receipt,receipt_production_2026_00267,1,single,receipt,fg_0067,wh_finished_south_z07,production_lot_2026_00267,6431,receipt_production_post_00267
receipt,receipt_production_2026_00268,1,single,receipt,fg_0068,wh_finished_north_z08,production_lot_2026_00268,6567,receipt_production_post_00268
receipt,receipt_production_2026_00269,1,single,receipt,fg_0069,wh_finished_south_z09,production_lot_2026_00269,6703,receipt_production_post_00269
receipt,receipt_production_2026_00270,1,single,receipt,fg_0070,wh_finished_north_z10,production_lot_2026_00270,6839,receipt_production_post_00270
receipt,receipt_production_2026_00271,1,single,receipt,fg_0071,wh_finished_south_z01,production_lot_2026_00271,6975,receipt_production_post_00271
receipt,receipt_production_2026_00272,1,single,receipt,fg_0072,wh_finished_north_z02,production_lot_2026_00272,7111,receipt_production_post_00272
receipt,receipt_production_2026_00273,1,single,receipt,fg_0073,wh_finished_south_z03,production_lot_2026_00273,7264,receipt_production_post_00273
receipt,receipt_production_2026_00274,1,single,receipt,fg_0074,wh_finished_north_z04,production_lot_2026_00274,7400,receipt_production_post_00274
receipt,receipt_production_2026_00275,1,single,receipt,fg_0075,wh_finished_south_z05,production_lot_2026_00275,7536,receipt_production_post_00275
receipt,receipt_production_2026_00276,1,single,receipt,fg_0076,wh_finished_north_z06,production_lot_2026_00276,7672,receipt_production_post_00276
receipt,receipt_production_2026_00277,1,single,receipt,fg_0077,wh_finished_south_z07,production_lot_2026_00277,7808,receipt_production_post_00277
receipt,receipt_production_2026_00278,1,single,receipt,fg_0078,wh_finished_north_z08,production_lot_2026_00278,7944,receipt_production_post_00278
receipt,receipt_production_2026_00279,1,single,receipt,fg_0079,wh_finished_south_z09,production_lot_2026_00279,1878,receipt_production_post_00279
receipt,receipt_production_2026_00280,1,single,receipt,fg_0080,wh_finished_north_z10,production_lot_2026_00280,1979,receipt_production_post_00280
receipt,receipt_production_2026_00281,1,single,receipt,fg_0081,wh_finished_south_z01,production_lot_2026_00281,2080,receipt_production_post_00281
receipt,receipt_production_2026_00282,1,single,receipt,fg_0082,wh_finished_north_z02,production_lot_2026_00282,2181,receipt_production_post_00282
receipt,receipt_production_2026_00283,1,single,receipt,fg_0083,wh_finished_south_z03,production_lot_2026_00283,2282,receipt_production_post_00283
receipt,receipt_production_2026_00284,1,single,receipt,fg_0084,wh_finished_north_z04,production_lot_2026_00284,2383,receipt_production_post_00284
receipt,receipt_production_2026_00285,1,single,receipt,fg_0085,wh_finished_south_z05,production_lot_2026_00285,2484,receipt_production_post_00285
receipt,receipt_production_2026_00286,1,single,receipt,fg_0086,wh_finished_north_z06,production_lot_2026_00286,2585,receipt_production_post_00286
receipt,receipt_production_2026_00287,1,single,receipt,fg_0087,wh_finished_south_z07,production_lot_2026_00287,2686,receipt_production_post_00287
receipt,receipt_production_2026_00288,1,single,receipt,fg_0088,wh_finished_north_z08,production_lot_2026_00288,2787,receipt_production_post_00288
receipt,receipt_production_2026_00289,1,single,receipt,fg_0089,wh_finished_south_z09,production_lot_2026_00289,2888,receipt_production_post_00289
receipt,receipt_production_2026_00290,1,single,receipt,fg_0090,wh_finished_north_z10,production_lot_2026_00290,2989,receipt_production_post_00290
receipt,receipt_production_2026_00291,1,single,receipt,fg_0091,wh_finished_south_z01,production_lot_2026_00291,3090,receipt_production_post_00291
receipt,receipt_production_2026_00292,1,single,receipt,fg_0092,wh_finished_north_z02,production_lot_2026_00292,3191,receipt_production_post_00292
receipt,receipt_production_2026_00293,1,single,receipt,fg_0093,wh_finished_south_z03,production_lot_2026_00293,2001,receipt_production_post_00293
receipt,receipt_production_2026_00294,1,single,receipt,fg_0094,wh_finished_north_z04,production_lot_2026_00294,2137,receipt_production_post_00294
receipt,receipt_production_2026_00295,1,single,receipt,fg_0095,wh_finished_south_z05,production_lot_2026_00295,2273,receipt_production_post_00295
receipt,receipt_production_2026_00296,1,single,receipt,fg_0096,wh_finished_north_z06,production_lot_2026_00296,2409,receipt_production_post_00296
receipt,receipt_production_2026_00297,1,single,receipt,fg_0097,wh_finished_south_z07,production_lot_2026_00297,2545,receipt_production_post_00297
receipt,receipt_production_2026_00298,1,single,receipt,fg_0098,wh_finished_north_z08,production_lot_2026_00298,2681,receipt_production_post_00298
receipt,receipt_production_2026_00299,1,single,receipt,fg_0099,wh_finished_south_z09,production_lot_2026_00299,2817,receipt_production_post_00299
receipt,receipt_production_2026_00300,1,single,receipt,fg_0100,wh_finished_north_z10,production_lot_2026_00300,2953,receipt_production_post_00300
